[0.017s] Invoking command in '/home/dolphiinn/ros2_ws/build/px4_msgs': CMAKE_PREFIX_PATH=/opt/ros/humble /usr/bin/cmake /home/dolphiinn/ros2_ws/src/px4_msgs -DAMENT_CMAKE_SYMLINK_INSTALL=1 -DCMAKE_INSTALL_PREFIX=/home/dolphiinn/ros2_ws/install/px4_msgs
[0.097s] -- The C compiler identification is GNU 11.4.0
[0.186s] -- The CXX compiler identification is GNU 11.4.0
[0.203s] -- Detecting C compiler ABI info
[0.289s] -- Detecting C compiler ABI info - done
[0.302s] -- Check for working C compiler: /usr/lib/ccache/cc - skipped
[0.303s] -- Detecting C compile features
[0.303s] -- Detecting C compile features - done
[0.308s] -- Detecting CXX compiler ABI info
[0.423s] -- Detecting CXX compiler ABI info - done
[0.436s] -- Check for working CXX compiler: /usr/lib/ccache/c++ - skipped
[0.436s] -- Detecting CXX compile features
[0.437s] -- Detecting CXX compile features - done
[0.450s] -- Found ament_cmake: 1.3.14 (/opt/ros/humble/share/ament_cmake/cmake)
[1.066s] -- Found Python3: /usr/bin/python3 (found version "3.10.12") found components: Interpreter 
[1.176s] -- Override CMake install command with custom implementation using symlinks instead of copying resources
[1.220s] -- Found builtin_interfaces: 1.2.3 (/opt/ros/humble/share/builtin_interfaces/cmake)
[1.281s] -- Found rosidl_generator_c: 3.1.9 (/opt/ros/humble/share/rosidl_generator_c/cmake)
[1.290s] -- Found rosidl_adapter: 3.1.9 (/opt/ros/humble/share/rosidl_adapter/cmake)
[1.306s] -- Found rosidl_generator_cpp: 3.1.9 (/opt/ros/humble/share/rosidl_generator_cpp/cmake)
[1.334s] -- Using all available rosidl_typesupport_c: rosidl_typesupport_fastrtps_c;rosidl_typesupport_introspection_c
[1.364s] -- Using all available rosidl_typesupport_cpp: rosidl_typesupport_fastrtps_cpp;rosidl_typesupport_introspection_cpp
[1.389s] -- Found rosidl_default_generators: 1.2.1 (/opt/ros/humble/share/rosidl_default_generators/cmake)
[4.414s] -- Found ament_cmake_ros: 0.10.0 (/opt/ros/humble/share/ament_cmake_ros/cmake)
[5.217s] -- Using all available rosidl_typesupport_c: rosidl_typesupport_fastrtps_c;rosidl_typesupport_introspection_c
[5.562s] -- Using all available rosidl_typesupport_cpp: rosidl_typesupport_fastrtps_cpp;rosidl_typesupport_introspection_cpp
[5.622s] -- Found PythonInterp: /usr/bin/python3 (found suitable version "3.10.12", minimum required is "3.6") 
[5.625s] -- Found python_cmake_module: 0.10.0 (/opt/ros/humble/share/python_cmake_module/cmake)
[5.682s] -- Found PythonLibs: /usr/lib/x86_64-linux-gnu/libpython3.10.so (found suitable version "3.10.12", minimum required is "3.5") 
[5.682s] -- Using PYTHON_EXECUTABLE: /usr/bin/python3
[5.682s] -- Using PYTHON_INCLUDE_DIRS: /usr/include/python3.10
[5.682s] -- Using PYTHON_LIBRARIES: /usr/lib/x86_64-linux-gnu/libpython3.10.so
[5.728s] -- Found PythonExtra: .so  
[6.130s] -- Configuring done
[6.835s] -- Generating done
[6.901s] -- Build files have been written to: /home/dolphiinn/ros2_ws/build/px4_msgs
[6.933s] Invoked command in '/home/dolphiinn/ros2_ws/build/px4_msgs' returned '0': CMAKE_PREFIX_PATH=/opt/ros/humble /usr/bin/cmake /home/dolphiinn/ros2_ws/src/px4_msgs -DAMENT_CMAKE_SYMLINK_INSTALL=1 -DCMAKE_INSTALL_PREFIX=/home/dolphiinn/ros2_ws/install/px4_msgs
[6.937s] Invoking command in '/home/dolphiinn/ros2_ws/build/px4_msgs': CMAKE_PREFIX_PATH=/opt/ros/humble /usr/bin/cmake --build /home/dolphiinn/ros2_ws/build/px4_msgs -- -j8 -l8
[7.649s] [  1%] [34m[1mGenerating Rust code for ROS interfaces[0m
[7.649s] [  1%] [34m[1mGenerating C code for ROS interfaces[0m
[7.657s] [  1%] Built target ament_cmake_python_symlink_px4_msgs
[7.704s] [  1%] [34m[1mGenerating C++ code for ROS interfaces[0m
[8.233s] running egg_info
[8.279s] creating px4_msgs.egg-info
[8.279s] writing px4_msgs.egg-info/PKG-INFO
[8.280s] writing dependency_links to px4_msgs.egg-info/dependency_links.txt
[8.281s] writing top-level names to px4_msgs.egg-info/top_level.txt
[8.281s] writing manifest file 'px4_msgs.egg-info/SOURCES.txt'
[8.426s] reading manifest file 'px4_msgs.egg-info/SOURCES.txt'
[8.429s] writing manifest file 'px4_msgs.egg-info/SOURCES.txt'
[8.512s] [  1%] Built target ament_cmake_python_build_px4_msgs_egg
[69.885s] [  1%] Built target px4_msgs__rs
[82.566s] [  1%] [32mBuilding C object CMakeFiles/px4_msgs__rosidl_generator_c.dir/rosidl_generator_c/px4_msgs/msg/detail/actuator_armed__functions.c.o[0m
[82.566s] [  1%] [32mBuilding C object CMakeFiles/px4_msgs__rosidl_generator_c.dir/rosidl_generator_c/px4_msgs/msg/detail/action_request__functions.c.o[0m
[82.569s] [  1%] [32mBuilding C object CMakeFiles/px4_msgs__rosidl_generator_c.dir/rosidl_generator_c/px4_msgs/msg/detail/actuator_controls_status__functions.c.o[0m
[82.664s] [  1%] [32mBuilding C object CMakeFiles/px4_msgs__rosidl_generator_c.dir/rosidl_generator_c/px4_msgs/msg/detail/actuator_servos_trim__functions.c.o[0m
[82.664s] [  1%] [32mBuilding C object CMakeFiles/px4_msgs__rosidl_generator_c.dir/rosidl_generator_c/px4_msgs/msg/detail/actuator_servos__functions.c.o[0m
[82.673s] [  1%] [32mBuilding C object CMakeFiles/px4_msgs__rosidl_generator_c.dir/rosidl_generator_c/px4_msgs/msg/detail/actuator_test__functions.c.o[0m
[82.754s] [  1%] [32mBuilding C object CMakeFiles/px4_msgs__rosidl_generator_c.dir/rosidl_generator_c/px4_msgs/msg/detail/airspeed__functions.c.o[0m
[82.776s] [  1%] [32mBuilding C object CMakeFiles/px4_msgs__rosidl_generator_c.dir/rosidl_generator_c/px4_msgs/msg/detail/adc_report__functions.c.o[0m
[82.782s] [  1%] [32mBuilding C object CMakeFiles/px4_msgs__rosidl_generator_c.dir/rosidl_generator_c/px4_msgs/msg/detail/actuator_outputs__functions.c.o[0m
[82.840s] [  1%] [32mBuilding C object CMakeFiles/px4_msgs__rosidl_generator_c.dir/rosidl_generator_c/px4_msgs/msg/detail/arming_check_reply__functions.c.o[0m
[82.856s] [  1%] [32mBuilding C object CMakeFiles/px4_msgs__rosidl_generator_c.dir/rosidl_generator_c/px4_msgs/msg/detail/airspeed_wind__functions.c.o[0m
[82.866s] [  1%] [32mBuilding C object CMakeFiles/px4_msgs__rosidl_generator_c.dir/rosidl_generator_c/px4_msgs/msg/detail/autotune_attitude_control_status__functions.c.o[0m
[82.931s] [  1%] [32mBuilding C object CMakeFiles/px4_msgs__rosidl_generator_c.dir/rosidl_generator_c/px4_msgs/msg/detail/battery_info__functions.c.o[0m
[82.943s] [  1%] [32mBuilding C object CMakeFiles/px4_msgs__rosidl_generator_c.dir/rosidl_generator_c/px4_msgs/msg/detail/arming_check_request__functions.c.o[0m
[82.953s] [  1%] [32mBuilding C object CMakeFiles/px4_msgs__rosidl_generator_c.dir/rosidl_generator_c/px4_msgs/msg/detail/button_event__functions.c.o[0m
[83.021s] [  1%] [32mBuilding C object CMakeFiles/px4_msgs__rosidl_generator_c.dir/rosidl_generator_c/px4_msgs/msg/detail/camera_capture__functions.c.o[0m
[83.022s] [  2%] [32mBuilding C object CMakeFiles/px4_msgs__rosidl_generator_c.dir/rosidl_generator_c/px4_msgs/msg/detail/battery_status__functions.c.o[0m
[83.022s] [  2%] [32mBuilding C object CMakeFiles/px4_msgs__rosidl_generator_c.dir/rosidl_generator_c/px4_msgs/msg/detail/airspeed_validated__functions.c.o[0m
[83.036s] [  2%] [32mBuilding C object CMakeFiles/px4_msgs__rosidl_generator_c.dir/rosidl_generator_c/px4_msgs/msg/detail/camera_status__functions.c.o[0m
[83.111s] [  2%] [32mBuilding C object CMakeFiles/px4_msgs__rosidl_generator_c.dir/rosidl_generator_c/px4_msgs/msg/detail/can_interface_status__functions.c.o[0m
[83.113s] [  2%] [32mBuilding C object CMakeFiles/px4_msgs__rosidl_generator_c.dir/rosidl_generator_c/px4_msgs/msg/detail/camera_trigger__functions.c.o[0m
[83.120s] [  2%] [32mBuilding C object CMakeFiles/px4_msgs__rosidl_generator_c.dir/rosidl_generator_c/px4_msgs/msg/detail/actuator_motors__functions.c.o[0m
[83.127s] [  2%] [32mBuilding C object CMakeFiles/px4_msgs__rosidl_generator_c.dir/rosidl_generator_c/px4_msgs/msg/detail/collision_constraints__functions.c.o[0m
[83.192s] [  2%] [32mBuilding C object CMakeFiles/px4_msgs__rosidl_generator_c.dir/rosidl_generator_c/px4_msgs/msg/detail/control_allocator_status__functions.c.o[0m
[83.213s] [  2%] [32mBuilding C object CMakeFiles/px4_msgs__rosidl_generator_c.dir/rosidl_generator_c/px4_msgs/msg/detail/config_overrides__functions.c.o[0m
[83.220s] [  2%] [32mBuilding C object CMakeFiles/px4_msgs__rosidl_generator_c.dir/rosidl_generator_c/px4_msgs/msg/detail/cpuload__functions.c.o[0m
[83.227s] [  2%] [32mBuilding C object CMakeFiles/px4_msgs__rosidl_generator_c.dir/rosidl_generator_c/px4_msgs/msg/detail/dataman_request__functions.c.o[0m
[83.302s] [  2%] [32mBuilding C object CMakeFiles/px4_msgs__rosidl_generator_c.dir/rosidl_generator_c/px4_msgs/msg/detail/debug_array__functions.c.o[0m
[83.309s] [  2%] [32mBuilding C object CMakeFiles/px4_msgs__rosidl_generator_c.dir/rosidl_generator_c/px4_msgs/msg/detail/dataman_response__functions.c.o[0m
[83.316s] [  2%] [32mBuilding C object CMakeFiles/px4_msgs__rosidl_generator_c.dir/rosidl_generator_c/px4_msgs/msg/detail/debug_key_value__functions.c.o[0m
[83.347s] [  2%] [32mBuilding C object CMakeFiles/px4_msgs__rosidl_generator_c.dir/rosidl_generator_c/px4_msgs/msg/detail/debug_vect__functions.c.o[0m
[83.404s] [  2%] [32mBuilding C object CMakeFiles/px4_msgs__rosidl_generator_c.dir/rosidl_generator_c/px4_msgs/msg/detail/differential_pressure__functions.c.o[0m
[83.409s] [  2%] [32mBuilding C object CMakeFiles/px4_msgs__rosidl_generator_c.dir/rosidl_generator_c/px4_msgs/msg/detail/debug_value__functions.c.o[0m
[83.421s] [  2%] [32mBuilding C object CMakeFiles/px4_msgs__rosidl_generator_c.dir/rosidl_generator_c/px4_msgs/msg/detail/distance_sensor__functions.c.o[0m
[83.457s] [  2%] [32mBuilding C object CMakeFiles/px4_msgs__rosidl_generator_c.dir/rosidl_generator_c/px4_msgs/msg/detail/dronecan_node_status__functions.c.o[0m
[83.504s] [  2%] [32mBuilding C object CMakeFiles/px4_msgs__rosidl_generator_c.dir/rosidl_generator_c/px4_msgs/msg/detail/ekf2_timestamps__functions.c.o[0m
[83.511s] [  3%] [32mBuilding C object CMakeFiles/px4_msgs__rosidl_generator_c.dir/rosidl_generator_c/px4_msgs/msg/detail/distance_sensor_mode_change_request__functions.c.o[0m
[83.532s] [  3%] [32mBuilding C object CMakeFiles/px4_msgs__rosidl_generator_c.dir/rosidl_generator_c/px4_msgs/msg/detail/esc_status__functions.c.o[0m
[83.558s] [  3%] Built target px4_msgs__cpp
[83.566s] [  3%] [32mBuilding C object CMakeFiles/px4_msgs__rosidl_generator_c.dir/rosidl_generator_c/px4_msgs/msg/detail/estimator_aid_source1d__functions.c.o[0m
[83.616s] [  3%] [32mBuilding C object CMakeFiles/px4_msgs__rosidl_generator_c.dir/rosidl_generator_c/px4_msgs/msg/detail/estimator_aid_source3d__functions.c.o[0m
[83.620s] [  3%] [32mBuilding C object CMakeFiles/px4_msgs__rosidl_generator_c.dir/rosidl_generator_c/px4_msgs/msg/detail/estimator_aid_source2d__functions.c.o[0m
[83.625s] [  3%] [32mBuilding C object CMakeFiles/px4_msgs__rosidl_generator_c.dir/rosidl_generator_c/px4_msgs/msg/detail/esc_report__functions.c.o[0m
[83.634s] [  3%] [34m[1mGenerating C++ introspection for ROS interfaces[0m
[83.638s] [  3%] [34m[1mGenerating C++ type support for eProsima Fast-RTPS[0m
[83.666s] [  3%] [32mBuilding C object CMakeFiles/px4_msgs__rosidl_generator_c.dir/rosidl_generator_c/px4_msgs/msg/detail/cellular_status__functions.c.o[0m
[83.731s] [  3%] [32mBuilding C object CMakeFiles/px4_msgs__rosidl_generator_c.dir/rosidl_generator_c/px4_msgs/msg/detail/estimator_bias__functions.c.o[0m
[83.738s] [  3%] [32mBuilding C object CMakeFiles/px4_msgs__rosidl_generator_c.dir/rosidl_generator_c/px4_msgs/msg/detail/estimator_bias3d__functions.c.o[0m
[83.742s] [  3%] [32mBuilding C object CMakeFiles/px4_msgs__rosidl_generator_c.dir/rosidl_generator_c/px4_msgs/msg/detail/estimator_event_flags__functions.c.o[0m
[83.781s] [  3%] [32mBuilding C object CMakeFiles/px4_msgs__rosidl_generator_c.dir/rosidl_generator_c/px4_msgs/msg/detail/estimator_gps_status__functions.c.o[0m
[83.841s] [  3%] [32mBuilding C object CMakeFiles/px4_msgs__rosidl_generator_c.dir/rosidl_generator_c/px4_msgs/msg/detail/estimator_innovations__functions.c.o[0m
[83.864s] [  3%] [32mBuilding C object CMakeFiles/px4_msgs__rosidl_generator_c.dir/rosidl_generator_c/px4_msgs/msg/detail/estimator_selector_status__functions.c.o[0m
[83.866s] [  3%] [32mBuilding C object CMakeFiles/px4_msgs__rosidl_generator_c.dir/rosidl_generator_c/px4_msgs/msg/detail/estimator_sensor_bias__functions.c.o[0m
[83.898s] [  3%] [32mBuilding C object CMakeFiles/px4_msgs__rosidl_generator_c.dir/rosidl_generator_c/px4_msgs/msg/detail/estimator_states__functions.c.o[0m
[83.967s] [  3%] [32mBuilding C object CMakeFiles/px4_msgs__rosidl_generator_c.dir/rosidl_generator_c/px4_msgs/msg/detail/estimator_status__functions.c.o[0m
[84.001s] [  3%] [32mBuilding C object CMakeFiles/px4_msgs__rosidl_generator_c.dir/rosidl_generator_c/px4_msgs/msg/detail/estimator_status_flags__functions.c.o[0m
[84.002s] [  3%] [32mBuilding C object CMakeFiles/px4_msgs__rosidl_generator_c.dir/rosidl_generator_c/px4_msgs/msg/detail/event__functions.c.o[0m
[84.007s] [  4%] [32mBuilding C object CMakeFiles/px4_msgs__rosidl_generator_c.dir/rosidl_generator_c/px4_msgs/msg/detail/failsafe_flags__functions.c.o[0m
[84.039s] [  4%] [32mBuilding C object CMakeFiles/px4_msgs__rosidl_generator_c.dir/rosidl_generator_c/px4_msgs/msg/detail/failure_detector_status__functions.c.o[0m
[84.108s] [  4%] [32mBuilding C object CMakeFiles/px4_msgs__rosidl_generator_c.dir/rosidl_generator_c/px4_msgs/msg/detail/figure_eight_status__functions.c.o[0m
[84.148s] [  4%] [32mBuilding C object CMakeFiles/px4_msgs__rosidl_generator_c.dir/rosidl_generator_c/px4_msgs/msg/detail/fixed_wing_lateral_guidance_status__functions.c.o[0m
[84.159s] [  4%] [32mBuilding C object CMakeFiles/px4_msgs__rosidl_generator_c.dir/rosidl_generator_c/px4_msgs/msg/detail/fixed_wing_lateral_setpoint__functions.c.o[0m
[84.159s] [  4%] [32mBuilding C object CMakeFiles/px4_msgs__rosidl_generator_c.dir/rosidl_generator_c/px4_msgs/msg/detail/fixed_wing_lateral_status__functions.c.o[0m
[84.189s] [  4%] [32mBuilding C object CMakeFiles/px4_msgs__rosidl_generator_c.dir/rosidl_generator_c/px4_msgs/msg/detail/fixed_wing_longitudinal_setpoint__functions.c.o[0m
[84.245s] [  4%] [32mBuilding C object CMakeFiles/px4_msgs__rosidl_generator_c.dir/rosidl_generator_c/px4_msgs/msg/detail/fixed_wing_runway_control__functions.c.o[0m
[84.302s] [  4%] [32mBuilding C object CMakeFiles/px4_msgs__rosidl_generator_c.dir/rosidl_generator_c/px4_msgs/msg/detail/follow_target__functions.c.o[0m
[84.303s] [  4%] [32mBuilding C object CMakeFiles/px4_msgs__rosidl_generator_c.dir/rosidl_generator_c/px4_msgs/msg/detail/flight_phase_estimation__functions.c.o[0m
[84.306s] [  4%] [32mBuilding C object CMakeFiles/px4_msgs__rosidl_generator_c.dir/rosidl_generator_c/px4_msgs/msg/detail/follow_target_estimator__functions.c.o[0m
[84.339s] [  4%] [32mBuilding C object CMakeFiles/px4_msgs__rosidl_generator_c.dir/rosidl_generator_c/px4_msgs/msg/detail/follow_target_status__functions.c.o[0m
[84.408s] [  4%] [32mBuilding C object CMakeFiles/px4_msgs__rosidl_generator_c.dir/rosidl_generator_c/px4_msgs/msg/detail/fuel_tank_status__functions.c.o[0m
[84.444s] [  4%] [32mBuilding C object CMakeFiles/px4_msgs__rosidl_generator_c.dir/rosidl_generator_c/px4_msgs/msg/detail/generator_status__functions.c.o[0m
[84.455s] [  4%] [32mBuilding C object CMakeFiles/px4_msgs__rosidl_generator_c.dir/rosidl_generator_c/px4_msgs/msg/detail/geofence_result__functions.c.o[0m
[84.468s] [  4%] [32mBuilding C object CMakeFiles/px4_msgs__rosidl_generator_c.dir/rosidl_generator_c/px4_msgs/msg/detail/geofence_status__functions.c.o[0m
[84.498s] [  4%] [32mBuilding C object CMakeFiles/px4_msgs__rosidl_generator_c.dir/rosidl_generator_c/px4_msgs/msg/detail/gimbal_controls__functions.c.o[0m
[84.566s] [  4%] [32mBuilding C object CMakeFiles/px4_msgs__rosidl_generator_c.dir/rosidl_generator_c/px4_msgs/msg/detail/gimbal_device_attitude_status__functions.c.o[0m
[84.615s] [  4%] [32mBuilding C object CMakeFiles/px4_msgs__rosidl_generator_c.dir/rosidl_generator_c/px4_msgs/msg/detail/gimbal_device_information__functions.c.o[0m
[84.619s] [  5%] [32mBuilding C object CMakeFiles/px4_msgs__rosidl_generator_c.dir/rosidl_generator_c/px4_msgs/msg/detail/gimbal_device_set_attitude__functions.c.o[0m
[84.662s] [  5%] [32mBuilding C object CMakeFiles/px4_msgs__rosidl_generator_c.dir/rosidl_generator_c/px4_msgs/msg/detail/gimbal_manager_set_attitude__functions.c.o[0m
[84.671s] [  5%] [32mBuilding C object CMakeFiles/px4_msgs__rosidl_generator_c.dir/rosidl_generator_c/px4_msgs/msg/detail/gimbal_manager_information__functions.c.o[0m
[84.750s] [  5%] [32mBuilding C object CMakeFiles/px4_msgs__rosidl_generator_c.dir/rosidl_generator_c/px4_msgs/msg/detail/gimbal_manager_set_manual_control__functions.c.o[0m
[84.773s] [  5%] [32mBuilding C object CMakeFiles/px4_msgs__rosidl_generator_c.dir/rosidl_generator_c/px4_msgs/msg/detail/gimbal_manager_status__functions.c.o[0m
[84.785s] [  5%] [32mBuilding C object CMakeFiles/px4_msgs__rosidl_generator_c.dir/rosidl_generator_c/px4_msgs/msg/detail/goto_setpoint__functions.c.o[0m
[84.807s] [  5%] [32mBuilding C object CMakeFiles/px4_msgs__rosidl_generator_c.dir/rosidl_generator_c/px4_msgs/msg/detail/gpio_config__functions.c.o[0m
[84.828s] [  5%] [32mBuilding C object CMakeFiles/px4_msgs__rosidl_generator_c.dir/rosidl_generator_c/px4_msgs/msg/detail/gpio_in__functions.c.o[0m
[84.896s] [  5%] [32mBuilding C object CMakeFiles/px4_msgs__rosidl_generator_c.dir/rosidl_generator_c/px4_msgs/msg/detail/gpio_out__functions.c.o[0m
[84.915s] [  5%] [32mBuilding C object CMakeFiles/px4_msgs__rosidl_generator_c.dir/rosidl_generator_c/px4_msgs/msg/detail/gpio_request__functions.c.o[0m
[84.941s] [  5%] [32mBuilding C object CMakeFiles/px4_msgs__rosidl_generator_c.dir/rosidl_generator_c/px4_msgs/msg/detail/gps_dump__functions.c.o[0m
[84.965s] [  5%] [32mBuilding C object CMakeFiles/px4_msgs__rosidl_generator_c.dir/rosidl_generator_c/px4_msgs/msg/detail/gps_inject_data__functions.c.o[0m
[84.967s] [  5%] [32mBuilding C object CMakeFiles/px4_msgs__rosidl_generator_c.dir/rosidl_generator_c/px4_msgs/msg/detail/gripper__functions.c.o[0m
[85.039s] [  5%] [32mBuilding C object CMakeFiles/px4_msgs__rosidl_generator_c.dir/rosidl_generator_c/px4_msgs/msg/detail/health_report__functions.c.o[0m
[85.051s] [  5%] [32mBuilding C object CMakeFiles/px4_msgs__rosidl_generator_c.dir/rosidl_generator_c/px4_msgs/msg/detail/heater_status__functions.c.o[0m
[85.084s] [  5%] [32mBuilding C object CMakeFiles/px4_msgs__rosidl_generator_c.dir/rosidl_generator_c/px4_msgs/msg/detail/home_position__functions.c.o[0m
[85.094s] [  5%] [32mBuilding C object CMakeFiles/px4_msgs__rosidl_generator_c.dir/rosidl_generator_c/px4_msgs/msg/detail/hover_thrust_estimate__functions.c.o[0m
[85.094s] [  5%] [32mBuilding C object CMakeFiles/px4_msgs__rosidl_generator_c.dir/rosidl_generator_c/px4_msgs/msg/detail/input_rc__functions.c.o[0m
[85.172s] [  5%] [32mBuilding C object CMakeFiles/px4_msgs__rosidl_generator_c.dir/rosidl_generator_c/px4_msgs/msg/detail/internal_combustion_engine_control__functions.c.o[0m
[85.201s] [  6%] [32mBuilding C object CMakeFiles/px4_msgs__rosidl_generator_c.dir/rosidl_generator_c/px4_msgs/msg/detail/internal_combustion_engine_status__functions.c.o[0m
[85.226s] [  6%] [32mBuilding C object CMakeFiles/px4_msgs__rosidl_generator_c.dir/rosidl_generator_c/px4_msgs/msg/detail/iridiumsbd_status__functions.c.o[0m
[85.228s] [  6%] [32mBuilding C object CMakeFiles/px4_msgs__rosidl_generator_c.dir/rosidl_generator_c/px4_msgs/msg/detail/irlock_report__functions.c.o[0m
[85.232s] [  6%] [32mBuilding C object CMakeFiles/px4_msgs__rosidl_generator_c.dir/rosidl_generator_c/px4_msgs/msg/detail/landing_gear__functions.c.o[0m
[85.315s] [  6%] [32mBuilding C object CMakeFiles/px4_msgs__rosidl_generator_c.dir/rosidl_generator_c/px4_msgs/msg/detail/landing_gear_wheel__functions.c.o[0m
[85.358s] [  6%] [32mBuilding C object CMakeFiles/px4_msgs__rosidl_generator_c.dir/rosidl_generator_c/px4_msgs/msg/detail/landing_target_innovations__functions.c.o[0m
[85.364s] [  6%] [32mBuilding C object CMakeFiles/px4_msgs__rosidl_generator_c.dir/rosidl_generator_c/px4_msgs/msg/detail/landing_target_pose__functions.c.o[0m
[85.369s] [  6%] [32mBuilding C object CMakeFiles/px4_msgs__rosidl_generator_c.dir/rosidl_generator_c/px4_msgs/msg/detail/lateral_control_configuration__functions.c.o[0m
[85.379s] [  6%] [32mBuilding C object CMakeFiles/px4_msgs__rosidl_generator_c.dir/rosidl_generator_c/px4_msgs/msg/detail/launch_detection_status__functions.c.o[0m
[85.478s] [  6%] [32mBuilding C object CMakeFiles/px4_msgs__rosidl_generator_c.dir/rosidl_generator_c/px4_msgs/msg/detail/led_control__functions.c.o[0m
[85.514s] [  6%] [32mBuilding C object CMakeFiles/px4_msgs__rosidl_generator_c.dir/rosidl_generator_c/px4_msgs/msg/detail/log_message__functions.c.o[0m
[85.522s] [  6%] [32mBuilding C object CMakeFiles/px4_msgs__rosidl_generator_c.dir/rosidl_generator_c/px4_msgs/msg/detail/logger_status__functions.c.o[0m
[85.544s] [  6%] [32mBuilding C object CMakeFiles/px4_msgs__rosidl_generator_c.dir/rosidl_generator_c/px4_msgs/msg/detail/longitudinal_control_configuration__functions.c.o[0m
[85.548s] [  6%] [32mBuilding C object CMakeFiles/px4_msgs__rosidl_generator_c.dir/rosidl_generator_c/px4_msgs/msg/detail/mag_worker_data__functions.c.o[0m
[85.600s] [  6%] [32mBuilding C object CMakeFiles/px4_msgs__rosidl_generator_c.dir/rosidl_generator_c/px4_msgs/msg/detail/magnetometer_bias_estimate__functions.c.o[0m
[85.649s] [  6%] [32mBuilding C object CMakeFiles/px4_msgs__rosidl_generator_c.dir/rosidl_generator_c/px4_msgs/msg/detail/manual_control_setpoint__functions.c.o[0m
[85.679s] [  6%] [32mBuilding C object CMakeFiles/px4_msgs__rosidl_generator_c.dir/rosidl_generator_c/px4_msgs/msg/detail/manual_control_switches__functions.c.o[0m
[85.679s] [  6%] [32mBuilding C object CMakeFiles/px4_msgs__rosidl_generator_c.dir/rosidl_generator_c/px4_msgs/msg/detail/mavlink_log__functions.c.o[0m
[85.698s] [  6%] [32mBuilding C object CMakeFiles/px4_msgs__rosidl_generator_c.dir/rosidl_generator_c/px4_msgs/msg/detail/mavlink_tunnel__functions.c.o[0m
[85.757s] [  7%] [32mBuilding C object CMakeFiles/px4_msgs__rosidl_generator_c.dir/rosidl_generator_c/px4_msgs/msg/detail/message_format_request__functions.c.o[0m
[85.811s] [  7%] [32mBuilding C object CMakeFiles/px4_msgs__rosidl_generator_c.dir/rosidl_generator_c/px4_msgs/msg/detail/message_format_response__functions.c.o[0m
[85.816s] [  7%] [32mBuilding C object CMakeFiles/px4_msgs__rosidl_generator_c.dir/rosidl_generator_c/px4_msgs/msg/detail/mission__functions.c.o[0m
[85.826s] [  7%] [32mBuilding C object CMakeFiles/px4_msgs__rosidl_generator_c.dir/rosidl_generator_c/px4_msgs/msg/detail/mission_result__functions.c.o[0m
[85.856s] [  7%] [32mBuilding C object CMakeFiles/px4_msgs__rosidl_generator_c.dir/rosidl_generator_c/px4_msgs/msg/detail/mode_completed__functions.c.o[0m
[85.906s] [  7%] [32mBuilding C object CMakeFiles/px4_msgs__rosidl_generator_c.dir/rosidl_generator_c/px4_msgs/msg/detail/mount_orientation__functions.c.o[0m
[85.969s] [  7%] [32mBuilding C object CMakeFiles/px4_msgs__rosidl_generator_c.dir/rosidl_generator_c/px4_msgs/msg/detail/navigator_status__functions.c.o[0m
[85.969s] [  7%] [32mBuilding C object CMakeFiles/px4_msgs__rosidl_generator_c.dir/rosidl_generator_c/px4_msgs/msg/detail/navigator_mission_item__functions.c.o[0m
[85.981s] [  7%] [32mBuilding C object CMakeFiles/px4_msgs__rosidl_generator_c.dir/rosidl_generator_c/px4_msgs/msg/detail/neural_control__functions.c.o[0m
[86.008s] [  7%] [32mBuilding C object CMakeFiles/px4_msgs__rosidl_generator_c.dir/rosidl_generator_c/px4_msgs/msg/detail/normalized_unsigned_setpoint__functions.c.o[0m
[86.067s] [  7%] [32mBuilding C object CMakeFiles/px4_msgs__rosidl_generator_c.dir/rosidl_generator_c/px4_msgs/msg/detail/obstacle_distance__functions.c.o[0m
[86.124s] [  7%] [32mBuilding C object CMakeFiles/px4_msgs__rosidl_generator_c.dir/rosidl_generator_c/px4_msgs/msg/detail/onboard_computer_status__functions.c.o[0m
[86.124s] [  7%] [32mBuilding C object CMakeFiles/px4_msgs__rosidl_generator_c.dir/rosidl_generator_c/px4_msgs/msg/detail/offboard_control_mode__functions.c.o[0m
[86.133s] [  7%] [32mBuilding C object CMakeFiles/px4_msgs__rosidl_generator_c.dir/rosidl_generator_c/px4_msgs/msg/detail/open_drone_id_arm_status__functions.c.o[0m
[86.168s] [  7%] [32mBuilding C object CMakeFiles/px4_msgs__rosidl_generator_c.dir/rosidl_generator_c/px4_msgs/msg/detail/open_drone_id_operator_id__functions.c.o[0m
[86.237s] [  7%] [32mBuilding C object CMakeFiles/px4_msgs__rosidl_generator_c.dir/rosidl_generator_c/px4_msgs/msg/detail/open_drone_id_self_id__functions.c.o[0m
[86.264s] [  7%] [32mBuilding C object CMakeFiles/px4_msgs__rosidl_generator_c.dir/rosidl_generator_c/px4_msgs/msg/detail/open_drone_id_system__functions.c.o[0m
[86.281s] [  7%] [32mBuilding C object CMakeFiles/px4_msgs__rosidl_generator_c.dir/rosidl_generator_c/px4_msgs/msg/detail/orb_test__functions.c.o[0m
[86.301s] [  7%] [32mBuilding C object CMakeFiles/px4_msgs__rosidl_generator_c.dir/rosidl_generator_c/px4_msgs/msg/detail/orb_test_large__functions.c.o[0m
[86.367s] [  8%] [32mBuilding C object CMakeFiles/px4_msgs__rosidl_generator_c.dir/rosidl_generator_c/px4_msgs/msg/detail/orb_test_medium__functions.c.o[0m
[86.409s] [  8%] [32mBuilding C object CMakeFiles/px4_msgs__rosidl_generator_c.dir/rosidl_generator_c/px4_msgs/msg/detail/orbit_status__functions.c.o[0m
[86.415s] [  8%] [32mBuilding C object CMakeFiles/px4_msgs__rosidl_generator_c.dir/rosidl_generator_c/px4_msgs/msg/detail/parameter_reset_request__functions.c.o[0m
[86.435s] [  8%] [32mBuilding C object CMakeFiles/px4_msgs__rosidl_generator_c.dir/rosidl_generator_c/px4_msgs/msg/detail/parameter_set_used_request__functions.c.o[0m
[86.456s] [  8%] [32mBuilding C object CMakeFiles/px4_msgs__rosidl_generator_c.dir/rosidl_generator_c/px4_msgs/msg/detail/parameter_set_value_request__functions.c.o[0m
[86.506s] [  8%] [32mBuilding C object CMakeFiles/px4_msgs__rosidl_generator_c.dir/rosidl_generator_c/px4_msgs/msg/detail/parameter_set_value_response__functions.c.o[0m
[86.584s] [  8%] [32mBuilding C object CMakeFiles/px4_msgs__rosidl_generator_c.dir/rosidl_generator_c/px4_msgs/msg/detail/parameter_update__functions.c.o[0m
[86.585s] [  8%] [32mBuilding C object CMakeFiles/px4_msgs__rosidl_generator_c.dir/rosidl_generator_c/px4_msgs/msg/detail/ping__functions.c.o[0m
[86.588s] [  8%] [32mBuilding C object CMakeFiles/px4_msgs__rosidl_generator_c.dir/rosidl_generator_c/px4_msgs/msg/detail/position_controller_landing_status__functions.c.o[0m
[86.605s] [  8%] [32mBuilding C object CMakeFiles/px4_msgs__rosidl_generator_c.dir/rosidl_generator_c/px4_msgs/msg/detail/position_controller_status__functions.c.o[0m
[86.652s] [  8%] [32mBuilding C object CMakeFiles/px4_msgs__rosidl_generator_c.dir/rosidl_generator_c/px4_msgs/msg/detail/position_setpoint__functions.c.o[0m
[86.729s] [  8%] [32mBuilding C object CMakeFiles/px4_msgs__rosidl_generator_c.dir/rosidl_generator_c/px4_msgs/msg/detail/position_setpoint_triplet__functions.c.o[0m
[86.732s] [  8%] [32mBuilding C object CMakeFiles/px4_msgs__rosidl_generator_c.dir/rosidl_generator_c/px4_msgs/msg/detail/power_button_state__functions.c.o[0m
[86.756s] [  8%] [32mBuilding C object CMakeFiles/px4_msgs__rosidl_generator_c.dir/rosidl_generator_c/px4_msgs/msg/detail/power_monitor__functions.c.o[0m
[86.759s] [  8%] [32mBuilding C object CMakeFiles/px4_msgs__rosidl_generator_c.dir/rosidl_generator_c/px4_msgs/msg/detail/pps_capture__functions.c.o[0m
[86.759s] [  8%] [32mBuilding C object CMakeFiles/px4_msgs__rosidl_generator_c.dir/rosidl_generator_c/px4_msgs/msg/detail/pure_pursuit_status__functions.c.o[0m
[86.862s] [  8%] [32mBuilding C object CMakeFiles/px4_msgs__rosidl_generator_c.dir/rosidl_generator_c/px4_msgs/msg/detail/pwm_input__functions.c.o[0m
[86.877s] [  8%] [32mBuilding C object CMakeFiles/px4_msgs__rosidl_generator_c.dir/rosidl_generator_c/px4_msgs/msg/detail/px4io_status__functions.c.o[0m
[86.889s] [  8%] [32mBuilding C object CMakeFiles/px4_msgs__rosidl_generator_c.dir/rosidl_generator_c/px4_msgs/msg/detail/qshell_req__functions.c.o[0m
[86.892s] [  9%] [32mBuilding C object CMakeFiles/px4_msgs__rosidl_generator_c.dir/rosidl_generator_c/px4_msgs/msg/detail/qshell_retval__functions.c.o[0m
[86.893s] [  9%] [32mBuilding C object CMakeFiles/px4_msgs__rosidl_generator_c.dir/rosidl_generator_c/px4_msgs/msg/detail/radio_status__functions.c.o[0m
[86.998s] [  9%] [32mBuilding C object CMakeFiles/px4_msgs__rosidl_generator_c.dir/rosidl_generator_c/px4_msgs/msg/detail/rate_ctrl_status__functions.c.o[0m
[87.014s] [  9%] [32mBuilding C object CMakeFiles/px4_msgs__rosidl_generator_c.dir/rosidl_generator_c/px4_msgs/msg/detail/rc_channels__functions.c.o[0m
[87.024s] [  9%] [32mBuilding C object CMakeFiles/px4_msgs__rosidl_generator_c.dir/rosidl_generator_c/px4_msgs/msg/detail/rc_parameter_map__functions.c.o[0m
[87.031s] [  9%] [32mBuilding C object CMakeFiles/px4_msgs__rosidl_generator_c.dir/rosidl_generator_c/px4_msgs/msg/detail/register_ext_component_request__functions.c.o[0m
[87.034s] [  9%] [32mBuilding C object CMakeFiles/px4_msgs__rosidl_generator_c.dir/rosidl_generator_c/px4_msgs/msg/detail/register_ext_component_reply__functions.c.o[0m
[87.148s] [  9%] [32mBuilding C object CMakeFiles/px4_msgs__rosidl_generator_c.dir/rosidl_generator_c/px4_msgs/msg/detail/rover_attitude_setpoint__functions.c.o[0m
[87.155s] [  9%] [32mBuilding C object CMakeFiles/px4_msgs__rosidl_generator_c.dir/rosidl_generator_c/px4_msgs/msg/detail/rover_attitude_status__functions.c.o[0m
[87.166s] [  9%] [32mBuilding C object CMakeFiles/px4_msgs__rosidl_generator_c.dir/rosidl_generator_c/px4_msgs/msg/detail/rover_position_setpoint__functions.c.o[0m
[87.184s] [  9%] [32mBuilding C object CMakeFiles/px4_msgs__rosidl_generator_c.dir/rosidl_generator_c/px4_msgs/msg/detail/rover_rate_status__functions.c.o[0m
[87.184s] [  9%] [32mBuilding C object CMakeFiles/px4_msgs__rosidl_generator_c.dir/rosidl_generator_c/px4_msgs/msg/detail/rover_rate_setpoint__functions.c.o[0m
[87.296s] [  9%] [32mBuilding C object CMakeFiles/px4_msgs__rosidl_generator_c.dir/rosidl_generator_c/px4_msgs/msg/detail/rover_speed_setpoint__functions.c.o[0m
[87.298s] [  9%] [32mBuilding C object CMakeFiles/px4_msgs__rosidl_generator_c.dir/rosidl_generator_c/px4_msgs/msg/detail/rover_speed_status__functions.c.o[0m
[87.309s] [  9%] [32mBuilding C object CMakeFiles/px4_msgs__rosidl_generator_c.dir/rosidl_generator_c/px4_msgs/msg/detail/rover_steering_setpoint__functions.c.o[0m
[87.315s] [  9%] [32mBuilding C object CMakeFiles/px4_msgs__rosidl_generator_c.dir/rosidl_generator_c/px4_msgs/msg/detail/rover_throttle_setpoint__functions.c.o[0m
[87.341s] [  9%] [32mBuilding C object CMakeFiles/px4_msgs__rosidl_generator_c.dir/rosidl_generator_c/px4_msgs/msg/detail/rpm__functions.c.o[0m
[87.435s] [  9%] [32mBuilding C object CMakeFiles/px4_msgs__rosidl_generator_c.dir/rosidl_generator_c/px4_msgs/msg/detail/rtl_status__functions.c.o[0m
[87.443s] [  9%] [32mBuilding C object CMakeFiles/px4_msgs__rosidl_generator_c.dir/rosidl_generator_c/px4_msgs/msg/detail/rtl_time_estimate__functions.c.o[0m
[87.449s] [  9%] [32mBuilding C object CMakeFiles/px4_msgs__rosidl_generator_c.dir/rosidl_generator_c/px4_msgs/msg/detail/satellite_info__functions.c.o[0m
[87.459s] [ 10%] [32mBuilding C object CMakeFiles/px4_msgs__rosidl_generator_c.dir/rosidl_generator_c/px4_msgs/msg/detail/sensor_accel__functions.c.o[0m
[87.491s] [ 10%] [32mBuilding C object CMakeFiles/px4_msgs__rosidl_generator_c.dir/rosidl_generator_c/px4_msgs/msg/detail/sensor_accel_fifo__functions.c.o[0m
[87.584s] [ 10%] [32mBuilding C object CMakeFiles/px4_msgs__rosidl_generator_c.dir/rosidl_generator_c/px4_msgs/msg/detail/sensor_airflow__functions.c.o[0m
[87.584s] [ 10%] [32mBuilding C object CMakeFiles/px4_msgs__rosidl_generator_c.dir/rosidl_generator_c/px4_msgs/msg/detail/sensor_baro__functions.c.o[0m
[87.601s] [ 10%] [32mBuilding C object CMakeFiles/px4_msgs__rosidl_generator_c.dir/rosidl_generator_c/px4_msgs/msg/detail/sensor_combined__functions.c.o[0m
[87.603s] [ 10%] [32mBuilding C object CMakeFiles/px4_msgs__rosidl_generator_c.dir/rosidl_generator_c/px4_msgs/msg/detail/sensor_correction__functions.c.o[0m
[87.631s] [ 10%] [32mBuilding C object CMakeFiles/px4_msgs__rosidl_generator_c.dir/rosidl_generator_c/px4_msgs/msg/detail/sensor_gnss_relative__functions.c.o[0m
[87.712s] [ 10%] [32mBuilding C object CMakeFiles/px4_msgs__rosidl_generator_c.dir/rosidl_generator_c/px4_msgs/msg/detail/sensor_gnss_status__functions.c.o[0m
[87.727s] [ 10%] [32mBuilding C object CMakeFiles/px4_msgs__rosidl_generator_c.dir/rosidl_generator_c/px4_msgs/msg/detail/sensor_gps__functions.c.o[0m
[87.757s] [ 10%] [32mBuilding C object CMakeFiles/px4_msgs__rosidl_generator_c.dir/rosidl_generator_c/px4_msgs/msg/detail/sensor_gyro__functions.c.o[0m
[87.764s] [ 10%] [32mBuilding C object CMakeFiles/px4_msgs__rosidl_generator_c.dir/rosidl_generator_c/px4_msgs/msg/detail/sensor_gyro_fft__functions.c.o[0m
[87.773s] [ 10%] [32mBuilding C object CMakeFiles/px4_msgs__rosidl_generator_c.dir/rosidl_generator_c/px4_msgs/msg/detail/sensor_gyro_fifo__functions.c.o[0m
[87.859s] [ 10%] [32mBuilding C object CMakeFiles/px4_msgs__rosidl_generator_c.dir/rosidl_generator_c/px4_msgs/msg/detail/sensor_hygrometer__functions.c.o[0m
[87.900s] [ 10%] [32mBuilding C object CMakeFiles/px4_msgs__rosidl_generator_c.dir/rosidl_generator_c/px4_msgs/msg/detail/sensor_mag__functions.c.o[0m
[87.906s] [ 10%] [32mBuilding C object CMakeFiles/px4_msgs__rosidl_generator_c.dir/rosidl_generator_c/px4_msgs/msg/detail/sensor_optical_flow__functions.c.o[0m
[87.917s] [ 10%] [32mBuilding C object CMakeFiles/px4_msgs__rosidl_generator_c.dir/rosidl_generator_c/px4_msgs/msg/detail/sensor_preflight_mag__functions.c.o[0m
[87.927s] [ 10%] [32mBuilding C object CMakeFiles/px4_msgs__rosidl_generator_c.dir/rosidl_generator_c/px4_msgs/msg/detail/sensor_selection__functions.c.o[0m
[88.012s] [ 10%] [32mBuilding C object CMakeFiles/px4_msgs__rosidl_generator_c.dir/rosidl_generator_c/px4_msgs/msg/detail/sensor_uwb__functions.c.o[0m
[88.020s] [ 10%] [32mBuilding C object CMakeFiles/px4_msgs__rosidl_generator_c.dir/rosidl_generator_c/px4_msgs/msg/detail/sensors_status__functions.c.o[0m
[88.038s] [ 11%] [32mBuilding C object CMakeFiles/px4_msgs__rosidl_generator_c.dir/rosidl_generator_c/px4_msgs/msg/detail/sensors_status_imu__functions.c.o[0m
[88.049s] [ 11%] [32mBuilding C object CMakeFiles/px4_msgs__rosidl_generator_c.dir/rosidl_generator_c/px4_msgs/msg/detail/system_power__functions.c.o[0m
[88.060s] [ 11%] [32mBuilding C object CMakeFiles/px4_msgs__rosidl_generator_c.dir/rosidl_generator_c/px4_msgs/msg/detail/takeoff_status__functions.c.o[0m
[88.148s] [ 11%] [32mBuilding C object CMakeFiles/px4_msgs__rosidl_generator_c.dir/rosidl_generator_c/px4_msgs/msg/detail/task_stack_info__functions.c.o[0m
[88.162s] [ 11%] [32mBuilding C object CMakeFiles/px4_msgs__rosidl_generator_c.dir/rosidl_generator_c/px4_msgs/msg/detail/tecs_status__functions.c.o[0m
[88.197s] [ 11%] [32mBuilding C object CMakeFiles/px4_msgs__rosidl_generator_c.dir/rosidl_generator_c/px4_msgs/msg/detail/telemetry_status__functions.c.o[0m
[88.204s] [ 11%] [32mBuilding C object CMakeFiles/px4_msgs__rosidl_generator_c.dir/rosidl_generator_c/px4_msgs/msg/detail/tiltrotor_extra_controls__functions.c.o[0m
[88.207s] [ 11%] [32mBuilding C object CMakeFiles/px4_msgs__rosidl_generator_c.dir/rosidl_generator_c/px4_msgs/msg/detail/timesync_status__functions.c.o[0m
[88.302s] [ 11%] [32mBuilding C object CMakeFiles/px4_msgs__rosidl_generator_c.dir/rosidl_generator_c/px4_msgs/msg/detail/trajectory_setpoint__functions.c.o[0m
[88.316s] [ 11%] [32mBuilding C object CMakeFiles/px4_msgs__rosidl_generator_c.dir/rosidl_generator_c/px4_msgs/msg/detail/trajectory_setpoint6dof__functions.c.o[0m
[88.341s] [ 11%] [32mBuilding C object CMakeFiles/px4_msgs__rosidl_generator_c.dir/rosidl_generator_c/px4_msgs/msg/detail/transponder_report__functions.c.o[0m
[88.348s] [ 11%] [32mBuilding C object CMakeFiles/px4_msgs__rosidl_generator_c.dir/rosidl_generator_c/px4_msgs/msg/detail/tune_control__functions.c.o[0m
[88.386s] [ 11%] [32mBuilding C object CMakeFiles/px4_msgs__rosidl_generator_c.dir/rosidl_generator_c/px4_msgs/msg/detail/uavcan_parameter_request__functions.c.o[0m
[88.453s] [ 11%] [32mBuilding C object CMakeFiles/px4_msgs__rosidl_generator_c.dir/rosidl_generator_c/px4_msgs/msg/detail/uavcan_parameter_value__functions.c.o[0m
[88.474s] [ 11%] [32mBuilding C object CMakeFiles/px4_msgs__rosidl_generator_c.dir/rosidl_generator_c/px4_msgs/msg/detail/ulog_stream__functions.c.o[0m
[88.497s] [ 11%] [32mBuilding C object CMakeFiles/px4_msgs__rosidl_generator_c.dir/rosidl_generator_c/px4_msgs/msg/detail/ulog_stream_ack__functions.c.o[0m
[88.499s] [ 11%] [32mBuilding C object CMakeFiles/px4_msgs__rosidl_generator_c.dir/rosidl_generator_c/px4_msgs/msg/detail/unregister_ext_component__functions.c.o[0m
[88.524s] [ 11%] [32mBuilding C object CMakeFiles/px4_msgs__rosidl_generator_c.dir/rosidl_generator_c/px4_msgs/msg/detail/vehicle_acceleration__functions.c.o[0m
[88.591s] [ 12%] [32mBuilding C object CMakeFiles/px4_msgs__rosidl_generator_c.dir/rosidl_generator_c/px4_msgs/msg/detail/vehicle_angular_acceleration_setpoint__functions.c.o[0m
[88.592s] [ 12%] [32mBuilding C object CMakeFiles/px4_msgs__rosidl_generator_c.dir/rosidl_generator_c/px4_msgs/msg/detail/vehicle_air_data__functions.c.o[0m
[88.646s] [ 12%] [32mBuilding C object CMakeFiles/px4_msgs__rosidl_generator_c.dir/rosidl_generator_c/px4_msgs/msg/detail/vehicle_angular_velocity__functions.c.o[0m
[88.649s] [ 12%] [32mBuilding C object CMakeFiles/px4_msgs__rosidl_generator_c.dir/rosidl_generator_c/px4_msgs/msg/detail/vehicle_attitude__functions.c.o[0m
[88.674s] [ 12%] [32mBuilding C object CMakeFiles/px4_msgs__rosidl_generator_c.dir/rosidl_generator_c/px4_msgs/msg/detail/vehicle_attitude_setpoint__functions.c.o[0m
[88.729s] [ 12%] [32mBuilding C object CMakeFiles/px4_msgs__rosidl_generator_c.dir/rosidl_generator_c/px4_msgs/msg/detail/vehicle_command__functions.c.o[0m
[88.745s] [ 12%] [32mBuilding C object CMakeFiles/px4_msgs__rosidl_generator_c.dir/rosidl_generator_c/px4_msgs/msg/detail/vehicle_command_ack__functions.c.o[0m
[88.780s] [ 12%] [32mBuilding C object CMakeFiles/px4_msgs__rosidl_generator_c.dir/rosidl_generator_c/px4_msgs/msg/detail/vehicle_constraints__functions.c.o[0m
[88.787s] [ 12%] [32mBuilding C object CMakeFiles/px4_msgs__rosidl_generator_c.dir/rosidl_generator_c/px4_msgs/msg/detail/vehicle_control_mode__functions.c.o[0m
[88.808s] [ 12%] [32mBuilding C object CMakeFiles/px4_msgs__rosidl_generator_c.dir/rosidl_generator_c/px4_msgs/msg/detail/vehicle_global_position__functions.c.o[0m
[88.874s] [ 12%] [32mBuilding C object CMakeFiles/px4_msgs__rosidl_generator_c.dir/rosidl_generator_c/px4_msgs/msg/detail/vehicle_imu__functions.c.o[0m
[88.877s] [ 12%] [32mBuilding C object CMakeFiles/px4_msgs__rosidl_generator_c.dir/rosidl_generator_c/px4_msgs/msg/detail/vehicle_imu_status__functions.c.o[0m
[88.924s] [ 12%] [32mBuilding C object CMakeFiles/px4_msgs__rosidl_generator_c.dir/rosidl_generator_c/px4_msgs/msg/detail/vehicle_land_detected__functions.c.o[0m
[88.926s] [ 12%] [32mBuilding C object CMakeFiles/px4_msgs__rosidl_generator_c.dir/rosidl_generator_c/px4_msgs/msg/detail/vehicle_local_position__functions.c.o[0m
[88.944s] [ 12%] [32mBuilding C object CMakeFiles/px4_msgs__rosidl_generator_c.dir/rosidl_generator_c/px4_msgs/msg/detail/vehicle_local_position_setpoint__functions.c.o[0m
[89.006s] [ 12%] [32mBuilding C object CMakeFiles/px4_msgs__rosidl_generator_c.dir/rosidl_generator_c/px4_msgs/msg/detail/vehicle_magnetometer__functions.c.o[0m
[89.012s] [ 12%] [32mBuilding C object CMakeFiles/px4_msgs__rosidl_generator_c.dir/rosidl_generator_c/px4_msgs/msg/detail/vehicle_odometry__functions.c.o[0m
[89.063s] [ 12%] [32mBuilding C object CMakeFiles/px4_msgs__rosidl_generator_c.dir/rosidl_generator_c/px4_msgs/msg/detail/vehicle_optical_flow__functions.c.o[0m
[89.091s] [ 12%] [32mBuilding C object CMakeFiles/px4_msgs__rosidl_generator_c.dir/rosidl_generator_c/px4_msgs/msg/detail/vehicle_optical_flow_vel__functions.c.o[0m
[89.101s] [ 12%] [32mBuilding C object CMakeFiles/px4_msgs__rosidl_generator_c.dir/rosidl_generator_c/px4_msgs/msg/detail/vehicle_rates_setpoint__functions.c.o[0m
[89.127s] [ 13%] [32mBuilding C object CMakeFiles/px4_msgs__rosidl_generator_c.dir/rosidl_generator_c/px4_msgs/msg/detail/vehicle_roi__functions.c.o[0m
[89.176s] [ 13%] [32mBuilding C object CMakeFiles/px4_msgs__rosidl_generator_c.dir/rosidl_generator_c/px4_msgs/msg/detail/vehicle_status__functions.c.o[0m
[89.218s] [ 13%] [32mBuilding C object CMakeFiles/px4_msgs__rosidl_generator_c.dir/rosidl_generator_c/px4_msgs/msg/detail/vehicle_thrust_setpoint__functions.c.o[0m
[89.236s] [ 13%] [32mBuilding C object CMakeFiles/px4_msgs__rosidl_generator_c.dir/rosidl_generator_c/px4_msgs/msg/detail/vehicle_torque_setpoint__functions.c.o[0m
[89.242s] [ 13%] [32mBuilding C object CMakeFiles/px4_msgs__rosidl_generator_c.dir/rosidl_generator_c/px4_msgs/msg/detail/vtol_vehicle_status__functions.c.o[0m
[89.243s] [ 13%] [32mBuilding C object CMakeFiles/px4_msgs__rosidl_generator_c.dir/rosidl_generator_c/px4_msgs/msg/detail/velocity_limits__functions.c.o[0m
[89.317s] [ 13%] [32mBuilding C object CMakeFiles/px4_msgs__rosidl_generator_c.dir/rosidl_generator_c/px4_msgs/msg/detail/wheel_encoders__functions.c.o[0m
[89.364s] [ 13%] [32mBuilding C object CMakeFiles/px4_msgs__rosidl_generator_c.dir/rosidl_generator_c/px4_msgs/msg/detail/wind__functions.c.o[0m
[89.364s] [ 13%] [32mBuilding C object CMakeFiles/px4_msgs__rosidl_generator_c.dir/rosidl_generator_c/px4_msgs/msg/detail/yaw_estimator_status__functions.c.o[0m
[89.371s] [ 13%] [32mBuilding C object CMakeFiles/px4_msgs__rosidl_generator_c.dir/rosidl_generator_c/px4_msgs/srv/detail/vehicle_command__functions.c.o[0m
[89.496s] [ 13%] [32m[1mLinking C shared library libpx4_msgs__rosidl_generator_c.so[0m
[89.621s] [ 13%] Built target px4_msgs__rosidl_generator_c
[89.642s] [ 13%] [34m[1mGenerating C++ type support dispatch for ROS interfaces[0m
[129.194s] [ 13%] [32mBuilding CXX object CMakeFiles/px4_msgs__rosidl_typesupport_introspection_cpp.dir/rosidl_typesupport_introspection_cpp/px4_msgs/msg/detail/actuator_controls_status__type_support.cpp.o[0m
[129.194s] [ 13%] [32mBuilding CXX object CMakeFiles/px4_msgs__rosidl_typesupport_introspection_cpp.dir/rosidl_typesupport_introspection_cpp/px4_msgs/msg/detail/actuator_armed__type_support.cpp.o[0m
[129.197s] [ 13%] [32mBuilding CXX object CMakeFiles/px4_msgs__rosidl_typesupport_introspection_cpp.dir/rosidl_typesupport_introspection_cpp/px4_msgs/msg/detail/action_request__type_support.cpp.o[0m
[129.940s] [ 13%] [32mBuilding CXX object CMakeFiles/px4_msgs__rosidl_typesupport_introspection_cpp.dir/rosidl_typesupport_introspection_cpp/px4_msgs/msg/detail/actuator_motors__type_support.cpp.o[0m
[129.991s] [ 13%] [32mBuilding CXX object CMakeFiles/px4_msgs__rosidl_typesupport_introspection_cpp.dir/rosidl_typesupport_introspection_cpp/px4_msgs/msg/detail/actuator_outputs__type_support.cpp.o[0m
[130.053s] [ 13%] [32mBuilding CXX object CMakeFiles/px4_msgs__rosidl_typesupport_introspection_cpp.dir/rosidl_typesupport_introspection_cpp/px4_msgs/msg/detail/actuator_servos__type_support.cpp.o[0m
[130.561s] [ 13%] [32mBuilding CXX object CMakeFiles/px4_msgs__rosidl_typesupport_introspection_cpp.dir/rosidl_typesupport_introspection_cpp/px4_msgs/msg/detail/actuator_servos_trim__type_support.cpp.o[0m
[130.598s] [ 13%] [32mBuilding CXX object CMakeFiles/px4_msgs__rosidl_typesupport_introspection_cpp.dir/rosidl_typesupport_introspection_cpp/px4_msgs/msg/detail/actuator_test__type_support.cpp.o[0m
[130.787s] [ 14%] [32mBuilding CXX object CMakeFiles/px4_msgs__rosidl_typesupport_introspection_cpp.dir/rosidl_typesupport_introspection_cpp/px4_msgs/msg/detail/adc_report__type_support.cpp.o[0m
[131.159s] [ 14%] [32mBuilding CXX object CMakeFiles/px4_msgs__rosidl_typesupport_introspection_cpp.dir/rosidl_typesupport_introspection_cpp/px4_msgs/msg/detail/airspeed__type_support.cpp.o[0m
[131.368s] [ 14%] [32mBuilding CXX object CMakeFiles/px4_msgs__rosidl_typesupport_introspection_cpp.dir/rosidl_typesupport_introspection_cpp/px4_msgs/msg/detail/airspeed_validated__type_support.cpp.o[0m
[131.427s] [ 14%] [32mBuilding CXX object CMakeFiles/px4_msgs__rosidl_typesupport_introspection_cpp.dir/rosidl_typesupport_introspection_cpp/px4_msgs/msg/detail/airspeed_wind__type_support.cpp.o[0m
[131.743s] [ 14%] [32mBuilding CXX object CMakeFiles/px4_msgs__rosidl_typesupport_cpp.dir/rosidl_typesupport_cpp/px4_msgs/msg/action_request__type_support.cpp.o[0m
[131.759s] [ 14%] [32mBuilding CXX object CMakeFiles/px4_msgs__rosidl_typesupport_cpp.dir/rosidl_typesupport_cpp/px4_msgs/msg/actuator_armed__type_support.cpp.o[0m
[132.058s] [ 14%] [32mBuilding CXX object CMakeFiles/px4_msgs__rosidl_typesupport_introspection_cpp.dir/rosidl_typesupport_introspection_cpp/px4_msgs/msg/detail/arming_check_reply__type_support.cpp.o[0m
[132.064s] [ 14%] [32mBuilding CXX object CMakeFiles/px4_msgs__rosidl_typesupport_introspection_cpp.dir/rosidl_typesupport_introspection_cpp/px4_msgs/msg/detail/arming_check_request__type_support.cpp.o[0m
[132.221s] [ 14%] [32mBuilding CXX object CMakeFiles/px4_msgs__rosidl_typesupport_cpp.dir/rosidl_typesupport_cpp/px4_msgs/msg/actuator_controls_status__type_support.cpp.o[0m
[132.266s] [ 14%] [32mBuilding CXX object CMakeFiles/px4_msgs__rosidl_typesupport_cpp.dir/rosidl_typesupport_cpp/px4_msgs/msg/actuator_motors__type_support.cpp.o[0m
[132.741s] [ 14%] [32mBuilding CXX object CMakeFiles/px4_msgs__rosidl_typesupport_introspection_cpp.dir/rosidl_typesupport_introspection_cpp/px4_msgs/msg/detail/autotune_attitude_control_status__type_support.cpp.o[0m
[132.741s] [ 14%] [32mBuilding CXX object CMakeFiles/px4_msgs__rosidl_typesupport_cpp.dir/rosidl_typesupport_cpp/px4_msgs/msg/actuator_outputs__type_support.cpp.o[0m
[132.795s] [ 14%] [32mBuilding CXX object CMakeFiles/px4_msgs__rosidl_typesupport_cpp.dir/rosidl_typesupport_cpp/px4_msgs/msg/actuator_servos__type_support.cpp.o[0m
[132.825s] [ 14%] [32mBuilding CXX object CMakeFiles/px4_msgs__rosidl_typesupport_introspection_cpp.dir/rosidl_typesupport_introspection_cpp/px4_msgs/msg/detail/battery_info__type_support.cpp.o[0m
[133.348s] [ 14%] [32mBuilding CXX object CMakeFiles/px4_msgs__rosidl_typesupport_introspection_cpp.dir/rosidl_typesupport_introspection_cpp/px4_msgs/msg/detail/battery_status__type_support.cpp.o[0m
[133.373s] [ 14%] [32mBuilding CXX object CMakeFiles/px4_msgs__rosidl_typesupport_cpp.dir/rosidl_typesupport_cpp/px4_msgs/msg/actuator_servos_trim__type_support.cpp.o[0m
[133.602s] [ 14%] [32mBuilding CXX object CMakeFiles/px4_msgs__rosidl_typesupport_introspection_cpp.dir/rosidl_typesupport_introspection_cpp/px4_msgs/msg/detail/button_event__type_support.cpp.o[0m
[133.658s] [ 14%] [32mBuilding CXX object CMakeFiles/px4_msgs__rosidl_typesupport_cpp.dir/rosidl_typesupport_cpp/px4_msgs/msg/actuator_test__type_support.cpp.o[0m
[133.814s] [ 15%] [32mBuilding CXX object CMakeFiles/px4_msgs__rosidl_typesupport_cpp.dir/rosidl_typesupport_cpp/px4_msgs/msg/adc_report__type_support.cpp.o[0m
[134.028s] [ 15%] [32mBuilding CXX object CMakeFiles/px4_msgs__rosidl_typesupport_introspection_cpp.dir/rosidl_typesupport_introspection_cpp/px4_msgs/msg/detail/camera_capture__type_support.cpp.o[0m
[134.107s] [ 15%] [32mBuilding CXX object CMakeFiles/px4_msgs__rosidl_typesupport_cpp.dir/rosidl_typesupport_cpp/px4_msgs/msg/airspeed__type_support.cpp.o[0m
[134.278s] [ 15%] [32mBuilding CXX object CMakeFiles/px4_msgs__rosidl_typesupport_cpp.dir/rosidl_typesupport_cpp/px4_msgs/msg/airspeed_validated__type_support.cpp.o[0m
[134.326s] [ 15%] [32mBuilding CXX object CMakeFiles/px4_msgs__rosidl_typesupport_introspection_cpp.dir/rosidl_typesupport_introspection_cpp/px4_msgs/msg/detail/camera_status__type_support.cpp.o[0m
[134.741s] [ 15%] [32mBuilding CXX object CMakeFiles/px4_msgs__rosidl_typesupport_cpp.dir/rosidl_typesupport_cpp/px4_msgs/msg/airspeed_wind__type_support.cpp.o[0m
[134.755s] [ 15%] [32mBuilding CXX object CMakeFiles/px4_msgs__rosidl_typesupport_introspection_cpp.dir/rosidl_typesupport_introspection_cpp/px4_msgs/msg/detail/camera_trigger__type_support.cpp.o[0m
[134.925s] [ 15%] [32mBuilding CXX object CMakeFiles/px4_msgs__rosidl_typesupport_introspection_cpp.dir/rosidl_typesupport_introspection_cpp/px4_msgs/msg/detail/can_interface_status__type_support.cpp.o[0m
[134.990s] [ 15%] [32mBuilding CXX object CMakeFiles/px4_msgs__rosidl_typesupport_cpp.dir/rosidl_typesupport_cpp/px4_msgs/msg/arming_check_reply__type_support.cpp.o[0m
[135.382s] [ 15%] [32mBuilding CXX object CMakeFiles/px4_msgs__rosidl_typesupport_introspection_cpp.dir/rosidl_typesupport_introspection_cpp/px4_msgs/msg/detail/cellular_status__type_support.cpp.o[0m
[135.504s] [ 15%] [32mBuilding CXX object CMakeFiles/px4_msgs__rosidl_typesupport_introspection_cpp.dir/rosidl_typesupport_introspection_cpp/px4_msgs/msg/detail/collision_constraints__type_support.cpp.o[0m
[135.519s] [ 15%] [32mBuilding CXX object CMakeFiles/px4_msgs__rosidl_typesupport_cpp.dir/rosidl_typesupport_cpp/px4_msgs/msg/arming_check_request__type_support.cpp.o[0m
[135.617s] [ 15%] [32mBuilding CXX object CMakeFiles/px4_msgs__rosidl_typesupport_introspection_cpp.dir/rosidl_typesupport_introspection_cpp/px4_msgs/msg/detail/config_overrides__type_support.cpp.o[0m
[136.109s] [ 15%] [32mBuilding CXX object CMakeFiles/px4_msgs__rosidl_typesupport_cpp.dir/rosidl_typesupport_cpp/px4_msgs/msg/autotune_attitude_control_status__type_support.cpp.o[0m
[136.125s] [ 15%] [32mBuilding CXX object CMakeFiles/px4_msgs__rosidl_typesupport_introspection_cpp.dir/rosidl_typesupport_introspection_cpp/px4_msgs/msg/detail/control_allocator_status__type_support.cpp.o[0m
[136.297s] [ 15%] [32mBuilding CXX object CMakeFiles/px4_msgs__rosidl_typesupport_introspection_cpp.dir/rosidl_typesupport_introspection_cpp/px4_msgs/msg/detail/cpuload__type_support.cpp.o[0m
[136.456s] [ 15%] [32mBuilding CXX object CMakeFiles/px4_msgs__rosidl_typesupport_cpp.dir/rosidl_typesupport_cpp/px4_msgs/msg/battery_info__type_support.cpp.o[0m
[136.569s] [ 15%] [32mBuilding CXX object CMakeFiles/px4_msgs__rosidl_typesupport_cpp.dir/rosidl_typesupport_cpp/px4_msgs/msg/battery_status__type_support.cpp.o[0m
[136.761s] [ 15%] [32mBuilding CXX object CMakeFiles/px4_msgs__rosidl_typesupport_cpp.dir/rosidl_typesupport_cpp/px4_msgs/msg/button_event__type_support.cpp.o[0m
[136.906s] [ 15%] [32mBuilding CXX object CMakeFiles/px4_msgs__rosidl_typesupport_fastrtps_cpp.dir/rosidl_typesupport_fastrtps_cpp/px4_msgs/msg/detail/dds_fastrtps/action_request__type_support.cpp.o[0m
[136.964s] [ 16%] [32mBuilding CXX object CMakeFiles/px4_msgs__rosidl_typesupport_introspection_cpp.dir/rosidl_typesupport_introspection_cpp/px4_msgs/msg/detail/dataman_request__type_support.cpp.o[0m
[137.098s] [ 16%] [32mBuilding CXX object CMakeFiles/px4_msgs__rosidl_typesupport_cpp.dir/rosidl_typesupport_cpp/px4_msgs/msg/camera_capture__type_support.cpp.o[0m
[137.135s] [ 16%] [32mBuilding CXX object CMakeFiles/px4_msgs__rosidl_typesupport_cpp.dir/rosidl_typesupport_cpp/px4_msgs/msg/camera_status__type_support.cpp.o[0m
[137.197s] [ 16%] [32mBuilding CXX object CMakeFiles/px4_msgs__rosidl_typesupport_cpp.dir/rosidl_typesupport_cpp/px4_msgs/msg/camera_trigger__type_support.cpp.o[0m
[137.503s] [ 16%] [32mBuilding CXX object CMakeFiles/px4_msgs__rosidl_typesupport_fastrtps_cpp.dir/rosidl_typesupport_fastrtps_cpp/px4_msgs/msg/detail/dds_fastrtps/actuator_armed__type_support.cpp.o[0m
[137.525s] [ 16%] [32mBuilding CXX object CMakeFiles/px4_msgs__rosidl_typesupport_introspection_cpp.dir/rosidl_typesupport_introspection_cpp/px4_msgs/msg/detail/dataman_response__type_support.cpp.o[0m
[137.589s] [ 16%] [32mBuilding CXX object CMakeFiles/px4_msgs__rosidl_typesupport_cpp.dir/rosidl_typesupport_cpp/px4_msgs/msg/can_interface_status__type_support.cpp.o[0m
[137.645s] [ 16%] [32mBuilding CXX object CMakeFiles/px4_msgs__rosidl_typesupport_fastrtps_cpp.dir/rosidl_typesupport_fastrtps_cpp/px4_msgs/msg/detail/dds_fastrtps/actuator_controls_status__type_support.cpp.o[0m
[137.764s] [ 16%] [32mBuilding CXX object CMakeFiles/px4_msgs__rosidl_typesupport_cpp.dir/rosidl_typesupport_cpp/px4_msgs/msg/cellular_status__type_support.cpp.o[0m
[137.982s] [ 16%] [32mBuilding CXX object CMakeFiles/px4_msgs__rosidl_typesupport_introspection_cpp.dir/rosidl_typesupport_introspection_cpp/px4_msgs/msg/detail/debug_array__type_support.cpp.o[0m
[138.144s] [ 16%] [32mBuilding CXX object CMakeFiles/px4_msgs__rosidl_typesupport_cpp.dir/rosidl_typesupport_cpp/px4_msgs/msg/collision_constraints__type_support.cpp.o[0m
[138.207s] [ 16%] [32mBuilding CXX object CMakeFiles/px4_msgs__rosidl_typesupport_fastrtps_cpp.dir/rosidl_typesupport_fastrtps_cpp/px4_msgs/msg/detail/dds_fastrtps/actuator_motors__type_support.cpp.o[0m
[138.393s] [ 16%] [32mBuilding CXX object CMakeFiles/px4_msgs__rosidl_typesupport_fastrtps_cpp.dir/rosidl_typesupport_fastrtps_cpp/px4_msgs/msg/detail/dds_fastrtps/actuator_outputs__type_support.cpp.o[0m
[138.397s] [ 16%] [32mBuilding CXX object CMakeFiles/px4_msgs__rosidl_typesupport_introspection_cpp.dir/rosidl_typesupport_introspection_cpp/px4_msgs/msg/detail/debug_key_value__type_support.cpp.o[0m
[138.550s] [ 16%] [32mBuilding CXX object CMakeFiles/px4_msgs__rosidl_typesupport_cpp.dir/rosidl_typesupport_cpp/px4_msgs/msg/config_overrides__type_support.cpp.o[0m
[138.568s] [ 16%] [32mBuilding CXX object CMakeFiles/px4_msgs__rosidl_typesupport_fastrtps_cpp.dir/rosidl_typesupport_fastrtps_cpp/px4_msgs/msg/detail/dds_fastrtps/actuator_servos__type_support.cpp.o[0m
[138.790s] [ 16%] [32mBuilding CXX object CMakeFiles/px4_msgs__rosidl_typesupport_fastrtps_cpp.dir/rosidl_typesupport_fastrtps_cpp/px4_msgs/msg/detail/dds_fastrtps/actuator_servos_trim__type_support.cpp.o[0m
[138.993s] [ 16%] [32mBuilding CXX object CMakeFiles/px4_msgs__rosidl_typesupport_introspection_cpp.dir/rosidl_typesupport_introspection_cpp/px4_msgs/msg/detail/debug_value__type_support.cpp.o[0m
[139.035s] [ 16%] [32mBuilding CXX object CMakeFiles/px4_msgs__rosidl_typesupport_cpp.dir/rosidl_typesupport_cpp/px4_msgs/msg/control_allocator_status__type_support.cpp.o[0m
[139.042s] [ 16%] [32mBuilding CXX object CMakeFiles/px4_msgs__rosidl_typesupport_fastrtps_cpp.dir/rosidl_typesupport_fastrtps_cpp/px4_msgs/msg/detail/dds_fastrtps/actuator_test__type_support.cpp.o[0m
[139.309s] [ 17%] [32mBuilding CXX object CMakeFiles/px4_msgs__rosidl_typesupport_fastrtps_cpp.dir/rosidl_typesupport_fastrtps_cpp/px4_msgs/msg/detail/dds_fastrtps/adc_report__type_support.cpp.o[0m
[139.356s] [ 17%] [32mBuilding CXX object CMakeFiles/px4_msgs__rosidl_typesupport_fastrtps_cpp.dir/rosidl_typesupport_fastrtps_cpp/px4_msgs/msg/detail/dds_fastrtps/airspeed__type_support.cpp.o[0m
[139.527s] [ 17%] [32mBuilding CXX object CMakeFiles/px4_msgs__rosidl_typesupport_cpp.dir/rosidl_typesupport_cpp/px4_msgs/msg/cpuload__type_support.cpp.o[0m
[139.595s] [ 17%] [32mBuilding CXX object CMakeFiles/px4_msgs__rosidl_typesupport_introspection_cpp.dir/rosidl_typesupport_introspection_cpp/px4_msgs/msg/detail/debug_vect__type_support.cpp.o[0m
[139.842s] [ 17%] [32mBuilding CXX object CMakeFiles/px4_msgs__rosidl_typesupport_fastrtps_cpp.dir/rosidl_typesupport_fastrtps_cpp/px4_msgs/msg/detail/dds_fastrtps/airspeed_validated__type_support.cpp.o[0m
[139.896s] [ 17%] [32mBuilding CXX object CMakeFiles/px4_msgs__rosidl_typesupport_fastrtps_cpp.dir/rosidl_typesupport_fastrtps_cpp/px4_msgs/msg/detail/dds_fastrtps/airspeed_wind__type_support.cpp.o[0m
[139.935s] [ 17%] [32mBuilding CXX object CMakeFiles/px4_msgs__rosidl_typesupport_fastrtps_cpp.dir/rosidl_typesupport_fastrtps_cpp/px4_msgs/msg/detail/dds_fastrtps/arming_check_reply__type_support.cpp.o[0m
[140.166s] [ 18%] [32mBuilding CXX object CMakeFiles/px4_msgs__rosidl_typesupport_cpp.dir/rosidl_typesupport_cpp/px4_msgs/msg/dataman_request__type_support.cpp.o[0m
[140.326s] [ 18%] [32mBuilding CXX object CMakeFiles/px4_msgs__rosidl_typesupport_introspection_cpp.dir/rosidl_typesupport_introspection_cpp/px4_msgs/msg/detail/differential_pressure__type_support.cpp.o[0m
[140.421s] [ 18%] [32mBuilding CXX object CMakeFiles/px4_msgs__rosidl_typesupport_introspection_cpp.dir/rosidl_typesupport_introspection_cpp/px4_msgs/msg/detail/distance_sensor__type_support.cpp.o[0m
[140.504s] [ 18%] [32mBuilding CXX object CMakeFiles/px4_msgs__rosidl_typesupport_fastrtps_cpp.dir/rosidl_typesupport_fastrtps_cpp/px4_msgs/msg/detail/dds_fastrtps/arming_check_request__type_support.cpp.o[0m
[140.651s] [ 18%] [32mBuilding CXX object CMakeFiles/px4_msgs__rosidl_typesupport_fastrtps_cpp.dir/rosidl_typesupport_fastrtps_cpp/px4_msgs/msg/detail/dds_fastrtps/autotune_attitude_control_status__type_support.cpp.o[0m
[140.748s] [ 18%] [32mBuilding CXX object CMakeFiles/px4_msgs__rosidl_typesupport_cpp.dir/rosidl_typesupport_cpp/px4_msgs/msg/dataman_response__type_support.cpp.o[0m
[140.974s] [ 18%] [32mBuilding CXX object CMakeFiles/px4_msgs__rosidl_typesupport_cpp.dir/rosidl_typesupport_cpp/px4_msgs/msg/debug_array__type_support.cpp.o[0m
[141.003s] [ 18%] [32mBuilding CXX object CMakeFiles/px4_msgs__rosidl_typesupport_introspection_cpp.dir/rosidl_typesupport_introspection_cpp/px4_msgs/msg/detail/distance_sensor_mode_change_request__type_support.cpp.o[0m
[141.117s] [ 18%] [32mBuilding CXX object CMakeFiles/px4_msgs__rosidl_typesupport_fastrtps_cpp.dir/rosidl_typesupport_fastrtps_cpp/px4_msgs/msg/detail/dds_fastrtps/battery_info__type_support.cpp.o[0m
[141.185s] [ 18%] [32mBuilding CXX object CMakeFiles/px4_msgs__rosidl_typesupport_cpp.dir/rosidl_typesupport_cpp/px4_msgs/msg/debug_key_value__type_support.cpp.o[0m
[141.427s] [ 18%] [32mBuilding CXX object CMakeFiles/px4_msgs__rosidl_typesupport_fastrtps_cpp.dir/rosidl_typesupport_fastrtps_cpp/px4_msgs/msg/detail/dds_fastrtps/battery_status__type_support.cpp.o[0m
[141.619s] [ 18%] [32mBuilding CXX object CMakeFiles/px4_msgs__rosidl_typesupport_fastrtps_cpp.dir/rosidl_typesupport_fastrtps_cpp/px4_msgs/msg/detail/dds_fastrtps/button_event__type_support.cpp.o[0m
[141.625s] [ 18%] [32mBuilding CXX object CMakeFiles/px4_msgs__rosidl_typesupport_cpp.dir/rosidl_typesupport_cpp/px4_msgs/msg/debug_value__type_support.cpp.o[0m
[141.751s] [ 18%] [32mBuilding CXX object CMakeFiles/px4_msgs__rosidl_typesupport_fastrtps_cpp.dir/rosidl_typesupport_fastrtps_cpp/px4_msgs/msg/detail/dds_fastrtps/camera_capture__type_support.cpp.o[0m
[141.786s] [ 18%] [32mBuilding CXX object CMakeFiles/px4_msgs__rosidl_typesupport_introspection_cpp.dir/rosidl_typesupport_introspection_cpp/px4_msgs/msg/detail/dronecan_node_status__type_support.cpp.o[0m
[142.047s] [ 18%] [32mBuilding CXX object CMakeFiles/px4_msgs__rosidl_typesupport_fastrtps_cpp.dir/rosidl_typesupport_fastrtps_cpp/px4_msgs/msg/detail/dds_fastrtps/camera_status__type_support.cpp.o[0m
[142.081s] [ 18%] [32mBuilding CXX object CMakeFiles/px4_msgs__rosidl_typesupport_cpp.dir/rosidl_typesupport_cpp/px4_msgs/msg/debug_vect__type_support.cpp.o[0m
[142.322s] [ 18%] [32mBuilding CXX object CMakeFiles/px4_msgs__rosidl_typesupport_introspection_cpp.dir/rosidl_typesupport_introspection_cpp/px4_msgs/msg/detail/ekf2_timestamps__type_support.cpp.o[0m
[142.476s] [ 18%] [32mBuilding CXX object CMakeFiles/px4_msgs__rosidl_typesupport_cpp.dir/rosidl_typesupport_cpp/px4_msgs/msg/differential_pressure__type_support.cpp.o[0m
[142.510s] [ 18%] [32mBuilding CXX object CMakeFiles/px4_msgs__rosidl_typesupport_fastrtps_cpp.dir/rosidl_typesupport_fastrtps_cpp/px4_msgs/msg/detail/dds_fastrtps/camera_trigger__type_support.cpp.o[0m
[142.602s] [ 18%] [32mBuilding CXX object CMakeFiles/px4_msgs__rosidl_typesupport_fastrtps_cpp.dir/rosidl_typesupport_fastrtps_cpp/px4_msgs/msg/detail/dds_fastrtps/can_interface_status__type_support.cpp.o[0m
[142.661s] [ 18%] [32mBuilding CXX object CMakeFiles/px4_msgs__rosidl_typesupport_cpp.dir/rosidl_typesupport_cpp/px4_msgs/msg/distance_sensor__type_support.cpp.o[0m
[142.862s] [ 18%] [32mBuilding CXX object CMakeFiles/px4_msgs__rosidl_typesupport_introspection_cpp.dir/rosidl_typesupport_introspection_cpp/px4_msgs/msg/detail/esc_report__type_support.cpp.o[0m
[142.989s] [ 18%] [32mBuilding CXX object CMakeFiles/px4_msgs__rosidl_typesupport_introspection_cpp.dir/rosidl_typesupport_introspection_cpp/px4_msgs/msg/detail/esc_status__type_support.cpp.o[0m
[143.109s] [ 18%] [32mBuilding CXX object CMakeFiles/px4_msgs__rosidl_typesupport_cpp.dir/rosidl_typesupport_cpp/px4_msgs/msg/distance_sensor_mode_change_request__type_support.cpp.o[0m
[143.240s] [ 18%] [32mBuilding CXX object CMakeFiles/px4_msgs__rosidl_typesupport_fastrtps_cpp.dir/rosidl_typesupport_fastrtps_cpp/px4_msgs/msg/detail/dds_fastrtps/cellular_status__type_support.cpp.o[0m
[143.311s] [ 18%] [32mBuilding CXX object CMakeFiles/px4_msgs__rosidl_typesupport_fastrtps_cpp.dir/rosidl_typesupport_fastrtps_cpp/px4_msgs/msg/detail/dds_fastrtps/collision_constraints__type_support.cpp.o[0m
[143.523s] [ 18%] [32mBuilding CXX object CMakeFiles/px4_msgs__rosidl_typesupport_cpp.dir/rosidl_typesupport_cpp/px4_msgs/msg/dronecan_node_status__type_support.cpp.o[0m
[143.556s] [ 18%] [32mBuilding CXX object CMakeFiles/px4_msgs__rosidl_typesupport_introspection_cpp.dir/rosidl_typesupport_introspection_cpp/px4_msgs/msg/detail/estimator_aid_source1d__type_support.cpp.o[0m
[143.660s] [ 18%] [32mBuilding CXX object CMakeFiles/px4_msgs__rosidl_typesupport_cpp.dir/rosidl_typesupport_cpp/px4_msgs/msg/ekf2_timestamps__type_support.cpp.o[0m
[143.919s] [ 18%] [32mBuilding CXX object CMakeFiles/px4_msgs__rosidl_typesupport_introspection_cpp.dir/rosidl_typesupport_introspection_cpp/px4_msgs/msg/detail/estimator_aid_source2d__type_support.cpp.o[0m
[143.933s] [ 18%] [32mBuilding CXX object CMakeFiles/px4_msgs__rosidl_typesupport_introspection_cpp.dir/rosidl_typesupport_introspection_cpp/px4_msgs/msg/detail/estimator_aid_source3d__type_support.cpp.o[0m
[144.059s] [ 18%] [32mBuilding CXX object CMakeFiles/px4_msgs__rosidl_typesupport_fastrtps_cpp.dir/rosidl_typesupport_fastrtps_cpp/px4_msgs/msg/detail/dds_fastrtps/config_overrides__type_support.cpp.o[0m
[144.064s] [ 18%] [32mBuilding CXX object CMakeFiles/px4_msgs__rosidl_typesupport_cpp.dir/rosidl_typesupport_cpp/px4_msgs/msg/esc_report__type_support.cpp.o[0m
[144.310s] [ 18%] [32mBuilding CXX object CMakeFiles/px4_msgs__rosidl_typesupport_introspection_cpp.dir/rosidl_typesupport_introspection_cpp/px4_msgs/msg/detail/estimator_bias__type_support.cpp.o[0m
[144.464s] [ 18%] [32mBuilding CXX object CMakeFiles/px4_msgs__rosidl_typesupport_cpp.dir/rosidl_typesupport_cpp/px4_msgs/msg/esc_status__type_support.cpp.o[0m
[144.573s] [ 18%] [32mBuilding CXX object CMakeFiles/px4_msgs__rosidl_typesupport_introspection_cpp.dir/rosidl_typesupport_introspection_cpp/px4_msgs/msg/detail/estimator_bias3d__type_support.cpp.o[0m
[144.624s] [ 18%] [32mBuilding CXX object CMakeFiles/px4_msgs__rosidl_typesupport_introspection_cpp.dir/rosidl_typesupport_introspection_cpp/px4_msgs/msg/detail/estimator_event_flags__type_support.cpp.o[0m
[144.849s] [ 18%] [32mBuilding CXX object CMakeFiles/px4_msgs__rosidl_typesupport_fastrtps_cpp.dir/rosidl_typesupport_fastrtps_cpp/px4_msgs/msg/detail/dds_fastrtps/control_allocator_status__type_support.cpp.o[0m
[144.864s] [ 18%] [32mBuilding CXX object CMakeFiles/px4_msgs__rosidl_typesupport_cpp.dir/rosidl_typesupport_cpp/px4_msgs/msg/estimator_aid_source1d__type_support.cpp.o[0m
[144.948s] [ 18%] [32mBuilding CXX object CMakeFiles/px4_msgs__rosidl_typesupport_fastrtps_cpp.dir/rosidl_typesupport_fastrtps_cpp/px4_msgs/msg/detail/dds_fastrtps/cpuload__type_support.cpp.o[0m
[145.129s] [ 19%] [32mBuilding CXX object CMakeFiles/px4_msgs__rosidl_typesupport_introspection_cpp.dir/rosidl_typesupport_introspection_cpp/px4_msgs/msg/detail/estimator_gps_status__type_support.cpp.o[0m
[145.282s] [ 19%] [32mBuilding CXX object CMakeFiles/px4_msgs__rosidl_typesupport_cpp.dir/rosidl_typesupport_cpp/px4_msgs/msg/estimator_aid_source2d__type_support.cpp.o[0m
[145.318s] [ 19%] [32mBuilding CXX object CMakeFiles/px4_msgs__rosidl_typesupport_introspection_cpp.dir/rosidl_typesupport_introspection_cpp/px4_msgs/msg/detail/estimator_innovations__type_support.cpp.o[0m
[145.576s] [ 20%] [32mBuilding CXX object CMakeFiles/px4_msgs__rosidl_typesupport_fastrtps_cpp.dir/rosidl_typesupport_fastrtps_cpp/px4_msgs/msg/detail/dds_fastrtps/dataman_request__type_support.cpp.o[0m
[145.594s] [ 20%] [32mBuilding CXX object CMakeFiles/px4_msgs__rosidl_typesupport_fastrtps_cpp.dir/rosidl_typesupport_fastrtps_cpp/px4_msgs/msg/detail/dds_fastrtps/dataman_response__type_support.cpp.o[0m
[145.684s] [ 20%] [32mBuilding CXX object CMakeFiles/px4_msgs__rosidl_typesupport_cpp.dir/rosidl_typesupport_cpp/px4_msgs/msg/estimator_aid_source3d__type_support.cpp.o[0m
[145.897s] [ 20%] [32mBuilding CXX object CMakeFiles/px4_msgs__rosidl_typesupport_introspection_cpp.dir/rosidl_typesupport_introspection_cpp/px4_msgs/msg/detail/estimator_selector_status__type_support.cpp.o[0m
[145.931s] [ 20%] [32mBuilding CXX object CMakeFiles/px4_msgs__rosidl_typesupport_introspection_cpp.dir/rosidl_typesupport_introspection_cpp/px4_msgs/msg/detail/estimator_sensor_bias__type_support.cpp.o[0m
[146.140s] [ 20%] [32mBuilding CXX object CMakeFiles/px4_msgs__rosidl_typesupport_cpp.dir/rosidl_typesupport_cpp/px4_msgs/msg/estimator_bias__type_support.cpp.o[0m
[146.142s] [ 20%] [32mBuilding CXX object CMakeFiles/px4_msgs__rosidl_typesupport_fastrtps_cpp.dir/rosidl_typesupport_fastrtps_cpp/px4_msgs/msg/detail/dds_fastrtps/debug_array__type_support.cpp.o[0m
[146.285s] [ 20%] [32mBuilding CXX object CMakeFiles/px4_msgs__rosidl_typesupport_fastrtps_cpp.dir/rosidl_typesupport_fastrtps_cpp/px4_msgs/msg/detail/dds_fastrtps/debug_key_value__type_support.cpp.o[0m
[146.514s] [ 20%] [32mBuilding CXX object CMakeFiles/px4_msgs__rosidl_typesupport_fastrtps_cpp.dir/rosidl_typesupport_fastrtps_cpp/px4_msgs/msg/detail/dds_fastrtps/debug_value__type_support.cpp.o[0m
[146.520s] [ 20%] [32mBuilding CXX object CMakeFiles/px4_msgs__rosidl_typesupport_cpp.dir/rosidl_typesupport_cpp/px4_msgs/msg/estimator_bias3d__type_support.cpp.o[0m
[146.681s] [ 20%] [32mBuilding CXX object CMakeFiles/px4_msgs__rosidl_typesupport_introspection_cpp.dir/rosidl_typesupport_introspection_cpp/px4_msgs/msg/detail/estimator_states__type_support.cpp.o[0m
[146.860s] [ 20%] [32mBuilding CXX object CMakeFiles/px4_msgs__rosidl_typesupport_introspection_cpp.dir/rosidl_typesupport_introspection_cpp/px4_msgs/msg/detail/estimator_status__type_support.cpp.o[0m
[146.911s] [ 20%] [32mBuilding CXX object CMakeFiles/px4_msgs__rosidl_typesupport_fastrtps_cpp.dir/rosidl_typesupport_fastrtps_cpp/px4_msgs/msg/detail/dds_fastrtps/debug_vect__type_support.cpp.o[0m
[147.027s] [ 20%] [32mBuilding CXX object CMakeFiles/px4_msgs__rosidl_typesupport_cpp.dir/rosidl_typesupport_cpp/px4_msgs/msg/estimator_event_flags__type_support.cpp.o[0m
[147.107s] [ 20%] [32mBuilding CXX object CMakeFiles/px4_msgs__rosidl_typesupport_fastrtps_cpp.dir/rosidl_typesupport_fastrtps_cpp/px4_msgs/msg/detail/dds_fastrtps/differential_pressure__type_support.cpp.o[0m
[147.467s] [ 21%] [32mBuilding CXX object CMakeFiles/px4_msgs__rosidl_typesupport_cpp.dir/rosidl_typesupport_cpp/px4_msgs/msg/estimator_gps_status__type_support.cpp.o[0m
[147.473s] [ 21%] [32mBuilding CXX object CMakeFiles/px4_msgs__rosidl_typesupport_introspection_cpp.dir/rosidl_typesupport_introspection_cpp/px4_msgs/msg/detail/estimator_status_flags__type_support.cpp.o[0m
[147.534s] [ 21%] [32mBuilding CXX object CMakeFiles/px4_msgs__rosidl_typesupport_cpp.dir/rosidl_typesupport_cpp/px4_msgs/msg/estimator_innovations__type_support.cpp.o[0m
[147.692s] [ 21%] [32mBuilding CXX object CMakeFiles/px4_msgs__rosidl_typesupport_introspection_cpp.dir/rosidl_typesupport_introspection_cpp/px4_msgs/msg/detail/event__type_support.cpp.o[0m
[147.752s] [ 21%] [32mBuilding CXX object CMakeFiles/px4_msgs__rosidl_typesupport_fastrtps_cpp.dir/rosidl_typesupport_fastrtps_cpp/px4_msgs/msg/detail/dds_fastrtps/distance_sensor__type_support.cpp.o[0m
[147.933s] [ 21%] [32mBuilding CXX object CMakeFiles/px4_msgs__rosidl_typesupport_cpp.dir/rosidl_typesupport_cpp/px4_msgs/msg/estimator_selector_status__type_support.cpp.o[0m
[147.961s] [ 21%] [32mBuilding CXX object CMakeFiles/px4_msgs__rosidl_typesupport_introspection_cpp.dir/rosidl_typesupport_introspection_cpp/px4_msgs/msg/detail/failsafe_flags__type_support.cpp.o[0m
[148.061s] [ 21%] [32mBuilding CXX object CMakeFiles/px4_msgs__rosidl_typesupport_fastrtps_cpp.dir/rosidl_typesupport_fastrtps_cpp/px4_msgs/msg/detail/dds_fastrtps/distance_sensor_mode_change_request__type_support.cpp.o[0m
[148.313s] [ 21%] [32mBuilding CXX object CMakeFiles/px4_msgs__rosidl_typesupport_introspection_cpp.dir/rosidl_typesupport_introspection_cpp/px4_msgs/msg/detail/failure_detector_status__type_support.cpp.o[0m
[148.441s] [ 21%] [32mBuilding CXX object CMakeFiles/px4_msgs__rosidl_typesupport_cpp.dir/rosidl_typesupport_cpp/px4_msgs/msg/estimator_sensor_bias__type_support.cpp.o[0m
[148.561s] [ 21%] [32mBuilding CXX object CMakeFiles/px4_msgs__rosidl_typesupport_cpp.dir/rosidl_typesupport_cpp/px4_msgs/msg/estimator_states__type_support.cpp.o[0m
[148.664s] [ 21%] [32mBuilding CXX object CMakeFiles/px4_msgs__rosidl_typesupport_fastrtps_cpp.dir/rosidl_typesupport_fastrtps_cpp/px4_msgs/msg/detail/dds_fastrtps/dronecan_node_status__type_support.cpp.o[0m
[148.754s] [ 21%] [32mBuilding CXX object CMakeFiles/px4_msgs__rosidl_typesupport_introspection_cpp.dir/rosidl_typesupport_introspection_cpp/px4_msgs/msg/detail/figure_eight_status__type_support.cpp.o[0m
[148.879s] [ 21%] [32mBuilding CXX object CMakeFiles/px4_msgs__rosidl_typesupport_introspection_cpp.dir/rosidl_typesupport_introspection_cpp/px4_msgs/msg/detail/fixed_wing_lateral_guidance_status__type_support.cpp.o[0m
[148.906s] [ 21%] [32mBuilding CXX object CMakeFiles/px4_msgs__rosidl_typesupport_cpp.dir/rosidl_typesupport_cpp/px4_msgs/msg/estimator_status__type_support.cpp.o[0m
[149.099s] [ 21%] [32mBuilding CXX object CMakeFiles/px4_msgs__rosidl_typesupport_cpp.dir/rosidl_typesupport_cpp/px4_msgs/msg/estimator_status_flags__type_support.cpp.o[0m
[149.249s] [ 21%] [32mBuilding CXX object CMakeFiles/px4_msgs__rosidl_typesupport_fastrtps_cpp.dir/rosidl_typesupport_fastrtps_cpp/px4_msgs/msg/detail/dds_fastrtps/ekf2_timestamps__type_support.cpp.o[0m
[149.305s] [ 21%] [32mBuilding CXX object CMakeFiles/px4_msgs__rosidl_typesupport_cpp.dir/rosidl_typesupport_cpp/px4_msgs/msg/event__type_support.cpp.o[0m
[149.430s] [ 21%] [32mBuilding CXX object CMakeFiles/px4_msgs__rosidl_typesupport_cpp.dir/rosidl_typesupport_cpp/px4_msgs/msg/failsafe_flags__type_support.cpp.o[0m
[149.522s] [ 21%] [32mBuilding CXX object CMakeFiles/px4_msgs__rosidl_typesupport_introspection_cpp.dir/rosidl_typesupport_introspection_cpp/px4_msgs/msg/detail/fixed_wing_lateral_setpoint__type_support.cpp.o[0m
[149.741s] [ 21%] [32mBuilding CXX object CMakeFiles/px4_msgs__rosidl_typesupport_cpp.dir/rosidl_typesupport_cpp/px4_msgs/msg/failure_detector_status__type_support.cpp.o[0m
[149.820s] [ 21%] [32mBuilding CXX object CMakeFiles/px4_msgs__rosidl_typesupport_fastrtps_cpp.dir/rosidl_typesupport_fastrtps_cpp/px4_msgs/msg/detail/dds_fastrtps/esc_report__type_support.cpp.o[0m
[149.825s] [ 21%] [32mBuilding CXX object CMakeFiles/px4_msgs__rosidl_typesupport_cpp.dir/rosidl_typesupport_cpp/px4_msgs/msg/figure_eight_status__type_support.cpp.o[0m
[149.870s] [ 21%] [32mBuilding CXX object CMakeFiles/px4_msgs__rosidl_typesupport_cpp.dir/rosidl_typesupport_cpp/px4_msgs/msg/fixed_wing_lateral_guidance_status__type_support.cpp.o[0m
[150.060s] [ 21%] [32mBuilding CXX object CMakeFiles/px4_msgs__rosidl_typesupport_introspection_cpp.dir/rosidl_typesupport_introspection_cpp/px4_msgs/msg/detail/fixed_wing_lateral_status__type_support.cpp.o[0m
[150.203s] [ 21%] [32mBuilding CXX object CMakeFiles/px4_msgs__rosidl_typesupport_cpp.dir/rosidl_typesupport_cpp/px4_msgs/msg/fixed_wing_lateral_setpoint__type_support.cpp.o[0m
[150.360s] [ 21%] [32mBuilding CXX object CMakeFiles/px4_msgs__rosidl_typesupport_cpp.dir/rosidl_typesupport_cpp/px4_msgs/msg/fixed_wing_lateral_status__type_support.cpp.o[0m
[150.365s] [ 21%] [32mBuilding CXX object CMakeFiles/px4_msgs__rosidl_typesupport_cpp.dir/rosidl_typesupport_cpp/px4_msgs/msg/fixed_wing_longitudinal_setpoint__type_support.cpp.o[0m
[150.602s] [ 21%] [32mBuilding CXX object CMakeFiles/px4_msgs__rosidl_typesupport_fastrtps_cpp.dir/rosidl_typesupport_fastrtps_cpp/px4_msgs/msg/detail/dds_fastrtps/esc_status__type_support.cpp.o[0m
[150.606s] [ 21%] [32mBuilding CXX object CMakeFiles/px4_msgs__rosidl_typesupport_cpp.dir/rosidl_typesupport_cpp/px4_msgs/msg/fixed_wing_runway_control__type_support.cpp.o[0m
[150.715s] [ 21%] [32mBuilding CXX object CMakeFiles/px4_msgs__rosidl_typesupport_introspection_cpp.dir/rosidl_typesupport_introspection_cpp/px4_msgs/msg/detail/fixed_wing_longitudinal_setpoint__type_support.cpp.o[0m
[150.805s] [ 21%] [32mBuilding CXX object CMakeFiles/px4_msgs__rosidl_typesupport_cpp.dir/rosidl_typesupport_cpp/px4_msgs/msg/flight_phase_estimation__type_support.cpp.o[0m
[150.885s] [ 21%] [32mBuilding CXX object CMakeFiles/px4_msgs__rosidl_typesupport_introspection_cpp.dir/rosidl_typesupport_introspection_cpp/px4_msgs/msg/detail/fixed_wing_runway_control__type_support.cpp.o[0m
[151.151s] [ 21%] [32mBuilding CXX object CMakeFiles/px4_msgs__rosidl_typesupport_introspection_cpp.dir/rosidl_typesupport_introspection_cpp/px4_msgs/msg/detail/flight_phase_estimation__type_support.cpp.o[0m
[151.185s] [ 21%] [32mBuilding CXX object CMakeFiles/px4_msgs__rosidl_typesupport_fastrtps_cpp.dir/rosidl_typesupport_fastrtps_cpp/px4_msgs/msg/detail/dds_fastrtps/estimator_aid_source1d__type_support.cpp.o[0m
[151.197s] [ 21%] [32mBuilding CXX object CMakeFiles/px4_msgs__rosidl_typesupport_cpp.dir/rosidl_typesupport_cpp/px4_msgs/msg/follow_target__type_support.cpp.o[0m
[151.364s] [ 21%] [32mBuilding CXX object CMakeFiles/px4_msgs__rosidl_typesupport_introspection_cpp.dir/rosidl_typesupport_introspection_cpp/px4_msgs/msg/detail/follow_target__type_support.cpp.o[0m
[151.580s] [ 21%] [32mBuilding CXX object CMakeFiles/px4_msgs__rosidl_typesupport_cpp.dir/rosidl_typesupport_cpp/px4_msgs/msg/follow_target_estimator__type_support.cpp.o[0m
[151.633s] [ 21%] [32mBuilding CXX object CMakeFiles/px4_msgs__rosidl_typesupport_introspection_cpp.dir/rosidl_typesupport_introspection_cpp/px4_msgs/msg/detail/follow_target_estimator__type_support.cpp.o[0m
[151.719s] [ 22%] [32mBuilding CXX object CMakeFiles/px4_msgs__rosidl_typesupport_introspection_cpp.dir/rosidl_typesupport_introspection_cpp/px4_msgs/msg/detail/follow_target_status__type_support.cpp.o[0m
[151.798s] [ 22%] [32mBuilding CXX object CMakeFiles/px4_msgs__rosidl_typesupport_fastrtps_cpp.dir/rosidl_typesupport_fastrtps_cpp/px4_msgs/msg/detail/dds_fastrtps/estimator_aid_source2d__type_support.cpp.o[0m
[151.975s] [ 23%] [32mBuilding CXX object CMakeFiles/px4_msgs__rosidl_typesupport_cpp.dir/rosidl_typesupport_cpp/px4_msgs/msg/follow_target_status__type_support.cpp.o[0m
[152.004s] [ 23%] [32mBuilding CXX object CMakeFiles/px4_msgs__rosidl_typesupport_cpp.dir/rosidl_typesupport_cpp/px4_msgs/msg/fuel_tank_status__type_support.cpp.o[0m
[152.319s] [ 23%] [32mBuilding CXX object CMakeFiles/px4_msgs__rosidl_typesupport_fastrtps_cpp.dir/rosidl_typesupport_fastrtps_cpp/px4_msgs/msg/detail/dds_fastrtps/estimator_aid_source3d__type_support.cpp.o[0m
[152.430s] [ 23%] [32mBuilding CXX object CMakeFiles/px4_msgs__rosidl_typesupport_introspection_cpp.dir/rosidl_typesupport_introspection_cpp/px4_msgs/msg/detail/fuel_tank_status__type_support.cpp.o[0m
[152.479s] [ 23%] [32mBuilding CXX object CMakeFiles/px4_msgs__rosidl_typesupport_introspection_cpp.dir/rosidl_typesupport_introspection_cpp/px4_msgs/msg/detail/generator_status__type_support.cpp.o[0m
[152.531s] [ 23%] [32mBuilding CXX object CMakeFiles/px4_msgs__rosidl_typesupport_introspection_cpp.dir/rosidl_typesupport_introspection_cpp/px4_msgs/msg/detail/geofence_result__type_support.cpp.o[0m
[152.601s] [ 23%] [32mBuilding CXX object CMakeFiles/px4_msgs__rosidl_typesupport_cpp.dir/rosidl_typesupport_cpp/px4_msgs/msg/generator_status__type_support.cpp.o[0m
[153.047s] [ 23%] [32mBuilding CXX object CMakeFiles/px4_msgs__rosidl_typesupport_cpp.dir/rosidl_typesupport_cpp/px4_msgs/msg/geofence_result__type_support.cpp.o[0m
[153.068s] [ 23%] [32mBuilding CXX object CMakeFiles/px4_msgs__rosidl_typesupport_fastrtps_cpp.dir/rosidl_typesupport_fastrtps_cpp/px4_msgs/msg/detail/dds_fastrtps/estimator_bias__type_support.cpp.o[0m
[153.097s] [ 23%] [32mBuilding CXX object CMakeFiles/px4_msgs__rosidl_typesupport_introspection_cpp.dir/rosidl_typesupport_introspection_cpp/px4_msgs/msg/detail/geofence_status__type_support.cpp.o[0m
[153.101s] [ 23%] [32mBuilding CXX object CMakeFiles/px4_msgs__rosidl_typesupport_fastrtps_cpp.dir/rosidl_typesupport_fastrtps_cpp/px4_msgs/msg/detail/dds_fastrtps/estimator_bias3d__type_support.cpp.o[0m
[153.189s] [ 23%] [32mBuilding CXX object CMakeFiles/px4_msgs__rosidl_typesupport_fastrtps_cpp.dir/rosidl_typesupport_fastrtps_cpp/px4_msgs/msg/detail/dds_fastrtps/estimator_event_flags__type_support.cpp.o[0m
[153.549s] [ 23%] [32mBuilding CXX object CMakeFiles/px4_msgs__rosidl_typesupport_cpp.dir/rosidl_typesupport_cpp/px4_msgs/msg/geofence_status__type_support.cpp.o[0m
[153.664s] [ 23%] [32mBuilding CXX object CMakeFiles/px4_msgs__rosidl_typesupport_cpp.dir/rosidl_typesupport_cpp/px4_msgs/msg/gimbal_controls__type_support.cpp.o[0m
[153.795s] [ 24%] [32mBuilding CXX object CMakeFiles/px4_msgs__rosidl_typesupport_fastrtps_cpp.dir/rosidl_typesupport_fastrtps_cpp/px4_msgs/msg/detail/dds_fastrtps/estimator_gps_status__type_support.cpp.o[0m
[153.802s] [ 24%] [32mBuilding CXX object CMakeFiles/px4_msgs__rosidl_typesupport_fastrtps_cpp.dir/rosidl_typesupport_fastrtps_cpp/px4_msgs/msg/detail/dds_fastrtps/estimator_innovations__type_support.cpp.o[0m
[153.870s] [ 24%] [32mBuilding CXX object CMakeFiles/px4_msgs__rosidl_typesupport_introspection_cpp.dir/rosidl_typesupport_introspection_cpp/px4_msgs/msg/detail/gimbal_controls__type_support.cpp.o[0m
[154.076s] [ 24%] [32mBuilding CXX object CMakeFiles/px4_msgs__rosidl_typesupport_introspection_cpp.dir/rosidl_typesupport_introspection_cpp/px4_msgs/msg/detail/gimbal_device_attitude_status__type_support.cpp.o[0m
[154.117s] [ 24%] [32mBuilding CXX object CMakeFiles/px4_msgs__rosidl_typesupport_cpp.dir/rosidl_typesupport_cpp/px4_msgs/msg/gimbal_device_attitude_status__type_support.cpp.o[0m
[154.396s] [ 24%] [32mBuilding CXX object CMakeFiles/px4_msgs__rosidl_typesupport_fastrtps_cpp.dir/rosidl_typesupport_fastrtps_cpp/px4_msgs/msg/detail/dds_fastrtps/estimator_selector_status__type_support.cpp.o[0m
[154.520s] [ 24%] [32mBuilding CXX object CMakeFiles/px4_msgs__rosidl_typesupport_cpp.dir/rosidl_typesupport_cpp/px4_msgs/msg/gimbal_device_information__type_support.cpp.o[0m
[154.569s] [ 24%] [32mBuilding CXX object CMakeFiles/px4_msgs__rosidl_typesupport_fastrtps_cpp.dir/rosidl_typesupport_fastrtps_cpp/px4_msgs/msg/detail/dds_fastrtps/estimator_sensor_bias__type_support.cpp.o[0m
[154.670s] [ 24%] [32mBuilding CXX object CMakeFiles/px4_msgs__rosidl_typesupport_cpp.dir/rosidl_typesupport_cpp/px4_msgs/msg/gimbal_device_set_attitude__type_support.cpp.o[0m
[154.754s] [ 24%] [32mBuilding CXX object CMakeFiles/px4_msgs__rosidl_typesupport_introspection_cpp.dir/rosidl_typesupport_introspection_cpp/px4_msgs/msg/detail/gimbal_device_information__type_support.cpp.o[0m
[154.958s] [ 24%] [32mBuilding CXX object CMakeFiles/px4_msgs__rosidl_typesupport_cpp.dir/rosidl_typesupport_cpp/px4_msgs/msg/gimbal_manager_information__type_support.cpp.o[0m
[155.135s] [ 24%] [32mBuilding CXX object CMakeFiles/px4_msgs__rosidl_typesupport_cpp.dir/rosidl_typesupport_cpp/px4_msgs/msg/gimbal_manager_set_attitude__type_support.cpp.o[0m
[155.180s] [ 24%] [32mBuilding CXX object CMakeFiles/px4_msgs__rosidl_typesupport_cpp.dir/rosidl_typesupport_cpp/px4_msgs/msg/gimbal_manager_set_manual_control__type_support.cpp.o[0m
[155.268s] [ 24%] [32mBuilding CXX object CMakeFiles/px4_msgs__rosidl_typesupport_fastrtps_cpp.dir/rosidl_typesupport_fastrtps_cpp/px4_msgs/msg/detail/dds_fastrtps/estimator_states__type_support.cpp.o[0m
[155.397s] [ 24%] [32mBuilding CXX object CMakeFiles/px4_msgs__rosidl_typesupport_fastrtps_cpp.dir/rosidl_typesupport_fastrtps_cpp/px4_msgs/msg/detail/dds_fastrtps/estimator_status__type_support.cpp.o[0m
[155.542s] [ 24%] [32mBuilding CXX object CMakeFiles/px4_msgs__rosidl_typesupport_introspection_cpp.dir/rosidl_typesupport_introspection_cpp/px4_msgs/msg/detail/gimbal_device_set_attitude__type_support.cpp.o[0m
[155.559s] [ 24%] [32mBuilding CXX object CMakeFiles/px4_msgs__rosidl_typesupport_cpp.dir/rosidl_typesupport_cpp/px4_msgs/msg/gimbal_manager_status__type_support.cpp.o[0m
[155.728s] [ 24%] [32mBuilding CXX object CMakeFiles/px4_msgs__rosidl_typesupport_cpp.dir/rosidl_typesupport_cpp/px4_msgs/msg/goto_setpoint__type_support.cpp.o[0m
[155.870s] [ 24%] [32mBuilding CXX object CMakeFiles/px4_msgs__rosidl_typesupport_fastrtps_cpp.dir/rosidl_typesupport_fastrtps_cpp/px4_msgs/msg/detail/dds_fastrtps/estimator_status_flags__type_support.cpp.o[0m
[156.100s] [ 24%] [32mBuilding CXX object CMakeFiles/px4_msgs__rosidl_typesupport_introspection_cpp.dir/rosidl_typesupport_introspection_cpp/px4_msgs/msg/detail/gimbal_manager_information__type_support.cpp.o[0m
[156.121s] [ 24%] [32mBuilding CXX object CMakeFiles/px4_msgs__rosidl_typesupport_cpp.dir/rosidl_typesupport_cpp/px4_msgs/msg/gpio_config__type_support.cpp.o[0m
[156.198s] [ 24%] [32mBuilding CXX object CMakeFiles/px4_msgs__rosidl_typesupport_cpp.dir/rosidl_typesupport_cpp/px4_msgs/msg/gpio_in__type_support.cpp.o[0m
[156.364s] [ 24%] [32mBuilding CXX object CMakeFiles/px4_msgs__rosidl_typesupport_fastrtps_cpp.dir/rosidl_typesupport_fastrtps_cpp/px4_msgs/msg/detail/dds_fastrtps/event__type_support.cpp.o[0m
[156.495s] [ 24%] [32mBuilding CXX object CMakeFiles/px4_msgs__rosidl_typesupport_fastrtps_cpp.dir/rosidl_typesupport_fastrtps_cpp/px4_msgs/msg/detail/dds_fastrtps/failsafe_flags__type_support.cpp.o[0m
[156.584s] [ 24%] [32mBuilding CXX object CMakeFiles/px4_msgs__rosidl_typesupport_cpp.dir/rosidl_typesupport_cpp/px4_msgs/msg/gpio_out__type_support.cpp.o[0m
[156.608s] [ 24%] [32mBuilding CXX object CMakeFiles/px4_msgs__rosidl_typesupport_introspection_cpp.dir/rosidl_typesupport_introspection_cpp/px4_msgs/msg/detail/gimbal_manager_set_attitude__type_support.cpp.o[0m
[156.709s] [ 24%] [32mBuilding CXX object CMakeFiles/px4_msgs__rosidl_typesupport_introspection_cpp.dir/rosidl_typesupport_introspection_cpp/px4_msgs/msg/detail/gimbal_manager_set_manual_control__type_support.cpp.o[0m
[157.027s] [ 24%] [32mBuilding CXX object CMakeFiles/px4_msgs__rosidl_typesupport_fastrtps_cpp.dir/rosidl_typesupport_fastrtps_cpp/px4_msgs/msg/detail/dds_fastrtps/failure_detector_status__type_support.cpp.o[0m
[157.091s] [ 24%] [32mBuilding CXX object CMakeFiles/px4_msgs__rosidl_typesupport_cpp.dir/rosidl_typesupport_cpp/px4_msgs/msg/gpio_request__type_support.cpp.o[0m
[157.205s] [ 24%] [32mBuilding CXX object CMakeFiles/px4_msgs__rosidl_typesupport_fastrtps_cpp.dir/rosidl_typesupport_fastrtps_cpp/px4_msgs/msg/detail/dds_fastrtps/figure_eight_status__type_support.cpp.o[0m
[157.261s] [ 24%] [32mBuilding CXX object CMakeFiles/px4_msgs__rosidl_typesupport_fastrtps_cpp.dir/rosidl_typesupport_fastrtps_cpp/px4_msgs/msg/detail/dds_fastrtps/fixed_wing_lateral_guidance_status__type_support.cpp.o[0m
[157.401s] [ 24%] [32mBuilding CXX object CMakeFiles/px4_msgs__rosidl_typesupport_introspection_cpp.dir/rosidl_typesupport_introspection_cpp/px4_msgs/msg/detail/gimbal_manager_status__type_support.cpp.o[0m
[157.593s] [ 24%] [32mBuilding CXX object CMakeFiles/px4_msgs__rosidl_typesupport_cpp.dir/rosidl_typesupport_cpp/px4_msgs/msg/gps_dump__type_support.cpp.o[0m
[157.664s] [ 24%] [32mBuilding CXX object CMakeFiles/px4_msgs__rosidl_typesupport_fastrtps_cpp.dir/rosidl_typesupport_fastrtps_cpp/px4_msgs/msg/detail/dds_fastrtps/fixed_wing_lateral_setpoint__type_support.cpp.o[0m
[157.793s] [ 24%] [32mBuilding CXX object CMakeFiles/px4_msgs__rosidl_typesupport_fastrtps_cpp.dir/rosidl_typesupport_fastrtps_cpp/px4_msgs/msg/detail/dds_fastrtps/fixed_wing_lateral_status__type_support.cpp.o[0m
[157.978s] [ 24%] [32mBuilding CXX object CMakeFiles/px4_msgs__rosidl_typesupport_cpp.dir/rosidl_typesupport_cpp/px4_msgs/msg/gps_inject_data__type_support.cpp.o[0m
[157.978s] [ 24%] [32mBuilding CXX object CMakeFiles/px4_msgs__rosidl_typesupport_fastrtps_cpp.dir/rosidl_typesupport_fastrtps_cpp/px4_msgs/msg/detail/dds_fastrtps/fixed_wing_longitudinal_setpoint__type_support.cpp.o[0m
[158.152s] [ 24%] [32mBuilding CXX object CMakeFiles/px4_msgs__rosidl_typesupport_introspection_cpp.dir/rosidl_typesupport_introspection_cpp/px4_msgs/msg/detail/goto_setpoint__type_support.cpp.o[0m
[158.338s] [ 24%] [32mBuilding CXX object CMakeFiles/px4_msgs__rosidl_typesupport_fastrtps_cpp.dir/rosidl_typesupport_fastrtps_cpp/px4_msgs/msg/detail/dds_fastrtps/fixed_wing_runway_control__type_support.cpp.o[0m
[158.349s] [ 24%] [32mBuilding CXX object CMakeFiles/px4_msgs__rosidl_typesupport_introspection_cpp.dir/rosidl_typesupport_introspection_cpp/px4_msgs/msg/detail/gpio_config__type_support.cpp.o[0m
[158.545s] [ 24%] [32mBuilding CXX object CMakeFiles/px4_msgs__rosidl_typesupport_fastrtps_cpp.dir/rosidl_typesupport_fastrtps_cpp/px4_msgs/msg/detail/dds_fastrtps/flight_phase_estimation__type_support.cpp.o[0m
[158.552s] [ 25%] [32mBuilding CXX object CMakeFiles/px4_msgs__rosidl_typesupport_cpp.dir/rosidl_typesupport_cpp/px4_msgs/msg/gripper__type_support.cpp.o[0m
[158.695s] [ 25%] [32mBuilding CXX object CMakeFiles/px4_msgs__rosidl_typesupport_introspection_cpp.dir/rosidl_typesupport_introspection_cpp/px4_msgs/msg/detail/gpio_in__type_support.cpp.o[0m
[158.956s] [ 25%] [32mBuilding CXX object CMakeFiles/px4_msgs__rosidl_typesupport_introspection_cpp.dir/rosidl_typesupport_introspection_cpp/px4_msgs/msg/detail/gpio_out__type_support.cpp.o[0m
[159.106s] [ 25%] [32mBuilding CXX object CMakeFiles/px4_msgs__rosidl_typesupport_fastrtps_cpp.dir/rosidl_typesupport_fastrtps_cpp/px4_msgs/msg/detail/dds_fastrtps/follow_target__type_support.cpp.o[0m
[159.133s] [ 25%] [32mBuilding CXX object CMakeFiles/px4_msgs__rosidl_typesupport_introspection_cpp.dir/rosidl_typesupport_introspection_cpp/px4_msgs/msg/detail/gpio_request__type_support.cpp.o[0m
[159.173s] [ 25%] [32mBuilding CXX object CMakeFiles/px4_msgs__rosidl_typesupport_cpp.dir/rosidl_typesupport_cpp/px4_msgs/msg/health_report__type_support.cpp.o[0m
[159.311s] [ 25%] [32mBuilding CXX object CMakeFiles/px4_msgs__rosidl_typesupport_cpp.dir/rosidl_typesupport_cpp/px4_msgs/msg/heater_status__type_support.cpp.o[0m
[159.539s] [ 25%] [32mBuilding CXX object CMakeFiles/px4_msgs__rosidl_typesupport_cpp.dir/rosidl_typesupport_cpp/px4_msgs/msg/home_position__type_support.cpp.o[0m
[159.635s] [ 25%] [32mBuilding CXX object CMakeFiles/px4_msgs__rosidl_typesupport_cpp.dir/rosidl_typesupport_cpp/px4_msgs/msg/hover_thrust_estimate__type_support.cpp.o[0m
[159.711s] [ 25%] [32mBuilding CXX object CMakeFiles/px4_msgs__rosidl_typesupport_cpp.dir/rosidl_typesupport_cpp/px4_msgs/msg/input_rc__type_support.cpp.o[0m
[159.934s] [ 25%] [32mBuilding CXX object CMakeFiles/px4_msgs__rosidl_typesupport_cpp.dir/rosidl_typesupport_cpp/px4_msgs/msg/internal_combustion_engine_control__type_support.cpp.o[0m
[159.961s] [ 25%] [32mBuilding CXX object CMakeFiles/px4_msgs__rosidl_typesupport_introspection_cpp.dir/rosidl_typesupport_introspection_cpp/px4_msgs/msg/detail/gps_dump__type_support.cpp.o[0m
[159.970s] [ 25%] [32mBuilding CXX object CMakeFiles/px4_msgs__rosidl_typesupport_fastrtps_cpp.dir/rosidl_typesupport_fastrtps_cpp/px4_msgs/msg/detail/dds_fastrtps/follow_target_estimator__type_support.cpp.o[0m
[160.037s] [ 26%] [32mBuilding CXX object CMakeFiles/px4_msgs__rosidl_typesupport_fastrtps_cpp.dir/rosidl_typesupport_fastrtps_cpp/px4_msgs/msg/detail/dds_fastrtps/follow_target_status__type_support.cpp.o[0m
[160.174s] [ 26%] [32mBuilding CXX object CMakeFiles/px4_msgs__rosidl_typesupport_cpp.dir/rosidl_typesupport_cpp/px4_msgs/msg/internal_combustion_engine_status__type_support.cpp.o[0m
[160.361s] [ 26%] [32mBuilding CXX object CMakeFiles/px4_msgs__rosidl_typesupport_fastrtps_cpp.dir/rosidl_typesupport_fastrtps_cpp/px4_msgs/msg/detail/dds_fastrtps/fuel_tank_status__type_support.cpp.o[0m
[160.628s] [ 26%] [32mBuilding CXX object CMakeFiles/px4_msgs__rosidl_typesupport_cpp.dir/rosidl_typesupport_cpp/px4_msgs/msg/iridiumsbd_status__type_support.cpp.o[0m
[160.634s] [ 26%] [32mBuilding CXX object CMakeFiles/px4_msgs__rosidl_typesupport_cpp.dir/rosidl_typesupport_cpp/px4_msgs/msg/irlock_report__type_support.cpp.o[0m
[160.853s] [ 26%] [32mBuilding CXX object CMakeFiles/px4_msgs__rosidl_typesupport_introspection_cpp.dir/rosidl_typesupport_introspection_cpp/px4_msgs/msg/detail/gps_inject_data__type_support.cpp.o[0m
[160.901s] [ 26%] [32mBuilding CXX object CMakeFiles/px4_msgs__rosidl_typesupport_fastrtps_cpp.dir/rosidl_typesupport_fastrtps_cpp/px4_msgs/msg/detail/dds_fastrtps/generator_status__type_support.cpp.o[0m
[161.014s] [ 26%] [32mBuilding CXX object CMakeFiles/px4_msgs__rosidl_typesupport_fastrtps_cpp.dir/rosidl_typesupport_fastrtps_cpp/px4_msgs/msg/detail/dds_fastrtps/geofence_result__type_support.cpp.o[0m
[161.045s] [ 26%] [32mBuilding CXX object CMakeFiles/px4_msgs__rosidl_typesupport_cpp.dir/rosidl_typesupport_cpp/px4_msgs/msg/landing_gear__type_support.cpp.o[0m
[161.090s] [ 26%] [32mBuilding CXX object CMakeFiles/px4_msgs__rosidl_typesupport_cpp.dir/rosidl_typesupport_cpp/px4_msgs/msg/landing_gear_wheel__type_support.cpp.o[0m
[161.524s] [ 26%] [32mBuilding CXX object CMakeFiles/px4_msgs__rosidl_typesupport_fastrtps_cpp.dir/rosidl_typesupport_fastrtps_cpp/px4_msgs/msg/detail/dds_fastrtps/geofence_status__type_support.cpp.o[0m
[161.583s] [ 27%] [32mBuilding CXX object CMakeFiles/px4_msgs__rosidl_typesupport_introspection_cpp.dir/rosidl_typesupport_introspection_cpp/px4_msgs/msg/detail/gripper__type_support.cpp.o[0m
[161.607s] [ 27%] [32mBuilding CXX object CMakeFiles/px4_msgs__rosidl_typesupport_cpp.dir/rosidl_typesupport_cpp/px4_msgs/msg/landing_target_innovations__type_support.cpp.o[0m
[161.659s] [ 27%] [32mBuilding CXX object CMakeFiles/px4_msgs__rosidl_typesupport_fastrtps_cpp.dir/rosidl_typesupport_fastrtps_cpp/px4_msgs/msg/detail/dds_fastrtps/gimbal_controls__type_support.cpp.o[0m
[161.721s] [ 27%] [32mBuilding CXX object CMakeFiles/px4_msgs__rosidl_typesupport_introspection_cpp.dir/rosidl_typesupport_introspection_cpp/px4_msgs/msg/detail/health_report__type_support.cpp.o[0m
[162.064s] [ 27%] [32mBuilding CXX object CMakeFiles/px4_msgs__rosidl_typesupport_cpp.dir/rosidl_typesupport_cpp/px4_msgs/msg/landing_target_pose__type_support.cpp.o[0m
[162.173s] [ 27%] [32mBuilding CXX object CMakeFiles/px4_msgs__rosidl_typesupport_fastrtps_cpp.dir/rosidl_typesupport_fastrtps_cpp/px4_msgs/msg/detail/dds_fastrtps/gimbal_device_attitude_status__type_support.cpp.o[0m
[162.207s] [ 27%] [32mBuilding CXX object CMakeFiles/px4_msgs__rosidl_typesupport_introspection_cpp.dir/rosidl_typesupport_introspection_cpp/px4_msgs/msg/detail/heater_status__type_support.cpp.o[0m
[162.502s] [ 27%] [32mBuilding CXX object CMakeFiles/px4_msgs__rosidl_typesupport_introspection_cpp.dir/rosidl_typesupport_introspection_cpp/px4_msgs/msg/detail/home_position__type_support.cpp.o[0m
[162.550s] [ 27%] [32mBuilding CXX object CMakeFiles/px4_msgs__rosidl_typesupport_fastrtps_cpp.dir/rosidl_typesupport_fastrtps_cpp/px4_msgs/msg/detail/dds_fastrtps/gimbal_device_information__type_support.cpp.o[0m
[162.594s] [ 27%] [32mBuilding CXX object CMakeFiles/px4_msgs__rosidl_typesupport_cpp.dir/rosidl_typesupport_cpp/px4_msgs/msg/lateral_control_configuration__type_support.cpp.o[0m
[162.878s] [ 27%] [32mBuilding CXX object CMakeFiles/px4_msgs__rosidl_typesupport_cpp.dir/rosidl_typesupport_cpp/px4_msgs/msg/launch_detection_status__type_support.cpp.o[0m
[162.899s] [ 27%] [32mBuilding CXX object CMakeFiles/px4_msgs__rosidl_typesupport_introspection_cpp.dir/rosidl_typesupport_introspection_cpp/px4_msgs/msg/detail/hover_thrust_estimate__type_support.cpp.o[0m
[163.083s] [ 27%] [32mBuilding CXX object CMakeFiles/px4_msgs__rosidl_typesupport_cpp.dir/rosidl_typesupport_cpp/px4_msgs/msg/led_control__type_support.cpp.o[0m
[163.125s] [ 27%] [32mBuilding CXX object CMakeFiles/px4_msgs__rosidl_typesupport_introspection_cpp.dir/rosidl_typesupport_introspection_cpp/px4_msgs/msg/detail/input_rc__type_support.cpp.o[0m
[163.245s] [ 27%] [32mBuilding CXX object CMakeFiles/px4_msgs__rosidl_typesupport_fastrtps_cpp.dir/rosidl_typesupport_fastrtps_cpp/px4_msgs/msg/detail/dds_fastrtps/gimbal_device_set_attitude__type_support.cpp.o[0m
[163.491s] [ 27%] [32mBuilding CXX object CMakeFiles/px4_msgs__rosidl_typesupport_cpp.dir/rosidl_typesupport_cpp/px4_msgs/msg/log_message__type_support.cpp.o[0m
[163.606s] [ 27%] [32mBuilding CXX object CMakeFiles/px4_msgs__rosidl_typesupport_introspection_cpp.dir/rosidl_typesupport_introspection_cpp/px4_msgs/msg/detail/internal_combustion_engine_control__type_support.cpp.o[0m
[163.634s] [ 27%] [32mBuilding CXX object CMakeFiles/px4_msgs__rosidl_typesupport_cpp.dir/rosidl_typesupport_cpp/px4_msgs/msg/logger_status__type_support.cpp.o[0m
[164.033s] [ 27%] [32mBuilding CXX object CMakeFiles/px4_msgs__rosidl_typesupport_introspection_cpp.dir/rosidl_typesupport_introspection_cpp/px4_msgs/msg/detail/internal_combustion_engine_status__type_support.cpp.o[0m
[164.035s] [ 27%] [32mBuilding CXX object CMakeFiles/px4_msgs__rosidl_typesupport_introspection_cpp.dir/rosidl_typesupport_introspection_cpp/px4_msgs/msg/detail/iridiumsbd_status__type_support.cpp.o[0m
[164.046s] [ 27%] [32mBuilding CXX object CMakeFiles/px4_msgs__rosidl_typesupport_fastrtps_cpp.dir/rosidl_typesupport_fastrtps_cpp/px4_msgs/msg/detail/dds_fastrtps/gimbal_manager_information__type_support.cpp.o[0m
[164.158s] [ 28%] [32mBuilding CXX object CMakeFiles/px4_msgs__rosidl_typesupport_cpp.dir/rosidl_typesupport_cpp/px4_msgs/msg/longitudinal_control_configuration__type_support.cpp.o[0m
[164.279s] [ 28%] [32mBuilding CXX object CMakeFiles/px4_msgs__rosidl_typesupport_cpp.dir/rosidl_typesupport_cpp/px4_msgs/msg/mag_worker_data__type_support.cpp.o[0m
[164.700s] [ 28%] [32mBuilding CXX object CMakeFiles/px4_msgs__rosidl_typesupport_introspection_cpp.dir/rosidl_typesupport_introspection_cpp/px4_msgs/msg/detail/irlock_report__type_support.cpp.o[0m
[164.727s] [ 28%] [32mBuilding CXX object CMakeFiles/px4_msgs__rosidl_typesupport_cpp.dir/rosidl_typesupport_cpp/px4_msgs/msg/magnetometer_bias_estimate__type_support.cpp.o[0m
[164.764s] [ 28%] [32mBuilding CXX object CMakeFiles/px4_msgs__rosidl_typesupport_fastrtps_cpp.dir/rosidl_typesupport_fastrtps_cpp/px4_msgs/msg/detail/dds_fastrtps/gimbal_manager_set_attitude__type_support.cpp.o[0m
[164.844s] [ 28%] [32mBuilding CXX object CMakeFiles/px4_msgs__rosidl_typesupport_cpp.dir/rosidl_typesupport_cpp/px4_msgs/msg/manual_control_setpoint__type_support.cpp.o[0m
[164.878s] [ 28%] [32mBuilding CXX object CMakeFiles/px4_msgs__rosidl_typesupport_fastrtps_cpp.dir/rosidl_typesupport_fastrtps_cpp/px4_msgs/msg/detail/dds_fastrtps/gimbal_manager_set_manual_control__type_support.cpp.o[0m
[165.177s] [ 28%] [32mBuilding CXX object CMakeFiles/px4_msgs__rosidl_typesupport_cpp.dir/rosidl_typesupport_cpp/px4_msgs/msg/manual_control_switches__type_support.cpp.o[0m
[165.450s] [ 28%] [32mBuilding CXX object CMakeFiles/px4_msgs__rosidl_typesupport_cpp.dir/rosidl_typesupport_cpp/px4_msgs/msg/mavlink_log__type_support.cpp.o[0m
[165.520s] [ 28%] [32mBuilding CXX object CMakeFiles/px4_msgs__rosidl_typesupport_introspection_cpp.dir/rosidl_typesupport_introspection_cpp/px4_msgs/msg/detail/landing_gear__type_support.cpp.o[0m
[165.526s] [ 28%] [32mBuilding CXX object CMakeFiles/px4_msgs__rosidl_typesupport_introspection_cpp.dir/rosidl_typesupport_introspection_cpp/px4_msgs/msg/detail/landing_gear_wheel__type_support.cpp.o[0m
[165.573s] [ 28%] [32mBuilding CXX object CMakeFiles/px4_msgs__rosidl_typesupport_fastrtps_cpp.dir/rosidl_typesupport_fastrtps_cpp/px4_msgs/msg/detail/dds_fastrtps/gimbal_manager_status__type_support.cpp.o[0m
[165.681s] [ 28%] [32mBuilding CXX object CMakeFiles/px4_msgs__rosidl_typesupport_fastrtps_cpp.dir/rosidl_typesupport_fastrtps_cpp/px4_msgs/msg/detail/dds_fastrtps/goto_setpoint__type_support.cpp.o[0m
[166.010s] [ 28%] [32mBuilding CXX object CMakeFiles/px4_msgs__rosidl_typesupport_cpp.dir/rosidl_typesupport_cpp/px4_msgs/msg/mavlink_tunnel__type_support.cpp.o[0m
[166.109s] [ 28%] [32mBuilding CXX object CMakeFiles/px4_msgs__rosidl_typesupport_cpp.dir/rosidl_typesupport_cpp/px4_msgs/msg/message_format_request__type_support.cpp.o[0m
[166.259s] [ 28%] [32mBuilding CXX object CMakeFiles/px4_msgs__rosidl_typesupport_introspection_cpp.dir/rosidl_typesupport_introspection_cpp/px4_msgs/msg/detail/landing_target_innovations__type_support.cpp.o[0m
[166.261s] [ 28%] [32mBuilding CXX object CMakeFiles/px4_msgs__rosidl_typesupport_introspection_cpp.dir/rosidl_typesupport_introspection_cpp/px4_msgs/msg/detail/landing_target_pose__type_support.cpp.o[0m
[166.317s] [ 28%] [32mBuilding CXX object CMakeFiles/px4_msgs__rosidl_typesupport_fastrtps_cpp.dir/rosidl_typesupport_fastrtps_cpp/px4_msgs/msg/detail/dds_fastrtps/gpio_config__type_support.cpp.o[0m
[166.676s] [ 28%] [32mBuilding CXX object CMakeFiles/px4_msgs__rosidl_typesupport_cpp.dir/rosidl_typesupport_cpp/px4_msgs/msg/message_format_response__type_support.cpp.o[0m
[166.679s] [ 28%] [32mBuilding CXX object CMakeFiles/px4_msgs__rosidl_typesupport_introspection_cpp.dir/rosidl_typesupport_introspection_cpp/px4_msgs/msg/detail/lateral_control_configuration__type_support.cpp.o[0m
[166.893s] [ 28%] [32mBuilding CXX object CMakeFiles/px4_msgs__rosidl_typesupport_introspection_cpp.dir/rosidl_typesupport_introspection_cpp/px4_msgs/msg/detail/launch_detection_status__type_support.cpp.o[0m
[166.979s] [ 28%] [32mBuilding CXX object CMakeFiles/px4_msgs__rosidl_typesupport_introspection_cpp.dir/rosidl_typesupport_introspection_cpp/px4_msgs/msg/detail/led_control__type_support.cpp.o[0m
[167.013s] [ 28%] [32mBuilding CXX object CMakeFiles/px4_msgs__rosidl_typesupport_fastrtps_cpp.dir/rosidl_typesupport_fastrtps_cpp/px4_msgs/msg/detail/dds_fastrtps/gpio_in__type_support.cpp.o[0m
[167.353s] [ 28%] [32mBuilding CXX object CMakeFiles/px4_msgs__rosidl_typesupport_cpp.dir/rosidl_typesupport_cpp/px4_msgs/msg/mission__type_support.cpp.o[0m
[167.580s] [ 28%] [32mBuilding CXX object CMakeFiles/px4_msgs__rosidl_typesupport_introspection_cpp.dir/rosidl_typesupport_introspection_cpp/px4_msgs/msg/detail/log_message__type_support.cpp.o[0m
[167.686s] [ 28%] [32mBuilding CXX object CMakeFiles/px4_msgs__rosidl_typesupport_introspection_cpp.dir/rosidl_typesupport_introspection_cpp/px4_msgs/msg/detail/logger_status__type_support.cpp.o[0m
[167.813s] [ 28%] [32mBuilding CXX object CMakeFiles/px4_msgs__rosidl_typesupport_fastrtps_cpp.dir/rosidl_typesupport_fastrtps_cpp/px4_msgs/msg/detail/dds_fastrtps/gpio_out__type_support.cpp.o[0m
[167.910s] [ 28%] [32mBuilding CXX object CMakeFiles/px4_msgs__rosidl_typesupport_cpp.dir/rosidl_typesupport_cpp/px4_msgs/msg/mission_result__type_support.cpp.o[0m
[167.914s] [ 29%] [32mBuilding CXX object CMakeFiles/px4_msgs__rosidl_typesupport_introspection_cpp.dir/rosidl_typesupport_introspection_cpp/px4_msgs/msg/detail/longitudinal_control_configuration__type_support.cpp.o[0m
[168.356s] [ 29%] [32mBuilding CXX object CMakeFiles/px4_msgs__rosidl_typesupport_cpp.dir/rosidl_typesupport_cpp/px4_msgs/msg/mode_completed__type_support.cpp.o[0m
[168.414s] [ 29%] [32mBuilding CXX object CMakeFiles/px4_msgs__rosidl_typesupport_introspection_cpp.dir/rosidl_typesupport_introspection_cpp/px4_msgs/msg/detail/mag_worker_data__type_support.cpp.o[0m
[168.423s] [ 29%] [32mBuilding CXX object CMakeFiles/px4_msgs__rosidl_typesupport_introspection_cpp.dir/rosidl_typesupport_introspection_cpp/px4_msgs/msg/detail/magnetometer_bias_estimate__type_support.cpp.o[0m
[168.748s] [ 29%] [32mBuilding CXX object CMakeFiles/px4_msgs__rosidl_typesupport_fastrtps_cpp.dir/rosidl_typesupport_fastrtps_cpp/px4_msgs/msg/detail/dds_fastrtps/gpio_request__type_support.cpp.o[0m
[168.770s] [ 29%] [32mBuilding CXX object CMakeFiles/px4_msgs__rosidl_typesupport_cpp.dir/rosidl_typesupport_cpp/px4_msgs/msg/mount_orientation__type_support.cpp.o[0m
[168.778s] [ 29%] [32mBuilding CXX object CMakeFiles/px4_msgs__rosidl_typesupport_cpp.dir/rosidl_typesupport_cpp/px4_msgs/msg/navigator_mission_item__type_support.cpp.o[0m
[169.016s] [ 29%] [32mBuilding CXX object CMakeFiles/px4_msgs__rosidl_typesupport_cpp.dir/rosidl_typesupport_cpp/px4_msgs/msg/navigator_status__type_support.cpp.o[0m
[169.056s] [ 29%] [32mBuilding CXX object CMakeFiles/px4_msgs__rosidl_typesupport_introspection_cpp.dir/rosidl_typesupport_introspection_cpp/px4_msgs/msg/detail/manual_control_setpoint__type_support.cpp.o[0m
[169.222s] [ 29%] [32mBuilding CXX object CMakeFiles/px4_msgs__rosidl_typesupport_fastrtps_cpp.dir/rosidl_typesupport_fastrtps_cpp/px4_msgs/msg/detail/dds_fastrtps/gps_dump__type_support.cpp.o[0m
[169.378s] [ 29%] [32mBuilding CXX object CMakeFiles/px4_msgs__rosidl_typesupport_cpp.dir/rosidl_typesupport_cpp/px4_msgs/msg/neural_control__type_support.cpp.o[0m
[169.473s] [ 29%] [32mBuilding CXX object CMakeFiles/px4_msgs__rosidl_typesupport_cpp.dir/rosidl_typesupport_cpp/px4_msgs/msg/normalized_unsigned_setpoint__type_support.cpp.o[0m
[169.618s] [ 29%] [32mBuilding CXX object CMakeFiles/px4_msgs__rosidl_typesupport_fastrtps_cpp.dir/rosidl_typesupport_fastrtps_cpp/px4_msgs/msg/detail/dds_fastrtps/gps_inject_data__type_support.cpp.o[0m
[169.635s] [ 29%] [32mBuilding CXX object CMakeFiles/px4_msgs__rosidl_typesupport_introspection_cpp.dir/rosidl_typesupport_introspection_cpp/px4_msgs/msg/detail/manual_control_switches__type_support.cpp.o[0m
[169.852s] [ 30%] [32mBuilding CXX object CMakeFiles/px4_msgs__rosidl_typesupport_fastrtps_cpp.dir/rosidl_typesupport_fastrtps_cpp/px4_msgs/msg/detail/dds_fastrtps/gripper__type_support.cpp.o[0m
[169.865s] [ 30%] [32mBuilding CXX object CMakeFiles/px4_msgs__rosidl_typesupport_cpp.dir/rosidl_typesupport_cpp/px4_msgs/msg/obstacle_distance__type_support.cpp.o[0m
[170.010s] [ 30%] [32mBuilding CXX object CMakeFiles/px4_msgs__rosidl_typesupport_cpp.dir/rosidl_typesupport_cpp/px4_msgs/msg/offboard_control_mode__type_support.cpp.o[0m
[170.332s] [ 30%] [32mBuilding CXX object CMakeFiles/px4_msgs__rosidl_typesupport_fastrtps_cpp.dir/rosidl_typesupport_fastrtps_cpp/px4_msgs/msg/detail/dds_fastrtps/health_report__type_support.cpp.o[0m
[170.392s] [ 30%] [32mBuilding CXX object CMakeFiles/px4_msgs__rosidl_typesupport_introspection_cpp.dir/rosidl_typesupport_introspection_cpp/px4_msgs/msg/detail/mavlink_log__type_support.cpp.o[0m
[170.505s] [ 31%] [32mBuilding CXX object CMakeFiles/px4_msgs__rosidl_typesupport_cpp.dir/rosidl_typesupport_cpp/px4_msgs/msg/onboard_computer_status__type_support.cpp.o[0m
[170.600s] [ 31%] [32mBuilding CXX object CMakeFiles/px4_msgs__rosidl_typesupport_cpp.dir/rosidl_typesupport_cpp/px4_msgs/msg/open_drone_id_arm_status__type_support.cpp.o[0m
[170.605s] [ 31%] [32mBuilding CXX object CMakeFiles/px4_msgs__rosidl_typesupport_cpp.dir/rosidl_typesupport_cpp/px4_msgs/msg/open_drone_id_operator_id__type_support.cpp.o[0m
[170.959s] [ 31%] [32mBuilding CXX object CMakeFiles/px4_msgs__rosidl_typesupport_cpp.dir/rosidl_typesupport_cpp/px4_msgs/msg/open_drone_id_self_id__type_support.cpp.o[0m
[171.044s] [ 31%] [32mBuilding CXX object CMakeFiles/px4_msgs__rosidl_typesupport_cpp.dir/rosidl_typesupport_cpp/px4_msgs/msg/open_drone_id_system__type_support.cpp.o[0m
[171.049s] [ 31%] [32mBuilding CXX object CMakeFiles/px4_msgs__rosidl_typesupport_cpp.dir/rosidl_typesupport_cpp/px4_msgs/msg/orb_test__type_support.cpp.o[0m
[171.297s] [ 31%] [32mBuilding CXX object CMakeFiles/px4_msgs__rosidl_typesupport_introspection_cpp.dir/rosidl_typesupport_introspection_cpp/px4_msgs/msg/detail/mavlink_tunnel__type_support.cpp.o[0m
[171.312s] [ 31%] [32mBuilding CXX object CMakeFiles/px4_msgs__rosidl_typesupport_fastrtps_cpp.dir/rosidl_typesupport_fastrtps_cpp/px4_msgs/msg/detail/dds_fastrtps/heater_status__type_support.cpp.o[0m
[171.403s] [ 31%] [32mBuilding CXX object CMakeFiles/px4_msgs__rosidl_typesupport_cpp.dir/rosidl_typesupport_cpp/px4_msgs/msg/orb_test_large__type_support.cpp.o[0m
[171.481s] [ 31%] [32mBuilding CXX object CMakeFiles/px4_msgs__rosidl_typesupport_cpp.dir/rosidl_typesupport_cpp/px4_msgs/msg/orb_test_medium__type_support.cpp.o[0m
[171.547s] [ 31%] [32mBuilding CXX object CMakeFiles/px4_msgs__rosidl_typesupport_cpp.dir/rosidl_typesupport_cpp/px4_msgs/msg/orbit_status__type_support.cpp.o[0m
[171.847s] [ 31%] [32mBuilding CXX object CMakeFiles/px4_msgs__rosidl_typesupport_fastrtps_cpp.dir/rosidl_typesupport_fastrtps_cpp/px4_msgs/msg/detail/dds_fastrtps/home_position__type_support.cpp.o[0m
[171.888s] [ 31%] [32mBuilding CXX object CMakeFiles/px4_msgs__rosidl_typesupport_introspection_cpp.dir/rosidl_typesupport_introspection_cpp/px4_msgs/msg/detail/message_format_request__type_support.cpp.o[0m
[172.019s] [ 31%] [32mBuilding CXX object CMakeFiles/px4_msgs__rosidl_typesupport_fastrtps_cpp.dir/rosidl_typesupport_fastrtps_cpp/px4_msgs/msg/detail/dds_fastrtps/hover_thrust_estimate__type_support.cpp.o[0m
[172.080s] [ 31%] [32mBuilding CXX object CMakeFiles/px4_msgs__rosidl_typesupport_fastrtps_cpp.dir/rosidl_typesupport_fastrtps_cpp/px4_msgs/msg/detail/dds_fastrtps/input_rc__type_support.cpp.o[0m
[172.165s] [ 31%] [32mBuilding CXX object CMakeFiles/px4_msgs__rosidl_typesupport_cpp.dir/rosidl_typesupport_cpp/px4_msgs/msg/parameter_reset_request__type_support.cpp.o[0m
[172.444s] [ 31%] [32mBuilding CXX object CMakeFiles/px4_msgs__rosidl_typesupport_introspection_cpp.dir/rosidl_typesupport_introspection_cpp/px4_msgs/msg/detail/message_format_response__type_support.cpp.o[0m
[172.468s] [ 31%] [32mBuilding CXX object CMakeFiles/px4_msgs__rosidl_typesupport_fastrtps_cpp.dir/rosidl_typesupport_fastrtps_cpp/px4_msgs/msg/detail/dds_fastrtps/internal_combustion_engine_control__type_support.cpp.o[0m
[172.704s] [ 31%] [32mBuilding CXX object CMakeFiles/px4_msgs__rosidl_typesupport_fastrtps_cpp.dir/rosidl_typesupport_fastrtps_cpp/px4_msgs/msg/detail/dds_fastrtps/internal_combustion_engine_status__type_support.cpp.o[0m
[172.761s] [ 31%] [32mBuilding CXX object CMakeFiles/px4_msgs__rosidl_typesupport_introspection_cpp.dir/rosidl_typesupport_introspection_cpp/px4_msgs/msg/detail/mission__type_support.cpp.o[0m
[172.782s] [ 31%] [32mBuilding CXX object CMakeFiles/px4_msgs__rosidl_typesupport_cpp.dir/rosidl_typesupport_cpp/px4_msgs/msg/parameter_set_used_request__type_support.cpp.o[0m
[173.010s] [ 31%] [32mBuilding CXX object CMakeFiles/px4_msgs__rosidl_typesupport_cpp.dir/rosidl_typesupport_cpp/px4_msgs/msg/parameter_set_value_request__type_support.cpp.o[0m
[173.065s] [ 31%] [32mBuilding CXX object CMakeFiles/px4_msgs__rosidl_typesupport_fastrtps_cpp.dir/rosidl_typesupport_fastrtps_cpp/px4_msgs/msg/detail/dds_fastrtps/iridiumsbd_status__type_support.cpp.o[0m
[173.300s] [ 31%] [32mBuilding CXX object CMakeFiles/px4_msgs__rosidl_typesupport_fastrtps_cpp.dir/rosidl_typesupport_fastrtps_cpp/px4_msgs/msg/detail/dds_fastrtps/irlock_report__type_support.cpp.o[0m
[173.407s] [ 31%] [32mBuilding CXX object CMakeFiles/px4_msgs__rosidl_typesupport_fastrtps_cpp.dir/rosidl_typesupport_fastrtps_cpp/px4_msgs/msg/detail/dds_fastrtps/landing_gear__type_support.cpp.o[0m
[173.412s] [ 31%] [32mBuilding CXX object CMakeFiles/px4_msgs__rosidl_typesupport_cpp.dir/rosidl_typesupport_cpp/px4_msgs/msg/parameter_set_value_response__type_support.cpp.o[0m
[173.555s] [ 31%] [32mBuilding CXX object CMakeFiles/px4_msgs__rosidl_typesupport_introspection_cpp.dir/rosidl_typesupport_introspection_cpp/px4_msgs/msg/detail/mission_result__type_support.cpp.o[0m
[173.730s] [ 31%] [32mBuilding CXX object CMakeFiles/px4_msgs__rosidl_typesupport_fastrtps_cpp.dir/rosidl_typesupport_fastrtps_cpp/px4_msgs/msg/detail/dds_fastrtps/landing_gear_wheel__type_support.cpp.o[0m
[173.827s] [ 31%] [32mBuilding CXX object CMakeFiles/px4_msgs__rosidl_typesupport_cpp.dir/rosidl_typesupport_cpp/px4_msgs/msg/parameter_update__type_support.cpp.o[0m
[174.029s] [ 31%] [32mBuilding CXX object CMakeFiles/px4_msgs__rosidl_typesupport_fastrtps_cpp.dir/rosidl_typesupport_fastrtps_cpp/px4_msgs/msg/detail/dds_fastrtps/landing_target_innovations__type_support.cpp.o[0m
[174.181s] [ 31%] [32mBuilding CXX object CMakeFiles/px4_msgs__rosidl_typesupport_introspection_cpp.dir/rosidl_typesupport_introspection_cpp/px4_msgs/msg/detail/mode_completed__type_support.cpp.o[0m
[174.271s] [ 31%] [32mBuilding CXX object CMakeFiles/px4_msgs__rosidl_typesupport_fastrtps_cpp.dir/rosidl_typesupport_fastrtps_cpp/px4_msgs/msg/detail/dds_fastrtps/landing_target_pose__type_support.cpp.o[0m
[174.297s] [ 31%] [32mBuilding CXX object CMakeFiles/px4_msgs__rosidl_typesupport_cpp.dir/rosidl_typesupport_cpp/px4_msgs/msg/ping__type_support.cpp.o[0m
[174.418s] [ 31%] [32mBuilding CXX object CMakeFiles/px4_msgs__rosidl_typesupport_fastrtps_cpp.dir/rosidl_typesupport_fastrtps_cpp/px4_msgs/msg/detail/dds_fastrtps/lateral_control_configuration__type_support.cpp.o[0m
[175.095s] [ 31%] [32mBuilding CXX object CMakeFiles/px4_msgs__rosidl_typesupport_cpp.dir/rosidl_typesupport_cpp/px4_msgs/msg/position_controller_landing_status__type_support.cpp.o[0m
[175.172s] [ 31%] [32mBuilding CXX object CMakeFiles/px4_msgs__rosidl_typesupport_introspection_cpp.dir/rosidl_typesupport_introspection_cpp/px4_msgs/msg/detail/mount_orientation__type_support.cpp.o[0m
[175.262s] [ 31%] [32mBuilding CXX object CMakeFiles/px4_msgs__rosidl_typesupport_introspection_cpp.dir/rosidl_typesupport_introspection_cpp/px4_msgs/msg/detail/navigator_mission_item__type_support.cpp.o[0m
[175.326s] [ 31%] [32mBuilding CXX object CMakeFiles/px4_msgs__rosidl_typesupport_introspection_cpp.dir/rosidl_typesupport_introspection_cpp/px4_msgs/msg/detail/navigator_status__type_support.cpp.o[0m
[175.366s] [ 31%] [32mBuilding CXX object CMakeFiles/px4_msgs__rosidl_typesupport_fastrtps_cpp.dir/rosidl_typesupport_fastrtps_cpp/px4_msgs/msg/detail/dds_fastrtps/launch_detection_status__type_support.cpp.o[0m
[175.530s] [ 31%] [32mBuilding CXX object CMakeFiles/px4_msgs__rosidl_typesupport_cpp.dir/rosidl_typesupport_cpp/px4_msgs/msg/position_controller_status__type_support.cpp.o[0m
[175.927s] [ 31%] [32mBuilding CXX object CMakeFiles/px4_msgs__rosidl_typesupport_introspection_cpp.dir/rosidl_typesupport_introspection_cpp/px4_msgs/msg/detail/neural_control__type_support.cpp.o[0m
[176.015s] [ 31%] [32mBuilding CXX object CMakeFiles/px4_msgs__rosidl_typesupport_cpp.dir/rosidl_typesupport_cpp/px4_msgs/msg/position_setpoint__type_support.cpp.o[0m
[176.129s] [ 31%] [32mBuilding CXX object CMakeFiles/px4_msgs__rosidl_typesupport_introspection_cpp.dir/rosidl_typesupport_introspection_cpp/px4_msgs/msg/detail/normalized_unsigned_setpoint__type_support.cpp.o[0m
[176.133s] [ 31%] [32mBuilding CXX object CMakeFiles/px4_msgs__rosidl_typesupport_cpp.dir/rosidl_typesupport_cpp/px4_msgs/msg/position_setpoint_triplet__type_support.cpp.o[0m
[176.271s] [ 31%] [32mBuilding CXX object CMakeFiles/px4_msgs__rosidl_typesupport_fastrtps_cpp.dir/rosidl_typesupport_fastrtps_cpp/px4_msgs/msg/detail/dds_fastrtps/led_control__type_support.cpp.o[0m
[176.564s] [ 31%] [32mBuilding CXX object CMakeFiles/px4_msgs__rosidl_typesupport_introspection_cpp.dir/rosidl_typesupport_introspection_cpp/px4_msgs/msg/detail/obstacle_distance__type_support.cpp.o[0m
[176.670s] [ 32%] [32mBuilding CXX object CMakeFiles/px4_msgs__rosidl_typesupport_cpp.dir/rosidl_typesupport_cpp/px4_msgs/msg/power_button_state__type_support.cpp.o[0m
[176.727s] [ 32%] [32mBuilding CXX object CMakeFiles/px4_msgs__rosidl_typesupport_cpp.dir/rosidl_typesupport_cpp/px4_msgs/msg/power_monitor__type_support.cpp.o[0m
[176.783s] [ 32%] [32mBuilding CXX object CMakeFiles/px4_msgs__rosidl_typesupport_cpp.dir/rosidl_typesupport_cpp/px4_msgs/msg/pps_capture__type_support.cpp.o[0m
[176.890s] [ 32%] [32mBuilding CXX object CMakeFiles/px4_msgs__rosidl_typesupport_fastrtps_cpp.dir/rosidl_typesupport_fastrtps_cpp/px4_msgs/msg/detail/dds_fastrtps/log_message__type_support.cpp.o[0m
[177.148s] [ 32%] [32mBuilding CXX object CMakeFiles/px4_msgs__rosidl_typesupport_introspection_cpp.dir/rosidl_typesupport_introspection_cpp/px4_msgs/msg/detail/offboard_control_mode__type_support.cpp.o[0m
[177.155s] [ 33%] [32mBuilding CXX object CMakeFiles/px4_msgs__rosidl_typesupport_introspection_cpp.dir/rosidl_typesupport_introspection_cpp/px4_msgs/msg/detail/onboard_computer_status__type_support.cpp.o[0m
[177.295s] [ 33%] [32mBuilding CXX object CMakeFiles/px4_msgs__rosidl_typesupport_introspection_cpp.dir/rosidl_typesupport_introspection_cpp/px4_msgs/msg/detail/open_drone_id_arm_status__type_support.cpp.o[0m
[177.385s] [ 33%] [32mBuilding CXX object CMakeFiles/px4_msgs__rosidl_typesupport_cpp.dir/rosidl_typesupport_cpp/px4_msgs/msg/pure_pursuit_status__type_support.cpp.o[0m
[177.533s] [ 33%] [32mBuilding CXX object CMakeFiles/px4_msgs__rosidl_typesupport_fastrtps_cpp.dir/rosidl_typesupport_fastrtps_cpp/px4_msgs/msg/detail/dds_fastrtps/logger_status__type_support.cpp.o[0m
[177.728s] [ 34%] [32mBuilding CXX object CMakeFiles/px4_msgs__rosidl_typesupport_fastrtps_cpp.dir/rosidl_typesupport_fastrtps_cpp/px4_msgs/msg/detail/dds_fastrtps/longitudinal_control_configuration__type_support.cpp.o[0m
[177.825s] [ 34%] [32mBuilding CXX object CMakeFiles/px4_msgs__rosidl_typesupport_cpp.dir/rosidl_typesupport_cpp/px4_msgs/msg/pwm_input__type_support.cpp.o[0m
[177.983s] [ 34%] [32mBuilding CXX object CMakeFiles/px4_msgs__rosidl_typesupport_introspection_cpp.dir/rosidl_typesupport_introspection_cpp/px4_msgs/msg/detail/open_drone_id_operator_id__type_support.cpp.o[0m
[178.110s] [ 34%] [32mBuilding CXX object CMakeFiles/px4_msgs__rosidl_typesupport_introspection_cpp.dir/rosidl_typesupport_introspection_cpp/px4_msgs/msg/detail/open_drone_id_self_id__type_support.cpp.o[0m
[178.172s] [ 34%] [32mBuilding CXX object CMakeFiles/px4_msgs__rosidl_typesupport_introspection_cpp.dir/rosidl_typesupport_introspection_cpp/px4_msgs/msg/detail/open_drone_id_system__type_support.cpp.o[0m
[178.241s] [ 34%] [32mBuilding CXX object CMakeFiles/px4_msgs__rosidl_typesupport_cpp.dir/rosidl_typesupport_cpp/px4_msgs/msg/px4io_status__type_support.cpp.o[0m
[178.424s] [ 34%] [32mBuilding CXX object CMakeFiles/px4_msgs__rosidl_typesupport_fastrtps_cpp.dir/rosidl_typesupport_fastrtps_cpp/px4_msgs/msg/detail/dds_fastrtps/mag_worker_data__type_support.cpp.o[0m
[178.618s] [ 34%] [32mBuilding CXX object CMakeFiles/px4_msgs__rosidl_typesupport_introspection_cpp.dir/rosidl_typesupport_introspection_cpp/px4_msgs/msg/detail/orb_test__type_support.cpp.o[0m
[178.797s] [ 34%] [32mBuilding CXX object CMakeFiles/px4_msgs__rosidl_typesupport_introspection_cpp.dir/rosidl_typesupport_introspection_cpp/px4_msgs/msg/detail/orb_test_large__type_support.cpp.o[0m
[178.817s] [ 34%] [32mBuilding CXX object CMakeFiles/px4_msgs__rosidl_typesupport_cpp.dir/rosidl_typesupport_cpp/px4_msgs/msg/qshell_req__type_support.cpp.o[0m
[178.846s] [ 34%] [32mBuilding CXX object CMakeFiles/px4_msgs__rosidl_typesupport_cpp.dir/rosidl_typesupport_cpp/px4_msgs/msg/qshell_retval__type_support.cpp.o[0m
[179.003s] [ 34%] [32mBuilding CXX object CMakeFiles/px4_msgs__rosidl_typesupport_fastrtps_cpp.dir/rosidl_typesupport_fastrtps_cpp/px4_msgs/msg/detail/dds_fastrtps/magnetometer_bias_estimate__type_support.cpp.o[0m
[179.261s] [ 34%] [32mBuilding CXX object CMakeFiles/px4_msgs__rosidl_typesupport_cpp.dir/rosidl_typesupport_cpp/px4_msgs/msg/radio_status__type_support.cpp.o[0m
[179.319s] [ 34%] [32mBuilding CXX object CMakeFiles/px4_msgs__rosidl_typesupport_cpp.dir/rosidl_typesupport_cpp/px4_msgs/msg/rate_ctrl_status__type_support.cpp.o[0m
[179.334s] [ 34%] [32mBuilding CXX object CMakeFiles/px4_msgs__rosidl_typesupport_introspection_cpp.dir/rosidl_typesupport_introspection_cpp/px4_msgs/msg/detail/orb_test_medium__type_support.cpp.o[0m
[179.432s] [ 34%] [32mBuilding CXX object CMakeFiles/px4_msgs__rosidl_typesupport_cpp.dir/rosidl_typesupport_cpp/px4_msgs/msg/rc_channels__type_support.cpp.o[0m
[179.626s] [ 34%] [32mBuilding CXX object CMakeFiles/px4_msgs__rosidl_typesupport_fastrtps_cpp.dir/rosidl_typesupport_fastrtps_cpp/px4_msgs/msg/detail/dds_fastrtps/manual_control_setpoint__type_support.cpp.o[0m
[179.724s] [ 34%] [32mBuilding CXX object CMakeFiles/px4_msgs__rosidl_typesupport_cpp.dir/rosidl_typesupport_cpp/px4_msgs/msg/rc_parameter_map__type_support.cpp.o[0m
[179.857s] [ 34%] [32mBuilding CXX object CMakeFiles/px4_msgs__rosidl_typesupport_cpp.dir/rosidl_typesupport_cpp/px4_msgs/msg/register_ext_component_reply__type_support.cpp.o[0m
[179.885s] [ 34%] [32mBuilding CXX object CMakeFiles/px4_msgs__rosidl_typesupport_fastrtps_cpp.dir/rosidl_typesupport_fastrtps_cpp/px4_msgs/msg/detail/dds_fastrtps/manual_control_switches__type_support.cpp.o[0m
[180.048s] [ 34%] [32mBuilding CXX object CMakeFiles/px4_msgs__rosidl_typesupport_introspection_cpp.dir/rosidl_typesupport_introspection_cpp/px4_msgs/msg/detail/orbit_status__type_support.cpp.o[0m
[180.187s] [ 34%] [32mBuilding CXX object CMakeFiles/px4_msgs__rosidl_typesupport_cpp.dir/rosidl_typesupport_cpp/px4_msgs/msg/register_ext_component_request__type_support.cpp.o[0m
[180.512s] [ 34%] [32mBuilding CXX object CMakeFiles/px4_msgs__rosidl_typesupport_cpp.dir/rosidl_typesupport_cpp/px4_msgs/msg/rover_attitude_setpoint__type_support.cpp.o[0m
[180.520s] [ 34%] [32mBuilding CXX object CMakeFiles/px4_msgs__rosidl_typesupport_fastrtps_cpp.dir/rosidl_typesupport_fastrtps_cpp/px4_msgs/msg/detail/dds_fastrtps/mavlink_log__type_support.cpp.o[0m
[180.633s] [ 34%] [32mBuilding CXX object CMakeFiles/px4_msgs__rosidl_typesupport_cpp.dir/rosidl_typesupport_cpp/px4_msgs/msg/rover_attitude_status__type_support.cpp.o[0m
[180.739s] [ 34%] [32mBuilding CXX object CMakeFiles/px4_msgs__rosidl_typesupport_cpp.dir/rosidl_typesupport_cpp/px4_msgs/msg/rover_position_setpoint__type_support.cpp.o[0m
[180.846s] [ 34%] [32mBuilding CXX object CMakeFiles/px4_msgs__rosidl_typesupport_introspection_cpp.dir/rosidl_typesupport_introspection_cpp/px4_msgs/msg/detail/parameter_reset_request__type_support.cpp.o[0m
[180.987s] [ 34%] [32mBuilding CXX object CMakeFiles/px4_msgs__rosidl_typesupport_cpp.dir/rosidl_typesupport_cpp/px4_msgs/msg/rover_rate_setpoint__type_support.cpp.o[0m
[181.146s] [ 34%] [32mBuilding CXX object CMakeFiles/px4_msgs__rosidl_typesupport_fastrtps_cpp.dir/rosidl_typesupport_fastrtps_cpp/px4_msgs/msg/detail/dds_fastrtps/mavlink_tunnel__type_support.cpp.o[0m
[181.233s] [ 34%] [32mBuilding CXX object CMakeFiles/px4_msgs__rosidl_typesupport_fastrtps_cpp.dir/rosidl_typesupport_fastrtps_cpp/px4_msgs/msg/detail/dds_fastrtps/message_format_request__type_support.cpp.o[0m
[181.311s] [ 34%] [32mBuilding CXX object CMakeFiles/px4_msgs__rosidl_typesupport_cpp.dir/rosidl_typesupport_cpp/px4_msgs/msg/rover_rate_status__type_support.cpp.o[0m
[181.545s] [ 35%] [32mBuilding CXX object CMakeFiles/px4_msgs__rosidl_typesupport_cpp.dir/rosidl_typesupport_cpp/px4_msgs/msg/rover_speed_setpoint__type_support.cpp.o[0m
[181.594s] [ 35%] [32mBuilding CXX object CMakeFiles/px4_msgs__rosidl_typesupport_introspection_cpp.dir/rosidl_typesupport_introspection_cpp/px4_msgs/msg/detail/parameter_set_used_request__type_support.cpp.o[0m
[181.830s] [ 35%] [32mBuilding CXX object CMakeFiles/px4_msgs__rosidl_typesupport_cpp.dir/rosidl_typesupport_cpp/px4_msgs/msg/rover_speed_status__type_support.cpp.o[0m
[181.891s] [ 35%] [32mBuilding CXX object CMakeFiles/px4_msgs__rosidl_typesupport_fastrtps_cpp.dir/rosidl_typesupport_fastrtps_cpp/px4_msgs/msg/detail/dds_fastrtps/message_format_response__type_support.cpp.o[0m
[181.985s] [ 35%] [32mBuilding CXX object CMakeFiles/px4_msgs__rosidl_typesupport_fastrtps_cpp.dir/rosidl_typesupport_fastrtps_cpp/px4_msgs/msg/detail/dds_fastrtps/mission__type_support.cpp.o[0m
[182.105s] [ 35%] [32mBuilding CXX object CMakeFiles/px4_msgs__rosidl_typesupport_cpp.dir/rosidl_typesupport_cpp/px4_msgs/msg/rover_steering_setpoint__type_support.cpp.o[0m
[182.290s] [ 35%] [32mBuilding CXX object CMakeFiles/px4_msgs__rosidl_typesupport_introspection_cpp.dir/rosidl_typesupport_introspection_cpp/px4_msgs/msg/detail/parameter_set_value_request__type_support.cpp.o[0m
[182.296s] [ 35%] [32mBuilding CXX object CMakeFiles/px4_msgs__rosidl_typesupport_introspection_cpp.dir/rosidl_typesupport_introspection_cpp/px4_msgs/msg/detail/parameter_set_value_response__type_support.cpp.o[0m
[182.595s] [ 35%] [32mBuilding CXX object CMakeFiles/px4_msgs__rosidl_typesupport_fastrtps_cpp.dir/rosidl_typesupport_fastrtps_cpp/px4_msgs/msg/detail/dds_fastrtps/mission_result__type_support.cpp.o[0m
[182.764s] [ 35%] [32mBuilding CXX object CMakeFiles/px4_msgs__rosidl_typesupport_cpp.dir/rosidl_typesupport_cpp/px4_msgs/msg/rover_throttle_setpoint__type_support.cpp.o[0m
[182.779s] [ 35%] [32mBuilding CXX object CMakeFiles/px4_msgs__rosidl_typesupport_fastrtps_cpp.dir/rosidl_typesupport_fastrtps_cpp/px4_msgs/msg/detail/dds_fastrtps/mode_completed__type_support.cpp.o[0m
[182.862s] [ 35%] [32mBuilding CXX object CMakeFiles/px4_msgs__rosidl_typesupport_introspection_cpp.dir/rosidl_typesupport_introspection_cpp/px4_msgs/msg/detail/parameter_update__type_support.cpp.o[0m
[182.864s] [ 35%] [32mBuilding CXX object CMakeFiles/px4_msgs__rosidl_typesupport_cpp.dir/rosidl_typesupport_cpp/px4_msgs/msg/rpm__type_support.cpp.o[0m
[183.269s] [ 35%] [32mBuilding CXX object CMakeFiles/px4_msgs__rosidl_typesupport_fastrtps_cpp.dir/rosidl_typesupport_fastrtps_cpp/px4_msgs/msg/detail/dds_fastrtps/mount_orientation__type_support.cpp.o[0m
[183.273s] [ 35%] [32mBuilding CXX object CMakeFiles/px4_msgs__rosidl_typesupport_fastrtps_cpp.dir/rosidl_typesupport_fastrtps_cpp/px4_msgs/msg/detail/dds_fastrtps/navigator_mission_item__type_support.cpp.o[0m
[183.456s] [ 35%] [32mBuilding CXX object CMakeFiles/px4_msgs__rosidl_typesupport_cpp.dir/rosidl_typesupport_cpp/px4_msgs/msg/rtl_status__type_support.cpp.o[0m
[183.481s] [ 35%] [32mBuilding CXX object CMakeFiles/px4_msgs__rosidl_typesupport_fastrtps_cpp.dir/rosidl_typesupport_fastrtps_cpp/px4_msgs/msg/detail/dds_fastrtps/navigator_status__type_support.cpp.o[0m
[183.657s] [ 35%] [32mBuilding CXX object CMakeFiles/px4_msgs__rosidl_typesupport_introspection_cpp.dir/rosidl_typesupport_introspection_cpp/px4_msgs/msg/detail/ping__type_support.cpp.o[0m
[183.918s] [ 35%] [32mBuilding CXX object CMakeFiles/px4_msgs__rosidl_typesupport_fastrtps_cpp.dir/rosidl_typesupport_fastrtps_cpp/px4_msgs/msg/detail/dds_fastrtps/neural_control__type_support.cpp.o[0m
[183.957s] [ 35%] [32mBuilding CXX object CMakeFiles/px4_msgs__rosidl_typesupport_fastrtps_cpp.dir/rosidl_typesupport_fastrtps_cpp/px4_msgs/msg/detail/dds_fastrtps/normalized_unsigned_setpoint__type_support.cpp.o[0m
[184.031s] [ 35%] [32mBuilding CXX object CMakeFiles/px4_msgs__rosidl_typesupport_cpp.dir/rosidl_typesupport_cpp/px4_msgs/msg/rtl_time_estimate__type_support.cpp.o[0m
[184.253s] [ 35%] [32mBuilding CXX object CMakeFiles/px4_msgs__rosidl_typesupport_introspection_cpp.dir/rosidl_typesupport_introspection_cpp/px4_msgs/msg/detail/position_controller_landing_status__type_support.cpp.o[0m
[184.429s] [ 35%] [32mBuilding CXX object CMakeFiles/px4_msgs__rosidl_typesupport_fastrtps_cpp.dir/rosidl_typesupport_fastrtps_cpp/px4_msgs/msg/detail/dds_fastrtps/obstacle_distance__type_support.cpp.o[0m
[184.525s] [ 35%] [32mBuilding CXX object CMakeFiles/px4_msgs__rosidl_typesupport_cpp.dir/rosidl_typesupport_cpp/px4_msgs/msg/satellite_info__type_support.cpp.o[0m
[184.557s] [ 35%] [32mBuilding CXX object CMakeFiles/px4_msgs__rosidl_typesupport_fastrtps_cpp.dir/rosidl_typesupport_fastrtps_cpp/px4_msgs/msg/detail/dds_fastrtps/offboard_control_mode__type_support.cpp.o[0m
[184.640s] [ 35%] [32mBuilding CXX object CMakeFiles/px4_msgs__rosidl_typesupport_cpp.dir/rosidl_typesupport_cpp/px4_msgs/msg/sensor_accel__type_support.cpp.o[0m
[184.833s] [ 35%] [32mBuilding CXX object CMakeFiles/px4_msgs__rosidl_typesupport_introspection_cpp.dir/rosidl_typesupport_introspection_cpp/px4_msgs/msg/detail/position_controller_status__type_support.cpp.o[0m
[185.085s] [ 35%] [32mBuilding CXX object CMakeFiles/px4_msgs__rosidl_typesupport_cpp.dir/rosidl_typesupport_cpp/px4_msgs/msg/sensor_accel_fifo__type_support.cpp.o[0m
[185.130s] [ 36%] [32mBuilding CXX object CMakeFiles/px4_msgs__rosidl_typesupport_fastrtps_cpp.dir/rosidl_typesupport_fastrtps_cpp/px4_msgs/msg/detail/dds_fastrtps/onboard_computer_status__type_support.cpp.o[0m
[185.179s] [ 36%] [32mBuilding CXX object CMakeFiles/px4_msgs__rosidl_typesupport_fastrtps_cpp.dir/rosidl_typesupport_fastrtps_cpp/px4_msgs/msg/detail/dds_fastrtps/open_drone_id_arm_status__type_support.cpp.o[0m
[185.276s] [ 36%] [32mBuilding CXX object CMakeFiles/px4_msgs__rosidl_typesupport_cpp.dir/rosidl_typesupport_cpp/px4_msgs/msg/sensor_airflow__type_support.cpp.o[0m
[185.459s] [ 36%] [32mBuilding CXX object CMakeFiles/px4_msgs__rosidl_typesupport_introspection_cpp.dir/rosidl_typesupport_introspection_cpp/px4_msgs/msg/detail/position_setpoint__type_support.cpp.o[0m
[185.605s] [ 36%] [32mBuilding CXX object CMakeFiles/px4_msgs__rosidl_typesupport_cpp.dir/rosidl_typesupport_cpp/px4_msgs/msg/sensor_baro__type_support.cpp.o[0m
[185.894s] [ 36%] [32mBuilding CXX object CMakeFiles/px4_msgs__rosidl_typesupport_introspection_cpp.dir/rosidl_typesupport_introspection_cpp/px4_msgs/msg/detail/position_setpoint_triplet__type_support.cpp.o[0m
[185.923s] [ 36%] [32mBuilding CXX object CMakeFiles/px4_msgs__rosidl_typesupport_fastrtps_cpp.dir/rosidl_typesupport_fastrtps_cpp/px4_msgs/msg/detail/dds_fastrtps/open_drone_id_operator_id__type_support.cpp.o[0m
[186.072s] [ 36%] [32mBuilding CXX object CMakeFiles/px4_msgs__rosidl_typesupport_cpp.dir/rosidl_typesupport_cpp/px4_msgs/msg/sensor_combined__type_support.cpp.o[0m
[186.079s] [ 36%] [32mBuilding CXX object CMakeFiles/px4_msgs__rosidl_typesupport_cpp.dir/rosidl_typesupport_cpp/px4_msgs/msg/sensor_correction__type_support.cpp.o[0m
[186.180s] [ 37%] [32mBuilding CXX object CMakeFiles/px4_msgs__rosidl_typesupport_introspection_cpp.dir/rosidl_typesupport_introspection_cpp/px4_msgs/msg/detail/power_button_state__type_support.cpp.o[0m
[186.509s] [ 37%] [32mBuilding CXX object CMakeFiles/px4_msgs__rosidl_typesupport_introspection_cpp.dir/rosidl_typesupport_introspection_cpp/px4_msgs/msg/detail/power_monitor__type_support.cpp.o[0m
[186.515s] [ 37%] [32mBuilding CXX object CMakeFiles/px4_msgs__rosidl_typesupport_cpp.dir/rosidl_typesupport_cpp/px4_msgs/msg/sensor_gnss_relative__type_support.cpp.o[0m
[186.672s] [ 37%] [32mBuilding CXX object CMakeFiles/px4_msgs__rosidl_typesupport_cpp.dir/rosidl_typesupport_cpp/px4_msgs/msg/sensor_gnss_status__type_support.cpp.o[0m
[186.736s] [ 37%] [32mBuilding CXX object CMakeFiles/px4_msgs__rosidl_typesupport_cpp.dir/rosidl_typesupport_cpp/px4_msgs/msg/sensor_gps__type_support.cpp.o[0m
[186.855s] [ 37%] [32mBuilding CXX object CMakeFiles/px4_msgs__rosidl_typesupport_fastrtps_cpp.dir/rosidl_typesupport_fastrtps_cpp/px4_msgs/msg/detail/dds_fastrtps/open_drone_id_self_id__type_support.cpp.o[0m
[186.965s] [ 37%] [32mBuilding CXX object CMakeFiles/px4_msgs__rosidl_typesupport_cpp.dir/rosidl_typesupport_cpp/px4_msgs/msg/sensor_gyro__type_support.cpp.o[0m
[187.067s] [ 37%] [32mBuilding CXX object CMakeFiles/px4_msgs__rosidl_typesupport_introspection_cpp.dir/rosidl_typesupport_introspection_cpp/px4_msgs/msg/detail/pps_capture__type_support.cpp.o[0m
[187.146s] [ 37%] [32mBuilding CXX object CMakeFiles/px4_msgs__rosidl_typesupport_introspection_cpp.dir/rosidl_typesupport_introspection_cpp/px4_msgs/msg/detail/pure_pursuit_status__type_support.cpp.o[0m
[187.188s] [ 37%] [32mBuilding CXX object CMakeFiles/px4_msgs__rosidl_typesupport_cpp.dir/rosidl_typesupport_cpp/px4_msgs/msg/sensor_gyro_fft__type_support.cpp.o[0m
[187.431s] [ 38%] [32mBuilding CXX object CMakeFiles/px4_msgs__rosidl_typesupport_cpp.dir/rosidl_typesupport_cpp/px4_msgs/msg/sensor_gyro_fifo__type_support.cpp.o[0m
[187.562s] [ 38%] [32mBuilding CXX object CMakeFiles/px4_msgs__rosidl_typesupport_fastrtps_cpp.dir/rosidl_typesupport_fastrtps_cpp/px4_msgs/msg/detail/dds_fastrtps/open_drone_id_system__type_support.cpp.o[0m
[187.627s] [ 38%] [32mBuilding CXX object CMakeFiles/px4_msgs__rosidl_typesupport_fastrtps_cpp.dir/rosidl_typesupport_fastrtps_cpp/px4_msgs/msg/detail/dds_fastrtps/orb_test__type_support.cpp.o[0m
[187.704s] [ 38%] [32mBuilding CXX object CMakeFiles/px4_msgs__rosidl_typesupport_fastrtps_cpp.dir/rosidl_typesupport_fastrtps_cpp/px4_msgs/msg/detail/dds_fastrtps/orb_test_large__type_support.cpp.o[0m
[187.901s] [ 38%] [32mBuilding CXX object CMakeFiles/px4_msgs__rosidl_typesupport_introspection_cpp.dir/rosidl_typesupport_introspection_cpp/px4_msgs/msg/detail/pwm_input__type_support.cpp.o[0m
[187.930s] [ 38%] [32mBuilding CXX object CMakeFiles/px4_msgs__rosidl_typesupport_cpp.dir/rosidl_typesupport_cpp/px4_msgs/msg/sensor_hygrometer__type_support.cpp.o[0m
[188.312s] [ 38%] [32mBuilding CXX object CMakeFiles/px4_msgs__rosidl_typesupport_fastrtps_cpp.dir/rosidl_typesupport_fastrtps_cpp/px4_msgs/msg/detail/dds_fastrtps/orb_test_medium__type_support.cpp.o[0m
[188.317s] [ 38%] [32mBuilding CXX object CMakeFiles/px4_msgs__rosidl_typesupport_cpp.dir/rosidl_typesupport_cpp/px4_msgs/msg/sensor_mag__type_support.cpp.o[0m
[188.403s] [ 38%] [32mBuilding CXX object CMakeFiles/px4_msgs__rosidl_typesupport_fastrtps_cpp.dir/rosidl_typesupport_fastrtps_cpp/px4_msgs/msg/detail/dds_fastrtps/orbit_status__type_support.cpp.o[0m
[188.464s] [ 38%] [32mBuilding CXX object CMakeFiles/px4_msgs__rosidl_typesupport_introspection_cpp.dir/rosidl_typesupport_introspection_cpp/px4_msgs/msg/detail/px4io_status__type_support.cpp.o[0m
[188.553s] [ 38%] [32mBuilding CXX object CMakeFiles/px4_msgs__rosidl_typesupport_introspection_cpp.dir/rosidl_typesupport_introspection_cpp/px4_msgs/msg/detail/qshell_req__type_support.cpp.o[0m
[188.829s] [ 38%] [32mBuilding CXX object CMakeFiles/px4_msgs__rosidl_typesupport_cpp.dir/rosidl_typesupport_cpp/px4_msgs/msg/sensor_optical_flow__type_support.cpp.o[0m
[189.034s] [ 38%] [32mBuilding CXX object CMakeFiles/px4_msgs__rosidl_typesupport_cpp.dir/rosidl_typesupport_cpp/px4_msgs/msg/sensor_preflight_mag__type_support.cpp.o[0m
[189.099s] [ 38%] [32mBuilding CXX object CMakeFiles/px4_msgs__rosidl_typesupport_fastrtps_cpp.dir/rosidl_typesupport_fastrtps_cpp/px4_msgs/msg/detail/dds_fastrtps/parameter_reset_request__type_support.cpp.o[0m
[189.109s] [ 38%] [32mBuilding CXX object CMakeFiles/px4_msgs__rosidl_typesupport_fastrtps_cpp.dir/rosidl_typesupport_fastrtps_cpp/px4_msgs/msg/detail/dds_fastrtps/parameter_set_used_request__type_support.cpp.o[0m
[189.357s] [ 38%] [32mBuilding CXX object CMakeFiles/px4_msgs__rosidl_typesupport_introspection_cpp.dir/rosidl_typesupport_introspection_cpp/px4_msgs/msg/detail/qshell_retval__type_support.cpp.o[0m
[189.372s] [ 38%] [32mBuilding CXX object CMakeFiles/px4_msgs__rosidl_typesupport_introspection_cpp.dir/rosidl_typesupport_introspection_cpp/px4_msgs/msg/detail/radio_status__type_support.cpp.o[0m
[189.582s] [ 38%] [32mBuilding CXX object CMakeFiles/px4_msgs__rosidl_typesupport_cpp.dir/rosidl_typesupport_cpp/px4_msgs/msg/sensor_selection__type_support.cpp.o[0m
[189.745s] [ 38%] [32mBuilding CXX object CMakeFiles/px4_msgs__rosidl_typesupport_introspection_cpp.dir/rosidl_typesupport_introspection_cpp/px4_msgs/msg/detail/rate_ctrl_status__type_support.cpp.o[0m
[189.745s] [ 38%] [32mBuilding CXX object CMakeFiles/px4_msgs__rosidl_typesupport_fastrtps_cpp.dir/rosidl_typesupport_fastrtps_cpp/px4_msgs/msg/detail/dds_fastrtps/parameter_set_value_request__type_support.cpp.o[0m
[190.069s] [ 38%] [32mBuilding CXX object CMakeFiles/px4_msgs__rosidl_typesupport_fastrtps_cpp.dir/rosidl_typesupport_fastrtps_cpp/px4_msgs/msg/detail/dds_fastrtps/parameter_set_value_response__type_support.cpp.o[0m
[190.143s] [ 38%] [32mBuilding CXX object CMakeFiles/px4_msgs__rosidl_typesupport_cpp.dir/rosidl_typesupport_cpp/px4_msgs/msg/sensor_uwb__type_support.cpp.o[0m
[190.199s] [ 38%] [32mBuilding CXX object CMakeFiles/px4_msgs__rosidl_typesupport_cpp.dir/rosidl_typesupport_cpp/px4_msgs/msg/sensors_status__type_support.cpp.o[0m
[190.503s] [ 38%] [32mBuilding CXX object CMakeFiles/px4_msgs__rosidl_typesupport_introspection_cpp.dir/rosidl_typesupport_introspection_cpp/px4_msgs/msg/detail/rc_channels__type_support.cpp.o[0m
[190.532s] [ 38%] [32mBuilding CXX object CMakeFiles/px4_msgs__rosidl_typesupport_cpp.dir/rosidl_typesupport_cpp/px4_msgs/msg/sensors_status_imu__type_support.cpp.o[0m
[190.777s] [ 38%] [32mBuilding CXX object CMakeFiles/px4_msgs__rosidl_typesupport_fastrtps_cpp.dir/rosidl_typesupport_fastrtps_cpp/px4_msgs/msg/detail/dds_fastrtps/parameter_update__type_support.cpp.o[0m
[190.787s] [ 38%] [32mBuilding CXX object CMakeFiles/px4_msgs__rosidl_typesupport_cpp.dir/rosidl_typesupport_cpp/px4_msgs/msg/system_power__type_support.cpp.o[0m
[190.814s] [ 38%] [32mBuilding CXX object CMakeFiles/px4_msgs__rosidl_typesupport_fastrtps_cpp.dir/rosidl_typesupport_fastrtps_cpp/px4_msgs/msg/detail/dds_fastrtps/ping__type_support.cpp.o[0m
[190.951s] [ 38%] [32mBuilding CXX object CMakeFiles/px4_msgs__rosidl_typesupport_cpp.dir/rosidl_typesupport_cpp/px4_msgs/msg/takeoff_status__type_support.cpp.o[0m
[191.151s] [ 38%] [32mBuilding CXX object CMakeFiles/px4_msgs__rosidl_typesupport_introspection_cpp.dir/rosidl_typesupport_introspection_cpp/px4_msgs/msg/detail/rc_parameter_map__type_support.cpp.o[0m
[191.289s] [ 38%] [32mBuilding CXX object CMakeFiles/px4_msgs__rosidl_typesupport_cpp.dir/rosidl_typesupport_cpp/px4_msgs/msg/task_stack_info__type_support.cpp.o[0m
[191.367s] [ 38%] [32mBuilding CXX object CMakeFiles/px4_msgs__rosidl_typesupport_cpp.dir/rosidl_typesupport_cpp/px4_msgs/msg/tecs_status__type_support.cpp.o[0m
[191.404s] [ 38%] [32mBuilding CXX object CMakeFiles/px4_msgs__rosidl_typesupport_cpp.dir/rosidl_typesupport_cpp/px4_msgs/msg/telemetry_status__type_support.cpp.o[0m
[191.687s] [ 38%] [32mBuilding CXX object CMakeFiles/px4_msgs__rosidl_typesupport_fastrtps_cpp.dir/rosidl_typesupport_fastrtps_cpp/px4_msgs/msg/detail/dds_fastrtps/position_controller_landing_status__type_support.cpp.o[0m
[191.792s] [ 38%] [32mBuilding CXX object CMakeFiles/px4_msgs__rosidl_typesupport_introspection_cpp.dir/rosidl_typesupport_introspection_cpp/px4_msgs/msg/detail/register_ext_component_reply__type_support.cpp.o[0m
[191.822s] [ 38%] [32mBuilding CXX object CMakeFiles/px4_msgs__rosidl_typesupport_cpp.dir/rosidl_typesupport_cpp/px4_msgs/msg/tiltrotor_extra_controls__type_support.cpp.o[0m
[191.823s] [ 38%] [32mBuilding CXX object CMakeFiles/px4_msgs__rosidl_typesupport_cpp.dir/rosidl_typesupport_cpp/px4_msgs/msg/timesync_status__type_support.cpp.o[0m
[191.909s] [ 38%] [32mBuilding CXX object CMakeFiles/px4_msgs__rosidl_typesupport_cpp.dir/rosidl_typesupport_cpp/px4_msgs/msg/trajectory_setpoint__type_support.cpp.o[0m
[192.224s] [ 38%] [32mBuilding CXX object CMakeFiles/px4_msgs__rosidl_typesupport_cpp.dir/rosidl_typesupport_cpp/px4_msgs/msg/trajectory_setpoint6dof__type_support.cpp.o[0m
[192.313s] [ 38%] [32mBuilding CXX object CMakeFiles/px4_msgs__rosidl_typesupport_cpp.dir/rosidl_typesupport_cpp/px4_msgs/msg/transponder_report__type_support.cpp.o[0m
[192.352s] [ 38%] [32mBuilding CXX object CMakeFiles/px4_msgs__rosidl_typesupport_introspection_cpp.dir/rosidl_typesupport_introspection_cpp/px4_msgs/msg/detail/register_ext_component_request__type_support.cpp.o[0m
[192.414s] [ 38%] [32mBuilding CXX object CMakeFiles/px4_msgs__rosidl_typesupport_introspection_cpp.dir/rosidl_typesupport_introspection_cpp/px4_msgs/msg/detail/rover_attitude_setpoint__type_support.cpp.o[0m
[192.548s] [ 38%] [32mBuilding CXX object CMakeFiles/px4_msgs__rosidl_typesupport_fastrtps_cpp.dir/rosidl_typesupport_fastrtps_cpp/px4_msgs/msg/detail/dds_fastrtps/position_controller_status__type_support.cpp.o[0m
[192.752s] [ 38%] [32mBuilding CXX object CMakeFiles/px4_msgs__rosidl_typesupport_introspection_cpp.dir/rosidl_typesupport_introspection_cpp/px4_msgs/msg/detail/rover_attitude_status__type_support.cpp.o[0m
[192.848s] [ 39%] [32mBuilding CXX object CMakeFiles/px4_msgs__rosidl_typesupport_cpp.dir/rosidl_typesupport_cpp/px4_msgs/msg/tune_control__type_support.cpp.o[0m
[192.955s] [ 39%] [32mBuilding CXX object CMakeFiles/px4_msgs__rosidl_typesupport_fastrtps_cpp.dir/rosidl_typesupport_fastrtps_cpp/px4_msgs/msg/detail/dds_fastrtps/position_setpoint__type_support.cpp.o[0m
[193.051s] [ 39%] [32mBuilding CXX object CMakeFiles/px4_msgs__rosidl_typesupport_introspection_cpp.dir/rosidl_typesupport_introspection_cpp/px4_msgs/msg/detail/rover_position_setpoint__type_support.cpp.o[0m
[193.155s] [ 39%] [32mBuilding CXX object CMakeFiles/px4_msgs__rosidl_typesupport_introspection_cpp.dir/rosidl_typesupport_introspection_cpp/px4_msgs/msg/detail/rover_rate_setpoint__type_support.cpp.o[0m
[193.380s] [ 39%] [32mBuilding CXX object CMakeFiles/px4_msgs__rosidl_typesupport_introspection_cpp.dir/rosidl_typesupport_introspection_cpp/px4_msgs/msg/detail/rover_rate_status__type_support.cpp.o[0m
[193.404s] [ 39%] [32mBuilding CXX object CMakeFiles/px4_msgs__rosidl_typesupport_cpp.dir/rosidl_typesupport_cpp/px4_msgs/msg/uavcan_parameter_request__type_support.cpp.o[0m
[193.623s] [ 39%] [32mBuilding CXX object CMakeFiles/px4_msgs__rosidl_typesupport_fastrtps_cpp.dir/rosidl_typesupport_fastrtps_cpp/px4_msgs/msg/detail/dds_fastrtps/position_setpoint_triplet__type_support.cpp.o[0m
[193.718s] [ 40%] [32mBuilding CXX object CMakeFiles/px4_msgs__rosidl_typesupport_introspection_cpp.dir/rosidl_typesupport_introspection_cpp/px4_msgs/msg/detail/rover_speed_setpoint__type_support.cpp.o[0m
[193.855s] [ 40%] [32mBuilding CXX object CMakeFiles/px4_msgs__rosidl_typesupport_introspection_cpp.dir/rosidl_typesupport_introspection_cpp/px4_msgs/msg/detail/rover_speed_status__type_support.cpp.o[0m
[193.926s] [ 40%] [32mBuilding CXX object CMakeFiles/px4_msgs__rosidl_typesupport_cpp.dir/rosidl_typesupport_cpp/px4_msgs/msg/uavcan_parameter_value__type_support.cpp.o[0m
[193.975s] [ 41%] [32mBuilding CXX object CMakeFiles/px4_msgs__rosidl_typesupport_fastrtps_cpp.dir/rosidl_typesupport_fastrtps_cpp/px4_msgs/msg/detail/dds_fastrtps/power_button_state__type_support.cpp.o[0m
[194.258s] [ 41%] [32mBuilding CXX object CMakeFiles/px4_msgs__rosidl_typesupport_fastrtps_cpp.dir/rosidl_typesupport_fastrtps_cpp/px4_msgs/msg/detail/dds_fastrtps/power_monitor__type_support.cpp.o[0m
[194.264s] [ 41%] [32mBuilding CXX object CMakeFiles/px4_msgs__rosidl_typesupport_introspection_cpp.dir/rosidl_typesupport_introspection_cpp/px4_msgs/msg/detail/rover_steering_setpoint__type_support.cpp.o[0m
[194.454s] [ 41%] [32mBuilding CXX object CMakeFiles/px4_msgs__rosidl_typesupport_introspection_cpp.dir/rosidl_typesupport_introspection_cpp/px4_msgs/msg/detail/rover_throttle_setpoint__type_support.cpp.o[0m
[194.500s] [ 41%] [32mBuilding CXX object CMakeFiles/px4_msgs__rosidl_typesupport_cpp.dir/rosidl_typesupport_cpp/px4_msgs/msg/ulog_stream__type_support.cpp.o[0m
[194.782s] [ 41%] [32mBuilding CXX object CMakeFiles/px4_msgs__rosidl_typesupport_fastrtps_cpp.dir/rosidl_typesupport_fastrtps_cpp/px4_msgs/msg/detail/dds_fastrtps/pps_capture__type_support.cpp.o[0m
[194.849s] [ 41%] [32mBuilding CXX object CMakeFiles/px4_msgs__rosidl_typesupport_cpp.dir/rosidl_typesupport_cpp/px4_msgs/msg/ulog_stream_ack__type_support.cpp.o[0m
[194.943s] [ 41%] [32mBuilding CXX object CMakeFiles/px4_msgs__rosidl_typesupport_introspection_cpp.dir/rosidl_typesupport_introspection_cpp/px4_msgs/msg/detail/rpm__type_support.cpp.o[0m
[195.044s] [ 41%] [32mBuilding CXX object CMakeFiles/px4_msgs__rosidl_typesupport_cpp.dir/rosidl_typesupport_cpp/px4_msgs/msg/unregister_ext_component__type_support.cpp.o[0m
[195.066s] [ 41%] [32mBuilding CXX object CMakeFiles/px4_msgs__rosidl_typesupport_fastrtps_cpp.dir/rosidl_typesupport_fastrtps_cpp/px4_msgs/msg/detail/dds_fastrtps/pure_pursuit_status__type_support.cpp.o[0m
[195.425s] [ 41%] [32mBuilding CXX object CMakeFiles/px4_msgs__rosidl_typesupport_cpp.dir/rosidl_typesupport_cpp/px4_msgs/msg/vehicle_acceleration__type_support.cpp.o[0m
[195.449s] [ 41%] [32mBuilding CXX object CMakeFiles/px4_msgs__rosidl_typesupport_cpp.dir/rosidl_typesupport_cpp/px4_msgs/msg/vehicle_air_data__type_support.cpp.o[0m
[195.508s] [ 41%] [32mBuilding CXX object CMakeFiles/px4_msgs__rosidl_typesupport_introspection_cpp.dir/rosidl_typesupport_introspection_cpp/px4_msgs/msg/detail/rtl_status__type_support.cpp.o[0m
[195.527s] [ 41%] [32mBuilding CXX object CMakeFiles/px4_msgs__rosidl_typesupport_introspection_cpp.dir/rosidl_typesupport_introspection_cpp/px4_msgs/msg/detail/rtl_time_estimate__type_support.cpp.o[0m
[195.687s] [ 41%] [32mBuilding CXX object CMakeFiles/px4_msgs__rosidl_typesupport_fastrtps_cpp.dir/rosidl_typesupport_fastrtps_cpp/px4_msgs/msg/detail/dds_fastrtps/pwm_input__type_support.cpp.o[0m
[195.927s] [ 41%] [32mBuilding CXX object CMakeFiles/px4_msgs__rosidl_typesupport_cpp.dir/rosidl_typesupport_cpp/px4_msgs/msg/vehicle_angular_acceleration_setpoint__type_support.cpp.o[0m
[195.943s] [ 41%] [32mBuilding CXX object CMakeFiles/px4_msgs__rosidl_typesupport_cpp.dir/rosidl_typesupport_cpp/px4_msgs/msg/vehicle_angular_velocity__type_support.cpp.o[0m
[196.121s] [ 41%] [32mBuilding CXX object CMakeFiles/px4_msgs__rosidl_typesupport_cpp.dir/rosidl_typesupport_cpp/px4_msgs/msg/vehicle_attitude__type_support.cpp.o[0m
[196.207s] [ 41%] [32mBuilding CXX object CMakeFiles/px4_msgs__rosidl_typesupport_introspection_cpp.dir/rosidl_typesupport_introspection_cpp/px4_msgs/msg/detail/satellite_info__type_support.cpp.o[0m
[196.527s] [ 41%] [32mBuilding CXX object CMakeFiles/px4_msgs__rosidl_typesupport_cpp.dir/rosidl_typesupport_cpp/px4_msgs/msg/vehicle_attitude_setpoint__type_support.cpp.o[0m
[196.532s] [ 41%] [32mBuilding CXX object CMakeFiles/px4_msgs__rosidl_typesupport_introspection_cpp.dir/rosidl_typesupport_introspection_cpp/px4_msgs/msg/detail/sensor_accel__type_support.cpp.o[0m
[196.568s] [ 41%] [32mBuilding CXX object CMakeFiles/px4_msgs__rosidl_typesupport_fastrtps_cpp.dir/rosidl_typesupport_fastrtps_cpp/px4_msgs/msg/detail/dds_fastrtps/px4io_status__type_support.cpp.o[0m
[196.570s] [ 41%] [32mBuilding CXX object CMakeFiles/px4_msgs__rosidl_typesupport_cpp.dir/rosidl_typesupport_cpp/px4_msgs/msg/vehicle_command__type_support.cpp.o[0m
[196.814s] [ 41%] [32mBuilding CXX object CMakeFiles/px4_msgs__rosidl_typesupport_introspection_cpp.dir/rosidl_typesupport_introspection_cpp/px4_msgs/msg/detail/sensor_accel_fifo__type_support.cpp.o[0m
[196.965s] [ 41%] [32mBuilding CXX object CMakeFiles/px4_msgs__rosidl_typesupport_cpp.dir/rosidl_typesupport_cpp/px4_msgs/msg/vehicle_command_ack__type_support.cpp.o[0m
[197.029s] [ 41%] [32mBuilding CXX object CMakeFiles/px4_msgs__rosidl_typesupport_cpp.dir/rosidl_typesupport_cpp/px4_msgs/msg/vehicle_constraints__type_support.cpp.o[0m
[197.288s] [ 41%] [32mBuilding CXX object CMakeFiles/px4_msgs__rosidl_typesupport_introspection_cpp.dir/rosidl_typesupport_introspection_cpp/px4_msgs/msg/detail/sensor_airflow__type_support.cpp.o[0m
[197.354s] [ 41%] [32mBuilding CXX object CMakeFiles/px4_msgs__rosidl_typesupport_cpp.dir/rosidl_typesupport_cpp/px4_msgs/msg/vehicle_control_mode__type_support.cpp.o[0m
[197.360s] [ 41%] [32mBuilding CXX object CMakeFiles/px4_msgs__rosidl_typesupport_cpp.dir/rosidl_typesupport_cpp/px4_msgs/msg/vehicle_global_position__type_support.cpp.o[0m
[197.416s] [ 41%] [32mBuilding CXX object CMakeFiles/px4_msgs__rosidl_typesupport_fastrtps_cpp.dir/rosidl_typesupport_fastrtps_cpp/px4_msgs/msg/detail/dds_fastrtps/qshell_req__type_support.cpp.o[0m
[197.480s] [ 41%] [32mBuilding CXX object CMakeFiles/px4_msgs__rosidl_typesupport_fastrtps_cpp.dir/rosidl_typesupport_fastrtps_cpp/px4_msgs/msg/detail/dds_fastrtps/qshell_retval__type_support.cpp.o[0m
[197.772s] [ 41%] [32mBuilding CXX object CMakeFiles/px4_msgs__rosidl_typesupport_cpp.dir/rosidl_typesupport_cpp/px4_msgs/msg/vehicle_imu__type_support.cpp.o[0m
[197.812s] [ 41%] [32mBuilding CXX object CMakeFiles/px4_msgs__rosidl_typesupport_cpp.dir/rosidl_typesupport_cpp/px4_msgs/msg/vehicle_imu_status__type_support.cpp.o[0m
[198.013s] [ 41%] [32mBuilding CXX object CMakeFiles/px4_msgs__rosidl_typesupport_introspection_cpp.dir/rosidl_typesupport_introspection_cpp/px4_msgs/msg/detail/sensor_baro__type_support.cpp.o[0m
[198.021s] [ 41%] [32mBuilding CXX object CMakeFiles/px4_msgs__rosidl_typesupport_introspection_cpp.dir/rosidl_typesupport_introspection_cpp/px4_msgs/msg/detail/sensor_combined__type_support.cpp.o[0m
[198.214s] [ 41%] [32mBuilding CXX object CMakeFiles/px4_msgs__rosidl_typesupport_fastrtps_cpp.dir/rosidl_typesupport_fastrtps_cpp/px4_msgs/msg/detail/dds_fastrtps/radio_status__type_support.cpp.o[0m
[198.355s] [ 42%] [32mBuilding CXX object CMakeFiles/px4_msgs__rosidl_typesupport_cpp.dir/rosidl_typesupport_cpp/px4_msgs/msg/vehicle_land_detected__type_support.cpp.o[0m
[198.371s] [ 42%] [32mBuilding CXX object CMakeFiles/px4_msgs__rosidl_typesupport_cpp.dir/rosidl_typesupport_cpp/px4_msgs/msg/vehicle_local_position__type_support.cpp.o[0m
[198.589s] [ 42%] [32mBuilding CXX object CMakeFiles/px4_msgs__rosidl_typesupport_cpp.dir/rosidl_typesupport_cpp/px4_msgs/msg/vehicle_local_position_setpoint__type_support.cpp.o[0m
[198.650s] [ 42%] [32mBuilding CXX object CMakeFiles/px4_msgs__rosidl_typesupport_introspection_cpp.dir/rosidl_typesupport_introspection_cpp/px4_msgs/msg/detail/sensor_correction__type_support.cpp.o[0m
[198.916s] [ 42%] [32mBuilding CXX object CMakeFiles/px4_msgs__rosidl_typesupport_cpp.dir/rosidl_typesupport_cpp/px4_msgs/msg/vehicle_magnetometer__type_support.cpp.o[0m
[198.924s] [ 42%] [32mBuilding CXX object CMakeFiles/px4_msgs__rosidl_typesupport_fastrtps_cpp.dir/rosidl_typesupport_fastrtps_cpp/px4_msgs/msg/detail/dds_fastrtps/rate_ctrl_status__type_support.cpp.o[0m
[198.952s] [ 42%] [32mBuilding CXX object CMakeFiles/px4_msgs__rosidl_typesupport_fastrtps_cpp.dir/rosidl_typesupport_fastrtps_cpp/px4_msgs/msg/detail/dds_fastrtps/rc_channels__type_support.cpp.o[0m
[199.001s] [ 42%] [32mBuilding CXX object CMakeFiles/px4_msgs__rosidl_typesupport_cpp.dir/rosidl_typesupport_cpp/px4_msgs/msg/vehicle_odometry__type_support.cpp.o[0m
[199.287s] [ 42%] [32mBuilding CXX object CMakeFiles/px4_msgs__rosidl_typesupport_introspection_cpp.dir/rosidl_typesupport_introspection_cpp/px4_msgs/msg/detail/sensor_gnss_relative__type_support.cpp.o[0m
[199.414s] [ 42%] [32mBuilding CXX object CMakeFiles/px4_msgs__rosidl_typesupport_cpp.dir/rosidl_typesupport_cpp/px4_msgs/msg/vehicle_optical_flow__type_support.cpp.o[0m
[199.517s] [ 42%] [32mBuilding CXX object CMakeFiles/px4_msgs__rosidl_typesupport_fastrtps_cpp.dir/rosidl_typesupport_fastrtps_cpp/px4_msgs/msg/detail/dds_fastrtps/rc_parameter_map__type_support.cpp.o[0m
[199.520s] [ 42%] [32mBuilding CXX object CMakeFiles/px4_msgs__rosidl_typesupport_cpp.dir/rosidl_typesupport_cpp/px4_msgs/msg/vehicle_optical_flow_vel__type_support.cpp.o[0m
[199.783s] [ 42%] [32mBuilding CXX object CMakeFiles/px4_msgs__rosidl_typesupport_fastrtps_cpp.dir/rosidl_typesupport_fastrtps_cpp/px4_msgs/msg/detail/dds_fastrtps/register_ext_component_reply__type_support.cpp.o[0m
[199.909s] [ 42%] [32mBuilding CXX object CMakeFiles/px4_msgs__rosidl_typesupport_fastrtps_cpp.dir/rosidl_typesupport_fastrtps_cpp/px4_msgs/msg/detail/dds_fastrtps/register_ext_component_request__type_support.cpp.o[0m
[199.918s] [ 42%] [32mBuilding CXX object CMakeFiles/px4_msgs__rosidl_typesupport_introspection_cpp.dir/rosidl_typesupport_introspection_cpp/px4_msgs/msg/detail/sensor_gnss_status__type_support.cpp.o[0m
[200.079s] [ 42%] [32mBuilding CXX object CMakeFiles/px4_msgs__rosidl_typesupport_cpp.dir/rosidl_typesupport_cpp/px4_msgs/msg/vehicle_rates_setpoint__type_support.cpp.o[0m
[200.167s] [ 42%] [32mBuilding CXX object CMakeFiles/px4_msgs__rosidl_typesupport_introspection_cpp.dir/rosidl_typesupport_introspection_cpp/px4_msgs/msg/detail/sensor_gps__type_support.cpp.o[0m
[200.446s] [ 42%] [32mBuilding CXX object CMakeFiles/px4_msgs__rosidl_typesupport_fastrtps_cpp.dir/rosidl_typesupport_fastrtps_cpp/px4_msgs/msg/detail/dds_fastrtps/rover_attitude_setpoint__type_support.cpp.o[0m
[200.477s] [ 42%] [32mBuilding CXX object CMakeFiles/px4_msgs__rosidl_typesupport_cpp.dir/rosidl_typesupport_cpp/px4_msgs/msg/vehicle_roi__type_support.cpp.o[0m
[200.591s] [ 42%] [32mBuilding CXX object CMakeFiles/px4_msgs__rosidl_typesupport_fastrtps_cpp.dir/rosidl_typesupport_fastrtps_cpp/px4_msgs/msg/detail/dds_fastrtps/rover_attitude_status__type_support.cpp.o[0m
[200.639s] [ 42%] [32mBuilding CXX object CMakeFiles/px4_msgs__rosidl_typesupport_introspection_cpp.dir/rosidl_typesupport_introspection_cpp/px4_msgs/msg/detail/sensor_gyro__type_support.cpp.o[0m
[200.911s] [ 42%] [32mBuilding CXX object CMakeFiles/px4_msgs__rosidl_typesupport_introspection_cpp.dir/rosidl_typesupport_introspection_cpp/px4_msgs/msg/detail/sensor_gyro_fft__type_support.cpp.o[0m
[200.968s] [ 42%] [32mBuilding CXX object CMakeFiles/px4_msgs__rosidl_typesupport_cpp.dir/rosidl_typesupport_cpp/px4_msgs/msg/vehicle_status__type_support.cpp.o[0m
[201.048s] [ 42%] [32mBuilding CXX object CMakeFiles/px4_msgs__rosidl_typesupport_cpp.dir/rosidl_typesupport_cpp/px4_msgs/msg/vehicle_thrust_setpoint__type_support.cpp.o[0m
[201.235s] [ 42%] [32mBuilding CXX object CMakeFiles/px4_msgs__rosidl_typesupport_fastrtps_cpp.dir/rosidl_typesupport_fastrtps_cpp/px4_msgs/msg/detail/dds_fastrtps/rover_position_setpoint__type_support.cpp.o[0m
[201.316s] [ 42%] [32mBuilding CXX object CMakeFiles/px4_msgs__rosidl_typesupport_fastrtps_cpp.dir/rosidl_typesupport_fastrtps_cpp/px4_msgs/msg/detail/dds_fastrtps/rover_rate_setpoint__type_support.cpp.o[0m
[201.460s] [ 42%] [32mBuilding CXX object CMakeFiles/px4_msgs__rosidl_typesupport_cpp.dir/rosidl_typesupport_cpp/px4_msgs/msg/vehicle_torque_setpoint__type_support.cpp.o[0m
[201.634s] [ 42%] [32mBuilding CXX object CMakeFiles/px4_msgs__rosidl_typesupport_fastrtps_cpp.dir/rosidl_typesupport_fastrtps_cpp/px4_msgs/msg/detail/dds_fastrtps/rover_rate_status__type_support.cpp.o[0m
[201.696s] [ 43%] [32mBuilding CXX object CMakeFiles/px4_msgs__rosidl_typesupport_introspection_cpp.dir/rosidl_typesupport_introspection_cpp/px4_msgs/msg/detail/sensor_gyro_fifo__type_support.cpp.o[0m
[201.889s] [ 44%] [32mBuilding CXX object CMakeFiles/px4_msgs__rosidl_typesupport_fastrtps_cpp.dir/rosidl_typesupport_fastrtps_cpp/px4_msgs/msg/detail/dds_fastrtps/rover_speed_setpoint__type_support.cpp.o[0m
[201.898s] [ 44%] [32mBuilding CXX object CMakeFiles/px4_msgs__rosidl_typesupport_cpp.dir/rosidl_typesupport_cpp/px4_msgs/msg/velocity_limits__type_support.cpp.o[0m
[201.932s] [ 44%] [32mBuilding CXX object CMakeFiles/px4_msgs__rosidl_typesupport_fastrtps_cpp.dir/rosidl_typesupport_fastrtps_cpp/px4_msgs/msg/detail/dds_fastrtps/rover_speed_status__type_support.cpp.o[0m
[202.380s] [ 44%] [32mBuilding CXX object CMakeFiles/px4_msgs__rosidl_typesupport_introspection_cpp.dir/rosidl_typesupport_introspection_cpp/px4_msgs/msg/detail/sensor_hygrometer__type_support.cpp.o[0m
[202.405s] [ 44%] [32mBuilding CXX object CMakeFiles/px4_msgs__rosidl_typesupport_cpp.dir/rosidl_typesupport_cpp/px4_msgs/msg/vtol_vehicle_status__type_support.cpp.o[0m
[202.446s] [ 44%] [32mBuilding CXX object CMakeFiles/px4_msgs__rosidl_typesupport_fastrtps_cpp.dir/rosidl_typesupport_fastrtps_cpp/px4_msgs/msg/detail/dds_fastrtps/rover_steering_setpoint__type_support.cpp.o[0m
[202.823s] [ 44%] [32mBuilding CXX object CMakeFiles/px4_msgs__rosidl_typesupport_fastrtps_cpp.dir/rosidl_typesupport_fastrtps_cpp/px4_msgs/msg/detail/dds_fastrtps/rover_throttle_setpoint__type_support.cpp.o[0m
[202.830s] [ 44%] [32mBuilding CXX object CMakeFiles/px4_msgs__rosidl_typesupport_cpp.dir/rosidl_typesupport_cpp/px4_msgs/msg/wheel_encoders__type_support.cpp.o[0m
[202.843s] [ 44%] [32mBuilding CXX object CMakeFiles/px4_msgs__rosidl_typesupport_cpp.dir/rosidl_typesupport_cpp/px4_msgs/msg/wind__type_support.cpp.o[0m
[202.972s] [ 44%] [32mBuilding CXX object CMakeFiles/px4_msgs__rosidl_typesupport_introspection_cpp.dir/rosidl_typesupport_introspection_cpp/px4_msgs/msg/detail/sensor_mag__type_support.cpp.o[0m
[203.120s] [ 44%] [32mBuilding CXX object CMakeFiles/px4_msgs__rosidl_typesupport_fastrtps_cpp.dir/rosidl_typesupport_fastrtps_cpp/px4_msgs/msg/detail/dds_fastrtps/rpm__type_support.cpp.o[0m
[203.427s] [ 44%] [32mBuilding CXX object CMakeFiles/px4_msgs__rosidl_typesupport_cpp.dir/rosidl_typesupport_cpp/px4_msgs/msg/yaw_estimator_status__type_support.cpp.o[0m
[203.506s] [ 44%] [32mBuilding CXX object CMakeFiles/px4_msgs__rosidl_typesupport_cpp.dir/rosidl_typesupport_cpp/px4_msgs/srv/vehicle_command__type_support.cpp.o[0m
[203.622s] [ 44%] [32mBuilding CXX object CMakeFiles/px4_msgs__rosidl_typesupport_fastrtps_cpp.dir/rosidl_typesupport_fastrtps_cpp/px4_msgs/msg/detail/dds_fastrtps/rtl_status__type_support.cpp.o[0m
[203.794s] [ 44%] [32mBuilding CXX object CMakeFiles/px4_msgs__rosidl_typesupport_introspection_cpp.dir/rosidl_typesupport_introspection_cpp/px4_msgs/msg/detail/sensor_optical_flow__type_support.cpp.o[0m
[203.932s] [ 44%] [32mBuilding CXX object CMakeFiles/px4_msgs__rosidl_typesupport_fastrtps_cpp.dir/rosidl_typesupport_fastrtps_cpp/px4_msgs/msg/detail/dds_fastrtps/rtl_time_estimate__type_support.cpp.o[0m
[203.936s] [ 44%] [32mBuilding CXX object CMakeFiles/px4_msgs__rosidl_typesupport_fastrtps_cpp.dir/rosidl_typesupport_fastrtps_cpp/px4_msgs/msg/detail/dds_fastrtps/satellite_info__type_support.cpp.o[0m
[204.139s] [ 44%] [32m[1mLinking CXX shared library libpx4_msgs__rosidl_typesupport_cpp.so[0m
[204.340s] [ 44%] Built target px4_msgs__rosidl_typesupport_cpp
[204.369s] [ 44%] [32mBuilding CXX object CMakeFiles/px4_msgs__rosidl_typesupport_fastrtps_cpp.dir/rosidl_typesupport_fastrtps_cpp/px4_msgs/msg/detail/dds_fastrtps/sensor_accel__type_support.cpp.o[0m
[204.376s] [ 45%] [34m[1mGenerating C type support dispatch for ROS interfaces[0m
[204.385s] [ 46%] [34m[1mGenerating C introspection for ROS interfaces[0m
[204.399s] [ 47%] [34m[1mGenerating C type support for eProsima Fast-RTPS[0m
[204.581s] [ 47%] [32mBuilding CXX object CMakeFiles/px4_msgs__rosidl_typesupport_fastrtps_cpp.dir/rosidl_typesupport_fastrtps_cpp/px4_msgs/msg/detail/dds_fastrtps/sensor_accel_fifo__type_support.cpp.o[0m
[204.587s] [ 47%] [32mBuilding CXX object CMakeFiles/px4_msgs__rosidl_typesupport_introspection_cpp.dir/rosidl_typesupport_introspection_cpp/px4_msgs/msg/detail/sensor_preflight_mag__type_support.cpp.o[0m
[204.811s] [ 47%] [32mBuilding CXX object CMakeFiles/px4_msgs__rosidl_typesupport_fastrtps_cpp.dir/rosidl_typesupport_fastrtps_cpp/px4_msgs/msg/detail/dds_fastrtps/sensor_airflow__type_support.cpp.o[0m
[204.839s] [ 47%] [32mBuilding CXX object CMakeFiles/px4_msgs__rosidl_typesupport_fastrtps_cpp.dir/rosidl_typesupport_fastrtps_cpp/px4_msgs/msg/detail/dds_fastrtps/sensor_baro__type_support.cpp.o[0m
[205.541s] [ 47%] [32mBuilding CXX object CMakeFiles/px4_msgs__rosidl_typesupport_introspection_cpp.dir/rosidl_typesupport_introspection_cpp/px4_msgs/msg/detail/sensor_selection__type_support.cpp.o[0m
[205.615s] [ 47%] [32mBuilding CXX object CMakeFiles/px4_msgs__rosidl_typesupport_introspection_cpp.dir/rosidl_typesupport_introspection_cpp/px4_msgs/msg/detail/sensor_uwb__type_support.cpp.o[0m
[205.713s] [ 47%] [32mBuilding CXX object CMakeFiles/px4_msgs__rosidl_typesupport_introspection_cpp.dir/rosidl_typesupport_introspection_cpp/px4_msgs/msg/detail/sensors_status__type_support.cpp.o[0m
[205.809s] [ 47%] [32mBuilding CXX object CMakeFiles/px4_msgs__rosidl_typesupport_introspection_cpp.dir/rosidl_typesupport_introspection_cpp/px4_msgs/msg/detail/sensors_status_imu__type_support.cpp.o[0m
[205.888s] [ 47%] [32mBuilding CXX object CMakeFiles/px4_msgs__rosidl_typesupport_fastrtps_cpp.dir/rosidl_typesupport_fastrtps_cpp/px4_msgs/msg/detail/dds_fastrtps/sensor_combined__type_support.cpp.o[0m
[206.599s] [ 47%] [32mBuilding CXX object CMakeFiles/px4_msgs__rosidl_typesupport_fastrtps_cpp.dir/rosidl_typesupport_fastrtps_cpp/px4_msgs/msg/detail/dds_fastrtps/sensor_correction__type_support.cpp.o[0m
[206.684s] [ 47%] [32mBuilding CXX object CMakeFiles/px4_msgs__rosidl_typesupport_fastrtps_cpp.dir/rosidl_typesupport_fastrtps_cpp/px4_msgs/msg/detail/dds_fastrtps/sensor_gnss_relative__type_support.cpp.o[0m
[206.763s] [ 47%] [32mBuilding CXX object CMakeFiles/px4_msgs__rosidl_typesupport_fastrtps_cpp.dir/rosidl_typesupport_fastrtps_cpp/px4_msgs/msg/detail/dds_fastrtps/sensor_gnss_status__type_support.cpp.o[0m
[206.863s] [ 47%] [32mBuilding CXX object CMakeFiles/px4_msgs__rosidl_typesupport_introspection_cpp.dir/rosidl_typesupport_introspection_cpp/px4_msgs/msg/detail/system_power__type_support.cpp.o[0m
[206.969s] [ 47%] [32mBuilding CXX object CMakeFiles/px4_msgs__rosidl_typesupport_introspection_cpp.dir/rosidl_typesupport_introspection_cpp/px4_msgs/msg/detail/takeoff_status__type_support.cpp.o[0m
[207.774s] [ 47%] [32mBuilding CXX object CMakeFiles/px4_msgs__rosidl_typesupport_introspection_cpp.dir/rosidl_typesupport_introspection_cpp/px4_msgs/msg/detail/task_stack_info__type_support.cpp.o[0m
[207.897s] [ 47%] [32mBuilding CXX object CMakeFiles/px4_msgs__rosidl_typesupport_introspection_cpp.dir/rosidl_typesupport_introspection_cpp/px4_msgs/msg/detail/tecs_status__type_support.cpp.o[0m
[207.907s] [ 47%] [32mBuilding CXX object CMakeFiles/px4_msgs__rosidl_typesupport_fastrtps_cpp.dir/rosidl_typesupport_fastrtps_cpp/px4_msgs/msg/detail/dds_fastrtps/sensor_gps__type_support.cpp.o[0m
[207.957s] [ 47%] [32mBuilding CXX object CMakeFiles/px4_msgs__rosidl_typesupport_introspection_cpp.dir/rosidl_typesupport_introspection_cpp/px4_msgs/msg/detail/telemetry_status__type_support.cpp.o[0m
[208.141s] [ 47%] [32mBuilding CXX object CMakeFiles/px4_msgs__rosidl_typesupport_introspection_cpp.dir/rosidl_typesupport_introspection_cpp/px4_msgs/msg/detail/tiltrotor_extra_controls__type_support.cpp.o[0m
[208.777s] [ 47%] [32mBuilding CXX object CMakeFiles/px4_msgs__rosidl_typesupport_introspection_cpp.dir/rosidl_typesupport_introspection_cpp/px4_msgs/msg/detail/timesync_status__type_support.cpp.o[0m
[209.010s] [ 47%] [32mBuilding CXX object CMakeFiles/px4_msgs__rosidl_typesupport_fastrtps_cpp.dir/rosidl_typesupport_fastrtps_cpp/px4_msgs/msg/detail/dds_fastrtps/sensor_gyro__type_support.cpp.o[0m
[209.019s] [ 47%] [32mBuilding CXX object CMakeFiles/px4_msgs__rosidl_typesupport_fastrtps_cpp.dir/rosidl_typesupport_fastrtps_cpp/px4_msgs/msg/detail/dds_fastrtps/sensor_gyro_fft__type_support.cpp.o[0m
[209.054s] [ 48%] [32mBuilding CXX object CMakeFiles/px4_msgs__rosidl_typesupport_fastrtps_cpp.dir/rosidl_typesupport_fastrtps_cpp/px4_msgs/msg/detail/dds_fastrtps/sensor_gyro_fifo__type_support.cpp.o[0m
[209.121s] [ 48%] [32mBuilding CXX object CMakeFiles/px4_msgs__rosidl_typesupport_introspection_cpp.dir/rosidl_typesupport_introspection_cpp/px4_msgs/msg/detail/trajectory_setpoint__type_support.cpp.o[0m
[209.726s] [ 48%] [32mBuilding CXX object CMakeFiles/px4_msgs__rosidl_typesupport_fastrtps_cpp.dir/rosidl_typesupport_fastrtps_cpp/px4_msgs/msg/detail/dds_fastrtps/sensor_hygrometer__type_support.cpp.o[0m
[210.046s] [ 48%] [32mBuilding CXX object CMakeFiles/px4_msgs__rosidl_typesupport_fastrtps_cpp.dir/rosidl_typesupport_fastrtps_cpp/px4_msgs/msg/detail/dds_fastrtps/sensor_mag__type_support.cpp.o[0m
[210.093s] [ 48%] [32mBuilding CXX object CMakeFiles/px4_msgs__rosidl_typesupport_introspection_cpp.dir/rosidl_typesupport_introspection_cpp/px4_msgs/msg/detail/trajectory_setpoint6dof__type_support.cpp.o[0m
[210.097s] [ 48%] [32mBuilding CXX object CMakeFiles/px4_msgs__rosidl_typesupport_introspection_cpp.dir/rosidl_typesupport_introspection_cpp/px4_msgs/msg/detail/transponder_report__type_support.cpp.o[0m
[210.151s] [ 49%] [32mBuilding CXX object CMakeFiles/px4_msgs__rosidl_typesupport_introspection_cpp.dir/rosidl_typesupport_introspection_cpp/px4_msgs/msg/detail/tune_control__type_support.cpp.o[0m
[210.789s] [ 49%] [32mBuilding CXX object CMakeFiles/px4_msgs__rosidl_typesupport_introspection_cpp.dir/rosidl_typesupport_introspection_cpp/px4_msgs/msg/detail/uavcan_parameter_request__type_support.cpp.o[0m
[211.066s] [ 49%] [32mBuilding CXX object CMakeFiles/px4_msgs__rosidl_typesupport_fastrtps_cpp.dir/rosidl_typesupport_fastrtps_cpp/px4_msgs/msg/detail/dds_fastrtps/sensor_optical_flow__type_support.cpp.o[0m
[211.134s] [ 49%] [32mBuilding CXX object CMakeFiles/px4_msgs__rosidl_typesupport_fastrtps_cpp.dir/rosidl_typesupport_fastrtps_cpp/px4_msgs/msg/detail/dds_fastrtps/sensor_preflight_mag__type_support.cpp.o[0m
[211.225s] [ 49%] [32mBuilding CXX object CMakeFiles/px4_msgs__rosidl_typesupport_fastrtps_cpp.dir/rosidl_typesupport_fastrtps_cpp/px4_msgs/msg/detail/dds_fastrtps/sensor_selection__type_support.cpp.o[0m
[211.262s] [ 49%] [32mBuilding CXX object CMakeFiles/px4_msgs__rosidl_typesupport_introspection_cpp.dir/rosidl_typesupport_introspection_cpp/px4_msgs/msg/detail/uavcan_parameter_value__type_support.cpp.o[0m
[211.764s] [ 49%] [32mBuilding CXX object CMakeFiles/px4_msgs__rosidl_typesupport_fastrtps_cpp.dir/rosidl_typesupport_fastrtps_cpp/px4_msgs/msg/detail/dds_fastrtps/sensor_uwb__type_support.cpp.o[0m
[212.116s] [ 49%] [32mBuilding CXX object CMakeFiles/px4_msgs__rosidl_typesupport_introspection_cpp.dir/rosidl_typesupport_introspection_cpp/px4_msgs/msg/detail/ulog_stream__type_support.cpp.o[0m
[212.220s] [ 49%] [32mBuilding CXX object CMakeFiles/px4_msgs__rosidl_typesupport_fastrtps_cpp.dir/rosidl_typesupport_fastrtps_cpp/px4_msgs/msg/detail/dds_fastrtps/sensors_status__type_support.cpp.o[0m
[212.240s] [ 49%] [32mBuilding CXX object CMakeFiles/px4_msgs__rosidl_typesupport_introspection_cpp.dir/rosidl_typesupport_introspection_cpp/px4_msgs/msg/detail/ulog_stream_ack__type_support.cpp.o[0m
[212.264s] [ 49%] [32mBuilding CXX object CMakeFiles/px4_msgs__rosidl_typesupport_introspection_cpp.dir/rosidl_typesupport_introspection_cpp/px4_msgs/msg/detail/unregister_ext_component__type_support.cpp.o[0m
[212.799s] [ 49%] [32mBuilding CXX object CMakeFiles/px4_msgs__rosidl_typesupport_introspection_cpp.dir/rosidl_typesupport_introspection_cpp/px4_msgs/msg/detail/vehicle_acceleration__type_support.cpp.o[0m
[213.062s] [ 49%] [32mBuilding CXX object CMakeFiles/px4_msgs__rosidl_typesupport_fastrtps_cpp.dir/rosidl_typesupport_fastrtps_cpp/px4_msgs/msg/detail/dds_fastrtps/sensors_status_imu__type_support.cpp.o[0m
[213.196s] [ 49%] [32mBuilding CXX object CMakeFiles/px4_msgs__rosidl_typesupport_fastrtps_cpp.dir/rosidl_typesupport_fastrtps_cpp/px4_msgs/msg/detail/dds_fastrtps/system_power__type_support.cpp.o[0m
[213.255s] [ 49%] [32mBuilding CXX object CMakeFiles/px4_msgs__rosidl_typesupport_introspection_cpp.dir/rosidl_typesupport_introspection_cpp/px4_msgs/msg/detail/vehicle_air_data__type_support.cpp.o[0m
[213.269s] [ 49%] [32mBuilding CXX object CMakeFiles/px4_msgs__rosidl_typesupport_fastrtps_cpp.dir/rosidl_typesupport_fastrtps_cpp/px4_msgs/msg/detail/dds_fastrtps/takeoff_status__type_support.cpp.o[0m
[213.785s] [ 49%] [32mBuilding CXX object CMakeFiles/px4_msgs__rosidl_typesupport_introspection_cpp.dir/rosidl_typesupport_introspection_cpp/px4_msgs/msg/detail/vehicle_angular_acceleration_setpoint__type_support.cpp.o[0m
[214.208s] [ 49%] [32mBuilding CXX object CMakeFiles/px4_msgs__rosidl_typesupport_introspection_cpp.dir/rosidl_typesupport_introspection_cpp/px4_msgs/msg/detail/vehicle_angular_velocity__type_support.cpp.o[0m
[214.267s] [ 49%] [32mBuilding CXX object CMakeFiles/px4_msgs__rosidl_typesupport_introspection_cpp.dir/rosidl_typesupport_introspection_cpp/px4_msgs/msg/detail/vehicle_attitude__type_support.cpp.o[0m
[214.267s] [ 49%] [32mBuilding CXX object CMakeFiles/px4_msgs__rosidl_typesupport_introspection_cpp.dir/rosidl_typesupport_introspection_cpp/px4_msgs/msg/detail/vehicle_attitude_setpoint__type_support.cpp.o[0m
[214.285s] [ 49%] [32mBuilding CXX object CMakeFiles/px4_msgs__rosidl_typesupport_fastrtps_cpp.dir/rosidl_typesupport_fastrtps_cpp/px4_msgs/msg/detail/dds_fastrtps/task_stack_info__type_support.cpp.o[0m
[214.720s] [ 49%] [32mBuilding CXX object CMakeFiles/px4_msgs__rosidl_typesupport_fastrtps_cpp.dir/rosidl_typesupport_fastrtps_cpp/px4_msgs/msg/detail/dds_fastrtps/tecs_status__type_support.cpp.o[0m
[215.258s] [ 49%] [32mBuilding CXX object CMakeFiles/px4_msgs__rosidl_typesupport_fastrtps_cpp.dir/rosidl_typesupport_fastrtps_cpp/px4_msgs/msg/detail/dds_fastrtps/telemetry_status__type_support.cpp.o[0m
[215.352s] [ 49%] [32mBuilding CXX object CMakeFiles/px4_msgs__rosidl_typesupport_fastrtps_cpp.dir/rosidl_typesupport_fastrtps_cpp/px4_msgs/msg/detail/dds_fastrtps/tiltrotor_extra_controls__type_support.cpp.o[0m
[215.376s] [ 49%] [32mBuilding CXX object CMakeFiles/px4_msgs__rosidl_typesupport_fastrtps_cpp.dir/rosidl_typesupport_fastrtps_cpp/px4_msgs/msg/detail/dds_fastrtps/timesync_status__type_support.cpp.o[0m
[215.403s] [ 49%] [32mBuilding CXX object CMakeFiles/px4_msgs__rosidl_typesupport_introspection_cpp.dir/rosidl_typesupport_introspection_cpp/px4_msgs/msg/detail/vehicle_command__type_support.cpp.o[0m
[215.786s] [ 49%] [32mBuilding CXX object CMakeFiles/px4_msgs__rosidl_typesupport_fastrtps_cpp.dir/rosidl_typesupport_fastrtps_cpp/px4_msgs/msg/detail/dds_fastrtps/trajectory_setpoint__type_support.cpp.o[0m
[216.405s] [ 49%] [32mBuilding CXX object CMakeFiles/px4_msgs__rosidl_typesupport_fastrtps_cpp.dir/rosidl_typesupport_fastrtps_cpp/px4_msgs/msg/detail/dds_fastrtps/trajectory_setpoint6dof__type_support.cpp.o[0m
[216.487s] [ 49%] [32mBuilding CXX object CMakeFiles/px4_msgs__rosidl_typesupport_introspection_cpp.dir/rosidl_typesupport_introspection_cpp/px4_msgs/msg/detail/vehicle_command_ack__type_support.cpp.o[0m
[216.531s] [ 49%] [32mBuilding CXX object CMakeFiles/px4_msgs__rosidl_typesupport_introspection_cpp.dir/rosidl_typesupport_introspection_cpp/px4_msgs/msg/detail/vehicle_constraints__type_support.cpp.o[0m
[216.635s] [ 49%] [32mBuilding CXX object CMakeFiles/px4_msgs__rosidl_typesupport_introspection_cpp.dir/rosidl_typesupport_introspection_cpp/px4_msgs/msg/detail/vehicle_control_mode__type_support.cpp.o[0m
[216.999s] [ 49%] [32mBuilding CXX object CMakeFiles/px4_msgs__rosidl_typesupport_fastrtps_cpp.dir/rosidl_typesupport_fastrtps_cpp/px4_msgs/msg/detail/dds_fastrtps/transponder_report__type_support.cpp.o[0m
[217.552s] [ 50%] [32mBuilding CXX object CMakeFiles/px4_msgs__rosidl_typesupport_fastrtps_cpp.dir/rosidl_typesupport_fastrtps_cpp/px4_msgs/msg/detail/dds_fastrtps/tune_control__type_support.cpp.o[0m
[217.671s] [ 50%] [32mBuilding CXX object CMakeFiles/px4_msgs__rosidl_typesupport_fastrtps_cpp.dir/rosidl_typesupport_fastrtps_cpp/px4_msgs/msg/detail/dds_fastrtps/uavcan_parameter_request__type_support.cpp.o[0m
[217.728s] [ 50%] [32mBuilding CXX object CMakeFiles/px4_msgs__rosidl_typesupport_introspection_cpp.dir/rosidl_typesupport_introspection_cpp/px4_msgs/msg/detail/vehicle_global_position__type_support.cpp.o[0m
[217.796s] [ 50%] [32mBuilding CXX object CMakeFiles/px4_msgs__rosidl_typesupport_introspection_cpp.dir/rosidl_typesupport_introspection_cpp/px4_msgs/msg/detail/vehicle_imu__type_support.cpp.o[0m
[218.158s] [ 50%] [32mBuilding CXX object CMakeFiles/px4_msgs__rosidl_typesupport_introspection_cpp.dir/rosidl_typesupport_introspection_cpp/px4_msgs/msg/detail/vehicle_imu_status__type_support.cpp.o[0m
[218.745s] [ 50%] [32mBuilding CXX object CMakeFiles/px4_msgs__rosidl_typesupport_fastrtps_cpp.dir/rosidl_typesupport_fastrtps_cpp/px4_msgs/msg/detail/dds_fastrtps/uavcan_parameter_value__type_support.cpp.o[0m
[218.813s] [ 51%] [32mBuilding CXX object CMakeFiles/px4_msgs__rosidl_typesupport_introspection_cpp.dir/rosidl_typesupport_introspection_cpp/px4_msgs/msg/detail/vehicle_land_detected__type_support.cpp.o[0m
[218.890s] [ 51%] [32mBuilding CXX object CMakeFiles/px4_msgs__rosidl_typesupport_introspection_cpp.dir/rosidl_typesupport_introspection_cpp/px4_msgs/msg/detail/vehicle_local_position__type_support.cpp.o[0m
[218.909s] [ 51%] [32mBuilding CXX object CMakeFiles/px4_msgs__rosidl_typesupport_fastrtps_cpp.dir/rosidl_typesupport_fastrtps_cpp/px4_msgs/msg/detail/dds_fastrtps/ulog_stream__type_support.cpp.o[0m
[219.199s] [ 51%] [32mBuilding CXX object CMakeFiles/px4_msgs__rosidl_typesupport_fastrtps_cpp.dir/rosidl_typesupport_fastrtps_cpp/px4_msgs/msg/detail/dds_fastrtps/ulog_stream_ack__type_support.cpp.o[0m
[220.191s] [ 51%] [32mBuilding CXX object CMakeFiles/px4_msgs__rosidl_typesupport_introspection_cpp.dir/rosidl_typesupport_introspection_cpp/px4_msgs/msg/detail/vehicle_local_position_setpoint__type_support.cpp.o[0m
[220.336s] [ 51%] [32mBuilding CXX object CMakeFiles/px4_msgs__rosidl_typesupport_fastrtps_cpp.dir/rosidl_typesupport_fastrtps_cpp/px4_msgs/msg/detail/dds_fastrtps/vehicle_air_data__type_support.cpp.o[0m
[220.869s] [ 51%] [32mBuilding CXX object CMakeFiles/px4_msgs__rosidl_typesupport_introspection_cpp.dir/rosidl_typesupport_introspection_cpp/px4_msgs/msg/detail/vehicle_magnetometer__type_support.cpp.o[0m
[220.992s] [ 51%] [32mBuilding CXX object CMakeFiles/px4_msgs__rosidl_typesupport_fastrtps_cpp.dir/rosidl_typesupport_fastrtps_cpp/px4_msgs/msg/detail/dds_fastrtps/vehicle_angular_acceleration_setpoint__type_support.cpp.o[0m
[221.598s] [ 51%] [32mBuilding CXX object CMakeFiles/px4_msgs__rosidl_typesupport_introspection_cpp.dir/rosidl_typesupport_introspection_cpp/px4_msgs/msg/detail/vehicle_odometry__type_support.cpp.o[0m
[221.737s] [ 51%] [32mBuilding CXX object CMakeFiles/px4_msgs__rosidl_typesupport_fastrtps_cpp.dir/rosidl_typesupport_fastrtps_cpp/px4_msgs/msg/detail/dds_fastrtps/vehicle_angular_velocity__type_support.cpp.o[0m
[222.315s] [ 51%] [32mBuilding CXX object CMakeFiles/px4_msgs__rosidl_typesupport_introspection_cpp.dir/rosidl_typesupport_introspection_cpp/px4_msgs/msg/detail/vehicle_optical_flow__type_support.cpp.o[0m
[222.383s] [ 51%] [32mBuilding CXX object CMakeFiles/px4_msgs__rosidl_typesupport_fastrtps_cpp.dir/rosidl_typesupport_fastrtps_cpp/px4_msgs/msg/detail/dds_fastrtps/vehicle_attitude__type_support.cpp.o[0m
[222.973s] [ 51%] [32mBuilding CXX object CMakeFiles/px4_msgs__rosidl_typesupport_introspection_cpp.dir/rosidl_typesupport_introspection_cpp/px4_msgs/msg/detail/vehicle_optical_flow_vel__type_support.cpp.o[0m
[223.059s] [ 51%] [32mBuilding CXX object CMakeFiles/px4_msgs__rosidl_typesupport_fastrtps_cpp.dir/rosidl_typesupport_fastrtps_cpp/px4_msgs/msg/detail/dds_fastrtps/vehicle_attitude_setpoint__type_support.cpp.o[0m
[223.832s] [ 51%] [32mBuilding CXX object CMakeFiles/px4_msgs__rosidl_typesupport_introspection_cpp.dir/rosidl_typesupport_introspection_cpp/px4_msgs/msg/detail/vehicle_rates_setpoint__type_support.cpp.o[0m
[223.910s] [ 51%] [32mBuilding CXX object CMakeFiles/px4_msgs__rosidl_typesupport_fastrtps_cpp.dir/rosidl_typesupport_fastrtps_cpp/px4_msgs/msg/detail/dds_fastrtps/vehicle_command__type_support.cpp.o[0m
[224.570s] [ 51%] [32mBuilding CXX object CMakeFiles/px4_msgs__rosidl_typesupport_introspection_cpp.dir/rosidl_typesupport_introspection_cpp/px4_msgs/msg/detail/vehicle_status__type_support.cpp.o[0m
[224.570s] [ 51%] [32mBuilding CXX object CMakeFiles/px4_msgs__rosidl_typesupport_fastrtps_cpp.dir/rosidl_typesupport_fastrtps_cpp/px4_msgs/msg/detail/dds_fastrtps/unregister_ext_component__type_support.cpp.o[0m
[224.572s] [ 51%] [32mBuilding CXX object CMakeFiles/px4_msgs__rosidl_typesupport_fastrtps_cpp.dir/rosidl_typesupport_fastrtps_cpp/px4_msgs/msg/detail/dds_fastrtps/vehicle_acceleration__type_support.cpp.o[0m
[224.751s] [ 51%] [32mBuilding CXX object CMakeFiles/px4_msgs__rosidl_typesupport_introspection_cpp.dir/rosidl_typesupport_introspection_cpp/px4_msgs/msg/detail/vehicle_roi__type_support.cpp.o[0m
[225.503s] [ 51%] [32mBuilding CXX object CMakeFiles/px4_msgs__rosidl_typesupport_introspection_cpp.dir/rosidl_typesupport_introspection_cpp/px4_msgs/msg/detail/vehicle_thrust_setpoint__type_support.cpp.o[0m
[225.566s] [ 51%] [32mBuilding CXX object CMakeFiles/px4_msgs__rosidl_typesupport_fastrtps_cpp.dir/rosidl_typesupport_fastrtps_cpp/px4_msgs/msg/detail/dds_fastrtps/vehicle_command_ack__type_support.cpp.o[0m
[225.586s] [ 51%] [32mBuilding CXX object CMakeFiles/px4_msgs__rosidl_typesupport_fastrtps_cpp.dir/rosidl_typesupport_fastrtps_cpp/px4_msgs/msg/detail/dds_fastrtps/vehicle_constraints__type_support.cpp.o[0m
[225.755s] [ 51%] [32mBuilding CXX object CMakeFiles/px4_msgs__rosidl_typesupport_introspection_cpp.dir/rosidl_typesupport_introspection_cpp/px4_msgs/msg/detail/vehicle_torque_setpoint__type_support.cpp.o[0m
[226.213s] [ 51%] [32mBuilding CXX object CMakeFiles/px4_msgs__rosidl_typesupport_fastrtps_cpp.dir/rosidl_typesupport_fastrtps_cpp/px4_msgs/msg/detail/dds_fastrtps/vehicle_global_position__type_support.cpp.o[0m
[226.595s] [ 51%] [32mBuilding CXX object CMakeFiles/px4_msgs__rosidl_typesupport_fastrtps_cpp.dir/rosidl_typesupport_fastrtps_cpp/px4_msgs/msg/detail/dds_fastrtps/vehicle_control_mode__type_support.cpp.o[0m
[226.599s] [ 51%] [32mBuilding CXX object CMakeFiles/px4_msgs__rosidl_typesupport_introspection_cpp.dir/rosidl_typesupport_introspection_cpp/px4_msgs/msg/detail/velocity_limits__type_support.cpp.o[0m
[226.661s] [ 51%] [32mBuilding CXX object CMakeFiles/px4_msgs__rosidl_typesupport_fastrtps_cpp.dir/rosidl_typesupport_fastrtps_cpp/px4_msgs/msg/detail/dds_fastrtps/vehicle_imu__type_support.cpp.o[0m
[226.828s] [ 51%] [32mBuilding CXX object CMakeFiles/px4_msgs__rosidl_typesupport_introspection_cpp.dir/rosidl_typesupport_introspection_cpp/px4_msgs/msg/detail/vtol_vehicle_status__type_support.cpp.o[0m
[227.290s] [ 51%] [32mBuilding CXX object CMakeFiles/px4_msgs__rosidl_typesupport_introspection_cpp.dir/rosidl_typesupport_introspection_cpp/px4_msgs/msg/detail/wheel_encoders__type_support.cpp.o[0m
[228.345s] [ 51%] [32mBuilding CXX object CMakeFiles/px4_msgs__rosidl_typesupport_introspection_cpp.dir/rosidl_typesupport_introspection_cpp/px4_msgs/msg/detail/wind__type_support.cpp.o[0m
[228.345s] [ 51%] [32mBuilding CXX object CMakeFiles/px4_msgs__rosidl_typesupport_fastrtps_cpp.dir/rosidl_typesupport_fastrtps_cpp/px4_msgs/msg/detail/dds_fastrtps/vehicle_imu_status__type_support.cpp.o[0m
[228.408s] [ 52%] [32mBuilding CXX object CMakeFiles/px4_msgs__rosidl_typesupport_fastrtps_cpp.dir/rosidl_typesupport_fastrtps_cpp/px4_msgs/msg/detail/dds_fastrtps/vehicle_land_detected__type_support.cpp.o[0m
[228.412s] [ 52%] [32mBuilding CXX object CMakeFiles/px4_msgs__rosidl_typesupport_introspection_cpp.dir/rosidl_typesupport_introspection_cpp/px4_msgs/msg/detail/yaw_estimator_status__type_support.cpp.o[0m
[228.427s] [ 52%] [32mBuilding CXX object CMakeFiles/px4_msgs__rosidl_typesupport_introspection_cpp.dir/rosidl_typesupport_introspection_cpp/px4_msgs/srv/detail/vehicle_command__type_support.cpp.o[0m
[229.838s] [ 52%] [32m[1mLinking CXX shared library libpx4_msgs__rosidl_typesupport_introspection_cpp.so[0m
[229.941s] [ 52%] [32mBuilding CXX object CMakeFiles/px4_msgs__rosidl_typesupport_fastrtps_cpp.dir/rosidl_typesupport_fastrtps_cpp/px4_msgs/msg/detail/dds_fastrtps/vehicle_magnetometer__type_support.cpp.o[0m
[230.129s] [ 52%] Built target px4_msgs__rosidl_typesupport_introspection_cpp
[230.779s] [ 52%] [32mBuilding CXX object CMakeFiles/px4_msgs__rosidl_typesupport_fastrtps_cpp.dir/rosidl_typesupport_fastrtps_cpp/px4_msgs/msg/detail/dds_fastrtps/vehicle_optical_flow__type_support.cpp.o[0m
[231.463s] [ 52%] [32mBuilding CXX object CMakeFiles/px4_msgs__rosidl_typesupport_fastrtps_cpp.dir/rosidl_typesupport_fastrtps_cpp/px4_msgs/msg/detail/dds_fastrtps/vehicle_optical_flow_vel__type_support.cpp.o[0m
[232.111s] [ 52%] [32mBuilding CXX object CMakeFiles/px4_msgs__rosidl_typesupport_fastrtps_cpp.dir/rosidl_typesupport_fastrtps_cpp/px4_msgs/msg/detail/dds_fastrtps/vehicle_rates_setpoint__type_support.cpp.o[0m
[232.764s] [ 52%] [32mBuilding CXX object CMakeFiles/px4_msgs__rosidl_typesupport_fastrtps_cpp.dir/rosidl_typesupport_fastrtps_cpp/px4_msgs/msg/detail/dds_fastrtps/vehicle_roi__type_support.cpp.o[0m
[233.429s] [ 52%] [32mBuilding CXX object CMakeFiles/px4_msgs__rosidl_typesupport_fastrtps_cpp.dir/rosidl_typesupport_fastrtps_cpp/px4_msgs/msg/detail/dds_fastrtps/vehicle_status__type_support.cpp.o[0m
[234.355s] [ 52%] [32mBuilding CXX object CMakeFiles/px4_msgs__rosidl_typesupport_fastrtps_cpp.dir/rosidl_typesupport_fastrtps_cpp/px4_msgs/msg/detail/dds_fastrtps/vehicle_thrust_setpoint__type_support.cpp.o[0m
[234.357s] [ 52%] [32mBuilding CXX object CMakeFiles/px4_msgs__rosidl_typesupport_fastrtps_cpp.dir/rosidl_typesupport_fastrtps_cpp/px4_msgs/msg/detail/dds_fastrtps/vehicle_odometry__type_support.cpp.o[0m
[235.220s] [ 52%] [32mBuilding CXX object CMakeFiles/px4_msgs__rosidl_typesupport_fastrtps_cpp.dir/rosidl_typesupport_fastrtps_cpp/px4_msgs/msg/detail/dds_fastrtps/vehicle_torque_setpoint__type_support.cpp.o[0m
[235.333s] [ 52%] [32mBuilding CXX object CMakeFiles/px4_msgs__rosidl_typesupport_fastrtps_cpp.dir/rosidl_typesupport_fastrtps_cpp/px4_msgs/msg/detail/dds_fastrtps/velocity_limits__type_support.cpp.o[0m
[236.217s] [ 52%] [32mBuilding CXX object CMakeFiles/px4_msgs__rosidl_typesupport_fastrtps_cpp.dir/rosidl_typesupport_fastrtps_cpp/px4_msgs/msg/detail/dds_fastrtps/vtol_vehicle_status__type_support.cpp.o[0m
[236.284s] [ 52%] [32mBuilding CXX object CMakeFiles/px4_msgs__rosidl_typesupport_fastrtps_cpp.dir/rosidl_typesupport_fastrtps_cpp/px4_msgs/msg/detail/dds_fastrtps/wheel_encoders__type_support.cpp.o[0m
[237.137s] [ 52%] [32mBuilding CXX object CMakeFiles/px4_msgs__rosidl_typesupport_fastrtps_cpp.dir/rosidl_typesupport_fastrtps_cpp/px4_msgs/msg/detail/dds_fastrtps/wind__type_support.cpp.o[0m
[237.140s] [ 52%] [32mBuilding CXX object CMakeFiles/px4_msgs__rosidl_typesupport_fastrtps_cpp.dir/rosidl_typesupport_fastrtps_cpp/px4_msgs/msg/detail/dds_fastrtps/yaw_estimator_status__type_support.cpp.o[0m
[238.067s] [ 52%] [32mBuilding CXX object CMakeFiles/px4_msgs__rosidl_typesupport_fastrtps_cpp.dir/rosidl_typesupport_fastrtps_cpp/px4_msgs/srv/detail/dds_fastrtps/vehicle_command__type_support.cpp.o[0m
[238.173s] [ 52%] [32mBuilding CXX object CMakeFiles/px4_msgs__rosidl_typesupport_fastrtps_cpp.dir/rosidl_typesupport_fastrtps_cpp/px4_msgs/msg/detail/dds_fastrtps/vehicle_local_position_setpoint__type_support.cpp.o[0m
[238.916s] [ 52%] [32mBuilding CXX object CMakeFiles/px4_msgs__rosidl_typesupport_fastrtps_cpp.dir/rosidl_typesupport_fastrtps_cpp/px4_msgs/msg/detail/dds_fastrtps/vehicle_local_position__type_support.cpp.o[0m
[239.679s] [ 52%] [32m[1mLinking CXX shared library libpx4_msgs__rosidl_typesupport_fastrtps_cpp.so[0m
[239.932s] [ 52%] Built target px4_msgs__rosidl_typesupport_fastrtps_cpp
[264.129s] [ 52%] [32mBuilding CXX object CMakeFiles/px4_msgs__rosidl_typesupport_c.dir/rosidl_typesupport_c/px4_msgs/msg/action_request__type_support.cpp.o[0m
[264.129s] [ 52%] [32mBuilding CXX object CMakeFiles/px4_msgs__rosidl_typesupport_c.dir/rosidl_typesupport_c/px4_msgs/msg/actuator_armed__type_support.cpp.o[0m
[264.129s] [ 52%] [32mBuilding CXX object CMakeFiles/px4_msgs__rosidl_typesupport_c.dir/rosidl_typesupport_c/px4_msgs/msg/actuator_controls_status__type_support.cpp.o[0m
[264.130s] [ 52%] [32mBuilding CXX object CMakeFiles/px4_msgs__rosidl_typesupport_c.dir/rosidl_typesupport_c/px4_msgs/msg/actuator_motors__type_support.cpp.o[0m
[264.215s] [ 52%] [32mBuilding CXX object CMakeFiles/px4_msgs__rosidl_typesupport_c.dir/rosidl_typesupport_c/px4_msgs/msg/actuator_servos__type_support.cpp.o[0m
[264.215s] [ 52%] [32mBuilding CXX object CMakeFiles/px4_msgs__rosidl_typesupport_c.dir/rosidl_typesupport_c/px4_msgs/msg/actuator_outputs__type_support.cpp.o[0m
[264.216s] [ 52%] [32mBuilding CXX object CMakeFiles/px4_msgs__rosidl_typesupport_c.dir/rosidl_typesupport_c/px4_msgs/msg/actuator_servos_trim__type_support.cpp.o[0m
[264.219s] [ 52%] [32mBuilding CXX object CMakeFiles/px4_msgs__rosidl_typesupport_c.dir/rosidl_typesupport_c/px4_msgs/msg/actuator_test__type_support.cpp.o[0m
[264.280s] [ 52%] [32mBuilding CXX object CMakeFiles/px4_msgs__rosidl_typesupport_c.dir/rosidl_typesupport_c/px4_msgs/msg/airspeed__type_support.cpp.o[0m
[264.291s] [ 52%] [32mBuilding CXX object CMakeFiles/px4_msgs__rosidl_typesupport_c.dir/rosidl_typesupport_c/px4_msgs/msg/airspeed_validated__type_support.cpp.o[0m
[264.301s] [ 52%] [32mBuilding CXX object CMakeFiles/px4_msgs__rosidl_typesupport_c.dir/rosidl_typesupport_c/px4_msgs/msg/airspeed_wind__type_support.cpp.o[0m
[264.303s] [ 52%] [32mBuilding CXX object CMakeFiles/px4_msgs__rosidl_typesupport_c.dir/rosidl_typesupport_c/px4_msgs/msg/arming_check_reply__type_support.cpp.o[0m
[264.359s] [ 52%] [32mBuilding CXX object CMakeFiles/px4_msgs__rosidl_typesupport_c.dir/rosidl_typesupport_c/px4_msgs/msg/arming_check_request__type_support.cpp.o[0m
[264.370s] [ 52%] [32mBuilding CXX object CMakeFiles/px4_msgs__rosidl_typesupport_c.dir/rosidl_typesupport_c/px4_msgs/msg/autotune_attitude_control_status__type_support.cpp.o[0m
[264.385s] [ 52%] [32mBuilding CXX object CMakeFiles/px4_msgs__rosidl_typesupport_c.dir/rosidl_typesupport_c/px4_msgs/msg/battery_info__type_support.cpp.o[0m
[264.392s] [ 52%] [32mBuilding CXX object CMakeFiles/px4_msgs__rosidl_typesupport_c.dir/rosidl_typesupport_c/px4_msgs/msg/battery_status__type_support.cpp.o[0m
[264.449s] [ 52%] [32mBuilding CXX object CMakeFiles/px4_msgs__rosidl_typesupport_c.dir/rosidl_typesupport_c/px4_msgs/msg/button_event__type_support.cpp.o[0m
[264.452s] [ 52%] [32mBuilding CXX object CMakeFiles/px4_msgs__rosidl_typesupport_c.dir/rosidl_typesupport_c/px4_msgs/msg/camera_capture__type_support.cpp.o[0m
[264.464s] [ 53%] [32mBuilding CXX object CMakeFiles/px4_msgs__rosidl_typesupport_c.dir/rosidl_typesupport_c/px4_msgs/msg/camera_status__type_support.cpp.o[0m
[264.479s] [ 53%] [32mBuilding CXX object CMakeFiles/px4_msgs__rosidl_typesupport_c.dir/rosidl_typesupport_c/px4_msgs/msg/camera_trigger__type_support.cpp.o[0m
[264.539s] [ 53%] [32mBuilding CXX object CMakeFiles/px4_msgs__rosidl_typesupport_c.dir/rosidl_typesupport_c/px4_msgs/msg/can_interface_status__type_support.cpp.o[0m
[264.544s] [ 53%] [32mBuilding CXX object CMakeFiles/px4_msgs__rosidl_typesupport_c.dir/rosidl_typesupport_c/px4_msgs/msg/cellular_status__type_support.cpp.o[0m
[264.550s] [ 53%] [32mBuilding CXX object CMakeFiles/px4_msgs__rosidl_typesupport_c.dir/rosidl_typesupport_c/px4_msgs/msg/collision_constraints__type_support.cpp.o[0m
[264.577s] [ 53%] [32mBuilding CXX object CMakeFiles/px4_msgs__rosidl_typesupport_c.dir/rosidl_typesupport_c/px4_msgs/msg/config_overrides__type_support.cpp.o[0m
[264.630s] [ 53%] [32mBuilding CXX object CMakeFiles/px4_msgs__rosidl_typesupport_c.dir/rosidl_typesupport_c/px4_msgs/msg/cpuload__type_support.cpp.o[0m
[264.631s] [ 53%] [32mBuilding CXX object CMakeFiles/px4_msgs__rosidl_typesupport_c.dir/rosidl_typesupport_c/px4_msgs/msg/control_allocator_status__type_support.cpp.o[0m
[264.644s] [ 53%] [32mBuilding CXX object CMakeFiles/px4_msgs__rosidl_typesupport_c.dir/rosidl_typesupport_c/px4_msgs/msg/dataman_request__type_support.cpp.o[0m
[264.667s] [ 53%] [32mBuilding CXX object CMakeFiles/px4_msgs__rosidl_typesupport_c.dir/rosidl_typesupport_c/px4_msgs/msg/dataman_response__type_support.cpp.o[0m
[264.714s] [ 53%] [32mBuilding CXX object CMakeFiles/px4_msgs__rosidl_typesupport_c.dir/rosidl_typesupport_c/px4_msgs/msg/debug_array__type_support.cpp.o[0m
[264.721s] [ 53%] [32mBuilding CXX object CMakeFiles/px4_msgs__rosidl_typesupport_c.dir/rosidl_typesupport_c/px4_msgs/msg/debug_key_value__type_support.cpp.o[0m
[264.733s] [ 53%] [32mBuilding CXX object CMakeFiles/px4_msgs__rosidl_typesupport_c.dir/rosidl_typesupport_c/px4_msgs/msg/debug_value__type_support.cpp.o[0m
[264.754s] [ 53%] [32mBuilding CXX object CMakeFiles/px4_msgs__rosidl_typesupport_c.dir/rosidl_typesupport_c/px4_msgs/msg/debug_vect__type_support.cpp.o[0m
[264.797s] [ 53%] [32mBuilding CXX object CMakeFiles/px4_msgs__rosidl_typesupport_c.dir/rosidl_typesupport_c/px4_msgs/msg/differential_pressure__type_support.cpp.o[0m
[264.801s] [ 53%] [32mBuilding CXX object CMakeFiles/px4_msgs__rosidl_typesupport_c.dir/rosidl_typesupport_c/px4_msgs/msg/distance_sensor__type_support.cpp.o[0m
[264.805s] [ 53%] [32mBuilding CXX object CMakeFiles/px4_msgs__rosidl_typesupport_c.dir/rosidl_typesupport_c/px4_msgs/msg/distance_sensor_mode_change_request__type_support.cpp.o[0m
[264.829s] [ 53%] [32mBuilding CXX object CMakeFiles/px4_msgs__rosidl_typesupport_c.dir/rosidl_typesupport_c/px4_msgs/msg/dronecan_node_status__type_support.cpp.o[0m
[264.877s] [ 53%] [32mBuilding CXX object CMakeFiles/px4_msgs__rosidl_typesupport_c.dir/rosidl_typesupport_c/px4_msgs/msg/ekf2_timestamps__type_support.cpp.o[0m
[264.878s] [ 54%] [32mBuilding CXX object CMakeFiles/px4_msgs__rosidl_typesupport_c.dir/rosidl_typesupport_c/px4_msgs/msg/esc_report__type_support.cpp.o[0m
[264.884s] [ 54%] [32mBuilding CXX object CMakeFiles/px4_msgs__rosidl_typesupport_c.dir/rosidl_typesupport_c/px4_msgs/msg/esc_status__type_support.cpp.o[0m
[264.907s] [ 54%] [32mBuilding CXX object CMakeFiles/px4_msgs__rosidl_typesupport_c.dir/rosidl_typesupport_c/px4_msgs/msg/estimator_aid_source1d__type_support.cpp.o[0m
[264.955s] [ 54%] [32mBuilding CXX object CMakeFiles/px4_msgs__rosidl_typesupport_c.dir/rosidl_typesupport_c/px4_msgs/msg/estimator_aid_source2d__type_support.cpp.o[0m
[264.960s] [ 54%] [32mBuilding CXX object CMakeFiles/px4_msgs__rosidl_typesupport_c.dir/rosidl_typesupport_c/px4_msgs/msg/estimator_aid_source3d__type_support.cpp.o[0m
[264.963s] [ 54%] [32mBuilding CXX object CMakeFiles/px4_msgs__rosidl_typesupport_c.dir/rosidl_typesupport_c/px4_msgs/msg/estimator_bias__type_support.cpp.o[0m
[265.004s] [ 54%] [32mBuilding CXX object CMakeFiles/px4_msgs__rosidl_typesupport_c.dir/rosidl_typesupport_c/px4_msgs/msg/estimator_bias3d__type_support.cpp.o[0m
[265.008s] [ 54%] [32mBuilding CXX object CMakeFiles/px4_msgs__rosidl_typesupport_c.dir/rosidl_typesupport_c/px4_msgs/msg/adc_report__type_support.cpp.o[0m
[265.009s] [ 54%] [32mBuilding CXX object CMakeFiles/px4_msgs__rosidl_typesupport_c.dir/rosidl_typesupport_c/px4_msgs/msg/estimator_event_flags__type_support.cpp.o[0m
[265.061s] [ 54%] [32mBuilding CXX object CMakeFiles/px4_msgs__rosidl_typesupport_c.dir/rosidl_typesupport_c/px4_msgs/msg/estimator_innovations__type_support.cpp.o[0m
[265.061s] [ 54%] [32mBuilding CXX object CMakeFiles/px4_msgs__rosidl_typesupport_c.dir/rosidl_typesupport_c/px4_msgs/msg/estimator_gps_status__type_support.cpp.o[0m
[265.071s] [ 54%] [32mBuilding CXX object CMakeFiles/px4_msgs__rosidl_typesupport_c.dir/rosidl_typesupport_c/px4_msgs/msg/estimator_selector_status__type_support.cpp.o[0m
[265.109s] [ 54%] [32mBuilding CXX object CMakeFiles/px4_msgs__rosidl_typesupport_c.dir/rosidl_typesupport_c/px4_msgs/msg/estimator_sensor_bias__type_support.cpp.o[0m
[265.111s] [ 54%] [32mBuilding CXX object CMakeFiles/px4_msgs__rosidl_typesupport_c.dir/rosidl_typesupport_c/px4_msgs/msg/estimator_states__type_support.cpp.o[0m
[265.115s] [ 54%] [32mBuilding CXX object CMakeFiles/px4_msgs__rosidl_typesupport_c.dir/rosidl_typesupport_c/px4_msgs/msg/estimator_status__type_support.cpp.o[0m
[265.182s] [ 54%] [32mBuilding CXX object CMakeFiles/px4_msgs__rosidl_typesupport_c.dir/rosidl_typesupport_c/px4_msgs/msg/estimator_status_flags__type_support.cpp.o[0m
[265.182s] [ 54%] [32mBuilding CXX object CMakeFiles/px4_msgs__rosidl_typesupport_c.dir/rosidl_typesupport_c/px4_msgs/msg/event__type_support.cpp.o[0m
[265.206s] [ 54%] [32mBuilding CXX object CMakeFiles/px4_msgs__rosidl_typesupport_c.dir/rosidl_typesupport_c/px4_msgs/msg/failsafe_flags__type_support.cpp.o[0m
[265.218s] [ 54%] [32mBuilding CXX object CMakeFiles/px4_msgs__rosidl_typesupport_c.dir/rosidl_typesupport_c/px4_msgs/msg/failure_detector_status__type_support.cpp.o[0m
[265.218s] [ 54%] [32mBuilding CXX object CMakeFiles/px4_msgs__rosidl_typesupport_c.dir/rosidl_typesupport_c/px4_msgs/msg/figure_eight_status__type_support.cpp.o[0m
[265.225s] [ 55%] [32mBuilding CXX object CMakeFiles/px4_msgs__rosidl_typesupport_c.dir/rosidl_typesupport_c/px4_msgs/msg/fixed_wing_lateral_guidance_status__type_support.cpp.o[0m
[265.293s] [ 55%] [32mBuilding CXX object CMakeFiles/px4_msgs__rosidl_typesupport_c.dir/rosidl_typesupport_c/px4_msgs/msg/fixed_wing_lateral_setpoint__type_support.cpp.o[0m
[265.313s] [ 55%] [32mBuilding CXX object CMakeFiles/px4_msgs__rosidl_typesupport_c.dir/rosidl_typesupport_c/px4_msgs/msg/fixed_wing_lateral_status__type_support.cpp.o[0m
[265.320s] [ 55%] [32mBuilding CXX object CMakeFiles/px4_msgs__rosidl_typesupport_c.dir/rosidl_typesupport_c/px4_msgs/msg/fixed_wing_longitudinal_setpoint__type_support.cpp.o[0m
[265.322s] [ 55%] [32mBuilding CXX object CMakeFiles/px4_msgs__rosidl_typesupport_c.dir/rosidl_typesupport_c/px4_msgs/msg/fixed_wing_runway_control__type_support.cpp.o[0m
[265.327s] [ 55%] [32mBuilding CXX object CMakeFiles/px4_msgs__rosidl_typesupport_c.dir/rosidl_typesupport_c/px4_msgs/msg/flight_phase_estimation__type_support.cpp.o[0m
[265.350s] [ 55%] [32mBuilding CXX object CMakeFiles/px4_msgs__rosidl_typesupport_c.dir/rosidl_typesupport_c/px4_msgs/msg/follow_target__type_support.cpp.o[0m
[265.413s] [ 55%] [32mBuilding CXX object CMakeFiles/px4_msgs__rosidl_typesupport_c.dir/rosidl_typesupport_c/px4_msgs/msg/follow_target_estimator__type_support.cpp.o[0m
[265.434s] [ 55%] [32mBuilding CXX object CMakeFiles/px4_msgs__rosidl_typesupport_c.dir/rosidl_typesupport_c/px4_msgs/msg/follow_target_status__type_support.cpp.o[0m
[265.434s] [ 55%] [32mBuilding CXX object CMakeFiles/px4_msgs__rosidl_typesupport_c.dir/rosidl_typesupport_c/px4_msgs/msg/fuel_tank_status__type_support.cpp.o[0m
[265.438s] [ 55%] [32mBuilding CXX object CMakeFiles/px4_msgs__rosidl_typesupport_c.dir/rosidl_typesupport_c/px4_msgs/msg/generator_status__type_support.cpp.o[0m
[265.445s] [ 55%] [32mBuilding CXX object CMakeFiles/px4_msgs__rosidl_typesupport_c.dir/rosidl_typesupport_c/px4_msgs/msg/geofence_result__type_support.cpp.o[0m
[265.457s] [ 55%] [32mBuilding CXX object CMakeFiles/px4_msgs__rosidl_typesupport_c.dir/rosidl_typesupport_c/px4_msgs/msg/geofence_status__type_support.cpp.o[0m
[265.535s] [ 55%] [32mBuilding CXX object CMakeFiles/px4_msgs__rosidl_typesupport_c.dir/rosidl_typesupport_c/px4_msgs/msg/gimbal_controls__type_support.cpp.o[0m
[265.550s] [ 55%] [32mBuilding CXX object CMakeFiles/px4_msgs__rosidl_typesupport_c.dir/rosidl_typesupport_c/px4_msgs/msg/gimbal_device_attitude_status__type_support.cpp.o[0m
[265.560s] [ 55%] [32mBuilding CXX object CMakeFiles/px4_msgs__rosidl_typesupport_c.dir/rosidl_typesupport_c/px4_msgs/msg/gimbal_device_set_attitude__type_support.cpp.o[0m
[265.563s] [ 55%] [32mBuilding CXX object CMakeFiles/px4_msgs__rosidl_typesupport_c.dir/rosidl_typesupport_c/px4_msgs/msg/gimbal_manager_information__type_support.cpp.o[0m
[265.563s] [ 55%] [32mBuilding CXX object CMakeFiles/px4_msgs__rosidl_typesupport_c.dir/rosidl_typesupport_c/px4_msgs/msg/gimbal_device_information__type_support.cpp.o[0m
[265.577s] [ 55%] [32mBuilding CXX object CMakeFiles/px4_msgs__rosidl_typesupport_c.dir/rosidl_typesupport_c/px4_msgs/msg/gimbal_manager_set_attitude__type_support.cpp.o[0m
[265.650s] [ 56%] [32mBuilding CXX object CMakeFiles/px4_msgs__rosidl_typesupport_c.dir/rosidl_typesupport_c/px4_msgs/msg/gimbal_manager_set_manual_control__type_support.cpp.o[0m
[265.672s] [ 56%] [32mBuilding CXX object CMakeFiles/px4_msgs__rosidl_typesupport_c.dir/rosidl_typesupport_c/px4_msgs/msg/gimbal_manager_status__type_support.cpp.o[0m
[265.682s] [ 56%] [32mBuilding CXX object CMakeFiles/px4_msgs__rosidl_typesupport_c.dir/rosidl_typesupport_c/px4_msgs/msg/goto_setpoint__type_support.cpp.o[0m
[265.690s] [ 56%] [32mBuilding CXX object CMakeFiles/px4_msgs__rosidl_typesupport_c.dir/rosidl_typesupport_c/px4_msgs/msg/gpio_in__type_support.cpp.o[0m
[265.691s] [ 56%] [32mBuilding CXX object CMakeFiles/px4_msgs__rosidl_typesupport_c.dir/rosidl_typesupport_c/px4_msgs/msg/gpio_config__type_support.cpp.o[0m
[265.701s] [ 56%] [32mBuilding CXX object CMakeFiles/px4_msgs__rosidl_typesupport_c.dir/rosidl_typesupport_c/px4_msgs/msg/gpio_out__type_support.cpp.o[0m
[265.752s] [ 56%] [32mBuilding CXX object CMakeFiles/px4_msgs__rosidl_typesupport_c.dir/rosidl_typesupport_c/px4_msgs/msg/gpio_request__type_support.cpp.o[0m
[265.792s] [ 56%] [32mBuilding CXX object CMakeFiles/px4_msgs__rosidl_typesupport_c.dir/rosidl_typesupport_c/px4_msgs/msg/gps_dump__type_support.cpp.o[0m
[265.815s] [ 56%] [32mBuilding CXX object CMakeFiles/px4_msgs__rosidl_typesupport_c.dir/rosidl_typesupport_c/px4_msgs/msg/gps_inject_data__type_support.cpp.o[0m
[265.820s] [ 56%] [32mBuilding CXX object CMakeFiles/px4_msgs__rosidl_typesupport_c.dir/rosidl_typesupport_c/px4_msgs/msg/gripper__type_support.cpp.o[0m
[265.832s] [ 56%] [32mBuilding CXX object CMakeFiles/px4_msgs__rosidl_typesupport_c.dir/rosidl_typesupport_c/px4_msgs/msg/health_report__type_support.cpp.o[0m
[265.849s] [ 56%] [32mBuilding CXX object CMakeFiles/px4_msgs__rosidl_typesupport_c.dir/rosidl_typesupport_c/px4_msgs/msg/heater_status__type_support.cpp.o[0m
[265.861s] [ 56%] [32mBuilding CXX object CMakeFiles/px4_msgs__rosidl_typesupport_c.dir/rosidl_typesupport_c/px4_msgs/msg/home_position__type_support.cpp.o[0m
[265.931s] [ 56%] [32mBuilding CXX object CMakeFiles/px4_msgs__rosidl_typesupport_c.dir/rosidl_typesupport_c/px4_msgs/msg/hover_thrust_estimate__type_support.cpp.o[0m
[265.932s] [ 56%] [32mBuilding CXX object CMakeFiles/px4_msgs__rosidl_typesupport_c.dir/rosidl_typesupport_c/px4_msgs/msg/input_rc__type_support.cpp.o[0m
[265.944s] [ 56%] [32mBuilding CXX object CMakeFiles/px4_msgs__rosidl_typesupport_c.dir/rosidl_typesupport_c/px4_msgs/msg/internal_combustion_engine_control__type_support.cpp.o[0m
[265.972s] [ 56%] [32mBuilding CXX object CMakeFiles/px4_msgs__rosidl_typesupport_c.dir/rosidl_typesupport_c/px4_msgs/msg/iridiumsbd_status__type_support.cpp.o[0m
[265.975s] [ 56%] [32mBuilding CXX object CMakeFiles/px4_msgs__rosidl_typesupport_c.dir/rosidl_typesupport_c/px4_msgs/msg/internal_combustion_engine_status__type_support.cpp.o[0m
[265.980s] [ 56%] [32mBuilding CXX object CMakeFiles/px4_msgs__rosidl_typesupport_c.dir/rosidl_typesupport_c/px4_msgs/msg/irlock_report__type_support.cpp.o[0m
[266.036s] [ 57%] [32mBuilding CXX object CMakeFiles/px4_msgs__rosidl_typesupport_c.dir/rosidl_typesupport_c/px4_msgs/msg/landing_gear__type_support.cpp.o[0m
[266.049s] [ 57%] [32mBuilding CXX object CMakeFiles/px4_msgs__rosidl_typesupport_c.dir/rosidl_typesupport_c/px4_msgs/msg/landing_gear_wheel__type_support.cpp.o[0m
[266.069s] [ 57%] [32mBuilding CXX object CMakeFiles/px4_msgs__rosidl_typesupport_c.dir/rosidl_typesupport_c/px4_msgs/msg/landing_target_innovations__type_support.cpp.o[0m
[266.103s] [ 57%] [32mBuilding CXX object CMakeFiles/px4_msgs__rosidl_typesupport_c.dir/rosidl_typesupport_c/px4_msgs/msg/landing_target_pose__type_support.cpp.o[0m
[266.105s] [ 57%] [32mBuilding CXX object CMakeFiles/px4_msgs__rosidl_typesupport_c.dir/rosidl_typesupport_c/px4_msgs/msg/lateral_control_configuration__type_support.cpp.o[0m
[266.125s] [ 57%] [32mBuilding CXX object CMakeFiles/px4_msgs__rosidl_typesupport_c.dir/rosidl_typesupport_c/px4_msgs/msg/launch_detection_status__type_support.cpp.o[0m
[266.140s] [ 57%] [32mBuilding CXX object CMakeFiles/px4_msgs__rosidl_typesupport_c.dir/rosidl_typesupport_c/px4_msgs/msg/led_control__type_support.cpp.o[0m
[266.165s] [ 57%] [32mBuilding CXX object CMakeFiles/px4_msgs__rosidl_typesupport_c.dir/rosidl_typesupport_c/px4_msgs/msg/log_message__type_support.cpp.o[0m
[266.209s] [ 57%] [32mBuilding CXX object CMakeFiles/px4_msgs__rosidl_typesupport_c.dir/rosidl_typesupport_c/px4_msgs/msg/logger_status__type_support.cpp.o[0m
[266.214s] [ 57%] [32mBuilding CXX object CMakeFiles/px4_msgs__rosidl_typesupport_c.dir/rosidl_typesupport_c/px4_msgs/msg/longitudinal_control_configuration__type_support.cpp.o[0m
[266.234s] [ 57%] [32mBuilding CXX object CMakeFiles/px4_msgs__rosidl_typesupport_c.dir/rosidl_typesupport_c/px4_msgs/msg/mag_worker_data__type_support.cpp.o[0m
[266.234s] [ 57%] [32mBuilding CXX object CMakeFiles/px4_msgs__rosidl_typesupport_c.dir/rosidl_typesupport_c/px4_msgs/msg/magnetometer_bias_estimate__type_support.cpp.o[0m
[266.253s] [ 57%] [32mBuilding CXX object CMakeFiles/px4_msgs__rosidl_typesupport_c.dir/rosidl_typesupport_c/px4_msgs/msg/manual_control_setpoint__type_support.cpp.o[0m
[266.283s] [ 57%] [32mBuilding CXX object CMakeFiles/px4_msgs__rosidl_typesupport_c.dir/rosidl_typesupport_c/px4_msgs/msg/manual_control_switches__type_support.cpp.o[0m
[266.336s] [ 57%] [32mBuilding CXX object CMakeFiles/px4_msgs__rosidl_typesupport_c.dir/rosidl_typesupport_c/px4_msgs/msg/mavlink_tunnel__type_support.cpp.o[0m
[266.338s] [ 57%] [32mBuilding CXX object CMakeFiles/px4_msgs__rosidl_typesupport_c.dir/rosidl_typesupport_c/px4_msgs/msg/mavlink_log__type_support.cpp.o[0m
[266.348s] [ 57%] [32mBuilding CXX object CMakeFiles/px4_msgs__rosidl_typesupport_c.dir/rosidl_typesupport_c/px4_msgs/msg/message_format_request__type_support.cpp.o[0m
[266.351s] [ 57%] [32mBuilding CXX object CMakeFiles/px4_msgs__rosidl_typesupport_c.dir/rosidl_typesupport_c/px4_msgs/msg/message_format_response__type_support.cpp.o[0m
[266.383s] [ 57%] [32mBuilding CXX object CMakeFiles/px4_msgs__rosidl_typesupport_c.dir/rosidl_typesupport_c/px4_msgs/msg/mission__type_support.cpp.o[0m
[266.436s] [ 58%] [32mBuilding CXX object CMakeFiles/px4_msgs__rosidl_typesupport_c.dir/rosidl_typesupport_c/px4_msgs/msg/mission_result__type_support.cpp.o[0m
[266.443s] [ 58%] [32mBuilding CXX object CMakeFiles/px4_msgs__rosidl_typesupport_c.dir/rosidl_typesupport_c/px4_msgs/msg/mode_completed__type_support.cpp.o[0m
[266.453s] [ 58%] [32mBuilding CXX object CMakeFiles/px4_msgs__rosidl_typesupport_c.dir/rosidl_typesupport_c/px4_msgs/msg/mount_orientation__type_support.cpp.o[0m
[266.455s] [ 58%] [32mBuilding CXX object CMakeFiles/px4_msgs__rosidl_typesupport_c.dir/rosidl_typesupport_c/px4_msgs/msg/navigator_status__type_support.cpp.o[0m
[266.467s] [ 58%] [32mBuilding CXX object CMakeFiles/px4_msgs__rosidl_typesupport_c.dir/rosidl_typesupport_c/px4_msgs/msg/navigator_mission_item__type_support.cpp.o[0m
[266.518s] [ 58%] [32mBuilding CXX object CMakeFiles/px4_msgs__rosidl_typesupport_c.dir/rosidl_typesupport_c/px4_msgs/msg/neural_control__type_support.cpp.o[0m
[266.553s] [ 58%] [32mBuilding CXX object CMakeFiles/px4_msgs__rosidl_typesupport_c.dir/rosidl_typesupport_c/px4_msgs/msg/normalized_unsigned_setpoint__type_support.cpp.o[0m
[266.565s] [ 58%] [32mBuilding CXX object CMakeFiles/px4_msgs__rosidl_typesupport_c.dir/rosidl_typesupport_c/px4_msgs/msg/obstacle_distance__type_support.cpp.o[0m
[266.575s] [ 58%] [32mBuilding CXX object CMakeFiles/px4_msgs__rosidl_typesupport_c.dir/rosidl_typesupport_c/px4_msgs/msg/offboard_control_mode__type_support.cpp.o[0m
[266.577s] [ 58%] [32mBuilding CXX object CMakeFiles/px4_msgs__rosidl_typesupport_c.dir/rosidl_typesupport_c/px4_msgs/msg/onboard_computer_status__type_support.cpp.o[0m
[266.578s] [ 58%] [32mBuilding CXX object CMakeFiles/px4_msgs__rosidl_typesupport_c.dir/rosidl_typesupport_c/px4_msgs/msg/open_drone_id_arm_status__type_support.cpp.o[0m
[266.635s] [ 58%] [32mBuilding CXX object CMakeFiles/px4_msgs__rosidl_typesupport_c.dir/rosidl_typesupport_c/px4_msgs/msg/open_drone_id_operator_id__type_support.cpp.o[0m
[266.679s] [ 58%] [32mBuilding CXX object CMakeFiles/px4_msgs__rosidl_typesupport_c.dir/rosidl_typesupport_c/px4_msgs/msg/open_drone_id_system__type_support.cpp.o[0m
[266.679s] [ 58%] [32mBuilding CXX object CMakeFiles/px4_msgs__rosidl_typesupport_c.dir/rosidl_typesupport_c/px4_msgs/msg/open_drone_id_self_id__type_support.cpp.o[0m
[266.686s] [ 58%] [32mBuilding CXX object CMakeFiles/px4_msgs__rosidl_typesupport_c.dir/rosidl_typesupport_c/px4_msgs/msg/orb_test__type_support.cpp.o[0m
[266.700s] [ 58%] [32mBuilding CXX object CMakeFiles/px4_msgs__rosidl_typesupport_c.dir/rosidl_typesupport_c/px4_msgs/msg/orb_test_large__type_support.cpp.o[0m
[266.720s] [ 58%] [32mBuilding CXX object CMakeFiles/px4_msgs__rosidl_typesupport_c.dir/rosidl_typesupport_c/px4_msgs/msg/orb_test_medium__type_support.cpp.o[0m
[266.771s] [ 58%] [32mBuilding CXX object CMakeFiles/px4_msgs__rosidl_typesupport_c.dir/rosidl_typesupport_c/px4_msgs/msg/orbit_status__type_support.cpp.o[0m
[266.771s] [ 58%] [32mBuilding CXX object CMakeFiles/px4_msgs__rosidl_typesupport_c.dir/rosidl_typesupport_c/px4_msgs/msg/parameter_reset_request__type_support.cpp.o[0m
[266.809s] [ 59%] [32mBuilding CXX object CMakeFiles/px4_msgs__rosidl_typesupport_c.dir/rosidl_typesupport_c/px4_msgs/msg/parameter_set_used_request__type_support.cpp.o[0m
[266.811s] [ 59%] [32mBuilding CXX object CMakeFiles/px4_msgs__rosidl_typesupport_c.dir/rosidl_typesupport_c/px4_msgs/msg/parameter_set_value_request__type_support.cpp.o[0m
[266.819s] [ 59%] [32mBuilding CXX object CMakeFiles/px4_msgs__rosidl_typesupport_c.dir/rosidl_typesupport_c/px4_msgs/msg/parameter_set_value_response__type_support.cpp.o[0m
[266.820s] [ 59%] [32mBuilding CXX object CMakeFiles/px4_msgs__rosidl_typesupport_c.dir/rosidl_typesupport_c/px4_msgs/msg/parameter_update__type_support.cpp.o[0m
[266.879s] [ 59%] [32mBuilding CXX object CMakeFiles/px4_msgs__rosidl_typesupport_c.dir/rosidl_typesupport_c/px4_msgs/msg/ping__type_support.cpp.o[0m
[266.893s] [ 59%] [32mBuilding CXX object CMakeFiles/px4_msgs__rosidl_typesupport_c.dir/rosidl_typesupport_c/px4_msgs/msg/position_controller_landing_status__type_support.cpp.o[0m
[266.916s] [ 59%] [32mBuilding CXX object CMakeFiles/px4_msgs__rosidl_typesupport_c.dir/rosidl_typesupport_c/px4_msgs/msg/position_setpoint__type_support.cpp.o[0m
[266.918s] [ 59%] [32mBuilding CXX object CMakeFiles/px4_msgs__rosidl_typesupport_c.dir/rosidl_typesupport_c/px4_msgs/msg/position_controller_status__type_support.cpp.o[0m
[266.946s] [ 59%] [32mBuilding CXX object CMakeFiles/px4_msgs__rosidl_typesupport_c.dir/rosidl_typesupport_c/px4_msgs/msg/position_setpoint_triplet__type_support.cpp.o[0m
[266.971s] [ 59%] [32mBuilding CXX object CMakeFiles/px4_msgs__rosidl_typesupport_c.dir/rosidl_typesupport_c/px4_msgs/msg/power_button_state__type_support.cpp.o[0m
[266.982s] [ 59%] [32mBuilding CXX object CMakeFiles/px4_msgs__rosidl_typesupport_c.dir/rosidl_typesupport_c/px4_msgs/msg/power_monitor__type_support.cpp.o[0m
[267.014s] [ 59%] [32mBuilding CXX object CMakeFiles/px4_msgs__rosidl_typesupport_c.dir/rosidl_typesupport_c/px4_msgs/msg/pps_capture__type_support.cpp.o[0m
[267.016s] [ 59%] [32mBuilding CXX object CMakeFiles/px4_msgs__rosidl_typesupport_c.dir/rosidl_typesupport_c/px4_msgs/msg/pure_pursuit_status__type_support.cpp.o[0m
[267.038s] [ 59%] [32mBuilding CXX object CMakeFiles/px4_msgs__rosidl_typesupport_c.dir/rosidl_typesupport_c/px4_msgs/msg/pwm_input__type_support.cpp.o[0m
[267.083s] [ 59%] [32mBuilding CXX object CMakeFiles/px4_msgs__rosidl_typesupport_c.dir/rosidl_typesupport_c/px4_msgs/msg/px4io_status__type_support.cpp.o[0m
[267.105s] [ 59%] [32mBuilding CXX object CMakeFiles/px4_msgs__rosidl_typesupport_c.dir/rosidl_typesupport_c/px4_msgs/msg/qshell_req__type_support.cpp.o[0m
[267.113s] [ 59%] [32mBuilding CXX object CMakeFiles/px4_msgs__rosidl_typesupport_c.dir/rosidl_typesupport_c/px4_msgs/msg/qshell_retval__type_support.cpp.o[0m
[267.123s] [ 59%] [32mBuilding CXX object CMakeFiles/px4_msgs__rosidl_typesupport_c.dir/rosidl_typesupport_c/px4_msgs/msg/radio_status__type_support.cpp.o[0m
[267.143s] [ 59%] [32mBuilding CXX object CMakeFiles/px4_msgs__rosidl_typesupport_c.dir/rosidl_typesupport_c/px4_msgs/msg/rate_ctrl_status__type_support.cpp.o[0m
[267.169s] [ 60%] [32mBuilding CXX object CMakeFiles/px4_msgs__rosidl_typesupport_c.dir/rosidl_typesupport_c/px4_msgs/msg/rc_channels__type_support.cpp.o[0m
[267.198s] [ 60%] [32mBuilding CXX object CMakeFiles/px4_msgs__rosidl_typesupport_c.dir/rosidl_typesupport_c/px4_msgs/msg/rc_parameter_map__type_support.cpp.o[0m
[267.225s] [ 60%] [32mBuilding CXX object CMakeFiles/px4_msgs__rosidl_typesupport_c.dir/rosidl_typesupport_c/px4_msgs/msg/register_ext_component_reply__type_support.cpp.o[0m
[267.226s] [ 60%] [32mBuilding CXX object CMakeFiles/px4_msgs__rosidl_typesupport_c.dir/rosidl_typesupport_c/px4_msgs/msg/register_ext_component_request__type_support.cpp.o[0m
[267.231s] [ 60%] [32mBuilding CXX object CMakeFiles/px4_msgs__rosidl_typesupport_c.dir/rosidl_typesupport_c/px4_msgs/msg/rover_attitude_setpoint__type_support.cpp.o[0m
[267.249s] [ 60%] [32mBuilding CXX object CMakeFiles/px4_msgs__rosidl_typesupport_c.dir/rosidl_typesupport_c/px4_msgs/msg/rover_attitude_status__type_support.cpp.o[0m
[267.289s] [ 60%] [32mBuilding CXX object CMakeFiles/px4_msgs__rosidl_typesupport_c.dir/rosidl_typesupport_c/px4_msgs/msg/rover_position_setpoint__type_support.cpp.o[0m
[267.318s] [ 60%] [32mBuilding CXX object CMakeFiles/px4_msgs__rosidl_typesupport_c.dir/rosidl_typesupport_c/px4_msgs/msg/rover_rate_setpoint__type_support.cpp.o[0m
[267.343s] [ 60%] [32mBuilding CXX object CMakeFiles/px4_msgs__rosidl_typesupport_c.dir/rosidl_typesupport_c/px4_msgs/msg/rover_rate_status__type_support.cpp.o[0m
[267.351s] [ 60%] [32mBuilding CXX object CMakeFiles/px4_msgs__rosidl_typesupport_c.dir/rosidl_typesupport_c/px4_msgs/msg/rover_speed_setpoint__type_support.cpp.o[0m
[267.358s] [ 60%] [32mBuilding CXX object CMakeFiles/px4_msgs__rosidl_typesupport_c.dir/rosidl_typesupport_c/px4_msgs/msg/rover_speed_status__type_support.cpp.o[0m
[267.368s] [ 60%] [32mBuilding CXX object CMakeFiles/px4_msgs__rosidl_typesupport_c.dir/rosidl_typesupport_c/px4_msgs/msg/rover_steering_setpoint__type_support.cpp.o[0m
[267.426s] [ 60%] [32mBuilding CXX object CMakeFiles/px4_msgs__rosidl_typesupport_c.dir/rosidl_typesupport_c/px4_msgs/msg/rover_throttle_setpoint__type_support.cpp.o[0m
[267.450s] [ 60%] [32mBuilding CXX object CMakeFiles/px4_msgs__rosidl_typesupport_c.dir/rosidl_typesupport_c/px4_msgs/msg/rpm__type_support.cpp.o[0m
[267.457s] [ 60%] [32mBuilding CXX object CMakeFiles/px4_msgs__rosidl_typesupport_c.dir/rosidl_typesupport_c/px4_msgs/msg/rtl_time_estimate__type_support.cpp.o[0m
[267.486s] [ 60%] [32mBuilding CXX object CMakeFiles/px4_msgs__rosidl_typesupport_c.dir/rosidl_typesupport_c/px4_msgs/msg/sensor_accel__type_support.cpp.o[0m
[267.487s] [ 60%] [32mBuilding CXX object CMakeFiles/px4_msgs__rosidl_typesupport_c.dir/rosidl_typesupport_c/px4_msgs/msg/rtl_status__type_support.cpp.o[0m
[267.491s] [ 60%] [32mBuilding CXX object CMakeFiles/px4_msgs__rosidl_typesupport_c.dir/rosidl_typesupport_c/px4_msgs/msg/satellite_info__type_support.cpp.o[0m
[267.532s] [ 60%] [32mBuilding CXX object CMakeFiles/px4_msgs__rosidl_typesupport_c.dir/rosidl_typesupport_c/px4_msgs/msg/sensor_accel_fifo__type_support.cpp.o[0m
[267.565s] [ 60%] [32mBuilding CXX object CMakeFiles/px4_msgs__rosidl_typesupport_c.dir/rosidl_typesupport_c/px4_msgs/msg/sensor_airflow__type_support.cpp.o[0m
[267.591s] [ 61%] [32mBuilding CXX object CMakeFiles/px4_msgs__rosidl_typesupport_c.dir/rosidl_typesupport_c/px4_msgs/msg/sensor_baro__type_support.cpp.o[0m
[267.597s] [ 61%] [32mBuilding CXX object CMakeFiles/px4_msgs__rosidl_typesupport_c.dir/rosidl_typesupport_c/px4_msgs/msg/sensor_combined__type_support.cpp.o[0m
[267.625s] [ 61%] [32mBuilding CXX object CMakeFiles/px4_msgs__rosidl_typesupport_c.dir/rosidl_typesupport_c/px4_msgs/msg/sensor_correction__type_support.cpp.o[0m
[267.634s] [ 61%] [32mBuilding CXX object CMakeFiles/px4_msgs__rosidl_typesupport_c.dir/rosidl_typesupport_c/px4_msgs/msg/sensor_gnss_relative__type_support.cpp.o[0m
[267.639s] [ 61%] [32mBuilding CXX object CMakeFiles/px4_msgs__rosidl_typesupport_c.dir/rosidl_typesupport_c/px4_msgs/msg/sensor_gnss_status__type_support.cpp.o[0m
[267.692s] [ 61%] [32mBuilding CXX object CMakeFiles/px4_msgs__rosidl_typesupport_c.dir/rosidl_typesupport_c/px4_msgs/msg/sensor_gps__type_support.cpp.o[0m
[267.709s] [ 61%] [32mBuilding CXX object CMakeFiles/px4_msgs__rosidl_typesupport_c.dir/rosidl_typesupport_c/px4_msgs/msg/sensor_gyro__type_support.cpp.o[0m
[267.726s] [ 61%] [32mBuilding CXX object CMakeFiles/px4_msgs__rosidl_typesupport_c.dir/rosidl_typesupport_c/px4_msgs/msg/sensor_gyro_fft__type_support.cpp.o[0m
[267.743s] [ 61%] [32mBuilding CXX object CMakeFiles/px4_msgs__rosidl_typesupport_c.dir/rosidl_typesupport_c/px4_msgs/msg/sensor_gyro_fifo__type_support.cpp.o[0m
[267.759s] [ 61%] [32mBuilding CXX object CMakeFiles/px4_msgs__rosidl_typesupport_c.dir/rosidl_typesupport_c/px4_msgs/msg/sensor_hygrometer__type_support.cpp.o[0m
[267.772s] [ 61%] [32mBuilding CXX object CMakeFiles/px4_msgs__rosidl_typesupport_c.dir/rosidl_typesupport_c/px4_msgs/msg/sensor_mag__type_support.cpp.o[0m
[267.819s] [ 61%] [32mBuilding CXX object CMakeFiles/px4_msgs__rosidl_typesupport_c.dir/rosidl_typesupport_c/px4_msgs/msg/sensor_optical_flow__type_support.cpp.o[0m
[267.822s] [ 61%] [32mBuilding CXX object CMakeFiles/px4_msgs__rosidl_typesupport_c.dir/rosidl_typesupport_c/px4_msgs/msg/sensor_preflight_mag__type_support.cpp.o[0m
[267.845s] [ 61%] [32mBuilding CXX object CMakeFiles/px4_msgs__rosidl_typesupport_c.dir/rosidl_typesupport_c/px4_msgs/msg/sensor_selection__type_support.cpp.o[0m
[267.867s] [ 61%] [32mBuilding CXX object CMakeFiles/px4_msgs__rosidl_typesupport_c.dir/rosidl_typesupport_c/px4_msgs/msg/sensor_uwb__type_support.cpp.o[0m
[267.903s] [ 61%] [32mBuilding CXX object CMakeFiles/px4_msgs__rosidl_typesupport_c.dir/rosidl_typesupport_c/px4_msgs/msg/sensors_status__type_support.cpp.o[0m
[267.921s] [ 61%] [32mBuilding CXX object CMakeFiles/px4_msgs__rosidl_typesupport_c.dir/rosidl_typesupport_c/px4_msgs/msg/sensors_status_imu__type_support.cpp.o[0m
[267.942s] [ 61%] [32mBuilding CXX object CMakeFiles/px4_msgs__rosidl_typesupport_c.dir/rosidl_typesupport_c/px4_msgs/msg/takeoff_status__type_support.cpp.o[0m
[267.942s] [ 61%] [32mBuilding CXX object CMakeFiles/px4_msgs__rosidl_typesupport_c.dir/rosidl_typesupport_c/px4_msgs/msg/system_power__type_support.cpp.o[0m
[267.954s] [ 62%] [32mBuilding CXX object CMakeFiles/px4_msgs__rosidl_typesupport_c.dir/rosidl_typesupport_c/px4_msgs/msg/task_stack_info__type_support.cpp.o[0m
[267.984s] [ 62%] [32mBuilding CXX object CMakeFiles/px4_msgs__rosidl_typesupport_c.dir/rosidl_typesupport_c/px4_msgs/msg/tecs_status__type_support.cpp.o[0m
[268.007s] [ 62%] [32mBuilding CXX object CMakeFiles/px4_msgs__rosidl_typesupport_c.dir/rosidl_typesupport_c/px4_msgs/msg/telemetry_status__type_support.cpp.o[0m
[268.050s] [ 62%] [32mBuilding CXX object CMakeFiles/px4_msgs__rosidl_typesupport_c.dir/rosidl_typesupport_c/px4_msgs/msg/tiltrotor_extra_controls__type_support.cpp.o[0m
[268.055s] [ 62%] [32mBuilding CXX object CMakeFiles/px4_msgs__rosidl_typesupport_c.dir/rosidl_typesupport_c/px4_msgs/msg/timesync_status__type_support.cpp.o[0m
[268.055s] [ 62%] [32mBuilding CXX object CMakeFiles/px4_msgs__rosidl_typesupport_c.dir/rosidl_typesupport_c/px4_msgs/msg/trajectory_setpoint__type_support.cpp.o[0m
[268.072s] [ 62%] [32mBuilding CXX object CMakeFiles/px4_msgs__rosidl_typesupport_c.dir/rosidl_typesupport_c/px4_msgs/msg/trajectory_setpoint6dof__type_support.cpp.o[0m
[268.106s] [ 62%] [32mBuilding CXX object CMakeFiles/px4_msgs__rosidl_typesupport_c.dir/rosidl_typesupport_c/px4_msgs/msg/transponder_report__type_support.cpp.o[0m
[268.107s] [ 62%] [32mBuilding CXX object CMakeFiles/px4_msgs__rosidl_typesupport_c.dir/rosidl_typesupport_c/px4_msgs/msg/tune_control__type_support.cpp.o[0m
[268.156s] [ 62%] [32mBuilding CXX object CMakeFiles/px4_msgs__rosidl_typesupport_c.dir/rosidl_typesupport_c/px4_msgs/msg/uavcan_parameter_request__type_support.cpp.o[0m
[268.163s] [ 62%] [32mBuilding CXX object CMakeFiles/px4_msgs__rosidl_typesupport_c.dir/rosidl_typesupport_c/px4_msgs/msg/uavcan_parameter_value__type_support.cpp.o[0m
[268.167s] [ 62%] [32mBuilding CXX object CMakeFiles/px4_msgs__rosidl_typesupport_c.dir/rosidl_typesupport_c/px4_msgs/msg/ulog_stream__type_support.cpp.o[0m
[268.194s] [ 62%] [32mBuilding CXX object CMakeFiles/px4_msgs__rosidl_typesupport_c.dir/rosidl_typesupport_c/px4_msgs/msg/ulog_stream_ack__type_support.cpp.o[0m
[268.205s] [ 62%] [32mBuilding CXX object CMakeFiles/px4_msgs__rosidl_typesupport_c.dir/rosidl_typesupport_c/px4_msgs/msg/unregister_ext_component__type_support.cpp.o[0m
[268.206s] [ 62%] [32mBuilding CXX object CMakeFiles/px4_msgs__rosidl_typesupport_c.dir/rosidl_typesupport_c/px4_msgs/msg/vehicle_acceleration__type_support.cpp.o[0m
[268.253s] [ 62%] [32mBuilding CXX object CMakeFiles/px4_msgs__rosidl_typesupport_c.dir/rosidl_typesupport_c/px4_msgs/msg/vehicle_air_data__type_support.cpp.o[0m
[268.284s] [ 62%] [32mBuilding CXX object CMakeFiles/px4_msgs__rosidl_typesupport_c.dir/rosidl_typesupport_c/px4_msgs/msg/vehicle_angular_velocity__type_support.cpp.o[0m
[268.284s] [ 62%] [32mBuilding CXX object CMakeFiles/px4_msgs__rosidl_typesupport_c.dir/rosidl_typesupport_c/px4_msgs/msg/vehicle_angular_acceleration_setpoint__type_support.cpp.o[0m
[268.306s] [ 62%] [32mBuilding CXX object CMakeFiles/px4_msgs__rosidl_typesupport_c.dir/rosidl_typesupport_c/px4_msgs/msg/vehicle_attitude__type_support.cpp.o[0m
[268.306s] [ 63%] [32mBuilding CXX object CMakeFiles/px4_msgs__rosidl_typesupport_c.dir/rosidl_typesupport_c/px4_msgs/msg/vehicle_attitude_setpoint__type_support.cpp.o[0m
[268.315s] [ 63%] [32mBuilding CXX object CMakeFiles/px4_msgs__rosidl_typesupport_c.dir/rosidl_typesupport_c/px4_msgs/msg/vehicle_command__type_support.cpp.o[0m
[268.365s] [ 63%] [32mBuilding CXX object CMakeFiles/px4_msgs__rosidl_typesupport_c.dir/rosidl_typesupport_c/px4_msgs/msg/vehicle_command_ack__type_support.cpp.o[0m
[268.388s] [ 63%] [32mBuilding CXX object CMakeFiles/px4_msgs__rosidl_typesupport_c.dir/rosidl_typesupport_c/px4_msgs/msg/vehicle_control_mode__type_support.cpp.o[0m
[268.389s] [ 63%] [32mBuilding CXX object CMakeFiles/px4_msgs__rosidl_typesupport_c.dir/rosidl_typesupport_c/px4_msgs/msg/vehicle_constraints__type_support.cpp.o[0m
[268.438s] [ 63%] [32mBuilding CXX object CMakeFiles/px4_msgs__rosidl_typesupport_c.dir/rosidl_typesupport_c/px4_msgs/msg/vehicle_global_position__type_support.cpp.o[0m
[268.449s] [ 63%] [32mBuilding CXX object CMakeFiles/px4_msgs__rosidl_typesupport_c.dir/rosidl_typesupport_c/px4_msgs/msg/vehicle_imu__type_support.cpp.o[0m
[268.482s] [ 63%] [32mBuilding CXX object CMakeFiles/px4_msgs__rosidl_typesupport_c.dir/rosidl_typesupport_c/px4_msgs/msg/vehicle_imu_status__type_support.cpp.o[0m
[268.494s] [ 63%] [32mBuilding CXX object CMakeFiles/px4_msgs__rosidl_typesupport_c.dir/rosidl_typesupport_c/px4_msgs/msg/vehicle_local_position__type_support.cpp.o[0m
[268.495s] [ 63%] [32mBuilding CXX object CMakeFiles/px4_msgs__rosidl_typesupport_c.dir/rosidl_typesupport_c/px4_msgs/msg/vehicle_land_detected__type_support.cpp.o[0m
[268.510s] [ 63%] [32mBuilding CXX object CMakeFiles/px4_msgs__rosidl_typesupport_c.dir/rosidl_typesupport_c/px4_msgs/msg/vehicle_local_position_setpoint__type_support.cpp.o[0m
[268.550s] [ 63%] [32mBuilding CXX object CMakeFiles/px4_msgs__rosidl_typesupport_c.dir/rosidl_typesupport_c/px4_msgs/msg/vehicle_magnetometer__type_support.cpp.o[0m
[268.572s] [ 63%] [32mBuilding CXX object CMakeFiles/px4_msgs__rosidl_typesupport_c.dir/rosidl_typesupport_c/px4_msgs/msg/vehicle_odometry__type_support.cpp.o[0m
[268.582s] [ 63%] [32mBuilding CXX object CMakeFiles/px4_msgs__rosidl_typesupport_c.dir/rosidl_typesupport_c/px4_msgs/msg/vehicle_optical_flow__type_support.cpp.o[0m
[268.604s] [ 63%] [32mBuilding CXX object CMakeFiles/px4_msgs__rosidl_typesupport_c.dir/rosidl_typesupport_c/px4_msgs/msg/vehicle_optical_flow_vel__type_support.cpp.o[0m
[268.626s] [ 63%] [32mBuilding CXX object CMakeFiles/px4_msgs__rosidl_typesupport_c.dir/rosidl_typesupport_c/px4_msgs/msg/vehicle_rates_setpoint__type_support.cpp.o[0m
[268.633s] [ 63%] [32mBuilding CXX object CMakeFiles/px4_msgs__rosidl_typesupport_c.dir/rosidl_typesupport_c/px4_msgs/msg/vehicle_roi__type_support.cpp.o[0m
[268.699s] [ 63%] [32mBuilding CXX object CMakeFiles/px4_msgs__rosidl_typesupport_c.dir/rosidl_typesupport_c/px4_msgs/msg/vehicle_thrust_setpoint__type_support.cpp.o[0m
[268.700s] [ 63%] [32mBuilding CXX object CMakeFiles/px4_msgs__rosidl_typesupport_c.dir/rosidl_typesupport_c/px4_msgs/msg/vehicle_status__type_support.cpp.o[0m
[268.713s] [ 64%] [32mBuilding CXX object CMakeFiles/px4_msgs__rosidl_typesupport_c.dir/rosidl_typesupport_c/px4_msgs/msg/vehicle_torque_setpoint__type_support.cpp.o[0m
[268.732s] [ 64%] [32mBuilding CXX object CMakeFiles/px4_msgs__rosidl_typesupport_c.dir/rosidl_typesupport_c/px4_msgs/msg/velocity_limits__type_support.cpp.o[0m
[268.741s] [ 64%] [32mBuilding CXX object CMakeFiles/px4_msgs__rosidl_typesupport_c.dir/rosidl_typesupport_c/px4_msgs/msg/vtol_vehicle_status__type_support.cpp.o[0m
[268.784s] [ 64%] [32mBuilding CXX object CMakeFiles/px4_msgs__rosidl_typesupport_c.dir/rosidl_typesupport_c/px4_msgs/msg/wheel_encoders__type_support.cpp.o[0m
[268.792s] [ 64%] [32mBuilding CXX object CMakeFiles/px4_msgs__rosidl_typesupport_c.dir/rosidl_typesupport_c/px4_msgs/msg/wind__type_support.cpp.o[0m
[268.833s] [ 64%] [32mBuilding CXX object CMakeFiles/px4_msgs__rosidl_typesupport_c.dir/rosidl_typesupport_c/px4_msgs/srv/vehicle_command__type_support.cpp.o[0m
[268.835s] [ 64%] [32mBuilding CXX object CMakeFiles/px4_msgs__rosidl_typesupport_c.dir/rosidl_typesupport_c/px4_msgs/msg/yaw_estimator_status__type_support.cpp.o[0m
[268.920s] [ 64%] [32m[1mLinking CXX shared library libpx4_msgs__rosidl_typesupport_c.so[0m
[269.054s] [ 64%] Built target px4_msgs__rosidl_typesupport_c
[270.986s] [ 64%] [32mBuilding C object CMakeFiles/px4_msgs__rosidl_typesupport_introspection_c.dir/rosidl_typesupport_introspection_c/px4_msgs/msg/detail/actuator_outputs__type_support.c.o[0m
[270.986s] [ 64%] [32mBuilding C object CMakeFiles/px4_msgs__rosidl_typesupport_introspection_c.dir/rosidl_typesupport_introspection_c/px4_msgs/msg/detail/actuator_controls_status__type_support.c.o[0m
[270.987s] [ 64%] [32mBuilding C object CMakeFiles/px4_msgs__rosidl_typesupport_introspection_c.dir/rosidl_typesupport_introspection_c/px4_msgs/msg/detail/action_request__type_support.c.o[0m
[270.987s] [ 64%] [32mBuilding C object CMakeFiles/px4_msgs__rosidl_typesupport_introspection_c.dir/rosidl_typesupport_introspection_c/px4_msgs/msg/detail/actuator_armed__type_support.c.o[0m
[270.988s] [ 64%] [32mBuilding C object CMakeFiles/px4_msgs__rosidl_typesupport_introspection_c.dir/rosidl_typesupport_introspection_c/px4_msgs/msg/detail/actuator_motors__type_support.c.o[0m
[271.005s] [ 64%] [32mBuilding C object CMakeFiles/px4_msgs__rosidl_typesupport_introspection_c.dir/rosidl_typesupport_introspection_c/px4_msgs/msg/detail/actuator_servos__type_support.c.o[0m
[271.005s] [ 64%] [32mBuilding C object CMakeFiles/px4_msgs__rosidl_typesupport_introspection_c.dir/rosidl_typesupport_introspection_c/px4_msgs/msg/detail/actuator_servos_trim__type_support.c.o[0m
[271.078s] [ 64%] [32mBuilding C object CMakeFiles/px4_msgs__rosidl_typesupport_introspection_c.dir/rosidl_typesupport_introspection_c/px4_msgs/msg/detail/actuator_test__type_support.c.o[0m
[271.085s] [ 64%] [32mBuilding C object CMakeFiles/px4_msgs__rosidl_typesupport_introspection_c.dir/rosidl_typesupport_introspection_c/px4_msgs/msg/detail/adc_report__type_support.c.o[0m
[271.089s] [ 64%] [32mBuilding C object CMakeFiles/px4_msgs__rosidl_typesupport_introspection_c.dir/rosidl_typesupport_introspection_c/px4_msgs/msg/detail/airspeed_validated__type_support.c.o[0m
[271.090s] [ 64%] [32mBuilding C object CMakeFiles/px4_msgs__rosidl_typesupport_introspection_c.dir/rosidl_typesupport_introspection_c/px4_msgs/msg/detail/airspeed__type_support.c.o[0m
[271.095s] [ 64%] [32mBuilding C object CMakeFiles/px4_msgs__rosidl_typesupport_introspection_c.dir/rosidl_typesupport_introspection_c/px4_msgs/msg/detail/airspeed_wind__type_support.c.o[0m
[271.098s] [ 64%] [32mBuilding C object CMakeFiles/px4_msgs__rosidl_typesupport_introspection_c.dir/rosidl_typesupport_introspection_c/px4_msgs/msg/detail/arming_check_reply__type_support.c.o[0m
[271.105s] [ 64%] [32mBuilding C object CMakeFiles/px4_msgs__rosidl_typesupport_introspection_c.dir/rosidl_typesupport_introspection_c/px4_msgs/msg/detail/arming_check_request__type_support.c.o[0m
[271.185s] [ 64%] [32mBuilding C object CMakeFiles/px4_msgs__rosidl_typesupport_introspection_c.dir/rosidl_typesupport_introspection_c/px4_msgs/msg/detail/autotune_attitude_control_status__type_support.c.o[0m
[271.193s] [ 64%] [32mBuilding C object CMakeFiles/px4_msgs__rosidl_typesupport_introspection_c.dir/rosidl_typesupport_introspection_c/px4_msgs/msg/detail/battery_info__type_support.c.o[0m
[271.203s] [ 64%] [32mBuilding C object CMakeFiles/px4_msgs__rosidl_typesupport_introspection_c.dir/rosidl_typesupport_introspection_c/px4_msgs/msg/detail/battery_status__type_support.c.o[0m
[271.203s] [ 64%] [32mBuilding C object CMakeFiles/px4_msgs__rosidl_typesupport_introspection_c.dir/rosidl_typesupport_introspection_c/px4_msgs/msg/detail/button_event__type_support.c.o[0m
[271.205s] [ 64%] [32mBuilding C object CMakeFiles/px4_msgs__rosidl_typesupport_introspection_c.dir/rosidl_typesupport_introspection_c/px4_msgs/msg/detail/camera_capture__type_support.c.o[0m
[271.207s] [ 65%] [32mBuilding C object CMakeFiles/px4_msgs__rosidl_typesupport_introspection_c.dir/rosidl_typesupport_introspection_c/px4_msgs/msg/detail/camera_status__type_support.c.o[0m
[271.212s] [ 65%] [32mBuilding C object CMakeFiles/px4_msgs__rosidl_typesupport_introspection_c.dir/rosidl_typesupport_introspection_c/px4_msgs/msg/detail/camera_trigger__type_support.c.o[0m
[271.297s] [ 65%] [32mBuilding C object CMakeFiles/px4_msgs__rosidl_typesupport_introspection_c.dir/rosidl_typesupport_introspection_c/px4_msgs/msg/detail/can_interface_status__type_support.c.o[0m
[271.306s] [ 65%] [32mBuilding C object CMakeFiles/px4_msgs__rosidl_typesupport_introspection_c.dir/rosidl_typesupport_introspection_c/px4_msgs/msg/detail/cellular_status__type_support.c.o[0m
[271.311s] [ 65%] [32mBuilding C object CMakeFiles/px4_msgs__rosidl_typesupport_introspection_c.dir/rosidl_typesupport_introspection_c/px4_msgs/msg/detail/collision_constraints__type_support.c.o[0m
[271.315s] [ 65%] [32mBuilding C object CMakeFiles/px4_msgs__rosidl_typesupport_introspection_c.dir/rosidl_typesupport_introspection_c/px4_msgs/msg/detail/config_overrides__type_support.c.o[0m
[271.320s] [ 65%] [32mBuilding C object CMakeFiles/px4_msgs__rosidl_typesupport_introspection_c.dir/rosidl_typesupport_introspection_c/px4_msgs/msg/detail/control_allocator_status__type_support.c.o[0m
[271.329s] [ 65%] [32mBuilding C object CMakeFiles/px4_msgs__rosidl_typesupport_introspection_c.dir/rosidl_typesupport_introspection_c/px4_msgs/msg/detail/cpuload__type_support.c.o[0m
[271.338s] [ 65%] [32mBuilding C object CMakeFiles/px4_msgs__rosidl_typesupport_introspection_c.dir/rosidl_typesupport_introspection_c/px4_msgs/msg/detail/dataman_request__type_support.c.o[0m
[271.399s] [ 65%] [32mBuilding C object CMakeFiles/px4_msgs__rosidl_typesupport_introspection_c.dir/rosidl_typesupport_introspection_c/px4_msgs/msg/detail/dataman_response__type_support.c.o[0m
[271.426s] [ 65%] [32mBuilding C object CMakeFiles/px4_msgs__rosidl_typesupport_introspection_c.dir/rosidl_typesupport_introspection_c/px4_msgs/msg/detail/debug_array__type_support.c.o[0m
[271.432s] [ 65%] [32mBuilding C object CMakeFiles/px4_msgs__rosidl_typesupport_introspection_c.dir/rosidl_typesupport_introspection_c/px4_msgs/msg/detail/debug_key_value__type_support.c.o[0m
[271.439s] [ 65%] [32mBuilding C object CMakeFiles/px4_msgs__rosidl_typesupport_introspection_c.dir/rosidl_typesupport_introspection_c/px4_msgs/msg/detail/debug_value__type_support.c.o[0m
[271.456s] [ 65%] [32mBuilding C object CMakeFiles/px4_msgs__rosidl_typesupport_introspection_c.dir/rosidl_typesupport_introspection_c/px4_msgs/msg/detail/debug_vect__type_support.c.o[0m
[271.474s] [ 65%] [32mBuilding C object CMakeFiles/px4_msgs__rosidl_typesupport_introspection_c.dir/rosidl_typesupport_introspection_c/px4_msgs/msg/detail/differential_pressure__type_support.c.o[0m
[271.481s] [ 65%] [32mBuilding C object CMakeFiles/px4_msgs__rosidl_typesupport_introspection_c.dir/rosidl_typesupport_introspection_c/px4_msgs/msg/detail/distance_sensor__type_support.c.o[0m
[271.520s] [ 65%] [32mBuilding C object CMakeFiles/px4_msgs__rosidl_typesupport_introspection_c.dir/rosidl_typesupport_introspection_c/px4_msgs/msg/detail/distance_sensor_mode_change_request__type_support.c.o[0m
[271.542s] [ 65%] [32mBuilding C object CMakeFiles/px4_msgs__rosidl_typesupport_introspection_c.dir/rosidl_typesupport_introspection_c/px4_msgs/msg/detail/dronecan_node_status__type_support.c.o[0m
[271.544s] [ 65%] [32mBuilding C object CMakeFiles/px4_msgs__rosidl_typesupport_introspection_c.dir/rosidl_typesupport_introspection_c/px4_msgs/msg/detail/ekf2_timestamps__type_support.c.o[0m
[271.550s] [ 66%] [32mBuilding C object CMakeFiles/px4_msgs__rosidl_typesupport_introspection_c.dir/rosidl_typesupport_introspection_c/px4_msgs/msg/detail/esc_report__type_support.c.o[0m
[271.586s] [ 66%] [32mBuilding C object CMakeFiles/px4_msgs__rosidl_typesupport_introspection_c.dir/rosidl_typesupport_introspection_c/px4_msgs/msg/detail/esc_status__type_support.c.o[0m
[271.599s] [ 66%] [32mBuilding C object CMakeFiles/px4_msgs__rosidl_typesupport_introspection_c.dir/rosidl_typesupport_introspection_c/px4_msgs/msg/detail/estimator_aid_source1d__type_support.c.o[0m
[271.610s] [ 66%] [32mBuilding C object CMakeFiles/px4_msgs__rosidl_typesupport_introspection_c.dir/rosidl_typesupport_introspection_c/px4_msgs/msg/detail/estimator_aid_source2d__type_support.c.o[0m
[271.647s] [ 66%] [32mBuilding C object CMakeFiles/px4_msgs__rosidl_typesupport_introspection_c.dir/rosidl_typesupport_introspection_c/px4_msgs/msg/detail/estimator_aid_source3d__type_support.c.o[0m
[271.665s] [ 66%] [32mBuilding C object CMakeFiles/px4_msgs__rosidl_typesupport_introspection_c.dir/rosidl_typesupport_introspection_c/px4_msgs/msg/detail/estimator_bias__type_support.c.o[0m
[271.670s] [ 66%] [32mBuilding C object CMakeFiles/px4_msgs__rosidl_typesupport_introspection_c.dir/rosidl_typesupport_introspection_c/px4_msgs/msg/detail/estimator_bias3d__type_support.c.o[0m
[271.704s] [ 66%] [32mBuilding C object CMakeFiles/px4_msgs__rosidl_typesupport_introspection_c.dir/rosidl_typesupport_introspection_c/px4_msgs/msg/detail/estimator_event_flags__type_support.c.o[0m
[271.717s] [ 66%] [32mBuilding C object CMakeFiles/px4_msgs__rosidl_typesupport_introspection_c.dir/rosidl_typesupport_introspection_c/px4_msgs/msg/detail/estimator_gps_status__type_support.c.o[0m
[271.725s] [ 66%] [32mBuilding C object CMakeFiles/px4_msgs__rosidl_typesupport_introspection_c.dir/rosidl_typesupport_introspection_c/px4_msgs/msg/detail/estimator_innovations__type_support.c.o[0m
[271.779s] [ 66%] [32mBuilding C object CMakeFiles/px4_msgs__rosidl_typesupport_introspection_c.dir/rosidl_typesupport_introspection_c/px4_msgs/msg/detail/estimator_selector_status__type_support.c.o[0m
[271.785s] [ 66%] [32mBuilding C object CMakeFiles/px4_msgs__rosidl_typesupport_introspection_c.dir/rosidl_typesupport_introspection_c/px4_msgs/msg/detail/estimator_sensor_bias__type_support.c.o[0m
[271.806s] [ 66%] [32mBuilding C object CMakeFiles/px4_msgs__rosidl_typesupport_introspection_c.dir/rosidl_typesupport_introspection_c/px4_msgs/msg/detail/estimator_states__type_support.c.o[0m
[271.812s] [ 66%] [32mBuilding C object CMakeFiles/px4_msgs__rosidl_typesupport_introspection_c.dir/rosidl_typesupport_introspection_c/px4_msgs/msg/detail/estimator_status__type_support.c.o[0m
[271.862s] [ 66%] [32mBuilding C object CMakeFiles/px4_msgs__rosidl_typesupport_introspection_c.dir/rosidl_typesupport_introspection_c/px4_msgs/msg/detail/event__type_support.c.o[0m
[271.867s] [ 66%] [32mBuilding C object CMakeFiles/px4_msgs__rosidl_typesupport_introspection_c.dir/rosidl_typesupport_introspection_c/px4_msgs/msg/detail/estimator_status_flags__type_support.c.o[0m
[271.898s] [ 66%] [32mBuilding C object CMakeFiles/px4_msgs__rosidl_typesupport_introspection_c.dir/rosidl_typesupport_introspection_c/px4_msgs/msg/detail/failsafe_flags__type_support.c.o[0m
[271.946s] [ 66%] [32mBuilding C object CMakeFiles/px4_msgs__rosidl_typesupport_introspection_c.dir/rosidl_typesupport_introspection_c/px4_msgs/msg/detail/figure_eight_status__type_support.c.o[0m
[271.948s] [ 66%] [32mBuilding C object CMakeFiles/px4_msgs__rosidl_typesupport_introspection_c.dir/rosidl_typesupport_introspection_c/px4_msgs/msg/detail/failure_detector_status__type_support.c.o[0m
[271.949s] [ 67%] [32mBuilding C object CMakeFiles/px4_msgs__rosidl_typesupport_introspection_c.dir/rosidl_typesupport_introspection_c/px4_msgs/msg/detail/fixed_wing_lateral_guidance_status__type_support.c.o[0m
[271.959s] [ 67%] [32mBuilding C object CMakeFiles/px4_msgs__rosidl_typesupport_introspection_c.dir/rosidl_typesupport_introspection_c/px4_msgs/msg/detail/fixed_wing_lateral_setpoint__type_support.c.o[0m
[272.007s] [ 67%] [32mBuilding C object CMakeFiles/px4_msgs__rosidl_typesupport_introspection_c.dir/rosidl_typesupport_introspection_c/px4_msgs/msg/detail/fixed_wing_lateral_status__type_support.c.o[0m
[272.031s] [ 67%] [32mBuilding C object CMakeFiles/px4_msgs__rosidl_typesupport_introspection_c.dir/rosidl_typesupport_introspection_c/px4_msgs/msg/detail/fixed_wing_runway_control__type_support.c.o[0m
[272.036s] [ 67%] [32mBuilding C object CMakeFiles/px4_msgs__rosidl_typesupport_introspection_c.dir/rosidl_typesupport_introspection_c/px4_msgs/msg/detail/fixed_wing_longitudinal_setpoint__type_support.c.o[0m
[272.062s] [ 67%] [32mBuilding C object CMakeFiles/px4_msgs__rosidl_typesupport_introspection_c.dir/rosidl_typesupport_introspection_c/px4_msgs/msg/detail/flight_phase_estimation__type_support.c.o[0m
[272.073s] [ 67%] [32mBuilding C object CMakeFiles/px4_msgs__rosidl_typesupport_introspection_c.dir/rosidl_typesupport_introspection_c/px4_msgs/msg/detail/follow_target__type_support.c.o[0m
[272.095s] [ 67%] [32mBuilding C object CMakeFiles/px4_msgs__rosidl_typesupport_introspection_c.dir/rosidl_typesupport_introspection_c/px4_msgs/msg/detail/follow_target_estimator__type_support.c.o[0m
[272.106s] [ 67%] [32mBuilding C object CMakeFiles/px4_msgs__rosidl_typesupport_introspection_c.dir/rosidl_typesupport_introspection_c/px4_msgs/msg/detail/follow_target_status__type_support.c.o[0m
[272.141s] [ 67%] [32mBuilding C object CMakeFiles/px4_msgs__rosidl_typesupport_introspection_c.dir/rosidl_typesupport_introspection_c/px4_msgs/msg/detail/fuel_tank_status__type_support.c.o[0m
[272.160s] [ 67%] [32mBuilding C object CMakeFiles/px4_msgs__rosidl_typesupport_introspection_c.dir/rosidl_typesupport_introspection_c/px4_msgs/msg/detail/geofence_result__type_support.c.o[0m
[272.166s] [ 67%] [32mBuilding C object CMakeFiles/px4_msgs__rosidl_typesupport_introspection_c.dir/rosidl_typesupport_introspection_c/px4_msgs/msg/detail/generator_status__type_support.c.o[0m
[272.183s] [ 67%] [32mBuilding C object CMakeFiles/px4_msgs__rosidl_typesupport_introspection_c.dir/rosidl_typesupport_introspection_c/px4_msgs/msg/detail/geofence_status__type_support.c.o[0m
[272.194s] [ 67%] [32mBuilding C object CMakeFiles/px4_msgs__rosidl_typesupport_introspection_c.dir/rosidl_typesupport_introspection_c/px4_msgs/msg/detail/gimbal_controls__type_support.c.o[0m
[272.237s] [ 67%] [32mBuilding C object CMakeFiles/px4_msgs__rosidl_typesupport_introspection_c.dir/rosidl_typesupport_introspection_c/px4_msgs/msg/detail/gimbal_device_attitude_status__type_support.c.o[0m
[272.244s] [ 67%] [32mBuilding C object CMakeFiles/px4_msgs__rosidl_typesupport_introspection_c.dir/rosidl_typesupport_introspection_c/px4_msgs/msg/detail/gimbal_device_information__type_support.c.o[0m
[272.264s] [ 67%] [32mBuilding C object CMakeFiles/px4_msgs__rosidl_typesupport_introspection_c.dir/rosidl_typesupport_introspection_c/px4_msgs/msg/detail/gimbal_device_set_attitude__type_support.c.o[0m
[272.299s] [ 67%] [32mBuilding C object CMakeFiles/px4_msgs__rosidl_typesupport_introspection_c.dir/rosidl_typesupport_introspection_c/px4_msgs/msg/detail/gimbal_manager_information__type_support.c.o[0m
[272.299s] [ 67%] [32mBuilding C object CMakeFiles/px4_msgs__rosidl_typesupport_introspection_c.dir/rosidl_typesupport_introspection_c/px4_msgs/msg/detail/gimbal_manager_set_attitude__type_support.c.o[0m
[272.314s] [ 68%] [32mBuilding C object CMakeFiles/px4_msgs__rosidl_typesupport_introspection_c.dir/rosidl_typesupport_introspection_c/px4_msgs/msg/detail/gimbal_manager_set_manual_control__type_support.c.o[0m
[272.323s] [ 68%] [32mBuilding C object CMakeFiles/px4_msgs__rosidl_typesupport_introspection_c.dir/rosidl_typesupport_introspection_c/px4_msgs/msg/detail/gimbal_manager_status__type_support.c.o[0m
[272.382s] [ 68%] [32mBuilding C object CMakeFiles/px4_msgs__rosidl_typesupport_introspection_c.dir/rosidl_typesupport_introspection_c/px4_msgs/msg/detail/goto_setpoint__type_support.c.o[0m
[272.391s] [ 68%] [32mBuilding C object CMakeFiles/px4_msgs__rosidl_typesupport_introspection_c.dir/rosidl_typesupport_introspection_c/px4_msgs/msg/detail/gpio_config__type_support.c.o[0m
[272.425s] [ 68%] [32mBuilding C object CMakeFiles/px4_msgs__rosidl_typesupport_introspection_c.dir/rosidl_typesupport_introspection_c/px4_msgs/msg/detail/gpio_in__type_support.c.o[0m
[272.425s] [ 68%] [32mBuilding C object CMakeFiles/px4_msgs__rosidl_typesupport_introspection_c.dir/rosidl_typesupport_introspection_c/px4_msgs/msg/detail/gpio_out__type_support.c.o[0m
[272.449s] [ 68%] [32mBuilding C object CMakeFiles/px4_msgs__rosidl_typesupport_introspection_c.dir/rosidl_typesupport_introspection_c/px4_msgs/msg/detail/gpio_request__type_support.c.o[0m
[272.450s] [ 68%] [32mBuilding C object CMakeFiles/px4_msgs__rosidl_typesupport_introspection_c.dir/rosidl_typesupport_introspection_c/px4_msgs/msg/detail/gps_dump__type_support.c.o[0m
[272.451s] [ 68%] [32mBuilding C object CMakeFiles/px4_msgs__rosidl_typesupport_introspection_c.dir/rosidl_typesupport_introspection_c/px4_msgs/msg/detail/gps_inject_data__type_support.c.o[0m
[272.509s] [ 68%] [32mBuilding C object CMakeFiles/px4_msgs__rosidl_typesupport_introspection_c.dir/rosidl_typesupport_introspection_c/px4_msgs/msg/detail/gripper__type_support.c.o[0m
[272.544s] [ 68%] [32mBuilding C object CMakeFiles/px4_msgs__rosidl_typesupport_introspection_c.dir/rosidl_typesupport_introspection_c/px4_msgs/msg/detail/health_report__type_support.c.o[0m
[272.547s] [ 68%] [32mBuilding C object CMakeFiles/px4_msgs__rosidl_typesupport_introspection_c.dir/rosidl_typesupport_introspection_c/px4_msgs/msg/detail/heater_status__type_support.c.o[0m
[272.565s] [ 68%] [32mBuilding C object CMakeFiles/px4_msgs__rosidl_typesupport_introspection_c.dir/rosidl_typesupport_introspection_c/px4_msgs/msg/detail/home_position__type_support.c.o[0m
[272.566s] [ 68%] [32mBuilding C object CMakeFiles/px4_msgs__rosidl_typesupport_introspection_c.dir/rosidl_typesupport_introspection_c/px4_msgs/msg/detail/hover_thrust_estimate__type_support.c.o[0m
[272.569s] [ 68%] [32mBuilding C object CMakeFiles/px4_msgs__rosidl_typesupport_introspection_c.dir/rosidl_typesupport_introspection_c/px4_msgs/msg/detail/input_rc__type_support.c.o[0m
[272.584s] [ 68%] [32mBuilding C object CMakeFiles/px4_msgs__rosidl_typesupport_introspection_c.dir/rosidl_typesupport_introspection_c/px4_msgs/msg/detail/internal_combustion_engine_control__type_support.c.o[0m
[272.651s] [ 68%] [32mBuilding C object CMakeFiles/px4_msgs__rosidl_typesupport_introspection_c.dir/rosidl_typesupport_introspection_c/px4_msgs/msg/detail/internal_combustion_engine_status__type_support.c.o[0m
[272.669s] [ 68%] [32mBuilding C object CMakeFiles/px4_msgs__rosidl_typesupport_introspection_c.dir/rosidl_typesupport_introspection_c/px4_msgs/msg/detail/iridiumsbd_status__type_support.c.o[0m
[272.688s] [ 69%] [32mBuilding C object CMakeFiles/px4_msgs__rosidl_typesupport_introspection_c.dir/rosidl_typesupport_introspection_c/px4_msgs/msg/detail/irlock_report__type_support.c.o[0m
[272.688s] [ 69%] [32mBuilding C object CMakeFiles/px4_msgs__rosidl_typesupport_introspection_c.dir/rosidl_typesupport_introspection_c/px4_msgs/msg/detail/landing_gear__type_support.c.o[0m
[272.688s] [ 69%] [32mBuilding C object CMakeFiles/px4_msgs__rosidl_typesupport_introspection_c.dir/rosidl_typesupport_introspection_c/px4_msgs/msg/detail/landing_gear_wheel__type_support.c.o[0m
[272.698s] [ 69%] [32mBuilding C object CMakeFiles/px4_msgs__rosidl_typesupport_introspection_c.dir/rosidl_typesupport_introspection_c/px4_msgs/msg/detail/landing_target_innovations__type_support.c.o[0m
[272.746s] [ 69%] [32mBuilding C object CMakeFiles/px4_msgs__rosidl_typesupport_introspection_c.dir/rosidl_typesupport_introspection_c/px4_msgs/msg/detail/landing_target_pose__type_support.c.o[0m
[272.798s] [ 69%] [32mBuilding C object CMakeFiles/px4_msgs__rosidl_typesupport_introspection_c.dir/rosidl_typesupport_introspection_c/px4_msgs/msg/detail/lateral_control_configuration__type_support.c.o[0m
[272.809s] [ 69%] [32mBuilding C object CMakeFiles/px4_msgs__rosidl_typesupport_introspection_c.dir/rosidl_typesupport_introspection_c/px4_msgs/msg/detail/launch_detection_status__type_support.c.o[0m
[272.810s] [ 69%] [32mBuilding C object CMakeFiles/px4_msgs__rosidl_typesupport_introspection_c.dir/rosidl_typesupport_introspection_c/px4_msgs/msg/detail/led_control__type_support.c.o[0m
[272.824s] [ 69%] [32mBuilding C object CMakeFiles/px4_msgs__rosidl_typesupport_introspection_c.dir/rosidl_typesupport_introspection_c/px4_msgs/msg/detail/log_message__type_support.c.o[0m
[272.839s] [ 69%] [32mBuilding C object CMakeFiles/px4_msgs__rosidl_typesupport_introspection_c.dir/rosidl_typesupport_introspection_c/px4_msgs/msg/detail/longitudinal_control_configuration__type_support.c.o[0m
[272.843s] [ 69%] [32mBuilding C object CMakeFiles/px4_msgs__rosidl_typesupport_introspection_c.dir/rosidl_typesupport_introspection_c/px4_msgs/msg/detail/logger_status__type_support.c.o[0m
[272.887s] [ 69%] [32mBuilding C object CMakeFiles/px4_msgs__rosidl_typesupport_introspection_c.dir/rosidl_typesupport_introspection_c/px4_msgs/msg/detail/mag_worker_data__type_support.c.o[0m
[272.930s] [ 69%] [32mBuilding C object CMakeFiles/px4_msgs__rosidl_typesupport_introspection_c.dir/rosidl_typesupport_introspection_c/px4_msgs/msg/detail/magnetometer_bias_estimate__type_support.c.o[0m
[272.952s] [ 69%] [32mBuilding C object CMakeFiles/px4_msgs__rosidl_typesupport_introspection_c.dir/rosidl_typesupport_introspection_c/px4_msgs/msg/detail/manual_control_setpoint__type_support.c.o[0m
[272.966s] [ 69%] [32mBuilding C object CMakeFiles/px4_msgs__rosidl_typesupport_introspection_c.dir/rosidl_typesupport_introspection_c/px4_msgs/msg/detail/mavlink_log__type_support.c.o[0m
[272.967s] [ 69%] [32mBuilding C object CMakeFiles/px4_msgs__rosidl_typesupport_introspection_c.dir/rosidl_typesupport_introspection_c/px4_msgs/msg/detail/manual_control_switches__type_support.c.o[0m
[272.971s] [ 69%] [32mBuilding C object CMakeFiles/px4_msgs__rosidl_typesupport_introspection_c.dir/rosidl_typesupport_introspection_c/px4_msgs/msg/detail/mavlink_tunnel__type_support.c.o[0m
[272.985s] [ 69%] [32mBuilding C object CMakeFiles/px4_msgs__rosidl_typesupport_introspection_c.dir/rosidl_typesupport_introspection_c/px4_msgs/msg/detail/message_format_request__type_support.c.o[0m
[273.024s] [ 69%] [32mBuilding C object CMakeFiles/px4_msgs__rosidl_typesupport_introspection_c.dir/rosidl_typesupport_introspection_c/px4_msgs/msg/detail/message_format_response__type_support.c.o[0m
[273.066s] [ 69%] [32mBuilding C object CMakeFiles/px4_msgs__rosidl_typesupport_introspection_c.dir/rosidl_typesupport_introspection_c/px4_msgs/msg/detail/mission__type_support.c.o[0m
[273.067s] [ 70%] [32mBuilding C object CMakeFiles/px4_msgs__rosidl_typesupport_introspection_c.dir/rosidl_typesupport_introspection_c/px4_msgs/msg/detail/mission_result__type_support.c.o[0m
[273.087s] [ 70%] [32mBuilding C object CMakeFiles/px4_msgs__rosidl_typesupport_introspection_c.dir/rosidl_typesupport_introspection_c/px4_msgs/msg/detail/mode_completed__type_support.c.o[0m
[273.108s] [ 70%] [32mBuilding C object CMakeFiles/px4_msgs__rosidl_typesupport_introspection_c.dir/rosidl_typesupport_introspection_c/px4_msgs/msg/detail/mount_orientation__type_support.c.o[0m
[273.109s] [ 70%] [32mBuilding C object CMakeFiles/px4_msgs__rosidl_typesupport_introspection_c.dir/rosidl_typesupport_introspection_c/px4_msgs/msg/detail/navigator_mission_item__type_support.c.o[0m
[273.144s] [ 70%] [32mBuilding C object CMakeFiles/px4_msgs__rosidl_typesupport_introspection_c.dir/rosidl_typesupport_introspection_c/px4_msgs/msg/detail/navigator_status__type_support.c.o[0m
[273.161s] [ 70%] [32mBuilding C object CMakeFiles/px4_msgs__rosidl_typesupport_introspection_c.dir/rosidl_typesupport_introspection_c/px4_msgs/msg/detail/neural_control__type_support.c.o[0m
[273.179s] [ 70%] [32mBuilding C object CMakeFiles/px4_msgs__rosidl_typesupport_introspection_c.dir/rosidl_typesupport_introspection_c/px4_msgs/msg/detail/normalized_unsigned_setpoint__type_support.c.o[0m
[273.188s] [ 70%] [32mBuilding C object CMakeFiles/px4_msgs__rosidl_typesupport_introspection_c.dir/rosidl_typesupport_introspection_c/px4_msgs/msg/detail/obstacle_distance__type_support.c.o[0m
[273.227s] [ 70%] [32mBuilding C object CMakeFiles/px4_msgs__rosidl_typesupport_introspection_c.dir/rosidl_typesupport_introspection_c/px4_msgs/msg/detail/offboard_control_mode__type_support.c.o[0m
[273.234s] [ 70%] [32mBuilding C object CMakeFiles/px4_msgs__rosidl_typesupport_introspection_c.dir/rosidl_typesupport_introspection_c/px4_msgs/msg/detail/open_drone_id_arm_status__type_support.c.o[0m
[273.240s] [ 70%] [32mBuilding C object CMakeFiles/px4_msgs__rosidl_typesupport_introspection_c.dir/rosidl_typesupport_introspection_c/px4_msgs/msg/detail/onboard_computer_status__type_support.c.o[0m
[273.275s] [ 70%] [32mBuilding C object CMakeFiles/px4_msgs__rosidl_typesupport_introspection_c.dir/rosidl_typesupport_introspection_c/px4_msgs/msg/detail/open_drone_id_operator_id__type_support.c.o[0m
[273.313s] [ 70%] [32mBuilding C object CMakeFiles/px4_msgs__rosidl_typesupport_introspection_c.dir/rosidl_typesupport_introspection_c/px4_msgs/msg/detail/open_drone_id_self_id__type_support.c.o[0m
[273.332s] [ 70%] [32mBuilding C object CMakeFiles/px4_msgs__rosidl_typesupport_introspection_c.dir/rosidl_typesupport_introspection_c/px4_msgs/msg/detail/open_drone_id_system__type_support.c.o[0m
[273.337s] [ 70%] [32mBuilding C object CMakeFiles/px4_msgs__rosidl_typesupport_introspection_c.dir/rosidl_typesupport_introspection_c/px4_msgs/msg/detail/orb_test__type_support.c.o[0m
[273.344s] [ 70%] [32mBuilding C object CMakeFiles/px4_msgs__rosidl_typesupport_introspection_c.dir/rosidl_typesupport_introspection_c/px4_msgs/msg/detail/orb_test_large__type_support.c.o[0m
[273.384s] [ 70%] [32mBuilding C object CMakeFiles/px4_msgs__rosidl_typesupport_introspection_c.dir/rosidl_typesupport_introspection_c/px4_msgs/msg/detail/orb_test_medium__type_support.c.o[0m
[273.418s] [ 70%] [32mBuilding C object CMakeFiles/px4_msgs__rosidl_typesupport_introspection_c.dir/rosidl_typesupport_introspection_c/px4_msgs/msg/detail/orbit_status__type_support.c.o[0m
[273.429s] [ 70%] [32mBuilding C object CMakeFiles/px4_msgs__rosidl_typesupport_introspection_c.dir/rosidl_typesupport_introspection_c/px4_msgs/msg/detail/parameter_reset_request__type_support.c.o[0m
[273.445s] [ 71%] [32mBuilding C object CMakeFiles/px4_msgs__rosidl_typesupport_introspection_c.dir/rosidl_typesupport_introspection_c/px4_msgs/msg/detail/parameter_set_used_request__type_support.c.o[0m
[273.454s] [ 71%] [32mBuilding C object CMakeFiles/px4_msgs__rosidl_typesupport_introspection_c.dir/rosidl_typesupport_introspection_c/px4_msgs/msg/detail/parameter_set_value_request__type_support.c.o[0m
[273.474s] [ 71%] [32mBuilding C object CMakeFiles/px4_msgs__rosidl_typesupport_introspection_c.dir/rosidl_typesupport_introspection_c/px4_msgs/msg/detail/parameter_set_value_response__type_support.c.o[0m
[273.494s] [ 71%] [32mBuilding C object CMakeFiles/px4_msgs__rosidl_typesupport_introspection_c.dir/rosidl_typesupport_introspection_c/px4_msgs/msg/detail/parameter_update__type_support.c.o[0m
[273.526s] [ 71%] [32mBuilding C object CMakeFiles/px4_msgs__rosidl_typesupport_introspection_c.dir/rosidl_typesupport_introspection_c/px4_msgs/msg/detail/ping__type_support.c.o[0m
[273.548s] [ 71%] [32mBuilding C object CMakeFiles/px4_msgs__rosidl_typesupport_introspection_c.dir/rosidl_typesupport_introspection_c/px4_msgs/msg/detail/position_controller_landing_status__type_support.c.o[0m
[273.569s] [ 71%] [32mBuilding C object CMakeFiles/px4_msgs__rosidl_typesupport_introspection_c.dir/rosidl_typesupport_introspection_c/px4_msgs/msg/detail/position_controller_status__type_support.c.o[0m
[273.583s] [ 71%] [32mBuilding C object CMakeFiles/px4_msgs__rosidl_typesupport_introspection_c.dir/rosidl_typesupport_introspection_c/px4_msgs/msg/detail/position_setpoint__type_support.c.o[0m
[273.589s] [ 71%] [32mBuilding C object CMakeFiles/px4_msgs__rosidl_typesupport_introspection_c.dir/rosidl_typesupport_introspection_c/px4_msgs/msg/detail/position_setpoint_triplet__type_support.c.o[0m
[273.613s] [ 71%] [32mBuilding C object CMakeFiles/px4_msgs__rosidl_typesupport_introspection_c.dir/rosidl_typesupport_introspection_c/px4_msgs/msg/detail/power_button_state__type_support.c.o[0m
[273.626s] [ 71%] [32mBuilding C object CMakeFiles/px4_msgs__rosidl_typesupport_introspection_c.dir/rosidl_typesupport_introspection_c/px4_msgs/msg/detail/power_monitor__type_support.c.o[0m
[273.656s] [ 71%] [32mBuilding C object CMakeFiles/px4_msgs__rosidl_typesupport_introspection_c.dir/rosidl_typesupport_introspection_c/px4_msgs/msg/detail/pps_capture__type_support.c.o[0m
[273.663s] [ 71%] [32mBuilding C object CMakeFiles/px4_msgs__rosidl_typesupport_introspection_c.dir/rosidl_typesupport_introspection_c/px4_msgs/msg/detail/pure_pursuit_status__type_support.c.o[0m
[273.712s] [ 71%] [32mBuilding C object CMakeFiles/px4_msgs__rosidl_typesupport_introspection_c.dir/rosidl_typesupport_introspection_c/px4_msgs/msg/detail/pwm_input__type_support.c.o[0m
[273.742s] [ 71%] [32mBuilding C object CMakeFiles/px4_msgs__rosidl_typesupport_introspection_c.dir/rosidl_typesupport_introspection_c/px4_msgs/msg/detail/px4io_status__type_support.c.o[0m
[273.756s] [ 71%] [32mBuilding C object CMakeFiles/px4_msgs__rosidl_typesupport_introspection_c.dir/rosidl_typesupport_introspection_c/px4_msgs/msg/detail/qshell_req__type_support.c.o[0m
[273.757s] [ 71%] [32mBuilding C object CMakeFiles/px4_msgs__rosidl_typesupport_introspection_c.dir/rosidl_typesupport_introspection_c/px4_msgs/msg/detail/radio_status__type_support.c.o[0m
[273.759s] [ 71%] [32mBuilding C object CMakeFiles/px4_msgs__rosidl_typesupport_introspection_c.dir/rosidl_typesupport_introspection_c/px4_msgs/msg/detail/qshell_retval__type_support.c.o[0m
[273.769s] [ 71%] [32mBuilding C object CMakeFiles/px4_msgs__rosidl_typesupport_introspection_c.dir/rosidl_typesupport_introspection_c/px4_msgs/msg/detail/rate_ctrl_status__type_support.c.o[0m
[273.783s] [ 72%] [32mBuilding C object CMakeFiles/px4_msgs__rosidl_typesupport_introspection_c.dir/rosidl_typesupport_introspection_c/px4_msgs/msg/detail/rc_channels__type_support.c.o[0m
[273.828s] [ 72%] [32mBuilding C object CMakeFiles/px4_msgs__rosidl_typesupport_introspection_c.dir/rosidl_typesupport_introspection_c/px4_msgs/msg/detail/rc_parameter_map__type_support.c.o[0m
[273.887s] [ 72%] [32mBuilding C object CMakeFiles/px4_msgs__rosidl_typesupport_introspection_c.dir/rosidl_typesupport_introspection_c/px4_msgs/msg/detail/register_ext_component_reply__type_support.c.o[0m
[273.892s] [ 72%] [32mBuilding C object CMakeFiles/px4_msgs__rosidl_typesupport_introspection_c.dir/rosidl_typesupport_introspection_c/px4_msgs/msg/detail/register_ext_component_request__type_support.c.o[0m
[273.904s] [ 72%] [32mBuilding C object CMakeFiles/px4_msgs__rosidl_typesupport_introspection_c.dir/rosidl_typesupport_introspection_c/px4_msgs/msg/detail/rover_attitude_setpoint__type_support.c.o[0m
[273.914s] [ 72%] [32mBuilding C object CMakeFiles/px4_msgs__rosidl_typesupport_introspection_c.dir/rosidl_typesupport_introspection_c/px4_msgs/msg/detail/rover_position_setpoint__type_support.c.o[0m
[273.920s] [ 72%] [32mBuilding C object CMakeFiles/px4_msgs__rosidl_typesupport_introspection_c.dir/rosidl_typesupport_introspection_c/px4_msgs/msg/detail/rover_attitude_status__type_support.c.o[0m
[273.938s] [ 72%] [32mBuilding C object CMakeFiles/px4_msgs__rosidl_typesupport_introspection_c.dir/rosidl_typesupport_introspection_c/px4_msgs/msg/detail/rover_rate_setpoint__type_support.c.o[0m
[273.978s] [ 72%] [32mBuilding C object CMakeFiles/px4_msgs__rosidl_typesupport_introspection_c.dir/rosidl_typesupport_introspection_c/px4_msgs/msg/detail/rover_rate_status__type_support.c.o[0m
[274.015s] [ 72%] [32mBuilding C object CMakeFiles/px4_msgs__rosidl_typesupport_introspection_c.dir/rosidl_typesupport_introspection_c/px4_msgs/msg/detail/rover_speed_setpoint__type_support.c.o[0m
[274.037s] [ 72%] [32mBuilding C object CMakeFiles/px4_msgs__rosidl_typesupport_introspection_c.dir/rosidl_typesupport_introspection_c/px4_msgs/msg/detail/rover_speed_status__type_support.c.o[0m
[274.043s] [ 72%] [32mBuilding C object CMakeFiles/px4_msgs__rosidl_typesupport_introspection_c.dir/rosidl_typesupport_introspection_c/px4_msgs/msg/detail/rover_steering_setpoint__type_support.c.o[0m
[274.060s] [ 72%] [32mBuilding C object CMakeFiles/px4_msgs__rosidl_typesupport_introspection_c.dir/rosidl_typesupport_introspection_c/px4_msgs/msg/detail/rpm__type_support.c.o[0m
[274.063s] [ 72%] [32mBuilding C object CMakeFiles/px4_msgs__rosidl_typesupport_introspection_c.dir/rosidl_typesupport_introspection_c/px4_msgs/msg/detail/rover_throttle_setpoint__type_support.c.o[0m
[274.075s] [ 72%] [32mBuilding C object CMakeFiles/px4_msgs__rosidl_typesupport_introspection_c.dir/rosidl_typesupport_introspection_c/px4_msgs/msg/detail/rtl_status__type_support.c.o[0m
[274.119s] [ 72%] [32mBuilding C object CMakeFiles/px4_msgs__rosidl_typesupport_introspection_c.dir/rosidl_typesupport_introspection_c/px4_msgs/msg/detail/rtl_time_estimate__type_support.c.o[0m
[274.163s] [ 72%] [32mBuilding C object CMakeFiles/px4_msgs__rosidl_typesupport_introspection_c.dir/rosidl_typesupport_introspection_c/px4_msgs/msg/detail/sensor_accel__type_support.c.o[0m
[274.171s] [ 72%] [32mBuilding C object CMakeFiles/px4_msgs__rosidl_typesupport_introspection_c.dir/rosidl_typesupport_introspection_c/px4_msgs/msg/detail/satellite_info__type_support.c.o[0m
[274.177s] [ 72%] [32mBuilding C object CMakeFiles/px4_msgs__rosidl_typesupport_introspection_c.dir/rosidl_typesupport_introspection_c/px4_msgs/msg/detail/sensor_accel_fifo__type_support.c.o[0m
[274.185s] [ 72%] [32mBuilding C object CMakeFiles/px4_msgs__rosidl_typesupport_introspection_c.dir/rosidl_typesupport_introspection_c/px4_msgs/msg/detail/sensor_airflow__type_support.c.o[0m
[274.186s] [ 73%] [32mBuilding C object CMakeFiles/px4_msgs__rosidl_typesupport_introspection_c.dir/rosidl_typesupport_introspection_c/px4_msgs/msg/detail/sensor_baro__type_support.c.o[0m
[274.209s] [ 73%] [32mBuilding C object CMakeFiles/px4_msgs__rosidl_typesupport_introspection_c.dir/rosidl_typesupport_introspection_c/px4_msgs/msg/detail/sensor_combined__type_support.c.o[0m
[274.265s] [ 73%] [32mBuilding C object CMakeFiles/px4_msgs__rosidl_typesupport_introspection_c.dir/rosidl_typesupport_introspection_c/px4_msgs/msg/detail/sensor_correction__type_support.c.o[0m
[274.296s] [ 73%] [32mBuilding C object CMakeFiles/px4_msgs__rosidl_typesupport_introspection_c.dir/rosidl_typesupport_introspection_c/px4_msgs/msg/detail/sensor_gnss_relative__type_support.c.o[0m
[274.315s] [ 73%] [32mBuilding C object CMakeFiles/px4_msgs__rosidl_typesupport_introspection_c.dir/rosidl_typesupport_introspection_c/px4_msgs/msg/detail/sensor_gnss_status__type_support.c.o[0m
[274.328s] [ 73%] [32mBuilding C object CMakeFiles/px4_msgs__rosidl_typesupport_introspection_c.dir/rosidl_typesupport_introspection_c/px4_msgs/msg/detail/sensor_gps__type_support.c.o[0m
[274.333s] [ 73%] [32mBuilding C object CMakeFiles/px4_msgs__rosidl_typesupport_introspection_c.dir/rosidl_typesupport_introspection_c/px4_msgs/msg/detail/sensor_gyro__type_support.c.o[0m
[274.337s] [ 73%] [32mBuilding C object CMakeFiles/px4_msgs__rosidl_typesupport_introspection_c.dir/rosidl_typesupport_introspection_c/px4_msgs/msg/detail/sensor_gyro_fifo__type_support.c.o[0m
[274.338s] [ 73%] [32mBuilding C object CMakeFiles/px4_msgs__rosidl_typesupport_introspection_c.dir/rosidl_typesupport_introspection_c/px4_msgs/msg/detail/sensor_gyro_fft__type_support.c.o[0m
[274.433s] [ 73%] [32mBuilding C object CMakeFiles/px4_msgs__rosidl_typesupport_introspection_c.dir/rosidl_typesupport_introspection_c/px4_msgs/msg/detail/sensor_hygrometer__type_support.c.o[0m
[274.453s] [ 73%] [32mBuilding C object CMakeFiles/px4_msgs__rosidl_typesupport_introspection_c.dir/rosidl_typesupport_introspection_c/px4_msgs/msg/detail/sensor_mag__type_support.c.o[0m
[274.455s] [ 73%] [32mBuilding C object CMakeFiles/px4_msgs__rosidl_typesupport_introspection_c.dir/rosidl_typesupport_introspection_c/px4_msgs/msg/detail/sensor_optical_flow__type_support.c.o[0m
[274.455s] [ 73%] [32mBuilding C object CMakeFiles/px4_msgs__rosidl_typesupport_introspection_c.dir/rosidl_typesupport_introspection_c/px4_msgs/msg/detail/sensor_preflight_mag__type_support.c.o[0m
[274.478s] [ 73%] [32mBuilding C object CMakeFiles/px4_msgs__rosidl_typesupport_introspection_c.dir/rosidl_typesupport_introspection_c/px4_msgs/msg/detail/sensor_selection__type_support.c.o[0m
[274.524s] [ 73%] [32mBuilding C object CMakeFiles/px4_msgs__rosidl_typesupport_introspection_c.dir/rosidl_typesupport_introspection_c/px4_msgs/msg/detail/sensor_uwb__type_support.c.o[0m
[274.537s] [ 73%] [32mBuilding C object CMakeFiles/px4_msgs__rosidl_typesupport_introspection_c.dir/rosidl_typesupport_introspection_c/px4_msgs/msg/detail/sensors_status__type_support.c.o[0m
[274.567s] [ 73%] [32mBuilding C object CMakeFiles/px4_msgs__rosidl_typesupport_introspection_c.dir/rosidl_typesupport_introspection_c/px4_msgs/msg/detail/sensors_status_imu__type_support.c.o[0m
[274.590s] [ 73%] [32mBuilding C object CMakeFiles/px4_msgs__rosidl_typesupport_introspection_c.dir/rosidl_typesupport_introspection_c/px4_msgs/msg/detail/system_power__type_support.c.o[0m
[274.597s] [ 73%] [32mBuilding C object CMakeFiles/px4_msgs__rosidl_typesupport_introspection_c.dir/rosidl_typesupport_introspection_c/px4_msgs/msg/detail/takeoff_status__type_support.c.o[0m
[274.604s] [ 74%] [32mBuilding C object CMakeFiles/px4_msgs__rosidl_typesupport_introspection_c.dir/rosidl_typesupport_introspection_c/px4_msgs/msg/detail/task_stack_info__type_support.c.o[0m
[274.622s] [ 74%] [32mBuilding C object CMakeFiles/px4_msgs__rosidl_typesupport_introspection_c.dir/rosidl_typesupport_introspection_c/px4_msgs/msg/detail/tecs_status__type_support.c.o[0m
[274.693s] [ 74%] [32mBuilding C object CMakeFiles/px4_msgs__rosidl_typesupport_introspection_c.dir/rosidl_typesupport_introspection_c/px4_msgs/msg/detail/telemetry_status__type_support.c.o[0m
[274.712s] [ 74%] [32mBuilding C object CMakeFiles/px4_msgs__rosidl_typesupport_introspection_c.dir/rosidl_typesupport_introspection_c/px4_msgs/msg/detail/timesync_status__type_support.c.o[0m
[274.715s] [ 74%] [32mBuilding C object CMakeFiles/px4_msgs__rosidl_typesupport_introspection_c.dir/rosidl_typesupport_introspection_c/px4_msgs/msg/detail/tiltrotor_extra_controls__type_support.c.o[0m
[274.720s] [ 74%] [32mBuilding C object CMakeFiles/px4_msgs__rosidl_typesupport_introspection_c.dir/rosidl_typesupport_introspection_c/px4_msgs/msg/detail/trajectory_setpoint__type_support.c.o[0m
[274.752s] [ 74%] [32mBuilding C object CMakeFiles/px4_msgs__rosidl_typesupport_introspection_c.dir/rosidl_typesupport_introspection_c/px4_msgs/msg/detail/trajectory_setpoint6dof__type_support.c.o[0m
[274.756s] [ 74%] [32mBuilding C object CMakeFiles/px4_msgs__rosidl_typesupport_introspection_c.dir/rosidl_typesupport_introspection_c/px4_msgs/msg/detail/transponder_report__type_support.c.o[0m
[274.814s] [ 74%] [32mBuilding C object CMakeFiles/px4_msgs__rosidl_typesupport_introspection_c.dir/rosidl_typesupport_introspection_c/px4_msgs/msg/detail/tune_control__type_support.c.o[0m
[274.840s] [ 74%] [32mBuilding C object CMakeFiles/px4_msgs__rosidl_typesupport_introspection_c.dir/rosidl_typesupport_introspection_c/px4_msgs/msg/detail/uavcan_parameter_request__type_support.c.o[0m
[274.853s] [ 74%] [32mBuilding C object CMakeFiles/px4_msgs__rosidl_typesupport_introspection_c.dir/rosidl_typesupport_introspection_c/px4_msgs/msg/detail/uavcan_parameter_value__type_support.c.o[0m
[274.874s] [ 74%] [32mBuilding C object CMakeFiles/px4_msgs__rosidl_typesupport_introspection_c.dir/rosidl_typesupport_introspection_c/px4_msgs/msg/detail/ulog_stream__type_support.c.o[0m
[274.879s] [ 74%] [32mBuilding C object CMakeFiles/px4_msgs__rosidl_typesupport_introspection_c.dir/rosidl_typesupport_introspection_c/px4_msgs/msg/detail/ulog_stream_ack__type_support.c.o[0m
[274.883s] [ 74%] [32mBuilding C object CMakeFiles/px4_msgs__rosidl_typesupport_introspection_c.dir/rosidl_typesupport_introspection_c/px4_msgs/msg/detail/unregister_ext_component__type_support.c.o[0m
[274.917s] [ 74%] [32mBuilding C object CMakeFiles/px4_msgs__rosidl_typesupport_introspection_c.dir/rosidl_typesupport_introspection_c/px4_msgs/msg/detail/vehicle_acceleration__type_support.c.o[0m
[274.964s] [ 74%] [32mBuilding C object CMakeFiles/px4_msgs__rosidl_typesupport_introspection_c.dir/rosidl_typesupport_introspection_c/px4_msgs/msg/detail/vehicle_air_data__type_support.c.o[0m
[274.970s] [ 74%] [32mBuilding C object CMakeFiles/px4_msgs__rosidl_typesupport_introspection_c.dir/rosidl_typesupport_introspection_c/px4_msgs/msg/detail/vehicle_angular_acceleration_setpoint__type_support.c.o[0m
[274.989s] [ 74%] [32mBuilding C object CMakeFiles/px4_msgs__rosidl_typesupport_introspection_c.dir/rosidl_typesupport_introspection_c/px4_msgs/msg/detail/vehicle_angular_velocity__type_support.c.o[0m
[274.993s] [ 74%] [32mBuilding C object CMakeFiles/px4_msgs__rosidl_typesupport_introspection_c.dir/rosidl_typesupport_introspection_c/px4_msgs/msg/detail/vehicle_attitude__type_support.c.o[0m
[275.011s] [ 75%] [32mBuilding C object CMakeFiles/px4_msgs__rosidl_typesupport_introspection_c.dir/rosidl_typesupport_introspection_c/px4_msgs/msg/detail/vehicle_attitude_setpoint__type_support.c.o[0m
[275.034s] [ 75%] [32mBuilding C object CMakeFiles/px4_msgs__rosidl_typesupport_introspection_c.dir/rosidl_typesupport_introspection_c/px4_msgs/msg/detail/vehicle_command__type_support.c.o[0m
[275.037s] [ 75%] [32mBuilding C object CMakeFiles/px4_msgs__rosidl_typesupport_introspection_c.dir/rosidl_typesupport_introspection_c/px4_msgs/msg/detail/vehicle_command_ack__type_support.c.o[0m
[275.109s] [ 75%] [32mBuilding C object CMakeFiles/px4_msgs__rosidl_typesupport_introspection_c.dir/rosidl_typesupport_introspection_c/px4_msgs/msg/detail/vehicle_constraints__type_support.c.o[0m
[275.127s] [ 75%] [32mBuilding C object CMakeFiles/px4_msgs__rosidl_typesupport_introspection_c.dir/rosidl_typesupport_introspection_c/px4_msgs/msg/detail/vehicle_control_mode__type_support.c.o[0m
[275.129s] [ 75%] [32mBuilding C object CMakeFiles/px4_msgs__rosidl_typesupport_introspection_c.dir/rosidl_typesupport_introspection_c/px4_msgs/msg/detail/vehicle_global_position__type_support.c.o[0m
[275.169s] [ 75%] [32mBuilding C object CMakeFiles/px4_msgs__rosidl_typesupport_introspection_c.dir/rosidl_typesupport_introspection_c/px4_msgs/msg/detail/vehicle_imu_status__type_support.c.o[0m
[275.174s] [ 75%] [32mBuilding C object CMakeFiles/px4_msgs__rosidl_typesupport_introspection_c.dir/rosidl_typesupport_introspection_c/px4_msgs/msg/detail/vehicle_imu__type_support.c.o[0m
[275.193s] [ 75%] [32mBuilding C object CMakeFiles/px4_msgs__rosidl_typesupport_introspection_c.dir/rosidl_typesupport_introspection_c/px4_msgs/msg/detail/vehicle_land_detected__type_support.c.o[0m
[275.226s] [ 75%] [32mBuilding C object CMakeFiles/px4_msgs__rosidl_typesupport_introspection_c.dir/rosidl_typesupport_introspection_c/px4_msgs/msg/detail/vehicle_local_position__type_support.c.o[0m
[275.241s] [ 75%] [32mBuilding C object CMakeFiles/px4_msgs__rosidl_typesupport_introspection_c.dir/rosidl_typesupport_introspection_c/px4_msgs/msg/detail/vehicle_local_position_setpoint__type_support.c.o[0m
[275.258s] [ 75%] [32mBuilding C object CMakeFiles/px4_msgs__rosidl_typesupport_introspection_c.dir/rosidl_typesupport_introspection_c/px4_msgs/msg/detail/vehicle_magnetometer__type_support.c.o[0m
[275.313s] [ 75%] [32mBuilding C object CMakeFiles/px4_msgs__rosidl_typesupport_introspection_c.dir/rosidl_typesupport_introspection_c/px4_msgs/msg/detail/vehicle_odometry__type_support.c.o[0m
[275.326s] [ 75%] [32mBuilding C object CMakeFiles/px4_msgs__rosidl_typesupport_introspection_c.dir/rosidl_typesupport_introspection_c/px4_msgs/msg/detail/vehicle_optical_flow__type_support.c.o[0m
[275.336s] [ 75%] [32mBuilding C object CMakeFiles/px4_msgs__rosidl_typesupport_introspection_c.dir/rosidl_typesupport_introspection_c/px4_msgs/msg/detail/vehicle_optical_flow_vel__type_support.c.o[0m
[275.354s] [ 75%] [32mBuilding C object CMakeFiles/px4_msgs__rosidl_typesupport_introspection_c.dir/rosidl_typesupport_introspection_c/px4_msgs/msg/detail/vehicle_rates_setpoint__type_support.c.o[0m
[275.367s] [ 75%] [32mBuilding C object CMakeFiles/px4_msgs__rosidl_typesupport_introspection_c.dir/rosidl_typesupport_introspection_c/px4_msgs/msg/detail/vehicle_roi__type_support.c.o[0m
[275.388s] [ 75%] [32mBuilding C object CMakeFiles/px4_msgs__rosidl_typesupport_introspection_c.dir/rosidl_typesupport_introspection_c/px4_msgs/msg/detail/vehicle_status__type_support.c.o[0m
[275.448s] [ 75%] [32mBuilding C object CMakeFiles/px4_msgs__rosidl_typesupport_introspection_c.dir/rosidl_typesupport_introspection_c/px4_msgs/msg/detail/vehicle_thrust_setpoint__type_support.c.o[0m
[275.463s] [ 76%] [32mBuilding C object CMakeFiles/px4_msgs__rosidl_typesupport_introspection_c.dir/rosidl_typesupport_introspection_c/px4_msgs/msg/detail/vehicle_torque_setpoint__type_support.c.o[0m
[275.474s] [ 76%] [32mBuilding C object CMakeFiles/px4_msgs__rosidl_typesupport_introspection_c.dir/rosidl_typesupport_introspection_c/px4_msgs/msg/detail/velocity_limits__type_support.c.o[0m
[275.477s] [ 76%] [32mBuilding C object CMakeFiles/px4_msgs__rosidl_typesupport_introspection_c.dir/rosidl_typesupport_introspection_c/px4_msgs/msg/detail/vtol_vehicle_status__type_support.c.o[0m
[275.480s] [ 76%] [32mBuilding C object CMakeFiles/px4_msgs__rosidl_typesupport_introspection_c.dir/rosidl_typesupport_introspection_c/px4_msgs/msg/detail/wheel_encoders__type_support.c.o[0m
[275.498s] [ 76%] [32mBuilding C object CMakeFiles/px4_msgs__rosidl_typesupport_introspection_c.dir/rosidl_typesupport_introspection_c/px4_msgs/msg/detail/wind__type_support.c.o[0m
[275.559s] [ 76%] [32mBuilding C object CMakeFiles/px4_msgs__rosidl_typesupport_introspection_c.dir/rosidl_typesupport_introspection_c/px4_msgs/msg/detail/yaw_estimator_status__type_support.c.o[0m
[275.568s] [ 76%] [32mBuilding C object CMakeFiles/px4_msgs__rosidl_typesupport_introspection_c.dir/rosidl_typesupport_introspection_c/px4_msgs/srv/detail/vehicle_command__type_support.c.o[0m
[275.671s] [ 76%] [32m[1mLinking C shared library libpx4_msgs__rosidl_typesupport_introspection_c.so[0m
[275.818s] [ 76%] Built target px4_msgs__rosidl_typesupport_introspection_c
[277.153s] [ 76%] [32mBuilding CXX object CMakeFiles/px4_msgs__rosidl_typesupport_fastrtps_c.dir/rosidl_typesupport_fastrtps_c/px4_msgs/msg/detail/actuator_armed__type_support_c.cpp.o[0m
[277.153s] [ 76%] [32mBuilding CXX object CMakeFiles/px4_msgs__rosidl_typesupport_fastrtps_c.dir/rosidl_typesupport_fastrtps_c/px4_msgs/msg/detail/actuator_controls_status__type_support_c.cpp.o[0m
[277.153s] [ 76%] [32mBuilding CXX object CMakeFiles/px4_msgs__rosidl_typesupport_fastrtps_c.dir/rosidl_typesupport_fastrtps_c/px4_msgs/msg/detail/action_request__type_support_c.cpp.o[0m
[277.606s] [ 76%] [32mBuilding CXX object CMakeFiles/px4_msgs__rosidl_typesupport_fastrtps_c.dir/rosidl_typesupport_fastrtps_c/px4_msgs/msg/detail/actuator_test__type_support_c.cpp.o[0m
[277.613s] [ 76%] [32mBuilding CXX object CMakeFiles/px4_msgs__rosidl_typesupport_fastrtps_c.dir/rosidl_typesupport_fastrtps_c/px4_msgs/msg/detail/adc_report__type_support_c.cpp.o[0m
[277.620s] [ 76%] [32mBuilding CXX object CMakeFiles/px4_msgs__rosidl_typesupport_fastrtps_c.dir/rosidl_typesupport_fastrtps_c/px4_msgs/msg/detail/airspeed__type_support_c.cpp.o[0m
[278.085s] [ 76%] [32mBuilding CXX object CMakeFiles/px4_msgs__rosidl_typesupport_fastrtps_c.dir/rosidl_typesupport_fastrtps_c/px4_msgs/msg/detail/airspeed_validated__type_support_c.cpp.o[0m
[278.085s] [ 76%] [32mBuilding CXX object CMakeFiles/px4_msgs__rosidl_typesupport_fastrtps_c.dir/rosidl_typesupport_fastrtps_c/px4_msgs/msg/detail/actuator_servos_trim__type_support_c.cpp.o[0m
[278.085s] [ 76%] [32mBuilding CXX object CMakeFiles/px4_msgs__rosidl_typesupport_fastrtps_c.dir/rosidl_typesupport_fastrtps_c/px4_msgs/msg/detail/airspeed_wind__type_support_c.cpp.o[0m
[278.094s] [ 76%] [32mBuilding CXX object CMakeFiles/px4_msgs__rosidl_typesupport_fastrtps_c.dir/rosidl_typesupport_fastrtps_c/px4_msgs/msg/detail/arming_check_reply__type_support_c.cpp.o[0m
[278.589s] [ 76%] [32mBuilding CXX object CMakeFiles/px4_msgs__rosidl_typesupport_fastrtps_c.dir/rosidl_typesupport_fastrtps_c/px4_msgs/msg/detail/arming_check_request__type_support_c.cpp.o[0m
[278.635s] [ 76%] [32mBuilding CXX object CMakeFiles/px4_msgs__rosidl_typesupport_fastrtps_c.dir/rosidl_typesupport_fastrtps_c/px4_msgs/msg/detail/autotune_attitude_control_status__type_support_c.cpp.o[0m
[278.696s] [ 76%] [32mBuilding CXX object CMakeFiles/px4_msgs__rosidl_typesupport_fastrtps_c.dir/rosidl_typesupport_fastrtps_c/px4_msgs/msg/detail/battery_info__type_support_c.cpp.o[0m
[278.719s] [ 76%] [32mBuilding CXX object CMakeFiles/px4_msgs__rosidl_typesupport_fastrtps_c.dir/rosidl_typesupport_fastrtps_c/px4_msgs/msg/detail/battery_status__type_support_c.cpp.o[0m
[279.111s] [ 76%] [32mBuilding CXX object CMakeFiles/px4_msgs__rosidl_typesupport_fastrtps_c.dir/rosidl_typesupport_fastrtps_c/px4_msgs/msg/detail/button_event__type_support_c.cpp.o[0m
[279.113s] [ 76%] [32mBuilding CXX object CMakeFiles/px4_msgs__rosidl_typesupport_fastrtps_c.dir/rosidl_typesupport_fastrtps_c/px4_msgs/msg/detail/actuator_servos__type_support_c.cpp.o[0m
[279.233s] [ 77%] [32mBuilding CXX object CMakeFiles/px4_msgs__rosidl_typesupport_fastrtps_c.dir/rosidl_typesupport_fastrtps_c/px4_msgs/msg/detail/camera_status__type_support_c.cpp.o[0m
[279.275s] [ 77%] [32mBuilding CXX object CMakeFiles/px4_msgs__rosidl_typesupport_fastrtps_c.dir/rosidl_typesupport_fastrtps_c/px4_msgs/msg/detail/camera_trigger__type_support_c.cpp.o[0m
[279.668s] [ 77%] [32mBuilding CXX object CMakeFiles/px4_msgs__rosidl_typesupport_fastrtps_c.dir/rosidl_typesupport_fastrtps_c/px4_msgs/msg/detail/can_interface_status__type_support_c.cpp.o[0m
[279.726s] [ 77%] [32mBuilding CXX object CMakeFiles/px4_msgs__rosidl_typesupport_fastrtps_c.dir/rosidl_typesupport_fastrtps_c/px4_msgs/msg/detail/cellular_status__type_support_c.cpp.o[0m
[279.821s] [ 77%] [32mBuilding CXX object CMakeFiles/px4_msgs__rosidl_typesupport_fastrtps_c.dir/rosidl_typesupport_fastrtps_c/px4_msgs/msg/detail/collision_constraints__type_support_c.cpp.o[0m
[279.838s] [ 77%] [32mBuilding CXX object CMakeFiles/px4_msgs__rosidl_typesupport_fastrtps_c.dir/rosidl_typesupport_fastrtps_c/px4_msgs/msg/detail/config_overrides__type_support_c.cpp.o[0m
[280.225s] [ 77%] [32mBuilding CXX object CMakeFiles/px4_msgs__rosidl_typesupport_fastrtps_c.dir/rosidl_typesupport_fastrtps_c/px4_msgs/msg/detail/control_allocator_status__type_support_c.cpp.o[0m
[280.300s] [ 77%] [32mBuilding CXX object CMakeFiles/px4_msgs__rosidl_typesupport_fastrtps_c.dir/rosidl_typesupport_fastrtps_c/px4_msgs/msg/detail/cpuload__type_support_c.cpp.o[0m
[280.375s] [ 77%] [32mBuilding CXX object CMakeFiles/px4_msgs__rosidl_typesupport_fastrtps_c.dir/rosidl_typesupport_fastrtps_c/px4_msgs/msg/detail/dataman_request__type_support_c.cpp.o[0m
[280.413s] [ 77%] [32mBuilding CXX object CMakeFiles/px4_msgs__rosidl_typesupport_fastrtps_c.dir/rosidl_typesupport_fastrtps_c/px4_msgs/msg/detail/dataman_response__type_support_c.cpp.o[0m
[280.865s] [ 77%] [32mBuilding CXX object CMakeFiles/px4_msgs__rosidl_typesupport_fastrtps_c.dir/rosidl_typesupport_fastrtps_c/px4_msgs/msg/detail/debug_array__type_support_c.cpp.o[0m
[280.926s] [ 77%] [32mBuilding CXX object CMakeFiles/px4_msgs__rosidl_typesupport_fastrtps_c.dir/rosidl_typesupport_fastrtps_c/px4_msgs/msg/detail/debug_key_value__type_support_c.cpp.o[0m
[280.956s] [ 77%] [32mBuilding CXX object CMakeFiles/px4_msgs__rosidl_typesupport_fastrtps_c.dir/rosidl_typesupport_fastrtps_c/px4_msgs/msg/detail/debug_value__type_support_c.cpp.o[0m
[280.960s] [ 77%] [32mBuilding CXX object CMakeFiles/px4_msgs__rosidl_typesupport_fastrtps_c.dir/rosidl_typesupport_fastrtps_c/px4_msgs/msg/detail/debug_vect__type_support_c.cpp.o[0m
[281.418s] [ 77%] [32mBuilding CXX object CMakeFiles/px4_msgs__rosidl_typesupport_fastrtps_c.dir/rosidl_typesupport_fastrtps_c/px4_msgs/msg/detail/differential_pressure__type_support_c.cpp.o[0m
[281.494s] [ 77%] [32mBuilding CXX object CMakeFiles/px4_msgs__rosidl_typesupport_fastrtps_c.dir/rosidl_typesupport_fastrtps_c/px4_msgs/msg/detail/distance_sensor__type_support_c.cpp.o[0m
[281.496s] [ 77%] [32mBuilding CXX object CMakeFiles/px4_msgs__rosidl_typesupport_fastrtps_c.dir/rosidl_typesupport_fastrtps_c/px4_msgs/msg/detail/distance_sensor_mode_change_request__type_support_c.cpp.o[0m
[281.520s] [ 77%] [32mBuilding CXX object CMakeFiles/px4_msgs__rosidl_typesupport_fastrtps_c.dir/rosidl_typesupport_fastrtps_c/px4_msgs/msg/detail/dronecan_node_status__type_support_c.cpp.o[0m
[281.960s] [ 77%] [32mBuilding CXX object CMakeFiles/px4_msgs__rosidl_typesupport_fastrtps_c.dir/rosidl_typesupport_fastrtps_c/px4_msgs/msg/detail/ekf2_timestamps__type_support_c.cpp.o[0m
[282.042s] [ 78%] [32mBuilding CXX object CMakeFiles/px4_msgs__rosidl_typesupport_fastrtps_c.dir/rosidl_typesupport_fastrtps_c/px4_msgs/msg/detail/esc_report__type_support_c.cpp.o[0m
[282.093s] [ 78%] [32mBuilding CXX object CMakeFiles/px4_msgs__rosidl_typesupport_fastrtps_c.dir/rosidl_typesupport_fastrtps_c/px4_msgs/msg/detail/estimator_aid_source1d__type_support_c.cpp.o[0m
[282.484s] [ 78%] [32mBuilding CXX object CMakeFiles/px4_msgs__rosidl_typesupport_fastrtps_c.dir/rosidl_typesupport_fastrtps_c/px4_msgs/msg/detail/estimator_aid_source2d__type_support_c.cpp.o[0m
[282.574s] [ 78%] [32mBuilding CXX object CMakeFiles/px4_msgs__rosidl_typesupport_fastrtps_c.dir/rosidl_typesupport_fastrtps_c/px4_msgs/msg/detail/estimator_aid_source3d__type_support_c.cpp.o[0m
[282.612s] [ 78%] [32mBuilding CXX object CMakeFiles/px4_msgs__rosidl_typesupport_fastrtps_c.dir/rosidl_typesupport_fastrtps_c/px4_msgs/msg/detail/estimator_bias__type_support_c.cpp.o[0m
[282.985s] [ 78%] [32mBuilding CXX object CMakeFiles/px4_msgs__rosidl_typesupport_fastrtps_c.dir/rosidl_typesupport_fastrtps_c/px4_msgs/msg/detail/estimator_bias3d__type_support_c.cpp.o[0m
[283.073s] [ 78%] [32mBuilding CXX object CMakeFiles/px4_msgs__rosidl_typesupport_fastrtps_c.dir/rosidl_typesupport_fastrtps_c/px4_msgs/msg/detail/estimator_event_flags__type_support_c.cpp.o[0m
[283.108s] [ 78%] [32mBuilding CXX object CMakeFiles/px4_msgs__rosidl_typesupport_fastrtps_c.dir/rosidl_typesupport_fastrtps_c/px4_msgs/msg/detail/estimator_gps_status__type_support_c.cpp.o[0m
[283.476s] [ 78%] [32mBuilding CXX object CMakeFiles/px4_msgs__rosidl_typesupport_fastrtps_c.dir/rosidl_typesupport_fastrtps_c/px4_msgs/msg/detail/estimator_innovations__type_support_c.cpp.o[0m
[283.566s] [ 78%] [32mBuilding CXX object CMakeFiles/px4_msgs__rosidl_typesupport_fastrtps_c.dir/rosidl_typesupport_fastrtps_c/px4_msgs/msg/detail/estimator_selector_status__type_support_c.cpp.o[0m
[283.616s] [ 78%] [32mBuilding CXX object CMakeFiles/px4_msgs__rosidl_typesupport_fastrtps_c.dir/rosidl_typesupport_fastrtps_c/px4_msgs/msg/detail/estimator_sensor_bias__type_support_c.cpp.o[0m
[283.975s] [ 78%] [32mBuilding CXX object CMakeFiles/px4_msgs__rosidl_typesupport_fastrtps_c.dir/rosidl_typesupport_fastrtps_c/px4_msgs/msg/detail/estimator_states__type_support_c.cpp.o[0m
[284.059s] [ 78%] [32mBuilding CXX object CMakeFiles/px4_msgs__rosidl_typesupport_fastrtps_c.dir/rosidl_typesupport_fastrtps_c/px4_msgs/msg/detail/estimator_status__type_support_c.cpp.o[0m
[284.118s] [ 78%] [32mBuilding CXX object CMakeFiles/px4_msgs__rosidl_typesupport_fastrtps_c.dir/rosidl_typesupport_fastrtps_c/px4_msgs/msg/detail/estimator_status_flags__type_support_c.cpp.o[0m
[284.455s] [ 78%] [32mBuilding CXX object CMakeFiles/px4_msgs__rosidl_typesupport_fastrtps_c.dir/rosidl_typesupport_fastrtps_c/px4_msgs/msg/detail/event__type_support_c.cpp.o[0m
[284.599s] [ 78%] [32mBuilding CXX object CMakeFiles/px4_msgs__rosidl_typesupport_fastrtps_c.dir/rosidl_typesupport_fastrtps_c/px4_msgs/msg/detail/failsafe_flags__type_support_c.cpp.o[0m
[284.658s] [ 78%] [32mBuilding CXX object CMakeFiles/px4_msgs__rosidl_typesupport_fastrtps_c.dir/rosidl_typesupport_fastrtps_c/px4_msgs/msg/detail/failure_detector_status__type_support_c.cpp.o[0m
[284.962s] [ 78%] [32mBuilding CXX object CMakeFiles/px4_msgs__rosidl_typesupport_fastrtps_c.dir/rosidl_typesupport_fastrtps_c/px4_msgs/msg/detail/figure_eight_status__type_support_c.cpp.o[0m
[285.103s] [ 79%] [32mBuilding CXX object CMakeFiles/px4_msgs__rosidl_typesupport_fastrtps_c.dir/rosidl_typesupport_fastrtps_c/px4_msgs/msg/detail/fixed_wing_lateral_guidance_status__type_support_c.cpp.o[0m
[285.146s] [ 79%] [32mBuilding CXX object CMakeFiles/px4_msgs__rosidl_typesupport_fastrtps_c.dir/rosidl_typesupport_fastrtps_c/px4_msgs/msg/detail/fixed_wing_lateral_setpoint__type_support_c.cpp.o[0m
[285.473s] [ 79%] [32mBuilding CXX object CMakeFiles/px4_msgs__rosidl_typesupport_fastrtps_c.dir/rosidl_typesupport_fastrtps_c/px4_msgs/msg/detail/fixed_wing_lateral_status__type_support_c.cpp.o[0m
[285.607s] [ 79%] [32mBuilding CXX object CMakeFiles/px4_msgs__rosidl_typesupport_fastrtps_c.dir/rosidl_typesupport_fastrtps_c/px4_msgs/msg/detail/fixed_wing_longitudinal_setpoint__type_support_c.cpp.o[0m
[285.643s] [ 79%] [32mBuilding CXX object CMakeFiles/px4_msgs__rosidl_typesupport_fastrtps_c.dir/rosidl_typesupport_fastrtps_c/px4_msgs/msg/detail/fixed_wing_runway_control__type_support_c.cpp.o[0m
[285.958s] [ 79%] [32mBuilding CXX object CMakeFiles/px4_msgs__rosidl_typesupport_fastrtps_c.dir/rosidl_typesupport_fastrtps_c/px4_msgs/msg/detail/flight_phase_estimation__type_support_c.cpp.o[0m
[286.109s] [ 79%] [32mBuilding CXX object CMakeFiles/px4_msgs__rosidl_typesupport_fastrtps_c.dir/rosidl_typesupport_fastrtps_c/px4_msgs/msg/detail/follow_target__type_support_c.cpp.o[0m
[286.137s] [ 79%] [32mBuilding CXX object CMakeFiles/px4_msgs__rosidl_typesupport_fastrtps_c.dir/rosidl_typesupport_fastrtps_c/px4_msgs/msg/detail/follow_target_estimator__type_support_c.cpp.o[0m
[286.463s] [ 79%] [32mBuilding CXX object CMakeFiles/px4_msgs__rosidl_typesupport_fastrtps_c.dir/rosidl_typesupport_fastrtps_c/px4_msgs/msg/detail/follow_target_status__type_support_c.cpp.o[0m
[286.617s] [ 79%] [32mBuilding CXX object CMakeFiles/px4_msgs__rosidl_typesupport_fastrtps_c.dir/rosidl_typesupport_fastrtps_c/px4_msgs/msg/detail/fuel_tank_status__type_support_c.cpp.o[0m
[286.644s] [ 79%] [32mBuilding CXX object CMakeFiles/px4_msgs__rosidl_typesupport_fastrtps_c.dir/rosidl_typesupport_fastrtps_c/px4_msgs/msg/detail/generator_status__type_support_c.cpp.o[0m
[286.949s] [ 79%] [32mBuilding CXX object CMakeFiles/px4_msgs__rosidl_typesupport_fastrtps_c.dir/rosidl_typesupport_fastrtps_c/px4_msgs/msg/detail/geofence_result__type_support_c.cpp.o[0m
[287.108s] [ 79%] [32mBuilding CXX object CMakeFiles/px4_msgs__rosidl_typesupport_fastrtps_c.dir/rosidl_typesupport_fastrtps_c/px4_msgs/msg/detail/geofence_status__type_support_c.cpp.o[0m
[287.137s] [ 79%] [32mBuilding CXX object CMakeFiles/px4_msgs__rosidl_typesupport_fastrtps_c.dir/rosidl_typesupport_fastrtps_c/px4_msgs/msg/detail/gimbal_controls__type_support_c.cpp.o[0m
[287.457s] [ 79%] [32mBuilding CXX object CMakeFiles/px4_msgs__rosidl_typesupport_fastrtps_c.dir/rosidl_typesupport_fastrtps_c/px4_msgs/msg/detail/gimbal_device_attitude_status__type_support_c.cpp.o[0m
[287.648s] [ 79%] [32mBuilding CXX object CMakeFiles/px4_msgs__rosidl_typesupport_fastrtps_c.dir/rosidl_typesupport_fastrtps_c/px4_msgs/msg/detail/gimbal_device_information__type_support_c.cpp.o[0m
[287.698s] [ 79%] [32mBuilding CXX object CMakeFiles/px4_msgs__rosidl_typesupport_fastrtps_c.dir/rosidl_typesupport_fastrtps_c/px4_msgs/msg/detail/gimbal_device_set_attitude__type_support_c.cpp.o[0m
[288.005s] [ 79%] [32mBuilding CXX object CMakeFiles/px4_msgs__rosidl_typesupport_fastrtps_c.dir/rosidl_typesupport_fastrtps_c/px4_msgs/msg/detail/gimbal_manager_information__type_support_c.cpp.o[0m
[288.140s] [ 79%] [32mBuilding CXX object CMakeFiles/px4_msgs__rosidl_typesupport_fastrtps_c.dir/rosidl_typesupport_fastrtps_c/px4_msgs/msg/detail/gimbal_manager_set_attitude__type_support_c.cpp.o[0m
[288.164s] [ 80%] [32mBuilding CXX object CMakeFiles/px4_msgs__rosidl_typesupport_fastrtps_c.dir/rosidl_typesupport_fastrtps_c/px4_msgs/msg/detail/gimbal_manager_set_manual_control__type_support_c.cpp.o[0m
[288.427s] [ 80%] [32mBuilding CXX object CMakeFiles/px4_msgs__rosidl_typesupport_fastrtps_c.dir/rosidl_typesupport_fastrtps_c/px4_msgs/msg/detail/gimbal_manager_status__type_support_c.cpp.o[0m
[288.565s] [ 80%] [32mBuilding CXX object CMakeFiles/px4_msgs__rosidl_typesupport_fastrtps_c.dir/rosidl_typesupport_fastrtps_c/px4_msgs/msg/detail/goto_setpoint__type_support_c.cpp.o[0m
[288.582s] [ 80%] [32mBuilding CXX object CMakeFiles/px4_msgs__rosidl_typesupport_fastrtps_c.dir/rosidl_typesupport_fastrtps_c/px4_msgs/msg/detail/gpio_config__type_support_c.cpp.o[0m
[288.832s] [ 80%] [32mBuilding CXX object CMakeFiles/px4_msgs__rosidl_typesupport_fastrtps_c.dir/rosidl_typesupport_fastrtps_c/px4_msgs/msg/detail/gpio_in__type_support_c.cpp.o[0m
[288.969s] [ 80%] [32mBuilding CXX object CMakeFiles/px4_msgs__rosidl_typesupport_fastrtps_c.dir/rosidl_typesupport_fastrtps_c/px4_msgs/msg/detail/gpio_out__type_support_c.cpp.o[0m
[288.975s] [ 80%] [32mBuilding CXX object CMakeFiles/px4_msgs__rosidl_typesupport_fastrtps_c.dir/rosidl_typesupport_fastrtps_c/px4_msgs/msg/detail/gpio_request__type_support_c.cpp.o[0m
[289.229s] [ 80%] [32mBuilding CXX object CMakeFiles/px4_msgs__rosidl_typesupport_fastrtps_c.dir/rosidl_typesupport_fastrtps_c/px4_msgs/msg/detail/gps_dump__type_support_c.cpp.o[0m
[289.229s] [ 80%] [32mBuilding CXX object CMakeFiles/px4_msgs__rosidl_typesupport_fastrtps_c.dir/rosidl_typesupport_fastrtps_c/px4_msgs/msg/detail/esc_status__type_support_c.cpp.o[0m
[289.382s] [ 80%] [32mBuilding CXX object CMakeFiles/px4_msgs__rosidl_typesupport_fastrtps_c.dir/rosidl_typesupport_fastrtps_c/px4_msgs/msg/detail/gps_inject_data__type_support_c.cpp.o[0m
[289.385s] [ 80%] [32mBuilding CXX object CMakeFiles/px4_msgs__rosidl_typesupport_fastrtps_c.dir/rosidl_typesupport_fastrtps_c/px4_msgs/msg/detail/gripper__type_support_c.cpp.o[0m
[289.678s] [ 80%] [32mBuilding CXX object CMakeFiles/px4_msgs__rosidl_typesupport_fastrtps_c.dir/rosidl_typesupport_fastrtps_c/px4_msgs/msg/detail/camera_capture__type_support_c.cpp.o[0m
[289.679s] [ 80%] [32mBuilding CXX object CMakeFiles/px4_msgs__rosidl_typesupport_fastrtps_c.dir/rosidl_typesupport_fastrtps_c/px4_msgs/msg/detail/health_report__type_support_c.cpp.o[0m
[289.835s] [ 80%] [32mBuilding CXX object CMakeFiles/px4_msgs__rosidl_typesupport_fastrtps_c.dir/rosidl_typesupport_fastrtps_c/px4_msgs/msg/detail/home_position__type_support_c.cpp.o[0m
[289.835s] [ 80%] [32mBuilding CXX object CMakeFiles/px4_msgs__rosidl_typesupport_fastrtps_c.dir/rosidl_typesupport_fastrtps_c/px4_msgs/msg/detail/heater_status__type_support_c.cpp.o[0m
[290.117s] [ 80%] [32mBuilding CXX object CMakeFiles/px4_msgs__rosidl_typesupport_fastrtps_c.dir/rosidl_typesupport_fastrtps_c/px4_msgs/msg/detail/input_rc__type_support_c.cpp.o[0m
[290.119s] [ 80%] [32mBuilding CXX object CMakeFiles/px4_msgs__rosidl_typesupport_fastrtps_c.dir/rosidl_typesupport_fastrtps_c/px4_msgs/msg/detail/internal_combustion_engine_control__type_support_c.cpp.o[0m
[290.120s] [ 80%] [32mBuilding CXX object CMakeFiles/px4_msgs__rosidl_typesupport_fastrtps_c.dir/rosidl_typesupport_fastrtps_c/px4_msgs/msg/detail/hover_thrust_estimate__type_support_c.cpp.o[0m
[290.297s] [ 80%] [32mBuilding CXX object CMakeFiles/px4_msgs__rosidl_typesupport_fastrtps_c.dir/rosidl_typesupport_fastrtps_c/px4_msgs/msg/detail/internal_combustion_engine_status__type_support_c.cpp.o[0m
[290.359s] [ 80%] [32mBuilding CXX object CMakeFiles/px4_msgs__rosidl_typesupport_fastrtps_c.dir/rosidl_typesupport_fastrtps_c/px4_msgs/msg/detail/iridiumsbd_status__type_support_c.cpp.o[0m
[290.611s] [ 80%] [32mBuilding CXX object CMakeFiles/px4_msgs__rosidl_typesupport_fastrtps_c.dir/rosidl_typesupport_fastrtps_c/px4_msgs/msg/detail/irlock_report__type_support_c.cpp.o[0m
[290.639s] [ 81%] [32mBuilding CXX object CMakeFiles/px4_msgs__rosidl_typesupport_fastrtps_c.dir/rosidl_typesupport_fastrtps_c/px4_msgs/msg/detail/landing_gear__type_support_c.cpp.o[0m
[290.646s] [ 81%] [32mBuilding CXX object CMakeFiles/px4_msgs__rosidl_typesupport_fastrtps_c.dir/rosidl_typesupport_fastrtps_c/px4_msgs/msg/detail/landing_gear_wheel__type_support_c.cpp.o[0m
[290.824s] [ 81%] [32mBuilding CXX object CMakeFiles/px4_msgs__rosidl_typesupport_fastrtps_c.dir/rosidl_typesupport_fastrtps_c/px4_msgs/msg/detail/landing_target_innovations__type_support_c.cpp.o[0m
[290.976s] [ 81%] [32mBuilding CXX object CMakeFiles/px4_msgs__rosidl_typesupport_fastrtps_c.dir/rosidl_typesupport_fastrtps_c/px4_msgs/msg/detail/landing_target_pose__type_support_c.cpp.o[0m
[291.108s] [ 81%] [32mBuilding CXX object CMakeFiles/px4_msgs__rosidl_typesupport_fastrtps_c.dir/rosidl_typesupport_fastrtps_c/px4_msgs/msg/detail/actuator_outputs__type_support_c.cpp.o[0m
[291.111s] [ 81%] [32mBuilding CXX object CMakeFiles/px4_msgs__rosidl_typesupport_fastrtps_c.dir/rosidl_typesupport_fastrtps_c/px4_msgs/msg/detail/lateral_control_configuration__type_support_c.cpp.o[0m
[291.182s] [ 81%] [32mBuilding CXX object CMakeFiles/px4_msgs__rosidl_typesupport_fastrtps_c.dir/rosidl_typesupport_fastrtps_c/px4_msgs/msg/detail/launch_detection_status__type_support_c.cpp.o[0m
[291.219s] [ 81%] [32mBuilding CXX object CMakeFiles/px4_msgs__rosidl_typesupport_fastrtps_c.dir/rosidl_typesupport_fastrtps_c/px4_msgs/msg/detail/led_control__type_support_c.cpp.o[0m
[291.562s] [ 81%] [32mBuilding CXX object CMakeFiles/px4_msgs__rosidl_typesupport_fastrtps_c.dir/rosidl_typesupport_fastrtps_c/px4_msgs/msg/detail/log_message__type_support_c.cpp.o[0m
[291.592s] [ 81%] [32mBuilding CXX object CMakeFiles/px4_msgs__rosidl_typesupport_fastrtps_c.dir/rosidl_typesupport_fastrtps_c/px4_msgs/msg/detail/logger_status__type_support_c.cpp.o[0m
[291.672s] [ 81%] [32mBuilding CXX object CMakeFiles/px4_msgs__rosidl_typesupport_fastrtps_c.dir/rosidl_typesupport_fastrtps_c/px4_msgs/msg/detail/longitudinal_control_configuration__type_support_c.cpp.o[0m
[291.677s] [ 81%] [32mBuilding CXX object CMakeFiles/px4_msgs__rosidl_typesupport_fastrtps_c.dir/rosidl_typesupport_fastrtps_c/px4_msgs/msg/detail/mag_worker_data__type_support_c.cpp.o[0m
[291.808s] [ 81%] [32mBuilding CXX object CMakeFiles/px4_msgs__rosidl_typesupport_fastrtps_c.dir/rosidl_typesupport_fastrtps_c/px4_msgs/msg/detail/magnetometer_bias_estimate__type_support_c.cpp.o[0m
[291.898s] [ 81%] [32mBuilding CXX object CMakeFiles/px4_msgs__rosidl_typesupport_fastrtps_c.dir/rosidl_typesupport_fastrtps_c/px4_msgs/msg/detail/manual_control_setpoint__type_support_c.cpp.o[0m
[292.130s] [ 81%] [32mBuilding CXX object CMakeFiles/px4_msgs__rosidl_typesupport_fastrtps_c.dir/rosidl_typesupport_fastrtps_c/px4_msgs/msg/detail/actuator_motors__type_support_c.cpp.o[0m
[292.130s] [ 81%] [32mBuilding CXX object CMakeFiles/px4_msgs__rosidl_typesupport_fastrtps_c.dir/rosidl_typesupport_fastrtps_c/px4_msgs/msg/detail/manual_control_switches__type_support_c.cpp.o[0m
[292.259s] [ 81%] [32mBuilding CXX object CMakeFiles/px4_msgs__rosidl_typesupport_fastrtps_c.dir/rosidl_typesupport_fastrtps_c/px4_msgs/msg/detail/mavlink_log__type_support_c.cpp.o[0m
[292.327s] [ 81%] [32mBuilding CXX object CMakeFiles/px4_msgs__rosidl_typesupport_fastrtps_c.dir/rosidl_typesupport_fastrtps_c/px4_msgs/msg/detail/mavlink_tunnel__type_support_c.cpp.o[0m
[292.483s] [ 81%] [32mBuilding CXX object CMakeFiles/px4_msgs__rosidl_typesupport_fastrtps_c.dir/rosidl_typesupport_fastrtps_c/px4_msgs/msg/detail/message_format_request__type_support_c.cpp.o[0m
[292.581s] [ 81%] [32mBuilding CXX object CMakeFiles/px4_msgs__rosidl_typesupport_fastrtps_c.dir/rosidl_typesupport_fastrtps_c/px4_msgs/msg/detail/message_format_response__type_support_c.cpp.o[0m
[292.705s] [ 81%] [32mBuilding CXX object CMakeFiles/px4_msgs__rosidl_typesupport_fastrtps_c.dir/rosidl_typesupport_fastrtps_c/px4_msgs/msg/detail/mission__type_support_c.cpp.o[0m
[292.757s] [ 82%] [32mBuilding CXX object CMakeFiles/px4_msgs__rosidl_typesupport_fastrtps_c.dir/rosidl_typesupport_fastrtps_c/px4_msgs/msg/detail/mission_result__type_support_c.cpp.o[0m
[292.933s] [ 82%] [32mBuilding CXX object CMakeFiles/px4_msgs__rosidl_typesupport_fastrtps_c.dir/rosidl_typesupport_fastrtps_c/px4_msgs/msg/detail/mode_completed__type_support_c.cpp.o[0m
[293.070s] [ 82%] [32mBuilding CXX object CMakeFiles/px4_msgs__rosidl_typesupport_fastrtps_c.dir/rosidl_typesupport_fastrtps_c/px4_msgs/msg/detail/mount_orientation__type_support_c.cpp.o[0m
[293.071s] [ 82%] [32mBuilding CXX object CMakeFiles/px4_msgs__rosidl_typesupport_fastrtps_c.dir/rosidl_typesupport_fastrtps_c/px4_msgs/msg/detail/navigator_mission_item__type_support_c.cpp.o[0m
[293.084s] [ 82%] [32mBuilding CXX object CMakeFiles/px4_msgs__rosidl_typesupport_fastrtps_c.dir/rosidl_typesupport_fastrtps_c/px4_msgs/msg/detail/navigator_status__type_support_c.cpp.o[0m
[293.293s] [ 82%] [32mBuilding CXX object CMakeFiles/px4_msgs__rosidl_typesupport_fastrtps_c.dir/rosidl_typesupport_fastrtps_c/px4_msgs/msg/detail/neural_control__type_support_c.cpp.o[0m
[293.412s] [ 82%] [32mBuilding CXX object CMakeFiles/px4_msgs__rosidl_typesupport_fastrtps_c.dir/rosidl_typesupport_fastrtps_c/px4_msgs/msg/detail/normalized_unsigned_setpoint__type_support_c.cpp.o[0m
[293.461s] [ 82%] [32mBuilding CXX object CMakeFiles/px4_msgs__rosidl_typesupport_fastrtps_c.dir/rosidl_typesupport_fastrtps_c/px4_msgs/msg/detail/obstacle_distance__type_support_c.cpp.o[0m
[293.495s] [ 82%] [32mBuilding CXX object CMakeFiles/px4_msgs__rosidl_typesupport_fastrtps_c.dir/rosidl_typesupport_fastrtps_c/px4_msgs/msg/detail/offboard_control_mode__type_support_c.cpp.o[0m
[293.765s] [ 82%] [32mBuilding CXX object CMakeFiles/px4_msgs__rosidl_typesupport_fastrtps_c.dir/rosidl_typesupport_fastrtps_c/px4_msgs/msg/detail/onboard_computer_status__type_support_c.cpp.o[0m
[293.912s] [ 82%] [32mBuilding CXX object CMakeFiles/px4_msgs__rosidl_typesupport_fastrtps_c.dir/rosidl_typesupport_fastrtps_c/px4_msgs/msg/detail/open_drone_id_arm_status__type_support_c.cpp.o[0m
[293.925s] [ 82%] [32mBuilding CXX object CMakeFiles/px4_msgs__rosidl_typesupport_fastrtps_c.dir/rosidl_typesupport_fastrtps_c/px4_msgs/msg/detail/open_drone_id_operator_id__type_support_c.cpp.o[0m
[293.932s] [ 82%] [32mBuilding CXX object CMakeFiles/px4_msgs__rosidl_typesupport_fastrtps_c.dir/rosidl_typesupport_fastrtps_c/px4_msgs/msg/detail/open_drone_id_self_id__type_support_c.cpp.o[0m
[294.136s] [ 82%] [32mBuilding CXX object CMakeFiles/px4_msgs__rosidl_typesupport_fastrtps_c.dir/rosidl_typesupport_fastrtps_c/px4_msgs/msg/detail/open_drone_id_system__type_support_c.cpp.o[0m
[294.233s] [ 82%] [32mBuilding CXX object CMakeFiles/px4_msgs__rosidl_typesupport_fastrtps_c.dir/rosidl_typesupport_fastrtps_c/px4_msgs/msg/detail/orb_test__type_support_c.cpp.o[0m
[294.289s] [ 82%] [32mBuilding CXX object CMakeFiles/px4_msgs__rosidl_typesupport_fastrtps_c.dir/rosidl_typesupport_fastrtps_c/px4_msgs/msg/detail/orb_test_large__type_support_c.cpp.o[0m
[294.351s] [ 82%] [32mBuilding CXX object CMakeFiles/px4_msgs__rosidl_typesupport_fastrtps_c.dir/rosidl_typesupport_fastrtps_c/px4_msgs/msg/detail/orb_test_medium__type_support_c.cpp.o[0m
[294.641s] [ 82%] [32mBuilding CXX object CMakeFiles/px4_msgs__rosidl_typesupport_fastrtps_c.dir/rosidl_typesupport_fastrtps_c/px4_msgs/msg/detail/orbit_status__type_support_c.cpp.o[0m
[294.765s] [ 82%] [32mBuilding CXX object CMakeFiles/px4_msgs__rosidl_typesupport_fastrtps_c.dir/rosidl_typesupport_fastrtps_c/px4_msgs/msg/detail/parameter_reset_request__type_support_c.cpp.o[0m
[294.767s] [ 83%] [32mBuilding CXX object CMakeFiles/px4_msgs__rosidl_typesupport_fastrtps_c.dir/rosidl_typesupport_fastrtps_c/px4_msgs/msg/detail/parameter_set_used_request__type_support_c.cpp.o[0m
[294.772s] [ 83%] [32mBuilding CXX object CMakeFiles/px4_msgs__rosidl_typesupport_fastrtps_c.dir/rosidl_typesupport_fastrtps_c/px4_msgs/msg/detail/parameter_set_value_request__type_support_c.cpp.o[0m
[294.998s] [ 83%] [32mBuilding CXX object CMakeFiles/px4_msgs__rosidl_typesupport_fastrtps_c.dir/rosidl_typesupport_fastrtps_c/px4_msgs/msg/detail/parameter_set_value_response__type_support_c.cpp.o[0m
[295.063s] [ 83%] [32mBuilding CXX object CMakeFiles/px4_msgs__rosidl_typesupport_fastrtps_c.dir/rosidl_typesupport_fastrtps_c/px4_msgs/msg/detail/parameter_update__type_support_c.cpp.o[0m
[295.124s] [ 83%] [32mBuilding CXX object CMakeFiles/px4_msgs__rosidl_typesupport_fastrtps_c.dir/rosidl_typesupport_fastrtps_c/px4_msgs/msg/detail/ping__type_support_c.cpp.o[0m
[295.197s] [ 83%] [32mBuilding CXX object CMakeFiles/px4_msgs__rosidl_typesupport_fastrtps_c.dir/rosidl_typesupport_fastrtps_c/px4_msgs/msg/detail/position_controller_landing_status__type_support_c.cpp.o[0m
[295.491s] [ 83%] [32mBuilding CXX object CMakeFiles/px4_msgs__rosidl_typesupport_fastrtps_c.dir/rosidl_typesupport_fastrtps_c/px4_msgs/msg/detail/position_controller_status__type_support_c.cpp.o[0m
[295.603s] [ 83%] [32mBuilding CXX object CMakeFiles/px4_msgs__rosidl_typesupport_fastrtps_c.dir/rosidl_typesupport_fastrtps_c/px4_msgs/msg/detail/position_setpoint__type_support_c.cpp.o[0m
[295.611s] [ 83%] [32mBuilding CXX object CMakeFiles/px4_msgs__rosidl_typesupport_fastrtps_c.dir/rosidl_typesupport_fastrtps_c/px4_msgs/msg/detail/position_setpoint_triplet__type_support_c.cpp.o[0m
[295.662s] [ 83%] [32mBuilding CXX object CMakeFiles/px4_msgs__rosidl_typesupport_fastrtps_c.dir/rosidl_typesupport_fastrtps_c/px4_msgs/msg/detail/power_button_state__type_support_c.cpp.o[0m
[295.831s] [ 83%] [32mBuilding CXX object CMakeFiles/px4_msgs__rosidl_typesupport_fastrtps_c.dir/rosidl_typesupport_fastrtps_c/px4_msgs/msg/detail/power_monitor__type_support_c.cpp.o[0m
[295.889s] [ 83%] [32mBuilding CXX object CMakeFiles/px4_msgs__rosidl_typesupport_fastrtps_c.dir/rosidl_typesupport_fastrtps_c/px4_msgs/msg/detail/pps_capture__type_support_c.cpp.o[0m
[295.962s] [ 83%] [32mBuilding CXX object CMakeFiles/px4_msgs__rosidl_typesupport_fastrtps_c.dir/rosidl_typesupport_fastrtps_c/px4_msgs/msg/detail/pure_pursuit_status__type_support_c.cpp.o[0m
[296.054s] [ 83%] [32mBuilding CXX object CMakeFiles/px4_msgs__rosidl_typesupport_fastrtps_c.dir/rosidl_typesupport_fastrtps_c/px4_msgs/msg/detail/pwm_input__type_support_c.cpp.o[0m
[296.340s] [ 83%] [32mBuilding CXX object CMakeFiles/px4_msgs__rosidl_typesupport_fastrtps_c.dir/rosidl_typesupport_fastrtps_c/px4_msgs/msg/detail/px4io_status__type_support_c.cpp.o[0m
[296.469s] [ 83%] [32mBuilding CXX object CMakeFiles/px4_msgs__rosidl_typesupport_fastrtps_c.dir/rosidl_typesupport_fastrtps_c/px4_msgs/msg/detail/qshell_req__type_support_c.cpp.o[0m
[296.484s] [ 83%] [32mBuilding CXX object CMakeFiles/px4_msgs__rosidl_typesupport_fastrtps_c.dir/rosidl_typesupport_fastrtps_c/px4_msgs/msg/detail/qshell_retval__type_support_c.cpp.o[0m
[296.506s] [ 83%] [32mBuilding CXX object CMakeFiles/px4_msgs__rosidl_typesupport_fastrtps_c.dir/rosidl_typesupport_fastrtps_c/px4_msgs/msg/detail/radio_status__type_support_c.cpp.o[0m
[296.674s] [ 83%] [32mBuilding CXX object CMakeFiles/px4_msgs__rosidl_typesupport_fastrtps_c.dir/rosidl_typesupport_fastrtps_c/px4_msgs/msg/detail/rate_ctrl_status__type_support_c.cpp.o[0m
[296.724s] [ 84%] [32mBuilding CXX object CMakeFiles/px4_msgs__rosidl_typesupport_fastrtps_c.dir/rosidl_typesupport_fastrtps_c/px4_msgs/msg/detail/rc_channels__type_support_c.cpp.o[0m
[296.805s] [ 84%] [32mBuilding CXX object CMakeFiles/px4_msgs__rosidl_typesupport_fastrtps_c.dir/rosidl_typesupport_fastrtps_c/px4_msgs/msg/detail/rc_parameter_map__type_support_c.cpp.o[0m
[296.917s] [ 84%] [32mBuilding CXX object CMakeFiles/px4_msgs__rosidl_typesupport_fastrtps_c.dir/rosidl_typesupport_fastrtps_c/px4_msgs/msg/detail/register_ext_component_reply__type_support_c.cpp.o[0m
[297.249s] [ 84%] [32mBuilding CXX object CMakeFiles/px4_msgs__rosidl_typesupport_fastrtps_c.dir/rosidl_typesupport_fastrtps_c/px4_msgs/msg/detail/register_ext_component_request__type_support_c.cpp.o[0m
[297.320s] [ 84%] [32mBuilding CXX object CMakeFiles/px4_msgs__rosidl_typesupport_fastrtps_c.dir/rosidl_typesupport_fastrtps_c/px4_msgs/msg/detail/rover_attitude_setpoint__type_support_c.cpp.o[0m
[297.335s] [ 84%] [32mBuilding CXX object CMakeFiles/px4_msgs__rosidl_typesupport_fastrtps_c.dir/rosidl_typesupport_fastrtps_c/px4_msgs/msg/detail/rover_attitude_status__type_support_c.cpp.o[0m
[297.353s] [ 84%] [32mBuilding CXX object CMakeFiles/px4_msgs__rosidl_typesupport_fastrtps_c.dir/rosidl_typesupport_fastrtps_c/px4_msgs/msg/detail/rover_position_setpoint__type_support_c.cpp.o[0m
[297.512s] [ 84%] [32mBuilding CXX object CMakeFiles/px4_msgs__rosidl_typesupport_fastrtps_c.dir/rosidl_typesupport_fastrtps_c/px4_msgs/msg/detail/rover_rate_setpoint__type_support_c.cpp.o[0m
[297.569s] [ 84%] [32mBuilding CXX object CMakeFiles/px4_msgs__rosidl_typesupport_fastrtps_c.dir/rosidl_typesupport_fastrtps_c/px4_msgs/msg/detail/rover_rate_status__type_support_c.cpp.o[0m
[297.643s] [ 84%] [32mBuilding CXX object CMakeFiles/px4_msgs__rosidl_typesupport_fastrtps_c.dir/rosidl_typesupport_fastrtps_c/px4_msgs/msg/detail/rover_speed_setpoint__type_support_c.cpp.o[0m
[297.788s] [ 84%] [32mBuilding CXX object CMakeFiles/px4_msgs__rosidl_typesupport_fastrtps_c.dir/rosidl_typesupport_fastrtps_c/px4_msgs/msg/detail/rover_speed_status__type_support_c.cpp.o[0m
[298.157s] [ 84%] [32mBuilding CXX object CMakeFiles/px4_msgs__rosidl_typesupport_fastrtps_c.dir/rosidl_typesupport_fastrtps_c/px4_msgs/msg/detail/rover_steering_setpoint__type_support_c.cpp.o[0m
[298.163s] [ 84%] [32mBuilding CXX object CMakeFiles/px4_msgs__rosidl_typesupport_fastrtps_c.dir/rosidl_typesupport_fastrtps_c/px4_msgs/msg/detail/rover_throttle_setpoint__type_support_c.cpp.o[0m
[298.189s] [ 84%] [32mBuilding CXX object CMakeFiles/px4_msgs__rosidl_typesupport_fastrtps_c.dir/rosidl_typesupport_fastrtps_c/px4_msgs/msg/detail/rpm__type_support_c.cpp.o[0m
[298.207s] [ 84%] [32mBuilding CXX object CMakeFiles/px4_msgs__rosidl_typesupport_fastrtps_c.dir/rosidl_typesupport_fastrtps_c/px4_msgs/msg/detail/rtl_status__type_support_c.cpp.o[0m
[298.352s] [ 84%] [32mBuilding CXX object CMakeFiles/px4_msgs__rosidl_typesupport_fastrtps_c.dir/rosidl_typesupport_fastrtps_c/px4_msgs/msg/detail/rtl_time_estimate__type_support_c.cpp.o[0m
[298.419s] [ 84%] [32mBuilding CXX object CMakeFiles/px4_msgs__rosidl_typesupport_fastrtps_c.dir/rosidl_typesupport_fastrtps_c/px4_msgs/msg/detail/satellite_info__type_support_c.cpp.o[0m
[298.498s] [ 84%] [32mBuilding CXX object CMakeFiles/px4_msgs__rosidl_typesupport_fastrtps_c.dir/rosidl_typesupport_fastrtps_c/px4_msgs/msg/detail/sensor_accel__type_support_c.cpp.o[0m
[298.648s] [ 84%] [32mBuilding CXX object CMakeFiles/px4_msgs__rosidl_typesupport_fastrtps_c.dir/rosidl_typesupport_fastrtps_c/px4_msgs/msg/detail/sensor_accel_fifo__type_support_c.cpp.o[0m
[298.989s] [ 84%] [32mBuilding CXX object CMakeFiles/px4_msgs__rosidl_typesupport_fastrtps_c.dir/rosidl_typesupport_fastrtps_c/px4_msgs/msg/detail/sensor_airflow__type_support_c.cpp.o[0m
[299.010s] [ 85%] [32mBuilding CXX object CMakeFiles/px4_msgs__rosidl_typesupport_fastrtps_c.dir/rosidl_typesupport_fastrtps_c/px4_msgs/msg/detail/sensor_baro__type_support_c.cpp.o[0m
[299.016s] [ 85%] [32mBuilding CXX object CMakeFiles/px4_msgs__rosidl_typesupport_fastrtps_c.dir/rosidl_typesupport_fastrtps_c/px4_msgs/msg/detail/sensor_combined__type_support_c.cpp.o[0m
[299.044s] [ 85%] [32mBuilding CXX object CMakeFiles/px4_msgs__rosidl_typesupport_fastrtps_c.dir/rosidl_typesupport_fastrtps_c/px4_msgs/msg/detail/sensor_correction__type_support_c.cpp.o[0m
[299.244s] [ 85%] [32mBuilding CXX object CMakeFiles/px4_msgs__rosidl_typesupport_fastrtps_c.dir/rosidl_typesupport_fastrtps_c/px4_msgs/msg/detail/sensor_gnss_relative__type_support_c.cpp.o[0m
[299.258s] [ 85%] [32mBuilding CXX object CMakeFiles/px4_msgs__rosidl_typesupport_fastrtps_c.dir/rosidl_typesupport_fastrtps_c/px4_msgs/msg/detail/sensor_gnss_status__type_support_c.cpp.o[0m
[299.338s] [ 85%] [32mBuilding CXX object CMakeFiles/px4_msgs__rosidl_typesupport_fastrtps_c.dir/rosidl_typesupport_fastrtps_c/px4_msgs/msg/detail/sensor_gps__type_support_c.cpp.o[0m
[299.504s] [ 85%] [32mBuilding CXX object CMakeFiles/px4_msgs__rosidl_typesupport_fastrtps_c.dir/rosidl_typesupport_fastrtps_c/px4_msgs/msg/detail/sensor_gyro__type_support_c.cpp.o[0m
[299.849s] [ 85%] [32mBuilding CXX object CMakeFiles/px4_msgs__rosidl_typesupport_fastrtps_c.dir/rosidl_typesupport_fastrtps_c/px4_msgs/msg/detail/sensor_gyro_fft__type_support_c.cpp.o[0m
[299.854s] [ 85%] [32mBuilding CXX object CMakeFiles/px4_msgs__rosidl_typesupport_fastrtps_c.dir/rosidl_typesupport_fastrtps_c/px4_msgs/msg/detail/sensor_gyro_fifo__type_support_c.cpp.o[0m
[299.868s] [ 85%] [32mBuilding CXX object CMakeFiles/px4_msgs__rosidl_typesupport_fastrtps_c.dir/rosidl_typesupport_fastrtps_c/px4_msgs/msg/detail/sensor_hygrometer__type_support_c.cpp.o[0m
[299.915s] [ 85%] [32mBuilding CXX object CMakeFiles/px4_msgs__rosidl_typesupport_fastrtps_c.dir/rosidl_typesupport_fastrtps_c/px4_msgs/msg/detail/sensor_mag__type_support_c.cpp.o[0m
[300.099s] [ 85%] [32mBuilding CXX object CMakeFiles/px4_msgs__rosidl_typesupport_fastrtps_c.dir/rosidl_typesupport_fastrtps_c/px4_msgs/msg/detail/sensor_optical_flow__type_support_c.cpp.o[0m
[300.116s] [ 85%] [32mBuilding CXX object CMakeFiles/px4_msgs__rosidl_typesupport_fastrtps_c.dir/rosidl_typesupport_fastrtps_c/px4_msgs/msg/detail/sensor_preflight_mag__type_support_c.cpp.o[0m
[300.219s] [ 85%] [32mBuilding CXX object CMakeFiles/px4_msgs__rosidl_typesupport_fastrtps_c.dir/rosidl_typesupport_fastrtps_c/px4_msgs/msg/detail/sensor_selection__type_support_c.cpp.o[0m
[300.400s] [ 85%] [32mBuilding CXX object CMakeFiles/px4_msgs__rosidl_typesupport_fastrtps_c.dir/rosidl_typesupport_fastrtps_c/px4_msgs/msg/detail/sensor_uwb__type_support_c.cpp.o[0m
[300.694s] [ 85%] [32mBuilding CXX object CMakeFiles/px4_msgs__rosidl_typesupport_fastrtps_c.dir/rosidl_typesupport_fastrtps_c/px4_msgs/msg/detail/sensors_status__type_support_c.cpp.o[0m
[300.702s] [ 85%] [32mBuilding CXX object CMakeFiles/px4_msgs__rosidl_typesupport_fastrtps_c.dir/rosidl_typesupport_fastrtps_c/px4_msgs/msg/detail/sensors_status_imu__type_support_c.cpp.o[0m
[300.712s] [ 85%] [32mBuilding CXX object CMakeFiles/px4_msgs__rosidl_typesupport_fastrtps_c.dir/rosidl_typesupport_fastrtps_c/px4_msgs/msg/detail/system_power__type_support_c.cpp.o[0m
[300.759s] [ 85%] [32mBuilding CXX object CMakeFiles/px4_msgs__rosidl_typesupport_fastrtps_c.dir/rosidl_typesupport_fastrtps_c/px4_msgs/msg/detail/takeoff_status__type_support_c.cpp.o[0m
[300.953s] [ 86%] [32mBuilding CXX object CMakeFiles/px4_msgs__rosidl_typesupport_fastrtps_c.dir/rosidl_typesupport_fastrtps_c/px4_msgs/msg/detail/task_stack_info__type_support_c.cpp.o[0m
[300.964s] [ 86%] [32mBuilding CXX object CMakeFiles/px4_msgs__rosidl_typesupport_fastrtps_c.dir/rosidl_typesupport_fastrtps_c/px4_msgs/msg/detail/tecs_status__type_support_c.cpp.o[0m
[301.103s] [ 86%] [32mBuilding CXX object CMakeFiles/px4_msgs__rosidl_typesupport_fastrtps_c.dir/rosidl_typesupport_fastrtps_c/px4_msgs/msg/detail/telemetry_status__type_support_c.cpp.o[0m
[301.249s] [ 86%] [32mBuilding CXX object CMakeFiles/px4_msgs__rosidl_typesupport_fastrtps_c.dir/rosidl_typesupport_fastrtps_c/px4_msgs/msg/detail/tiltrotor_extra_controls__type_support_c.cpp.o[0m
[301.520s] [ 86%] [32mBuilding CXX object CMakeFiles/px4_msgs__rosidl_typesupport_fastrtps_c.dir/rosidl_typesupport_fastrtps_c/px4_msgs/msg/detail/timesync_status__type_support_c.cpp.o[0m
[301.522s] [ 86%] [32mBuilding CXX object CMakeFiles/px4_msgs__rosidl_typesupport_fastrtps_c.dir/rosidl_typesupport_fastrtps_c/px4_msgs/msg/detail/trajectory_setpoint__type_support_c.cpp.o[0m
[301.547s] [ 86%] [32mBuilding CXX object CMakeFiles/px4_msgs__rosidl_typesupport_fastrtps_c.dir/rosidl_typesupport_fastrtps_c/px4_msgs/msg/detail/trajectory_setpoint6dof__type_support_c.cpp.o[0m
[301.585s] [ 86%] [32mBuilding CXX object CMakeFiles/px4_msgs__rosidl_typesupport_fastrtps_c.dir/rosidl_typesupport_fastrtps_c/px4_msgs/msg/detail/transponder_report__type_support_c.cpp.o[0m
[301.801s] [ 86%] [32mBuilding CXX object CMakeFiles/px4_msgs__rosidl_typesupport_fastrtps_c.dir/rosidl_typesupport_fastrtps_c/px4_msgs/msg/detail/tune_control__type_support_c.cpp.o[0m
[301.809s] [ 86%] [32mBuilding CXX object CMakeFiles/px4_msgs__rosidl_typesupport_fastrtps_c.dir/rosidl_typesupport_fastrtps_c/px4_msgs/msg/detail/uavcan_parameter_request__type_support_c.cpp.o[0m
[301.970s] [ 86%] [32mBuilding CXX object CMakeFiles/px4_msgs__rosidl_typesupport_fastrtps_c.dir/rosidl_typesupport_fastrtps_c/px4_msgs/msg/detail/uavcan_parameter_value__type_support_c.cpp.o[0m
[302.071s] [ 86%] [32mBuilding CXX object CMakeFiles/px4_msgs__rosidl_typesupport_fastrtps_c.dir/rosidl_typesupport_fastrtps_c/px4_msgs/msg/detail/ulog_stream__type_support_c.cpp.o[0m
[302.323s] [ 86%] [32mBuilding CXX object CMakeFiles/px4_msgs__rosidl_typesupport_fastrtps_c.dir/rosidl_typesupport_fastrtps_c/px4_msgs/msg/detail/ulog_stream_ack__type_support_c.cpp.o[0m
[302.326s] [ 86%] [32mBuilding CXX object CMakeFiles/px4_msgs__rosidl_typesupport_fastrtps_c.dir/rosidl_typesupport_fastrtps_c/px4_msgs/msg/detail/unregister_ext_component__type_support_c.cpp.o[0m
[302.362s] [ 86%] [32mBuilding CXX object CMakeFiles/px4_msgs__rosidl_typesupport_fastrtps_c.dir/rosidl_typesupport_fastrtps_c/px4_msgs/msg/detail/vehicle_acceleration__type_support_c.cpp.o[0m
[302.420s] [ 86%] [32mBuilding CXX object CMakeFiles/px4_msgs__rosidl_typesupport_fastrtps_c.dir/rosidl_typesupport_fastrtps_c/px4_msgs/msg/detail/vehicle_air_data__type_support_c.cpp.o[0m
[302.642s] [ 86%] [32mBuilding CXX object CMakeFiles/px4_msgs__rosidl_typesupport_fastrtps_c.dir/rosidl_typesupport_fastrtps_c/px4_msgs/msg/detail/vehicle_angular_acceleration_setpoint__type_support_c.cpp.o[0m
[302.662s] [ 86%] [32mBuilding CXX object CMakeFiles/px4_msgs__rosidl_typesupport_fastrtps_c.dir/rosidl_typesupport_fastrtps_c/px4_msgs/msg/detail/vehicle_angular_velocity__type_support_c.cpp.o[0m
[302.832s] [ 86%] [32mBuilding CXX object CMakeFiles/px4_msgs__rosidl_typesupport_fastrtps_c.dir/rosidl_typesupport_fastrtps_c/px4_msgs/msg/detail/vehicle_attitude__type_support_c.cpp.o[0m
[302.941s] [ 87%] [32mBuilding CXX object CMakeFiles/px4_msgs__rosidl_typesupport_fastrtps_c.dir/rosidl_typesupport_fastrtps_c/px4_msgs/msg/detail/vehicle_attitude_setpoint__type_support_c.cpp.o[0m
[303.139s] [ 87%] [32mBuilding CXX object CMakeFiles/px4_msgs__rosidl_typesupport_fastrtps_c.dir/rosidl_typesupport_fastrtps_c/px4_msgs/msg/detail/vehicle_command__type_support_c.cpp.o[0m
[303.144s] [ 87%] [32mBuilding CXX object CMakeFiles/px4_msgs__rosidl_typesupport_fastrtps_c.dir/rosidl_typesupport_fastrtps_c/px4_msgs/msg/detail/vehicle_command_ack__type_support_c.cpp.o[0m
[303.214s] [ 87%] [32mBuilding CXX object CMakeFiles/px4_msgs__rosidl_typesupport_fastrtps_c.dir/rosidl_typesupport_fastrtps_c/px4_msgs/msg/detail/vehicle_constraints__type_support_c.cpp.o[0m
[303.257s] [ 87%] [32mBuilding CXX object CMakeFiles/px4_msgs__rosidl_typesupport_fastrtps_c.dir/rosidl_typesupport_fastrtps_c/px4_msgs/msg/detail/vehicle_control_mode__type_support_c.cpp.o[0m
[303.481s] [ 87%] [32mBuilding CXX object CMakeFiles/px4_msgs__rosidl_typesupport_fastrtps_c.dir/rosidl_typesupport_fastrtps_c/px4_msgs/msg/detail/vehicle_global_position__type_support_c.cpp.o[0m
[303.516s] [ 87%] [32mBuilding CXX object CMakeFiles/px4_msgs__rosidl_typesupport_fastrtps_c.dir/rosidl_typesupport_fastrtps_c/px4_msgs/msg/detail/vehicle_imu__type_support_c.cpp.o[0m
[303.686s] [ 87%] [32mBuilding CXX object CMakeFiles/px4_msgs__rosidl_typesupport_fastrtps_c.dir/rosidl_typesupport_fastrtps_c/px4_msgs/msg/detail/vehicle_imu_status__type_support_c.cpp.o[0m
[303.819s] [ 87%] [32mBuilding CXX object CMakeFiles/px4_msgs__rosidl_typesupport_fastrtps_c.dir/rosidl_typesupport_fastrtps_c/px4_msgs/msg/detail/vehicle_land_detected__type_support_c.cpp.o[0m
[304.024s] [ 87%] [32mBuilding CXX object CMakeFiles/px4_msgs__rosidl_typesupport_fastrtps_c.dir/rosidl_typesupport_fastrtps_c/px4_msgs/msg/detail/vehicle_local_position__type_support_c.cpp.o[0m
[304.043s] [ 87%] [32mBuilding CXX object CMakeFiles/px4_msgs__rosidl_typesupport_fastrtps_c.dir/rosidl_typesupport_fastrtps_c/px4_msgs/msg/detail/vehicle_local_position_setpoint__type_support_c.cpp.o[0m
[304.075s] [ 87%] [32mBuilding CXX object CMakeFiles/px4_msgs__rosidl_typesupport_fastrtps_c.dir/rosidl_typesupport_fastrtps_c/px4_msgs/msg/detail/vehicle_magnetometer__type_support_c.cpp.o[0m
[304.131s] [ 87%] [32mBuilding CXX object CMakeFiles/px4_msgs__rosidl_typesupport_fastrtps_c.dir/rosidl_typesupport_fastrtps_c/px4_msgs/msg/detail/vehicle_odometry__type_support_c.cpp.o[0m
[304.824s] [ 88%] [32mBuilding CXX object CMakeFiles/px4_msgs__rosidl_typesupport_fastrtps_c.dir/rosidl_typesupport_fastrtps_c/px4_msgs/msg/detail/vehicle_torque_setpoint__type_support_c.cpp.o[0m
[305.180s] [ 88%] [32mBuilding CXX object CMakeFiles/px4_msgs__rosidl_typesupport_fastrtps_c.dir/rosidl_typesupport_fastrtps_c/px4_msgs/msg/detail/velocity_limits__type_support_c.cpp.o[0m
[305.470s] [ 88%] [32mBuilding CXX object CMakeFiles/px4_msgs__rosidl_typesupport_fastrtps_c.dir/rosidl_typesupport_fastrtps_c/px4_msgs/msg/detail/vtol_vehicle_status__type_support_c.cpp.o[0m
[305.741s] [ 88%] [32mBuilding CXX object CMakeFiles/px4_msgs__rosidl_typesupport_fastrtps_c.dir/rosidl_typesupport_fastrtps_c/px4_msgs/msg/detail/wheel_encoders__type_support_c.cpp.o[0m
[306.015s] [ 88%] [32mBuilding CXX object CMakeFiles/px4_msgs__rosidl_typesupport_fastrtps_c.dir/rosidl_typesupport_fastrtps_c/px4_msgs/msg/detail/wind__type_support_c.cpp.o[0m
[306.284s] [ 88%] [32mBuilding CXX object CMakeFiles/px4_msgs__rosidl_typesupport_fastrtps_c.dir/rosidl_typesupport_fastrtps_c/px4_msgs/msg/detail/yaw_estimator_status__type_support_c.cpp.o[0m
[306.550s] [ 88%] [32mBuilding CXX object CMakeFiles/px4_msgs__rosidl_typesupport_fastrtps_c.dir/rosidl_typesupport_fastrtps_c/px4_msgs/srv/detail/vehicle_command__type_support_c.cpp.o[0m
[306.829s] [ 88%] [32mBuilding CXX object CMakeFiles/px4_msgs__rosidl_typesupport_fastrtps_c.dir/rosidl_typesupport_fastrtps_c/px4_msgs/msg/detail/vehicle_thrust_setpoint__type_support_c.cpp.o[0m
[307.088s] [ 88%] [32mBuilding CXX object CMakeFiles/px4_msgs__rosidl_typesupport_fastrtps_c.dir/rosidl_typesupport_fastrtps_c/px4_msgs/msg/detail/vehicle_status__type_support_c.cpp.o[0m
[307.364s] [ 88%] [32mBuilding CXX object CMakeFiles/px4_msgs__rosidl_typesupport_fastrtps_c.dir/rosidl_typesupport_fastrtps_c/px4_msgs/msg/detail/vehicle_roi__type_support_c.cpp.o[0m
[307.635s] [ 88%] [32mBuilding CXX object CMakeFiles/px4_msgs__rosidl_typesupport_fastrtps_c.dir/rosidl_typesupport_fastrtps_c/px4_msgs/msg/detail/vehicle_rates_setpoint__type_support_c.cpp.o[0m
[307.904s] [ 88%] [32mBuilding CXX object CMakeFiles/px4_msgs__rosidl_typesupport_fastrtps_c.dir/rosidl_typesupport_fastrtps_c/px4_msgs/msg/detail/vehicle_optical_flow_vel__type_support_c.cpp.o[0m
[308.170s] [ 88%] [32mBuilding CXX object CMakeFiles/px4_msgs__rosidl_typesupport_fastrtps_c.dir/rosidl_typesupport_fastrtps_c/px4_msgs/msg/detail/vehicle_optical_flow__type_support_c.cpp.o[0m
[308.439s] [ 88%] [32m[1mLinking CXX shared library libpx4_msgs__rosidl_typesupport_fastrtps_c.so[0m
[308.567s] [ 88%] Built target px4_msgs__rosidl_typesupport_fastrtps_c
[308.582s] [ 88%] Built target px4_msgs
[308.604s] [ 88%] [34m[1mGenerating Python code for ROS interfaces[0m
[364.690s] [ 88%] Built target px4_msgs__py
[364.728s] [ 88%] [32mBuilding C object CMakeFiles/px4_msgs__rosidl_generator_py.dir/rosidl_generator_py/px4_msgs/msg/_action_request_s.c.o[0m
[364.729s] [ 88%] [32mBuilding C object CMakeFiles/px4_msgs__rosidl_generator_py.dir/rosidl_generator_py/px4_msgs/msg/_actuator_motors_s.c.o[0m
[364.729s] [ 88%] [32mBuilding C object CMakeFiles/px4_msgs__rosidl_generator_py.dir/rosidl_generator_py/px4_msgs/msg/_actuator_controls_status_s.c.o[0m
[364.729s] [ 88%] [32mBuilding C object CMakeFiles/px4_msgs__rosidl_generator_py.dir/rosidl_generator_py/px4_msgs/msg/_actuator_armed_s.c.o[0m
[364.729s] [ 88%] [32mBuilding C object CMakeFiles/px4_msgs__rosidl_generator_py.dir/rosidl_generator_py/px4_msgs/msg/_actuator_outputs_s.c.o[0m
[364.729s] [ 88%] [32mBuilding C object CMakeFiles/px4_msgs__rosidl_generator_py.dir/rosidl_generator_py/px4_msgs/msg/_actuator_servos_s.c.o[0m
[364.729s] [ 88%] [32mBuilding C object CMakeFiles/px4_msgs__rosidl_generator_py.dir/rosidl_generator_py/px4_msgs/msg/_actuator_servos_trim_s.c.o[0m
[364.729s] [ 88%] [32mBuilding C object CMakeFiles/px4_msgs__rosidl_generator_py.dir/rosidl_generator_py/px4_msgs/msg/_actuator_test_s.c.o[0m
[365.073s] [ 89%] [32mBuilding C object CMakeFiles/px4_msgs__rosidl_generator_py.dir/rosidl_generator_py/px4_msgs/msg/_adc_report_s.c.o[0m
[365.077s] [ 89%] [32mBuilding C object CMakeFiles/px4_msgs__rosidl_generator_py.dir/rosidl_generator_py/px4_msgs/msg/_airspeed_s.c.o[0m
[365.078s] [ 89%] [32mBuilding C object CMakeFiles/px4_msgs__rosidl_generator_py.dir/rosidl_generator_py/px4_msgs/msg/_airspeed_validated_s.c.o[0m
[365.079s] [ 89%] [32mBuilding C object CMakeFiles/px4_msgs__rosidl_generator_py.dir/rosidl_generator_py/px4_msgs/msg/_airspeed_wind_s.c.o[0m
[365.080s] [ 89%] [32mBuilding C object CMakeFiles/px4_msgs__rosidl_generator_py.dir/rosidl_generator_py/px4_msgs/msg/_arming_check_reply_s.c.o[0m
[365.080s] [ 89%] [32mBuilding C object CMakeFiles/px4_msgs__rosidl_generator_py.dir/rosidl_generator_py/px4_msgs/msg/_arming_check_request_s.c.o[0m
[365.080s] [ 89%] [32mBuilding C object CMakeFiles/px4_msgs__rosidl_generator_py.dir/rosidl_generator_py/px4_msgs/msg/_autotune_attitude_control_status_s.c.o[0m
[365.082s] [ 89%] [32mBuilding C object CMakeFiles/px4_msgs__rosidl_generator_py.dir/rosidl_generator_py/px4_msgs/msg/_battery_info_s.c.o[0m
[365.420s] [ 89%] [32mBuilding C object CMakeFiles/px4_msgs__rosidl_generator_py.dir/rosidl_generator_py/px4_msgs/msg/_battery_status_s.c.o[0m
[365.423s] [ 89%] [32mBuilding C object CMakeFiles/px4_msgs__rosidl_generator_py.dir/rosidl_generator_py/px4_msgs/msg/_button_event_s.c.o[0m
[365.429s] [ 89%] [32mBuilding C object CMakeFiles/px4_msgs__rosidl_generator_py.dir/rosidl_generator_py/px4_msgs/msg/_camera_trigger_s.c.o[0m
[365.430s] [ 89%] [32mBuilding C object CMakeFiles/px4_msgs__rosidl_generator_py.dir/rosidl_generator_py/px4_msgs/msg/_camera_status_s.c.o[0m
[365.430s] [ 89%] [32mBuilding C object CMakeFiles/px4_msgs__rosidl_generator_py.dir/rosidl_generator_py/px4_msgs/msg/_camera_capture_s.c.o[0m
[365.452s] [ 89%] [32mBuilding C object CMakeFiles/px4_msgs__rosidl_generator_py.dir/rosidl_generator_py/px4_msgs/msg/_can_interface_status_s.c.o[0m
[365.458s] [ 89%] [32mBuilding C object CMakeFiles/px4_msgs__rosidl_generator_py.dir/rosidl_generator_py/px4_msgs/msg/_cellular_status_s.c.o[0m
[365.461s] [ 89%] [32mBuilding C object CMakeFiles/px4_msgs__rosidl_generator_py.dir/rosidl_generator_py/px4_msgs/msg/_collision_constraints_s.c.o[0m
[365.765s] [ 89%] [32mBuilding C object CMakeFiles/px4_msgs__rosidl_generator_py.dir/rosidl_generator_py/px4_msgs/msg/_config_overrides_s.c.o[0m
[365.784s] [ 89%] [32mBuilding C object CMakeFiles/px4_msgs__rosidl_generator_py.dir/rosidl_generator_py/px4_msgs/msg/_control_allocator_status_s.c.o[0m
[365.796s] [ 89%] [32mBuilding C object CMakeFiles/px4_msgs__rosidl_generator_py.dir/rosidl_generator_py/px4_msgs/msg/_cpuload_s.c.o[0m
[365.808s] [ 90%] [32mBuilding C object CMakeFiles/px4_msgs__rosidl_generator_py.dir/rosidl_generator_py/px4_msgs/msg/_dataman_request_s.c.o[0m
[365.814s] [ 90%] [32mBuilding C object CMakeFiles/px4_msgs__rosidl_generator_py.dir/rosidl_generator_py/px4_msgs/msg/_dataman_response_s.c.o[0m
[365.816s] [ 90%] [32mBuilding C object CMakeFiles/px4_msgs__rosidl_generator_py.dir/rosidl_generator_py/px4_msgs/msg/_debug_array_s.c.o[0m
[365.821s] [ 90%] [32mBuilding C object CMakeFiles/px4_msgs__rosidl_generator_py.dir/rosidl_generator_py/px4_msgs/msg/_debug_key_value_s.c.o[0m
[365.829s] [ 90%] [32mBuilding C object CMakeFiles/px4_msgs__rosidl_generator_py.dir/rosidl_generator_py/px4_msgs/msg/_debug_value_s.c.o[0m
[366.114s] [ 90%] [32mBuilding C object CMakeFiles/px4_msgs__rosidl_generator_py.dir/rosidl_generator_py/px4_msgs/msg/_debug_vect_s.c.o[0m
[366.139s] [ 90%] [32mBuilding C object CMakeFiles/px4_msgs__rosidl_generator_py.dir/rosidl_generator_py/px4_msgs/msg/_differential_pressure_s.c.o[0m
[366.154s] [ 90%] [32mBuilding C object CMakeFiles/px4_msgs__rosidl_generator_py.dir/rosidl_generator_py/px4_msgs/msg/_distance_sensor_s.c.o[0m
[366.164s] [ 90%] [32mBuilding C object CMakeFiles/px4_msgs__rosidl_generator_py.dir/rosidl_generator_py/px4_msgs/msg/_distance_sensor_mode_change_request_s.c.o[0m
[366.169s] [ 90%] [32mBuilding C object CMakeFiles/px4_msgs__rosidl_generator_py.dir/rosidl_generator_py/px4_msgs/msg/_dronecan_node_status_s.c.o[0m
[366.176s] [ 90%] [32mBuilding C object CMakeFiles/px4_msgs__rosidl_generator_py.dir/rosidl_generator_py/px4_msgs/msg/_ekf2_timestamps_s.c.o[0m
[366.177s] [ 90%] [32mBuilding C object CMakeFiles/px4_msgs__rosidl_generator_py.dir/rosidl_generator_py/px4_msgs/msg/_esc_report_s.c.o[0m
[366.182s] [ 90%] [32mBuilding C object CMakeFiles/px4_msgs__rosidl_generator_py.dir/rosidl_generator_py/px4_msgs/msg/_esc_status_s.c.o[0m
[366.481s] [ 90%] [32mBuilding C object CMakeFiles/px4_msgs__rosidl_generator_py.dir/rosidl_generator_py/px4_msgs/msg/_estimator_aid_source1d_s.c.o[0m
[366.493s] [ 90%] [32mBuilding C object CMakeFiles/px4_msgs__rosidl_generator_py.dir/rosidl_generator_py/px4_msgs/msg/_estimator_aid_source2d_s.c.o[0m
[366.522s] [ 90%] [32mBuilding C object CMakeFiles/px4_msgs__rosidl_generator_py.dir/rosidl_generator_py/px4_msgs/msg/_estimator_aid_source3d_s.c.o[0m
[366.528s] [ 90%] [32mBuilding C object CMakeFiles/px4_msgs__rosidl_generator_py.dir/rosidl_generator_py/px4_msgs/msg/_estimator_bias_s.c.o[0m
[366.541s] [ 90%] [32mBuilding C object CMakeFiles/px4_msgs__rosidl_generator_py.dir/rosidl_generator_py/px4_msgs/msg/_estimator_bias3d_s.c.o[0m
[366.549s] [ 91%] [32mBuilding C object CMakeFiles/px4_msgs__rosidl_generator_py.dir/rosidl_generator_py/px4_msgs/msg/_estimator_event_flags_s.c.o[0m
[366.549s] [ 91%] [32mBuilding C object CMakeFiles/px4_msgs__rosidl_generator_py.dir/rosidl_generator_py/px4_msgs/msg/_estimator_gps_status_s.c.o[0m
[366.570s] [ 91%] [32mBuilding C object CMakeFiles/px4_msgs__rosidl_generator_py.dir/rosidl_generator_py/px4_msgs/msg/_estimator_innovations_s.c.o[0m
[366.862s] [ 91%] [32mBuilding C object CMakeFiles/px4_msgs__rosidl_generator_py.dir/rosidl_generator_py/px4_msgs/msg/_estimator_selector_status_s.c.o[0m
[366.906s] [ 91%] [32mBuilding C object CMakeFiles/px4_msgs__rosidl_generator_py.dir/rosidl_generator_py/px4_msgs/msg/_estimator_sensor_bias_s.c.o[0m
[366.917s] [ 91%] [32mBuilding C object CMakeFiles/px4_msgs__rosidl_generator_py.dir/rosidl_generator_py/px4_msgs/msg/_estimator_states_s.c.o[0m
[366.930s] [ 91%] [32mBuilding C object CMakeFiles/px4_msgs__rosidl_generator_py.dir/rosidl_generator_py/px4_msgs/msg/_estimator_status_flags_s.c.o[0m
[366.930s] [ 91%] [32mBuilding C object CMakeFiles/px4_msgs__rosidl_generator_py.dir/rosidl_generator_py/px4_msgs/msg/_estimator_status_s.c.o[0m
[366.943s] [ 91%] [32mBuilding C object CMakeFiles/px4_msgs__rosidl_generator_py.dir/rosidl_generator_py/px4_msgs/msg/_event_s.c.o[0m
[366.949s] [ 91%] [32mBuilding C object CMakeFiles/px4_msgs__rosidl_generator_py.dir/rosidl_generator_py/px4_msgs/msg/_failsafe_flags_s.c.o[0m
[367.020s] [ 91%] [32mBuilding C object CMakeFiles/px4_msgs__rosidl_generator_py.dir/rosidl_generator_py/px4_msgs/msg/_failure_detector_status_s.c.o[0m
[367.280s] [ 91%] [32mBuilding C object CMakeFiles/px4_msgs__rosidl_generator_py.dir/rosidl_generator_py/px4_msgs/msg/_figure_eight_status_s.c.o[0m
[367.301s] [ 91%] [32mBuilding C object CMakeFiles/px4_msgs__rosidl_generator_py.dir/rosidl_generator_py/px4_msgs/msg/_fixed_wing_lateral_guidance_status_s.c.o[0m
[367.327s] [ 91%] [32mBuilding C object CMakeFiles/px4_msgs__rosidl_generator_py.dir/rosidl_generator_py/px4_msgs/msg/_fixed_wing_lateral_setpoint_s.c.o[0m
[367.340s] [ 91%] [32mBuilding C object CMakeFiles/px4_msgs__rosidl_generator_py.dir/rosidl_generator_py/px4_msgs/msg/_fixed_wing_lateral_status_s.c.o[0m
[367.368s] [ 91%] [32mBuilding C object CMakeFiles/px4_msgs__rosidl_generator_py.dir/rosidl_generator_py/px4_msgs/msg/_fixed_wing_longitudinal_setpoint_s.c.o[0m
[367.373s] [ 91%] [32mBuilding C object CMakeFiles/px4_msgs__rosidl_generator_py.dir/rosidl_generator_py/px4_msgs/msg/_fixed_wing_runway_control_s.c.o[0m
[367.400s] [ 91%] [32mBuilding C object CMakeFiles/px4_msgs__rosidl_generator_py.dir/rosidl_generator_py/px4_msgs/msg/_flight_phase_estimation_s.c.o[0m
[367.404s] [ 91%] [32mBuilding C object CMakeFiles/px4_msgs__rosidl_generator_py.dir/rosidl_generator_py/px4_msgs/msg/_follow_target_s.c.o[0m
[367.683s] [ 91%] [32mBuilding C object CMakeFiles/px4_msgs__rosidl_generator_py.dir/rosidl_generator_py/px4_msgs/msg/_follow_target_estimator_s.c.o[0m
[367.688s] [ 92%] [32mBuilding C object CMakeFiles/px4_msgs__rosidl_generator_py.dir/rosidl_generator_py/px4_msgs/msg/_follow_target_status_s.c.o[0m
[367.693s] [ 92%] [32mBuilding C object CMakeFiles/px4_msgs__rosidl_generator_py.dir/rosidl_generator_py/px4_msgs/msg/_fuel_tank_status_s.c.o[0m
[367.715s] [ 92%] [32mBuilding C object CMakeFiles/px4_msgs__rosidl_generator_py.dir/rosidl_generator_py/px4_msgs/msg/_generator_status_s.c.o[0m
[367.737s] [ 92%] [32mBuilding C object CMakeFiles/px4_msgs__rosidl_generator_py.dir/rosidl_generator_py/px4_msgs/msg/_geofence_result_s.c.o[0m
[367.741s] [ 92%] [32mBuilding C object CMakeFiles/px4_msgs__rosidl_generator_py.dir/rosidl_generator_py/px4_msgs/msg/_geofence_status_s.c.o[0m
[367.765s] [ 92%] [32mBuilding C object CMakeFiles/px4_msgs__rosidl_generator_py.dir/rosidl_generator_py/px4_msgs/msg/_gimbal_controls_s.c.o[0m
[367.779s] [ 92%] [32mBuilding C object CMakeFiles/px4_msgs__rosidl_generator_py.dir/rosidl_generator_py/px4_msgs/msg/_gimbal_device_attitude_status_s.c.o[0m
[368.061s] [ 92%] [32mBuilding C object CMakeFiles/px4_msgs__rosidl_generator_py.dir/rosidl_generator_py/px4_msgs/msg/_gimbal_device_information_s.c.o[0m
[368.079s] [ 92%] [32mBuilding C object CMakeFiles/px4_msgs__rosidl_generator_py.dir/rosidl_generator_py/px4_msgs/msg/_gimbal_device_set_attitude_s.c.o[0m
[368.083s] [ 92%] [32mBuilding C object CMakeFiles/px4_msgs__rosidl_generator_py.dir/rosidl_generator_py/px4_msgs/msg/_gimbal_manager_information_s.c.o[0m
[368.085s] [ 92%] [32mBuilding C object CMakeFiles/px4_msgs__rosidl_generator_py.dir/rosidl_generator_py/px4_msgs/msg/_gimbal_manager_set_attitude_s.c.o[0m
[368.091s] [ 92%] [32mBuilding C object CMakeFiles/px4_msgs__rosidl_generator_py.dir/rosidl_generator_py/px4_msgs/msg/_gimbal_manager_set_manual_control_s.c.o[0m
[368.102s] [ 92%] [32mBuilding C object CMakeFiles/px4_msgs__rosidl_generator_py.dir/rosidl_generator_py/px4_msgs/msg/_gimbal_manager_status_s.c.o[0m
[368.144s] [ 92%] [32mBuilding C object CMakeFiles/px4_msgs__rosidl_generator_py.dir/rosidl_generator_py/px4_msgs/msg/_goto_setpoint_s.c.o[0m
[368.169s] [ 92%] [32mBuilding C object CMakeFiles/px4_msgs__rosidl_generator_py.dir/rosidl_generator_py/px4_msgs/msg/_gpio_config_s.c.o[0m
[368.457s] [ 92%] [32mBuilding C object CMakeFiles/px4_msgs__rosidl_generator_py.dir/rosidl_generator_py/px4_msgs/msg/_gpio_in_s.c.o[0m
[368.463s] [ 92%] [32mBuilding C object CMakeFiles/px4_msgs__rosidl_generator_py.dir/rosidl_generator_py/px4_msgs/msg/_gpio_out_s.c.o[0m
[368.465s] [ 92%] [32mBuilding C object CMakeFiles/px4_msgs__rosidl_generator_py.dir/rosidl_generator_py/px4_msgs/msg/_gpio_request_s.c.o[0m
[368.467s] [ 92%] [32mBuilding C object CMakeFiles/px4_msgs__rosidl_generator_py.dir/rosidl_generator_py/px4_msgs/msg/_gps_dump_s.c.o[0m
[368.473s] [ 92%] [32mBuilding C object CMakeFiles/px4_msgs__rosidl_generator_py.dir/rosidl_generator_py/px4_msgs/msg/_gps_inject_data_s.c.o[0m
[368.474s] [ 93%] [32mBuilding C object CMakeFiles/px4_msgs__rosidl_generator_py.dir/rosidl_generator_py/px4_msgs/msg/_gripper_s.c.o[0m
[368.533s] [ 93%] [32mBuilding C object CMakeFiles/px4_msgs__rosidl_generator_py.dir/rosidl_generator_py/px4_msgs/msg/_health_report_s.c.o[0m
[368.533s] [ 93%] [32mBuilding C object CMakeFiles/px4_msgs__rosidl_generator_py.dir/rosidl_generator_py/px4_msgs/msg/_heater_status_s.c.o[0m
[368.810s] [ 93%] [32mBuilding C object CMakeFiles/px4_msgs__rosidl_generator_py.dir/rosidl_generator_py/px4_msgs/msg/_home_position_s.c.o[0m
[368.825s] [ 93%] [32mBuilding C object CMakeFiles/px4_msgs__rosidl_generator_py.dir/rosidl_generator_py/px4_msgs/msg/_hover_thrust_estimate_s.c.o[0m
[368.825s] [ 93%] [32mBuilding C object CMakeFiles/px4_msgs__rosidl_generator_py.dir/rosidl_generator_py/px4_msgs/msg/_internal_combustion_engine_control_s.c.o[0m
[368.826s] [ 93%] [32mBuilding C object CMakeFiles/px4_msgs__rosidl_generator_py.dir/rosidl_generator_py/px4_msgs/msg/_input_rc_s.c.o[0m
[368.835s] [ 93%] [32mBuilding C object CMakeFiles/px4_msgs__rosidl_generator_py.dir/rosidl_generator_py/px4_msgs/msg/_internal_combustion_engine_status_s.c.o[0m
[368.846s] [ 93%] [32mBuilding C object CMakeFiles/px4_msgs__rosidl_generator_py.dir/rosidl_generator_py/px4_msgs/msg/_iridiumsbd_status_s.c.o[0m
[368.895s] [ 93%] [32mBuilding C object CMakeFiles/px4_msgs__rosidl_generator_py.dir/rosidl_generator_py/px4_msgs/msg/_irlock_report_s.c.o[0m
[368.902s] [ 93%] [32mBuilding C object CMakeFiles/px4_msgs__rosidl_generator_py.dir/rosidl_generator_py/px4_msgs/msg/_landing_gear_s.c.o[0m
[369.189s] [ 93%] [32mBuilding C object CMakeFiles/px4_msgs__rosidl_generator_py.dir/rosidl_generator_py/px4_msgs/msg/_landing_gear_wheel_s.c.o[0m
[369.191s] [ 93%] [32mBuilding C object CMakeFiles/px4_msgs__rosidl_generator_py.dir/rosidl_generator_py/px4_msgs/msg/_landing_target_innovations_s.c.o[0m
[369.203s] [ 93%] [32mBuilding C object CMakeFiles/px4_msgs__rosidl_generator_py.dir/rosidl_generator_py/px4_msgs/msg/_landing_target_pose_s.c.o[0m
[369.215s] [ 93%] [32mBuilding C object CMakeFiles/px4_msgs__rosidl_generator_py.dir/rosidl_generator_py/px4_msgs/msg/_lateral_control_configuration_s.c.o[0m
[369.225s] [ 93%] [32mBuilding C object CMakeFiles/px4_msgs__rosidl_generator_py.dir/rosidl_generator_py/px4_msgs/msg/_launch_detection_status_s.c.o[0m
[369.248s] [ 93%] [32mBuilding C object CMakeFiles/px4_msgs__rosidl_generator_py.dir/rosidl_generator_py/px4_msgs/msg/_led_control_s.c.o[0m
[369.251s] [ 93%] [32mBuilding C object CMakeFiles/px4_msgs__rosidl_generator_py.dir/rosidl_generator_py/px4_msgs/msg/_log_message_s.c.o[0m
[369.268s] [ 93%] [32mBuilding C object CMakeFiles/px4_msgs__rosidl_generator_py.dir/rosidl_generator_py/px4_msgs/msg/_logger_status_s.c.o[0m
[369.545s] [ 94%] [32mBuilding C object CMakeFiles/px4_msgs__rosidl_generator_py.dir/rosidl_generator_py/px4_msgs/msg/_longitudinal_control_configuration_s.c.o[0m
[369.545s] [ 94%] [32mBuilding C object CMakeFiles/px4_msgs__rosidl_generator_py.dir/rosidl_generator_py/px4_msgs/msg/_mag_worker_data_s.c.o[0m
[369.567s] [ 94%] [32mBuilding C object CMakeFiles/px4_msgs__rosidl_generator_py.dir/rosidl_generator_py/px4_msgs/msg/_magnetometer_bias_estimate_s.c.o[0m
[369.595s] [ 94%] [32mBuilding C object CMakeFiles/px4_msgs__rosidl_generator_py.dir/rosidl_generator_py/px4_msgs/msg/_manual_control_setpoint_s.c.o[0m
[369.601s] [ 94%] [32mBuilding C object CMakeFiles/px4_msgs__rosidl_generator_py.dir/rosidl_generator_py/px4_msgs/msg/_manual_control_switches_s.c.o[0m
[369.606s] [ 94%] [32mBuilding C object CMakeFiles/px4_msgs__rosidl_generator_py.dir/rosidl_generator_py/px4_msgs/msg/_mavlink_log_s.c.o[0m
[369.628s] [ 94%] [32mBuilding C object CMakeFiles/px4_msgs__rosidl_generator_py.dir/rosidl_generator_py/px4_msgs/msg/_mavlink_tunnel_s.c.o[0m
[369.631s] [ 94%] [32mBuilding C object CMakeFiles/px4_msgs__rosidl_generator_py.dir/rosidl_generator_py/px4_msgs/msg/_message_format_request_s.c.o[0m
[369.908s] [ 94%] [32mBuilding C object CMakeFiles/px4_msgs__rosidl_generator_py.dir/rosidl_generator_py/px4_msgs/msg/_message_format_response_s.c.o[0m
[369.942s] [ 94%] [32mBuilding C object CMakeFiles/px4_msgs__rosidl_generator_py.dir/rosidl_generator_py/px4_msgs/msg/_mission_s.c.o[0m
[369.956s] [ 94%] [32mBuilding C object CMakeFiles/px4_msgs__rosidl_generator_py.dir/rosidl_generator_py/px4_msgs/msg/_mission_result_s.c.o[0m
[369.966s] [ 94%] [32mBuilding C object CMakeFiles/px4_msgs__rosidl_generator_py.dir/rosidl_generator_py/px4_msgs/msg/_mode_completed_s.c.o[0m
[369.971s] [ 94%] [32mBuilding C object CMakeFiles/px4_msgs__rosidl_generator_py.dir/rosidl_generator_py/px4_msgs/msg/_mount_orientation_s.c.o[0m
[369.976s] [ 94%] [32mBuilding C object CMakeFiles/px4_msgs__rosidl_generator_py.dir/rosidl_generator_py/px4_msgs/msg/_navigator_mission_item_s.c.o[0m
[369.992s] [ 94%] [32mBuilding C object CMakeFiles/px4_msgs__rosidl_generator_py.dir/rosidl_generator_py/px4_msgs/msg/_navigator_status_s.c.o[0m
[369.998s] [ 94%] [32mBuilding C object CMakeFiles/px4_msgs__rosidl_generator_py.dir/rosidl_generator_py/px4_msgs/msg/_neural_control_s.c.o[0m
[370.283s] [ 94%] [32mBuilding C object CMakeFiles/px4_msgs__rosidl_generator_py.dir/rosidl_generator_py/px4_msgs/msg/_normalized_unsigned_setpoint_s.c.o[0m
[370.322s] [ 94%] [32mBuilding C object CMakeFiles/px4_msgs__rosidl_generator_py.dir/rosidl_generator_py/px4_msgs/msg/_obstacle_distance_s.c.o[0m
[370.329s] [ 94%] [32mBuilding C object CMakeFiles/px4_msgs__rosidl_generator_py.dir/rosidl_generator_py/px4_msgs/msg/_offboard_control_mode_s.c.o[0m
[370.329s] [ 95%] [32mBuilding C object CMakeFiles/px4_msgs__rosidl_generator_py.dir/rosidl_generator_py/px4_msgs/msg/_onboard_computer_status_s.c.o[0m
[370.339s] [ 95%] [32mBuilding C object CMakeFiles/px4_msgs__rosidl_generator_py.dir/rosidl_generator_py/px4_msgs/msg/_open_drone_id_arm_status_s.c.o[0m
[370.342s] [ 95%] [32mBuilding C object CMakeFiles/px4_msgs__rosidl_generator_py.dir/rosidl_generator_py/px4_msgs/msg/_open_drone_id_operator_id_s.c.o[0m
[370.348s] [ 95%] [32mBuilding C object CMakeFiles/px4_msgs__rosidl_generator_py.dir/rosidl_generator_py/px4_msgs/msg/_open_drone_id_self_id_s.c.o[0m
[370.377s] [ 95%] [32mBuilding C object CMakeFiles/px4_msgs__rosidl_generator_py.dir/rosidl_generator_py/px4_msgs/msg/_open_drone_id_system_s.c.o[0m
[370.642s] [ 95%] [32mBuilding C object CMakeFiles/px4_msgs__rosidl_generator_py.dir/rosidl_generator_py/px4_msgs/msg/_orb_test_s.c.o[0m
[370.702s] [ 95%] [32mBuilding C object CMakeFiles/px4_msgs__rosidl_generator_py.dir/rosidl_generator_py/px4_msgs/msg/_orb_test_large_s.c.o[0m
[370.703s] [ 95%] [32mBuilding C object CMakeFiles/px4_msgs__rosidl_generator_py.dir/rosidl_generator_py/px4_msgs/msg/_orb_test_medium_s.c.o[0m
[370.724s] [ 95%] [32mBuilding C object CMakeFiles/px4_msgs__rosidl_generator_py.dir/rosidl_generator_py/px4_msgs/msg/_orbit_status_s.c.o[0m
[370.724s] [ 95%] [32mBuilding C object CMakeFiles/px4_msgs__rosidl_generator_py.dir/rosidl_generator_py/px4_msgs/msg/_parameter_reset_request_s.c.o[0m
[370.729s] [ 95%] [32mBuilding C object CMakeFiles/px4_msgs__rosidl_generator_py.dir/rosidl_generator_py/px4_msgs/msg/_parameter_set_used_request_s.c.o[0m
[370.766s] [ 95%] [32mBuilding C object CMakeFiles/px4_msgs__rosidl_generator_py.dir/rosidl_generator_py/px4_msgs/msg/_parameter_set_value_request_s.c.o[0m
[370.805s] [ 95%] [32mBuilding C object CMakeFiles/px4_msgs__rosidl_generator_py.dir/rosidl_generator_py/px4_msgs/msg/_parameter_set_value_response_s.c.o[0m
[370.995s] [ 95%] [32mBuilding C object CMakeFiles/px4_msgs__rosidl_generator_py.dir/rosidl_generator_py/px4_msgs/msg/_parameter_update_s.c.o[0m
[371.069s] [ 95%] [32mBuilding C object CMakeFiles/px4_msgs__rosidl_generator_py.dir/rosidl_generator_py/px4_msgs/msg/_position_controller_landing_status_s.c.o[0m
[371.069s] [ 95%] [32mBuilding C object CMakeFiles/px4_msgs__rosidl_generator_py.dir/rosidl_generator_py/px4_msgs/msg/_ping_s.c.o[0m
[371.086s] [ 95%] [32mBuilding C object CMakeFiles/px4_msgs__rosidl_generator_py.dir/rosidl_generator_py/px4_msgs/msg/_position_setpoint_s.c.o[0m
[371.086s] [ 95%] [32mBuilding C object CMakeFiles/px4_msgs__rosidl_generator_py.dir/rosidl_generator_py/px4_msgs/msg/_position_controller_status_s.c.o[0m
[371.094s] [ 95%] [32mBuilding C object CMakeFiles/px4_msgs__rosidl_generator_py.dir/rosidl_generator_py/px4_msgs/msg/_position_setpoint_triplet_s.c.o[0m
[371.127s] [ 96%] [32mBuilding C object CMakeFiles/px4_msgs__rosidl_generator_py.dir/rosidl_generator_py/px4_msgs/msg/_power_button_state_s.c.o[0m
[371.167s] [ 96%] [32mBuilding C object CMakeFiles/px4_msgs__rosidl_generator_py.dir/rosidl_generator_py/px4_msgs/msg/_power_monitor_s.c.o[0m
[371.373s] [ 96%] [32mBuilding C object CMakeFiles/px4_msgs__rosidl_generator_py.dir/rosidl_generator_py/px4_msgs/msg/_pps_capture_s.c.o[0m
[371.447s] [ 96%] [32mBuilding C object CMakeFiles/px4_msgs__rosidl_generator_py.dir/rosidl_generator_py/px4_msgs/msg/_pure_pursuit_status_s.c.o[0m
[371.450s] [ 96%] [32mBuilding C object CMakeFiles/px4_msgs__rosidl_generator_py.dir/rosidl_generator_py/px4_msgs/msg/_pwm_input_s.c.o[0m
[371.456s] [ 96%] [32mBuilding C object CMakeFiles/px4_msgs__rosidl_generator_py.dir/rosidl_generator_py/px4_msgs/msg/_px4io_status_s.c.o[0m
[371.457s] [ 96%] [32mBuilding C object CMakeFiles/px4_msgs__rosidl_generator_py.dir/rosidl_generator_py/px4_msgs/msg/_qshell_req_s.c.o[0m
[371.483s] [ 96%] [32mBuilding C object CMakeFiles/px4_msgs__rosidl_generator_py.dir/rosidl_generator_py/px4_msgs/msg/_qshell_retval_s.c.o[0m
[371.510s] [ 96%] [32mBuilding C object CMakeFiles/px4_msgs__rosidl_generator_py.dir/rosidl_generator_py/px4_msgs/msg/_radio_status_s.c.o[0m
[371.559s] [ 96%] [32mBuilding C object CMakeFiles/px4_msgs__rosidl_generator_py.dir/rosidl_generator_py/px4_msgs/msg/_rate_ctrl_status_s.c.o[0m
[371.745s] [ 96%] [32mBuilding C object CMakeFiles/px4_msgs__rosidl_generator_py.dir/rosidl_generator_py/px4_msgs/msg/_rc_channels_s.c.o[0m
[371.825s] [ 96%] [32mBuilding C object CMakeFiles/px4_msgs__rosidl_generator_py.dir/rosidl_generator_py/px4_msgs/msg/_rc_parameter_map_s.c.o[0m
[371.834s] [ 96%] [32mBuilding C object CMakeFiles/px4_msgs__rosidl_generator_py.dir/rosidl_generator_py/px4_msgs/msg/_register_ext_component_reply_s.c.o[0m
[371.854s] [ 96%] [32mBuilding C object CMakeFiles/px4_msgs__rosidl_generator_py.dir/rosidl_generator_py/px4_msgs/msg/_register_ext_component_request_s.c.o[0m
[371.866s] [ 96%] [32mBuilding C object CMakeFiles/px4_msgs__rosidl_generator_py.dir/rosidl_generator_py/px4_msgs/msg/_rover_attitude_setpoint_s.c.o[0m
[371.897s] [ 96%] [32mBuilding C object CMakeFiles/px4_msgs__rosidl_generator_py.dir/rosidl_generator_py/px4_msgs/msg/_rover_attitude_status_s.c.o[0m
[371.916s] [ 96%] [32mBuilding C object CMakeFiles/px4_msgs__rosidl_generator_py.dir/rosidl_generator_py/px4_msgs/msg/_rover_position_setpoint_s.c.o[0m
[371.939s] [ 96%] [32mBuilding C object CMakeFiles/px4_msgs__rosidl_generator_py.dir/rosidl_generator_py/px4_msgs/msg/_rover_rate_setpoint_s.c.o[0m
[372.151s] [ 96%] [32mBuilding C object CMakeFiles/px4_msgs__rosidl_generator_py.dir/rosidl_generator_py/px4_msgs/msg/_rover_rate_status_s.c.o[0m
[372.229s] [ 97%] [32mBuilding C object CMakeFiles/px4_msgs__rosidl_generator_py.dir/rosidl_generator_py/px4_msgs/msg/_rover_speed_setpoint_s.c.o[0m
[372.239s] [ 97%] [32mBuilding C object CMakeFiles/px4_msgs__rosidl_generator_py.dir/rosidl_generator_py/px4_msgs/msg/_rover_speed_status_s.c.o[0m
[372.276s] [ 97%] [32mBuilding C object CMakeFiles/px4_msgs__rosidl_generator_py.dir/rosidl_generator_py/px4_msgs/msg/_rover_throttle_setpoint_s.c.o[0m
[372.288s] [ 97%] [32mBuilding C object CMakeFiles/px4_msgs__rosidl_generator_py.dir/rosidl_generator_py/px4_msgs/msg/_rover_steering_setpoint_s.c.o[0m
[372.320s] [ 97%] [32mBuilding C object CMakeFiles/px4_msgs__rosidl_generator_py.dir/rosidl_generator_py/px4_msgs/msg/_rtl_status_s.c.o[0m
[372.329s] [ 97%] [32mBuilding C object CMakeFiles/px4_msgs__rosidl_generator_py.dir/rosidl_generator_py/px4_msgs/msg/_rpm_s.c.o[0m
[372.358s] [ 97%] [32mBuilding C object CMakeFiles/px4_msgs__rosidl_generator_py.dir/rosidl_generator_py/px4_msgs/msg/_rtl_time_estimate_s.c.o[0m
[372.564s] [ 97%] [32mBuilding C object CMakeFiles/px4_msgs__rosidl_generator_py.dir/rosidl_generator_py/px4_msgs/msg/_satellite_info_s.c.o[0m
[372.613s] [ 97%] [32mBuilding C object CMakeFiles/px4_msgs__rosidl_generator_py.dir/rosidl_generator_py/px4_msgs/msg/_sensor_accel_s.c.o[0m
[372.674s] [ 97%] [32mBuilding C object CMakeFiles/px4_msgs__rosidl_generator_py.dir/rosidl_generator_py/px4_msgs/msg/_sensor_accel_fifo_s.c.o[0m
[372.682s] [ 97%] [32mBuilding C object CMakeFiles/px4_msgs__rosidl_generator_py.dir/rosidl_generator_py/px4_msgs/msg/_sensor_airflow_s.c.o[0m
[372.712s] [ 97%] [32mBuilding C object CMakeFiles/px4_msgs__rosidl_generator_py.dir/rosidl_generator_py/px4_msgs/msg/_sensor_baro_s.c.o[0m
[372.713s] [ 97%] [32mBuilding C object CMakeFiles/px4_msgs__rosidl_generator_py.dir/rosidl_generator_py/px4_msgs/msg/_sensor_combined_s.c.o[0m
[372.787s] [ 97%] [32mBuilding C object CMakeFiles/px4_msgs__rosidl_generator_py.dir/rosidl_generator_py/px4_msgs/msg/_sensor_correction_s.c.o[0m
[372.813s] [ 97%] [32mBuilding C object CMakeFiles/px4_msgs__rosidl_generator_py.dir/rosidl_generator_py/px4_msgs/msg/_sensor_gnss_relative_s.c.o[0m
[373.005s] [ 97%] [32mBuilding C object CMakeFiles/px4_msgs__rosidl_generator_py.dir/rosidl_generator_py/px4_msgs/msg/_sensor_gnss_status_s.c.o[0m
[373.022s] [ 97%] [32mBuilding C object CMakeFiles/px4_msgs__rosidl_generator_py.dir/rosidl_generator_py/px4_msgs/msg/_sensor_gps_s.c.o[0m
[373.072s] [ 97%] [32mBuilding C object CMakeFiles/px4_msgs__rosidl_generator_py.dir/rosidl_generator_py/px4_msgs/msg/_sensor_gyro_s.c.o[0m
[373.102s] [ 97%] [32mBuilding C object CMakeFiles/px4_msgs__rosidl_generator_py.dir/rosidl_generator_py/px4_msgs/msg/_sensor_gyro_fft_s.c.o[0m
[373.113s] [ 98%] [32mBuilding C object CMakeFiles/px4_msgs__rosidl_generator_py.dir/rosidl_generator_py/px4_msgs/msg/_sensor_gyro_fifo_s.c.o[0m
[373.122s] [ 98%] [32mBuilding C object CMakeFiles/px4_msgs__rosidl_generator_py.dir/rosidl_generator_py/px4_msgs/msg/_sensor_hygrometer_s.c.o[0m
[373.268s] [ 98%] [32mBuilding C object CMakeFiles/px4_msgs__rosidl_generator_py.dir/rosidl_generator_py/px4_msgs/msg/_sensor_mag_s.c.o[0m
[373.349s] [ 98%] [32mBuilding C object CMakeFiles/px4_msgs__rosidl_generator_py.dir/rosidl_generator_py/px4_msgs/msg/_sensor_optical_flow_s.c.o[0m
[373.387s] [ 98%] [32mBuilding C object CMakeFiles/px4_msgs__rosidl_generator_py.dir/rosidl_generator_py/px4_msgs/msg/_sensor_preflight_mag_s.c.o[0m
[373.469s] [ 98%] [32mBuilding C object CMakeFiles/px4_msgs__rosidl_generator_py.dir/rosidl_generator_py/px4_msgs/msg/_sensor_selection_s.c.o[0m
[373.484s] [ 98%] [32mBuilding C object CMakeFiles/px4_msgs__rosidl_generator_py.dir/rosidl_generator_py/px4_msgs/msg/_sensor_uwb_s.c.o[0m
[373.534s] [ 98%] [32mBuilding C object CMakeFiles/px4_msgs__rosidl_generator_py.dir/rosidl_generator_py/px4_msgs/msg/_sensors_status_s.c.o[0m
[373.549s] [ 98%] [32mBuilding C object CMakeFiles/px4_msgs__rosidl_generator_py.dir/rosidl_generator_py/px4_msgs/msg/_sensors_status_imu_s.c.o[0m
[373.550s] [ 98%] [32mBuilding C object CMakeFiles/px4_msgs__rosidl_generator_py.dir/rosidl_generator_py/px4_msgs/msg/_system_power_s.c.o[0m
[373.685s] [ 98%] [32mBuilding C object CMakeFiles/px4_msgs__rosidl_generator_py.dir/rosidl_generator_py/px4_msgs/msg/_takeoff_status_s.c.o[0m
[373.781s] [ 98%] [32mBuilding C object CMakeFiles/px4_msgs__rosidl_generator_py.dir/rosidl_generator_py/px4_msgs/msg/_task_stack_info_s.c.o[0m
[373.806s] [ 98%] [32mBuilding C object CMakeFiles/px4_msgs__rosidl_generator_py.dir/rosidl_generator_py/px4_msgs/msg/_tecs_status_s.c.o[0m
[373.876s] [ 98%] [32mBuilding C object CMakeFiles/px4_msgs__rosidl_generator_py.dir/rosidl_generator_py/px4_msgs/msg/_telemetry_status_s.c.o[0m
[373.964s] [ 98%] [32mBuilding C object CMakeFiles/px4_msgs__rosidl_generator_py.dir/rosidl_generator_py/px4_msgs/msg/_tiltrotor_extra_controls_s.c.o[0m
[373.973s] [ 98%] [32mBuilding C object CMakeFiles/px4_msgs__rosidl_generator_py.dir/rosidl_generator_py/px4_msgs/msg/_timesync_status_s.c.o[0m
[373.983s] [ 98%] [32mBuilding C object CMakeFiles/px4_msgs__rosidl_generator_py.dir/rosidl_generator_py/px4_msgs/msg/_trajectory_setpoint_s.c.o[0m
[374.050s] [ 98%] [32mBuilding C object CMakeFiles/px4_msgs__rosidl_generator_py.dir/rosidl_generator_py/px4_msgs/msg/_trajectory_setpoint6dof_s.c.o[0m
[374.076s] [ 98%] [32mBuilding C object CMakeFiles/px4_msgs__rosidl_generator_py.dir/rosidl_generator_py/px4_msgs/msg/_transponder_report_s.c.o[0m
[374.179s] [ 99%] [32mBuilding C object CMakeFiles/px4_msgs__rosidl_generator_py.dir/rosidl_generator_py/px4_msgs/msg/_tune_control_s.c.o[0m
[374.234s] [ 99%] [32mBuilding C object CMakeFiles/px4_msgs__rosidl_generator_py.dir/rosidl_generator_py/px4_msgs/msg/_uavcan_parameter_request_s.c.o[0m
[374.334s] [ 99%] [32mBuilding C object CMakeFiles/px4_msgs__rosidl_generator_py.dir/rosidl_generator_py/px4_msgs/msg/_uavcan_parameter_value_s.c.o[0m
[374.349s] [ 99%] [32mBuilding C object CMakeFiles/px4_msgs__rosidl_generator_py.dir/rosidl_generator_py/px4_msgs/msg/_ulog_stream_s.c.o[0m
[374.362s] [ 99%] [32mBuilding C object CMakeFiles/px4_msgs__rosidl_generator_py.dir/rosidl_generator_py/px4_msgs/msg/_ulog_stream_ack_s.c.o[0m
[374.406s] [ 99%] [32mBuilding C object CMakeFiles/px4_msgs__rosidl_generator_py.dir/rosidl_generator_py/px4_msgs/msg/_unregister_ext_component_s.c.o[0m
[374.505s] [ 99%] [32mBuilding C object CMakeFiles/px4_msgs__rosidl_generator_py.dir/rosidl_generator_py/px4_msgs/msg/_vehicle_acceleration_s.c.o[0m
[374.509s] [ 99%] [32mBuilding C object CMakeFiles/px4_msgs__rosidl_generator_py.dir/rosidl_generator_py/px4_msgs/msg/_vehicle_air_data_s.c.o[0m
[374.571s] [ 99%] [32mBuilding C object CMakeFiles/px4_msgs__rosidl_generator_py.dir/rosidl_generator_py/px4_msgs/msg/_vehicle_angular_acceleration_setpoint_s.c.o[0m
[374.661s] [ 99%] [32mBuilding C object CMakeFiles/px4_msgs__rosidl_generator_py.dir/rosidl_generator_py/px4_msgs/msg/_vehicle_angular_velocity_s.c.o[0m
[374.749s] [ 99%] [32mBuilding C object CMakeFiles/px4_msgs__rosidl_generator_py.dir/rosidl_generator_py/px4_msgs/msg/_vehicle_attitude_s.c.o[0m
[374.751s] [ 99%] [32mBuilding C object CMakeFiles/px4_msgs__rosidl_generator_py.dir/rosidl_generator_py/px4_msgs/msg/_vehicle_attitude_setpoint_s.c.o[0m
[374.772s] [ 99%] [32mBuilding C object CMakeFiles/px4_msgs__rosidl_generator_py.dir/rosidl_generator_py/px4_msgs/msg/_vehicle_command_s.c.o[0m
[374.808s] [ 99%] [32mBuilding C object CMakeFiles/px4_msgs__rosidl_generator_py.dir/rosidl_generator_py/px4_msgs/msg/_vehicle_command_ack_s.c.o[0m
[374.900s] [ 99%] [32mBuilding C object CMakeFiles/px4_msgs__rosidl_generator_py.dir/rosidl_generator_py/px4_msgs/msg/_vehicle_constraints_s.c.o[0m
[374.905s] [ 99%] [32mBuilding C object CMakeFiles/px4_msgs__rosidl_generator_py.dir/rosidl_generator_py/px4_msgs/msg/_vehicle_control_mode_s.c.o[0m
[374.970s] [ 99%] [32mBuilding C object CMakeFiles/px4_msgs__rosidl_generator_py.dir/rosidl_generator_py/px4_msgs/msg/_vehicle_global_position_s.c.o[0m
[375.067s] [ 99%] [32mBuilding C object CMakeFiles/px4_msgs__rosidl_generator_py.dir/rosidl_generator_py/px4_msgs/msg/_vehicle_imu_s.c.o[0m
[375.154s] [ 99%] [32mBuilding C object CMakeFiles/px4_msgs__rosidl_generator_py.dir/rosidl_generator_py/px4_msgs/msg/_vehicle_imu_status_s.c.o[0m
[375.159s] [100%] [32mBuilding C object CMakeFiles/px4_msgs__rosidl_generator_py.dir/rosidl_generator_py/px4_msgs/msg/_vehicle_land_detected_s.c.o[0m
[375.171s] [100%] [32mBuilding C object CMakeFiles/px4_msgs__rosidl_generator_py.dir/rosidl_generator_py/px4_msgs/msg/_vehicle_local_position_s.c.o[0m
[375.198s] [100%] [32mBuilding C object CMakeFiles/px4_msgs__rosidl_generator_py.dir/rosidl_generator_py/px4_msgs/msg/_vehicle_local_position_setpoint_s.c.o[0m
[375.287s] [100%] [32mBuilding C object CMakeFiles/px4_msgs__rosidl_generator_py.dir/rosidl_generator_py/px4_msgs/msg/_vehicle_magnetometer_s.c.o[0m
[375.307s] [100%] [32mBuilding C object CMakeFiles/px4_msgs__rosidl_generator_py.dir/rosidl_generator_py/px4_msgs/msg/_vehicle_odometry_s.c.o[0m
[375.389s] [100%] [32mBuilding C object CMakeFiles/px4_msgs__rosidl_generator_py.dir/rosidl_generator_py/px4_msgs/msg/_vehicle_optical_flow_s.c.o[0m
[375.493s] [100%] [32mBuilding C object CMakeFiles/px4_msgs__rosidl_generator_py.dir/rosidl_generator_py/px4_msgs/msg/_vehicle_optical_flow_vel_s.c.o[0m
[375.564s] [100%] [32mBuilding C object CMakeFiles/px4_msgs__rosidl_generator_py.dir/rosidl_generator_py/px4_msgs/msg/_vehicle_rates_setpoint_s.c.o[0m
[375.616s] [100%] [32mBuilding C object CMakeFiles/px4_msgs__rosidl_generator_py.dir/rosidl_generator_py/px4_msgs/msg/_vehicle_roi_s.c.o[0m
[375.616s] [100%] [32mBuilding C object CMakeFiles/px4_msgs__rosidl_generator_py.dir/rosidl_generator_py/px4_msgs/msg/_vehicle_status_s.c.o[0m
[375.689s] [100%] [32mBuilding C object CMakeFiles/px4_msgs__rosidl_generator_py.dir/rosidl_generator_py/px4_msgs/msg/_vehicle_thrust_setpoint_s.c.o[0m
[375.715s] [100%] [32mBuilding C object CMakeFiles/px4_msgs__rosidl_generator_py.dir/rosidl_generator_py/px4_msgs/msg/_vehicle_torque_setpoint_s.c.o[0m
[375.807s] [100%] [32mBuilding C object CMakeFiles/px4_msgs__rosidl_generator_py.dir/rosidl_generator_py/px4_msgs/msg/_velocity_limits_s.c.o[0m
[375.892s] [100%] [32mBuilding C object CMakeFiles/px4_msgs__rosidl_generator_py.dir/rosidl_generator_py/px4_msgs/msg/_vtol_vehicle_status_s.c.o[0m
[375.986s] [100%] [32mBuilding C object CMakeFiles/px4_msgs__rosidl_generator_py.dir/rosidl_generator_py/px4_msgs/msg/_wheel_encoders_s.c.o[0m
[376.008s] [100%] [32mBuilding C object CMakeFiles/px4_msgs__rosidl_generator_py.dir/rosidl_generator_py/px4_msgs/msg/_wind_s.c.o[0m
[376.034s] [100%] [32mBuilding C object CMakeFiles/px4_msgs__rosidl_generator_py.dir/rosidl_generator_py/px4_msgs/msg/_yaw_estimator_status_s.c.o[0m
[376.114s] [100%] [32mBuilding C object CMakeFiles/px4_msgs__rosidl_generator_py.dir/rosidl_generator_py/px4_msgs/srv/_vehicle_command_s.c.o[0m
[376.427s] [100%] [32m[1mLinking C shared library rosidl_generator_py/px4_msgs/libpx4_msgs__rosidl_generator_py.so[0m
[376.539s] [100%] Built target px4_msgs__rosidl_generator_py
[376.560s] [100%] [32mBuilding C object CMakeFiles/px4_msgs__rosidl_typesupport_fastrtps_c__pyext.dir/rosidl_generator_py/px4_msgs/_px4_msgs_s.ep.rosidl_typesupport_fastrtps_c.c.o[0m
[376.560s] [100%] [32mBuilding C object CMakeFiles/px4_msgs__rosidl_typesupport_introspection_c__pyext.dir/rosidl_generator_py/px4_msgs/_px4_msgs_s.ep.rosidl_typesupport_introspection_c.c.o[0m
[376.560s] [100%] [32mBuilding C object CMakeFiles/px4_msgs__rosidl_typesupport_c__pyext.dir/rosidl_generator_py/px4_msgs/_px4_msgs_s.ep.rosidl_typesupport_c.c.o[0m
[377.572s] [100%] [32m[1mLinking C shared library rosidl_generator_py/px4_msgs/px4_msgs_s__rosidl_typesupport_c.cpython-310-x86_64-linux-gnu.so[0m
[377.583s] [100%] [32m[1mLinking C shared library rosidl_generator_py/px4_msgs/px4_msgs_s__rosidl_typesupport_introspection_c.cpython-310-x86_64-linux-gnu.so[0m
[377.585s] [100%] [32m[1mLinking C shared library rosidl_generator_py/px4_msgs/px4_msgs_s__rosidl_typesupport_fastrtps_c.cpython-310-x86_64-linux-gnu.so[0m
[377.621s] [100%] Built target px4_msgs__rosidl_typesupport_c__pyext
[377.633s] [100%] Built target px4_msgs__rosidl_typesupport_introspection_c__pyext
[377.633s] [100%] Built target px4_msgs__rosidl_typesupport_fastrtps_c__pyext
[377.645s] Invoked command in '/home/dolphiinn/ros2_ws/build/px4_msgs' returned '0': CMAKE_PREFIX_PATH=/opt/ros/humble /usr/bin/cmake --build /home/dolphiinn/ros2_ws/build/px4_msgs -- -j8 -l8
[377.655s] Invoking command in '/home/dolphiinn/ros2_ws/build/px4_msgs': CMAKE_PREFIX_PATH=/opt/ros/humble /usr/bin/cmake --install /home/dolphiinn/ros2_ws/build/px4_msgs
[377.666s] -- Install configuration: ""
[377.670s] -- Execute custom install script
[377.671s] -- Symlinking: /home/dolphiinn/ros2_ws/install/px4_msgs/share/ament_index/resource_index/rosidl_interfaces/px4_msgs
[377.694s] -- Symlinking: /home/dolphiinn/ros2_ws/install/px4_msgs/include/px4_msgs/px4_msgs/msg/action_request.h
[377.701s] -- Symlinking: /home/dolphiinn/ros2_ws/install/px4_msgs/include/px4_msgs/px4_msgs/msg/actuator_armed.h
[377.708s] -- Symlinking: /home/dolphiinn/ros2_ws/install/px4_msgs/include/px4_msgs/px4_msgs/msg/actuator_controls_status.h
[377.715s] -- Symlinking: /home/dolphiinn/ros2_ws/install/px4_msgs/include/px4_msgs/px4_msgs/msg/actuator_motors.h
[377.723s] -- Symlinking: /home/dolphiinn/ros2_ws/install/px4_msgs/include/px4_msgs/px4_msgs/msg/actuator_outputs.h
[377.730s] -- Symlinking: /home/dolphiinn/ros2_ws/install/px4_msgs/include/px4_msgs/px4_msgs/msg/actuator_servos.h
[377.737s] -- Symlinking: /home/dolphiinn/ros2_ws/install/px4_msgs/include/px4_msgs/px4_msgs/msg/actuator_servos_trim.h
[377.744s] -- Symlinking: /home/dolphiinn/ros2_ws/install/px4_msgs/include/px4_msgs/px4_msgs/msg/actuator_test.h
[377.751s] -- Symlinking: /home/dolphiinn/ros2_ws/install/px4_msgs/include/px4_msgs/px4_msgs/msg/adc_report.h
[377.758s] -- Symlinking: /home/dolphiinn/ros2_ws/install/px4_msgs/include/px4_msgs/px4_msgs/msg/airspeed.h
[377.765s] -- Symlinking: /home/dolphiinn/ros2_ws/install/px4_msgs/include/px4_msgs/px4_msgs/msg/airspeed_validated.h
[377.772s] -- Symlinking: /home/dolphiinn/ros2_ws/install/px4_msgs/include/px4_msgs/px4_msgs/msg/airspeed_wind.h
[377.779s] -- Symlinking: /home/dolphiinn/ros2_ws/install/px4_msgs/include/px4_msgs/px4_msgs/msg/arming_check_reply.h
[377.786s] -- Symlinking: /home/dolphiinn/ros2_ws/install/px4_msgs/include/px4_msgs/px4_msgs/msg/arming_check_request.h
[377.792s] -- Symlinking: /home/dolphiinn/ros2_ws/install/px4_msgs/include/px4_msgs/px4_msgs/msg/autotune_attitude_control_status.h
[377.799s] -- Symlinking: /home/dolphiinn/ros2_ws/install/px4_msgs/include/px4_msgs/px4_msgs/msg/battery_info.h
[377.806s] -- Symlinking: /home/dolphiinn/ros2_ws/install/px4_msgs/include/px4_msgs/px4_msgs/msg/battery_status.h
[377.812s] -- Symlinking: /home/dolphiinn/ros2_ws/install/px4_msgs/include/px4_msgs/px4_msgs/msg/button_event.h
[377.819s] -- Symlinking: /home/dolphiinn/ros2_ws/install/px4_msgs/include/px4_msgs/px4_msgs/msg/camera_capture.h
[377.826s] -- Symlinking: /home/dolphiinn/ros2_ws/install/px4_msgs/include/px4_msgs/px4_msgs/msg/camera_status.h
[377.832s] -- Symlinking: /home/dolphiinn/ros2_ws/install/px4_msgs/include/px4_msgs/px4_msgs/msg/camera_trigger.h
[377.839s] -- Symlinking: /home/dolphiinn/ros2_ws/install/px4_msgs/include/px4_msgs/px4_msgs/msg/can_interface_status.h
[377.845s] -- Symlinking: /home/dolphiinn/ros2_ws/install/px4_msgs/include/px4_msgs/px4_msgs/msg/cellular_status.h
[377.852s] -- Symlinking: /home/dolphiinn/ros2_ws/install/px4_msgs/include/px4_msgs/px4_msgs/msg/collision_constraints.h
[377.858s] -- Symlinking: /home/dolphiinn/ros2_ws/install/px4_msgs/include/px4_msgs/px4_msgs/msg/config_overrides.h
[377.865s] -- Symlinking: /home/dolphiinn/ros2_ws/install/px4_msgs/include/px4_msgs/px4_msgs/msg/control_allocator_status.h
[377.871s] -- Symlinking: /home/dolphiinn/ros2_ws/install/px4_msgs/include/px4_msgs/px4_msgs/msg/cpuload.h
[377.878s] -- Symlinking: /home/dolphiinn/ros2_ws/install/px4_msgs/include/px4_msgs/px4_msgs/msg/dataman_request.h
[377.884s] -- Symlinking: /home/dolphiinn/ros2_ws/install/px4_msgs/include/px4_msgs/px4_msgs/msg/dataman_response.h
[377.890s] -- Symlinking: /home/dolphiinn/ros2_ws/install/px4_msgs/include/px4_msgs/px4_msgs/msg/debug_array.h
[377.897s] -- Symlinking: /home/dolphiinn/ros2_ws/install/px4_msgs/include/px4_msgs/px4_msgs/msg/debug_key_value.h
[377.903s] -- Symlinking: /home/dolphiinn/ros2_ws/install/px4_msgs/include/px4_msgs/px4_msgs/msg/debug_value.h
[377.910s] -- Symlinking: /home/dolphiinn/ros2_ws/install/px4_msgs/include/px4_msgs/px4_msgs/msg/debug_vect.h
[377.916s] -- Symlinking: /home/dolphiinn/ros2_ws/install/px4_msgs/include/px4_msgs/px4_msgs/msg/detail/action_request__functions.h
[377.923s] -- Symlinking: /home/dolphiinn/ros2_ws/install/px4_msgs/include/px4_msgs/px4_msgs/msg/detail/action_request__struct.h
[377.929s] -- Symlinking: /home/dolphiinn/ros2_ws/install/px4_msgs/include/px4_msgs/px4_msgs/msg/detail/action_request__type_support.h
[377.935s] -- Symlinking: /home/dolphiinn/ros2_ws/install/px4_msgs/include/px4_msgs/px4_msgs/msg/detail/actuator_armed__functions.h
[377.941s] -- Symlinking: /home/dolphiinn/ros2_ws/install/px4_msgs/include/px4_msgs/px4_msgs/msg/detail/actuator_armed__struct.h
[377.948s] -- Symlinking: /home/dolphiinn/ros2_ws/install/px4_msgs/include/px4_msgs/px4_msgs/msg/detail/actuator_armed__type_support.h
[377.954s] -- Symlinking: /home/dolphiinn/ros2_ws/install/px4_msgs/include/px4_msgs/px4_msgs/msg/detail/actuator_controls_status__functions.h
[377.960s] -- Symlinking: /home/dolphiinn/ros2_ws/install/px4_msgs/include/px4_msgs/px4_msgs/msg/detail/actuator_controls_status__struct.h
[377.966s] -- Symlinking: /home/dolphiinn/ros2_ws/install/px4_msgs/include/px4_msgs/px4_msgs/msg/detail/actuator_controls_status__type_support.h
[377.973s] -- Symlinking: /home/dolphiinn/ros2_ws/install/px4_msgs/include/px4_msgs/px4_msgs/msg/detail/actuator_motors__functions.h
[377.979s] -- Symlinking: /home/dolphiinn/ros2_ws/install/px4_msgs/include/px4_msgs/px4_msgs/msg/detail/actuator_motors__struct.h
[377.985s] -- Symlinking: /home/dolphiinn/ros2_ws/install/px4_msgs/include/px4_msgs/px4_msgs/msg/detail/actuator_motors__type_support.h
[377.991s] -- Symlinking: /home/dolphiinn/ros2_ws/install/px4_msgs/include/px4_msgs/px4_msgs/msg/detail/actuator_outputs__functions.h
[377.997s] -- Symlinking: /home/dolphiinn/ros2_ws/install/px4_msgs/include/px4_msgs/px4_msgs/msg/detail/actuator_outputs__struct.h
[378.003s] -- Symlinking: /home/dolphiinn/ros2_ws/install/px4_msgs/include/px4_msgs/px4_msgs/msg/detail/actuator_outputs__type_support.h
[378.010s] -- Symlinking: /home/dolphiinn/ros2_ws/install/px4_msgs/include/px4_msgs/px4_msgs/msg/detail/actuator_servos__functions.h
[378.016s] -- Symlinking: /home/dolphiinn/ros2_ws/install/px4_msgs/include/px4_msgs/px4_msgs/msg/detail/actuator_servos__struct.h
[378.022s] -- Symlinking: /home/dolphiinn/ros2_ws/install/px4_msgs/include/px4_msgs/px4_msgs/msg/detail/actuator_servos__type_support.h
[378.028s] -- Symlinking: /home/dolphiinn/ros2_ws/install/px4_msgs/include/px4_msgs/px4_msgs/msg/detail/actuator_servos_trim__functions.h
[378.034s] -- Symlinking: /home/dolphiinn/ros2_ws/install/px4_msgs/include/px4_msgs/px4_msgs/msg/detail/actuator_servos_trim__struct.h
[378.040s] -- Symlinking: /home/dolphiinn/ros2_ws/install/px4_msgs/include/px4_msgs/px4_msgs/msg/detail/actuator_servos_trim__type_support.h
[378.046s] -- Symlinking: /home/dolphiinn/ros2_ws/install/px4_msgs/include/px4_msgs/px4_msgs/msg/detail/actuator_test__functions.h
[378.052s] -- Symlinking: /home/dolphiinn/ros2_ws/install/px4_msgs/include/px4_msgs/px4_msgs/msg/detail/actuator_test__struct.h
[378.058s] -- Symlinking: /home/dolphiinn/ros2_ws/install/px4_msgs/include/px4_msgs/px4_msgs/msg/detail/actuator_test__type_support.h
[378.064s] -- Symlinking: /home/dolphiinn/ros2_ws/install/px4_msgs/include/px4_msgs/px4_msgs/msg/detail/adc_report__functions.h
[378.070s] -- Symlinking: /home/dolphiinn/ros2_ws/install/px4_msgs/include/px4_msgs/px4_msgs/msg/detail/adc_report__struct.h
[378.076s] -- Symlinking: /home/dolphiinn/ros2_ws/install/px4_msgs/include/px4_msgs/px4_msgs/msg/detail/adc_report__type_support.h
[378.082s] -- Symlinking: /home/dolphiinn/ros2_ws/install/px4_msgs/include/px4_msgs/px4_msgs/msg/detail/airspeed__functions.h
[378.088s] -- Symlinking: /home/dolphiinn/ros2_ws/install/px4_msgs/include/px4_msgs/px4_msgs/msg/detail/airspeed__struct.h
[378.094s] -- Symlinking: /home/dolphiinn/ros2_ws/install/px4_msgs/include/px4_msgs/px4_msgs/msg/detail/airspeed__type_support.h
[378.100s] -- Symlinking: /home/dolphiinn/ros2_ws/install/px4_msgs/include/px4_msgs/px4_msgs/msg/detail/airspeed_validated__functions.h
[378.106s] -- Symlinking: /home/dolphiinn/ros2_ws/install/px4_msgs/include/px4_msgs/px4_msgs/msg/detail/airspeed_validated__struct.h
[378.112s] -- Symlinking: /home/dolphiinn/ros2_ws/install/px4_msgs/include/px4_msgs/px4_msgs/msg/detail/airspeed_validated__type_support.h
[378.118s] -- Symlinking: /home/dolphiinn/ros2_ws/install/px4_msgs/include/px4_msgs/px4_msgs/msg/detail/airspeed_wind__functions.h
[378.124s] -- Symlinking: /home/dolphiinn/ros2_ws/install/px4_msgs/include/px4_msgs/px4_msgs/msg/detail/airspeed_wind__struct.h
[378.130s] -- Symlinking: /home/dolphiinn/ros2_ws/install/px4_msgs/include/px4_msgs/px4_msgs/msg/detail/airspeed_wind__type_support.h
[378.136s] -- Symlinking: /home/dolphiinn/ros2_ws/install/px4_msgs/include/px4_msgs/px4_msgs/msg/detail/arming_check_reply__functions.h
[378.142s] -- Symlinking: /home/dolphiinn/ros2_ws/install/px4_msgs/include/px4_msgs/px4_msgs/msg/detail/arming_check_reply__struct.h
[378.148s] -- Symlinking: /home/dolphiinn/ros2_ws/install/px4_msgs/include/px4_msgs/px4_msgs/msg/detail/arming_check_reply__type_support.h
[378.154s] -- Symlinking: /home/dolphiinn/ros2_ws/install/px4_msgs/include/px4_msgs/px4_msgs/msg/detail/arming_check_request__functions.h
[378.160s] -- Symlinking: /home/dolphiinn/ros2_ws/install/px4_msgs/include/px4_msgs/px4_msgs/msg/detail/arming_check_request__struct.h
[378.166s] -- Symlinking: /home/dolphiinn/ros2_ws/install/px4_msgs/include/px4_msgs/px4_msgs/msg/detail/arming_check_request__type_support.h
[378.172s] -- Symlinking: /home/dolphiinn/ros2_ws/install/px4_msgs/include/px4_msgs/px4_msgs/msg/detail/autotune_attitude_control_status__functions.h
[378.178s] -- Symlinking: /home/dolphiinn/ros2_ws/install/px4_msgs/include/px4_msgs/px4_msgs/msg/detail/autotune_attitude_control_status__struct.h
[378.184s] -- Symlinking: /home/dolphiinn/ros2_ws/install/px4_msgs/include/px4_msgs/px4_msgs/msg/detail/autotune_attitude_control_status__type_support.h
[378.190s] -- Symlinking: /home/dolphiinn/ros2_ws/install/px4_msgs/include/px4_msgs/px4_msgs/msg/detail/battery_info__functions.h
[378.196s] -- Symlinking: /home/dolphiinn/ros2_ws/install/px4_msgs/include/px4_msgs/px4_msgs/msg/detail/battery_info__struct.h
[378.202s] -- Symlinking: /home/dolphiinn/ros2_ws/install/px4_msgs/include/px4_msgs/px4_msgs/msg/detail/battery_info__type_support.h
[378.208s] -- Symlinking: /home/dolphiinn/ros2_ws/install/px4_msgs/include/px4_msgs/px4_msgs/msg/detail/battery_status__functions.h
[378.214s] -- Symlinking: /home/dolphiinn/ros2_ws/install/px4_msgs/include/px4_msgs/px4_msgs/msg/detail/battery_status__struct.h
[378.220s] -- Symlinking: /home/dolphiinn/ros2_ws/install/px4_msgs/include/px4_msgs/px4_msgs/msg/detail/battery_status__type_support.h
[378.226s] -- Symlinking: /home/dolphiinn/ros2_ws/install/px4_msgs/include/px4_msgs/px4_msgs/msg/detail/button_event__functions.h
[378.232s] -- Symlinking: /home/dolphiinn/ros2_ws/install/px4_msgs/include/px4_msgs/px4_msgs/msg/detail/button_event__struct.h
[378.238s] -- Symlinking: /home/dolphiinn/ros2_ws/install/px4_msgs/include/px4_msgs/px4_msgs/msg/detail/button_event__type_support.h
[378.243s] -- Symlinking: /home/dolphiinn/ros2_ws/install/px4_msgs/include/px4_msgs/px4_msgs/msg/detail/camera_capture__functions.h
[378.249s] -- Symlinking: /home/dolphiinn/ros2_ws/install/px4_msgs/include/px4_msgs/px4_msgs/msg/detail/camera_capture__struct.h
[378.255s] -- Symlinking: /home/dolphiinn/ros2_ws/install/px4_msgs/include/px4_msgs/px4_msgs/msg/detail/camera_capture__type_support.h
[378.261s] -- Symlinking: /home/dolphiinn/ros2_ws/install/px4_msgs/include/px4_msgs/px4_msgs/msg/detail/camera_status__functions.h
[378.267s] -- Symlinking: /home/dolphiinn/ros2_ws/install/px4_msgs/include/px4_msgs/px4_msgs/msg/detail/camera_status__struct.h
[378.273s] -- Symlinking: /home/dolphiinn/ros2_ws/install/px4_msgs/include/px4_msgs/px4_msgs/msg/detail/camera_status__type_support.h
[378.279s] -- Symlinking: /home/dolphiinn/ros2_ws/install/px4_msgs/include/px4_msgs/px4_msgs/msg/detail/camera_trigger__functions.h
[378.285s] -- Symlinking: /home/dolphiinn/ros2_ws/install/px4_msgs/include/px4_msgs/px4_msgs/msg/detail/camera_trigger__struct.h
[378.291s] -- Symlinking: /home/dolphiinn/ros2_ws/install/px4_msgs/include/px4_msgs/px4_msgs/msg/detail/camera_trigger__type_support.h
[378.297s] -- Symlinking: /home/dolphiinn/ros2_ws/install/px4_msgs/include/px4_msgs/px4_msgs/msg/detail/can_interface_status__functions.h
[378.303s] -- Symlinking: /home/dolphiinn/ros2_ws/install/px4_msgs/include/px4_msgs/px4_msgs/msg/detail/can_interface_status__struct.h
[378.308s] -- Symlinking: /home/dolphiinn/ros2_ws/install/px4_msgs/include/px4_msgs/px4_msgs/msg/detail/can_interface_status__type_support.h
[378.314s] -- Symlinking: /home/dolphiinn/ros2_ws/install/px4_msgs/include/px4_msgs/px4_msgs/msg/detail/cellular_status__functions.h
[378.320s] -- Symlinking: /home/dolphiinn/ros2_ws/install/px4_msgs/include/px4_msgs/px4_msgs/msg/detail/cellular_status__struct.h
[378.326s] -- Symlinking: /home/dolphiinn/ros2_ws/install/px4_msgs/include/px4_msgs/px4_msgs/msg/detail/cellular_status__type_support.h
[378.332s] -- Symlinking: /home/dolphiinn/ros2_ws/install/px4_msgs/include/px4_msgs/px4_msgs/msg/detail/collision_constraints__functions.h
[378.338s] -- Symlinking: /home/dolphiinn/ros2_ws/install/px4_msgs/include/px4_msgs/px4_msgs/msg/detail/collision_constraints__struct.h
[378.344s] -- Symlinking: /home/dolphiinn/ros2_ws/install/px4_msgs/include/px4_msgs/px4_msgs/msg/detail/collision_constraints__type_support.h
[378.350s] -- Symlinking: /home/dolphiinn/ros2_ws/install/px4_msgs/include/px4_msgs/px4_msgs/msg/detail/config_overrides__functions.h
[378.355s] -- Symlinking: /home/dolphiinn/ros2_ws/install/px4_msgs/include/px4_msgs/px4_msgs/msg/detail/config_overrides__struct.h
[378.361s] -- Symlinking: /home/dolphiinn/ros2_ws/install/px4_msgs/include/px4_msgs/px4_msgs/msg/detail/config_overrides__type_support.h
[378.367s] -- Symlinking: /home/dolphiinn/ros2_ws/install/px4_msgs/include/px4_msgs/px4_msgs/msg/detail/control_allocator_status__functions.h
[378.373s] -- Symlinking: /home/dolphiinn/ros2_ws/install/px4_msgs/include/px4_msgs/px4_msgs/msg/detail/control_allocator_status__struct.h
[378.379s] -- Symlinking: /home/dolphiinn/ros2_ws/install/px4_msgs/include/px4_msgs/px4_msgs/msg/detail/control_allocator_status__type_support.h
[378.385s] -- Symlinking: /home/dolphiinn/ros2_ws/install/px4_msgs/include/px4_msgs/px4_msgs/msg/detail/cpuload__functions.h
[378.391s] -- Symlinking: /home/dolphiinn/ros2_ws/install/px4_msgs/include/px4_msgs/px4_msgs/msg/detail/cpuload__struct.h
[378.397s] -- Symlinking: /home/dolphiinn/ros2_ws/install/px4_msgs/include/px4_msgs/px4_msgs/msg/detail/cpuload__type_support.h
[378.403s] -- Symlinking: /home/dolphiinn/ros2_ws/install/px4_msgs/include/px4_msgs/px4_msgs/msg/detail/dataman_request__functions.h
[378.408s] -- Symlinking: /home/dolphiinn/ros2_ws/install/px4_msgs/include/px4_msgs/px4_msgs/msg/detail/dataman_request__struct.h
[378.414s] -- Symlinking: /home/dolphiinn/ros2_ws/install/px4_msgs/include/px4_msgs/px4_msgs/msg/detail/dataman_request__type_support.h
[378.420s] -- Symlinking: /home/dolphiinn/ros2_ws/install/px4_msgs/include/px4_msgs/px4_msgs/msg/detail/dataman_response__functions.h
[378.427s] -- Symlinking: /home/dolphiinn/ros2_ws/install/px4_msgs/include/px4_msgs/px4_msgs/msg/detail/dataman_response__struct.h
[378.433s] -- Symlinking: /home/dolphiinn/ros2_ws/install/px4_msgs/include/px4_msgs/px4_msgs/msg/detail/dataman_response__type_support.h
[378.440s] -- Symlinking: /home/dolphiinn/ros2_ws/install/px4_msgs/include/px4_msgs/px4_msgs/msg/detail/debug_array__functions.h
[378.445s] -- Symlinking: /home/dolphiinn/ros2_ws/install/px4_msgs/include/px4_msgs/px4_msgs/msg/detail/debug_array__struct.h
[378.451s] -- Symlinking: /home/dolphiinn/ros2_ws/install/px4_msgs/include/px4_msgs/px4_msgs/msg/detail/debug_array__type_support.h
[378.458s] -- Symlinking: /home/dolphiinn/ros2_ws/install/px4_msgs/include/px4_msgs/px4_msgs/msg/detail/debug_key_value__functions.h
[378.465s] -- Symlinking: /home/dolphiinn/ros2_ws/install/px4_msgs/include/px4_msgs/px4_msgs/msg/detail/debug_key_value__struct.h
[378.481s] -- Symlinking: /home/dolphiinn/ros2_ws/install/px4_msgs/include/px4_msgs/px4_msgs/msg/detail/debug_key_value__type_support.h
[378.489s] -- Symlinking: /home/dolphiinn/ros2_ws/install/px4_msgs/include/px4_msgs/px4_msgs/msg/detail/debug_value__functions.h
[378.495s] -- Symlinking: /home/dolphiinn/ros2_ws/install/px4_msgs/include/px4_msgs/px4_msgs/msg/detail/debug_value__struct.h
[378.501s] -- Symlinking: /home/dolphiinn/ros2_ws/install/px4_msgs/include/px4_msgs/px4_msgs/msg/detail/debug_value__type_support.h
[378.506s] -- Symlinking: /home/dolphiinn/ros2_ws/install/px4_msgs/include/px4_msgs/px4_msgs/msg/detail/debug_vect__functions.h
[378.513s] -- Symlinking: /home/dolphiinn/ros2_ws/install/px4_msgs/include/px4_msgs/px4_msgs/msg/detail/debug_vect__struct.h
[378.518s] -- Symlinking: /home/dolphiinn/ros2_ws/install/px4_msgs/include/px4_msgs/px4_msgs/msg/detail/debug_vect__type_support.h
[378.524s] -- Symlinking: /home/dolphiinn/ros2_ws/install/px4_msgs/include/px4_msgs/px4_msgs/msg/detail/differential_pressure__functions.h
[378.531s] -- Symlinking: /home/dolphiinn/ros2_ws/install/px4_msgs/include/px4_msgs/px4_msgs/msg/detail/differential_pressure__struct.h
[378.538s] -- Symlinking: /home/dolphiinn/ros2_ws/install/px4_msgs/include/px4_msgs/px4_msgs/msg/detail/differential_pressure__type_support.h
[378.544s] -- Symlinking: /home/dolphiinn/ros2_ws/install/px4_msgs/include/px4_msgs/px4_msgs/msg/detail/distance_sensor__functions.h
[378.550s] -- Symlinking: /home/dolphiinn/ros2_ws/install/px4_msgs/include/px4_msgs/px4_msgs/msg/detail/distance_sensor__struct.h
[378.556s] -- Symlinking: /home/dolphiinn/ros2_ws/install/px4_msgs/include/px4_msgs/px4_msgs/msg/detail/distance_sensor__type_support.h
[378.562s] -- Symlinking: /home/dolphiinn/ros2_ws/install/px4_msgs/include/px4_msgs/px4_msgs/msg/detail/distance_sensor_mode_change_request__functions.h
[378.567s] -- Symlinking: /home/dolphiinn/ros2_ws/install/px4_msgs/include/px4_msgs/px4_msgs/msg/detail/distance_sensor_mode_change_request__struct.h
[378.574s] -- Symlinking: /home/dolphiinn/ros2_ws/install/px4_msgs/include/px4_msgs/px4_msgs/msg/detail/distance_sensor_mode_change_request__type_support.h
[378.580s] -- Symlinking: /home/dolphiinn/ros2_ws/install/px4_msgs/include/px4_msgs/px4_msgs/msg/detail/dronecan_node_status__functions.h
[378.586s] -- Symlinking: /home/dolphiinn/ros2_ws/install/px4_msgs/include/px4_msgs/px4_msgs/msg/detail/dronecan_node_status__struct.h
[378.592s] -- Symlinking: /home/dolphiinn/ros2_ws/install/px4_msgs/include/px4_msgs/px4_msgs/msg/detail/dronecan_node_status__type_support.h
[378.597s] -- Symlinking: /home/dolphiinn/ros2_ws/install/px4_msgs/include/px4_msgs/px4_msgs/msg/detail/ekf2_timestamps__functions.h
[378.603s] -- Symlinking: /home/dolphiinn/ros2_ws/install/px4_msgs/include/px4_msgs/px4_msgs/msg/detail/ekf2_timestamps__struct.h
[378.609s] -- Symlinking: /home/dolphiinn/ros2_ws/install/px4_msgs/include/px4_msgs/px4_msgs/msg/detail/ekf2_timestamps__type_support.h
[378.615s] -- Symlinking: /home/dolphiinn/ros2_ws/install/px4_msgs/include/px4_msgs/px4_msgs/msg/detail/esc_report__functions.h
[378.621s] -- Symlinking: /home/dolphiinn/ros2_ws/install/px4_msgs/include/px4_msgs/px4_msgs/msg/detail/esc_report__struct.h
[378.627s] -- Symlinking: /home/dolphiinn/ros2_ws/install/px4_msgs/include/px4_msgs/px4_msgs/msg/detail/esc_report__type_support.h
[378.632s] -- Symlinking: /home/dolphiinn/ros2_ws/install/px4_msgs/include/px4_msgs/px4_msgs/msg/detail/esc_status__functions.h
[378.638s] -- Symlinking: /home/dolphiinn/ros2_ws/install/px4_msgs/include/px4_msgs/px4_msgs/msg/detail/esc_status__struct.h
[378.644s] -- Symlinking: /home/dolphiinn/ros2_ws/install/px4_msgs/include/px4_msgs/px4_msgs/msg/detail/esc_status__type_support.h
[378.650s] -- Symlinking: /home/dolphiinn/ros2_ws/install/px4_msgs/include/px4_msgs/px4_msgs/msg/detail/estimator_aid_source1d__functions.h
[378.656s] -- Symlinking: /home/dolphiinn/ros2_ws/install/px4_msgs/include/px4_msgs/px4_msgs/msg/detail/estimator_aid_source1d__struct.h
[378.662s] -- Symlinking: /home/dolphiinn/ros2_ws/install/px4_msgs/include/px4_msgs/px4_msgs/msg/detail/estimator_aid_source1d__type_support.h
[378.670s] -- Symlinking: /home/dolphiinn/ros2_ws/install/px4_msgs/include/px4_msgs/px4_msgs/msg/detail/estimator_aid_source2d__functions.h
[378.676s] -- Symlinking: /home/dolphiinn/ros2_ws/install/px4_msgs/include/px4_msgs/px4_msgs/msg/detail/estimator_aid_source2d__struct.h
[378.683s] -- Symlinking: /home/dolphiinn/ros2_ws/install/px4_msgs/include/px4_msgs/px4_msgs/msg/detail/estimator_aid_source2d__type_support.h
[378.689s] -- Symlinking: /home/dolphiinn/ros2_ws/install/px4_msgs/include/px4_msgs/px4_msgs/msg/detail/estimator_aid_source3d__functions.h
[378.695s] -- Symlinking: /home/dolphiinn/ros2_ws/install/px4_msgs/include/px4_msgs/px4_msgs/msg/detail/estimator_aid_source3d__struct.h
[378.701s] -- Symlinking: /home/dolphiinn/ros2_ws/install/px4_msgs/include/px4_msgs/px4_msgs/msg/detail/estimator_aid_source3d__type_support.h
[378.706s] -- Symlinking: /home/dolphiinn/ros2_ws/install/px4_msgs/include/px4_msgs/px4_msgs/msg/detail/estimator_bias3d__functions.h
[378.712s] -- Symlinking: /home/dolphiinn/ros2_ws/install/px4_msgs/include/px4_msgs/px4_msgs/msg/detail/estimator_bias3d__struct.h
[378.718s] -- Symlinking: /home/dolphiinn/ros2_ws/install/px4_msgs/include/px4_msgs/px4_msgs/msg/detail/estimator_bias3d__type_support.h
[378.724s] -- Symlinking: /home/dolphiinn/ros2_ws/install/px4_msgs/include/px4_msgs/px4_msgs/msg/detail/estimator_bias__functions.h
[378.729s] -- Symlinking: /home/dolphiinn/ros2_ws/install/px4_msgs/include/px4_msgs/px4_msgs/msg/detail/estimator_bias__struct.h
[378.735s] -- Symlinking: /home/dolphiinn/ros2_ws/install/px4_msgs/include/px4_msgs/px4_msgs/msg/detail/estimator_bias__type_support.h
[378.741s] -- Symlinking: /home/dolphiinn/ros2_ws/install/px4_msgs/include/px4_msgs/px4_msgs/msg/detail/estimator_event_flags__functions.h
[378.746s] -- Symlinking: /home/dolphiinn/ros2_ws/install/px4_msgs/include/px4_msgs/px4_msgs/msg/detail/estimator_event_flags__struct.h
[378.752s] -- Symlinking: /home/dolphiinn/ros2_ws/install/px4_msgs/include/px4_msgs/px4_msgs/msg/detail/estimator_event_flags__type_support.h
[378.758s] -- Symlinking: /home/dolphiinn/ros2_ws/install/px4_msgs/include/px4_msgs/px4_msgs/msg/detail/estimator_gps_status__functions.h
[378.764s] -- Symlinking: /home/dolphiinn/ros2_ws/install/px4_msgs/include/px4_msgs/px4_msgs/msg/detail/estimator_gps_status__struct.h
[378.769s] -- Symlinking: /home/dolphiinn/ros2_ws/install/px4_msgs/include/px4_msgs/px4_msgs/msg/detail/estimator_gps_status__type_support.h
[378.775s] -- Symlinking: /home/dolphiinn/ros2_ws/install/px4_msgs/include/px4_msgs/px4_msgs/msg/detail/estimator_innovations__functions.h
[378.781s] -- Symlinking: /home/dolphiinn/ros2_ws/install/px4_msgs/include/px4_msgs/px4_msgs/msg/detail/estimator_innovations__struct.h
[378.787s] -- Symlinking: /home/dolphiinn/ros2_ws/install/px4_msgs/include/px4_msgs/px4_msgs/msg/detail/estimator_innovations__type_support.h
[378.792s] -- Symlinking: /home/dolphiinn/ros2_ws/install/px4_msgs/include/px4_msgs/px4_msgs/msg/detail/estimator_selector_status__functions.h
[378.798s] -- Symlinking: /home/dolphiinn/ros2_ws/install/px4_msgs/include/px4_msgs/px4_msgs/msg/detail/estimator_selector_status__struct.h
[378.804s] -- Symlinking: /home/dolphiinn/ros2_ws/install/px4_msgs/include/px4_msgs/px4_msgs/msg/detail/estimator_selector_status__type_support.h
[378.810s] -- Symlinking: /home/dolphiinn/ros2_ws/install/px4_msgs/include/px4_msgs/px4_msgs/msg/detail/estimator_sensor_bias__functions.h
[378.816s] -- Symlinking: /home/dolphiinn/ros2_ws/install/px4_msgs/include/px4_msgs/px4_msgs/msg/detail/estimator_sensor_bias__struct.h
[378.821s] -- Symlinking: /home/dolphiinn/ros2_ws/install/px4_msgs/include/px4_msgs/px4_msgs/msg/detail/estimator_sensor_bias__type_support.h
[378.827s] -- Symlinking: /home/dolphiinn/ros2_ws/install/px4_msgs/include/px4_msgs/px4_msgs/msg/detail/estimator_states__functions.h
[378.833s] -- Symlinking: /home/dolphiinn/ros2_ws/install/px4_msgs/include/px4_msgs/px4_msgs/msg/detail/estimator_states__struct.h
[378.838s] -- Symlinking: /home/dolphiinn/ros2_ws/install/px4_msgs/include/px4_msgs/px4_msgs/msg/detail/estimator_states__type_support.h
[378.844s] -- Symlinking: /home/dolphiinn/ros2_ws/install/px4_msgs/include/px4_msgs/px4_msgs/msg/detail/estimator_status__functions.h
[378.850s] -- Symlinking: /home/dolphiinn/ros2_ws/install/px4_msgs/include/px4_msgs/px4_msgs/msg/detail/estimator_status__struct.h
[378.855s] -- Symlinking: /home/dolphiinn/ros2_ws/install/px4_msgs/include/px4_msgs/px4_msgs/msg/detail/estimator_status__type_support.h
[378.861s] -- Symlinking: /home/dolphiinn/ros2_ws/install/px4_msgs/include/px4_msgs/px4_msgs/msg/detail/estimator_status_flags__functions.h
[378.866s] -- Symlinking: /home/dolphiinn/ros2_ws/install/px4_msgs/include/px4_msgs/px4_msgs/msg/detail/estimator_status_flags__struct.h
[378.872s] -- Symlinking: /home/dolphiinn/ros2_ws/install/px4_msgs/include/px4_msgs/px4_msgs/msg/detail/estimator_status_flags__type_support.h
[378.878s] -- Symlinking: /home/dolphiinn/ros2_ws/install/px4_msgs/include/px4_msgs/px4_msgs/msg/detail/event__functions.h
[378.884s] -- Symlinking: /home/dolphiinn/ros2_ws/install/px4_msgs/include/px4_msgs/px4_msgs/msg/detail/event__struct.h
[378.889s] -- Symlinking: /home/dolphiinn/ros2_ws/install/px4_msgs/include/px4_msgs/px4_msgs/msg/detail/event__type_support.h
[378.895s] -- Symlinking: /home/dolphiinn/ros2_ws/install/px4_msgs/include/px4_msgs/px4_msgs/msg/detail/failsafe_flags__functions.h
[378.900s] -- Symlinking: /home/dolphiinn/ros2_ws/install/px4_msgs/include/px4_msgs/px4_msgs/msg/detail/failsafe_flags__struct.h
[378.906s] -- Symlinking: /home/dolphiinn/ros2_ws/install/px4_msgs/include/px4_msgs/px4_msgs/msg/detail/failsafe_flags__type_support.h
[378.912s] -- Symlinking: /home/dolphiinn/ros2_ws/install/px4_msgs/include/px4_msgs/px4_msgs/msg/detail/failure_detector_status__functions.h
[378.918s] -- Symlinking: /home/dolphiinn/ros2_ws/install/px4_msgs/include/px4_msgs/px4_msgs/msg/detail/failure_detector_status__struct.h
[378.923s] -- Symlinking: /home/dolphiinn/ros2_ws/install/px4_msgs/include/px4_msgs/px4_msgs/msg/detail/failure_detector_status__type_support.h
[378.929s] -- Symlinking: /home/dolphiinn/ros2_ws/install/px4_msgs/include/px4_msgs/px4_msgs/msg/detail/figure_eight_status__functions.h
[378.935s] -- Symlinking: /home/dolphiinn/ros2_ws/install/px4_msgs/include/px4_msgs/px4_msgs/msg/detail/figure_eight_status__struct.h
[378.941s] -- Symlinking: /home/dolphiinn/ros2_ws/install/px4_msgs/include/px4_msgs/px4_msgs/msg/detail/figure_eight_status__type_support.h
[378.946s] -- Symlinking: /home/dolphiinn/ros2_ws/install/px4_msgs/include/px4_msgs/px4_msgs/msg/detail/fixed_wing_lateral_guidance_status__functions.h
[378.952s] -- Symlinking: /home/dolphiinn/ros2_ws/install/px4_msgs/include/px4_msgs/px4_msgs/msg/detail/fixed_wing_lateral_guidance_status__struct.h
[378.958s] -- Symlinking: /home/dolphiinn/ros2_ws/install/px4_msgs/include/px4_msgs/px4_msgs/msg/detail/fixed_wing_lateral_guidance_status__type_support.h
[378.964s] -- Symlinking: /home/dolphiinn/ros2_ws/install/px4_msgs/include/px4_msgs/px4_msgs/msg/detail/fixed_wing_lateral_setpoint__functions.h
[378.970s] -- Symlinking: /home/dolphiinn/ros2_ws/install/px4_msgs/include/px4_msgs/px4_msgs/msg/detail/fixed_wing_lateral_setpoint__struct.h
[378.976s] -- Symlinking: /home/dolphiinn/ros2_ws/install/px4_msgs/include/px4_msgs/px4_msgs/msg/detail/fixed_wing_lateral_setpoint__type_support.h
[378.981s] -- Symlinking: /home/dolphiinn/ros2_ws/install/px4_msgs/include/px4_msgs/px4_msgs/msg/detail/fixed_wing_lateral_status__functions.h
[378.987s] -- Symlinking: /home/dolphiinn/ros2_ws/install/px4_msgs/include/px4_msgs/px4_msgs/msg/detail/fixed_wing_lateral_status__struct.h
[378.993s] -- Symlinking: /home/dolphiinn/ros2_ws/install/px4_msgs/include/px4_msgs/px4_msgs/msg/detail/fixed_wing_lateral_status__type_support.h
[378.999s] -- Symlinking: /home/dolphiinn/ros2_ws/install/px4_msgs/include/px4_msgs/px4_msgs/msg/detail/fixed_wing_longitudinal_setpoint__functions.h
[379.005s] -- Symlinking: /home/dolphiinn/ros2_ws/install/px4_msgs/include/px4_msgs/px4_msgs/msg/detail/fixed_wing_longitudinal_setpoint__struct.h
[379.011s] -- Symlinking: /home/dolphiinn/ros2_ws/install/px4_msgs/include/px4_msgs/px4_msgs/msg/detail/fixed_wing_longitudinal_setpoint__type_support.h
[379.017s] -- Symlinking: /home/dolphiinn/ros2_ws/install/px4_msgs/include/px4_msgs/px4_msgs/msg/detail/fixed_wing_runway_control__functions.h
[379.022s] -- Symlinking: /home/dolphiinn/ros2_ws/install/px4_msgs/include/px4_msgs/px4_msgs/msg/detail/fixed_wing_runway_control__struct.h
[379.028s] -- Symlinking: /home/dolphiinn/ros2_ws/install/px4_msgs/include/px4_msgs/px4_msgs/msg/detail/fixed_wing_runway_control__type_support.h
[379.034s] -- Symlinking: /home/dolphiinn/ros2_ws/install/px4_msgs/include/px4_msgs/px4_msgs/msg/detail/flight_phase_estimation__functions.h
[379.039s] -- Symlinking: /home/dolphiinn/ros2_ws/install/px4_msgs/include/px4_msgs/px4_msgs/msg/detail/flight_phase_estimation__struct.h
[379.045s] -- Symlinking: /home/dolphiinn/ros2_ws/install/px4_msgs/include/px4_msgs/px4_msgs/msg/detail/flight_phase_estimation__type_support.h
[379.051s] -- Symlinking: /home/dolphiinn/ros2_ws/install/px4_msgs/include/px4_msgs/px4_msgs/msg/detail/follow_target__functions.h
[379.056s] -- Symlinking: /home/dolphiinn/ros2_ws/install/px4_msgs/include/px4_msgs/px4_msgs/msg/detail/follow_target__struct.h
[379.062s] -- Symlinking: /home/dolphiinn/ros2_ws/install/px4_msgs/include/px4_msgs/px4_msgs/msg/detail/follow_target__type_support.h
[379.068s] -- Symlinking: /home/dolphiinn/ros2_ws/install/px4_msgs/include/px4_msgs/px4_msgs/msg/detail/follow_target_estimator__functions.h
[379.074s] -- Symlinking: /home/dolphiinn/ros2_ws/install/px4_msgs/include/px4_msgs/px4_msgs/msg/detail/follow_target_estimator__struct.h
[379.080s] -- Symlinking: /home/dolphiinn/ros2_ws/install/px4_msgs/include/px4_msgs/px4_msgs/msg/detail/follow_target_estimator__type_support.h
[379.085s] -- Symlinking: /home/dolphiinn/ros2_ws/install/px4_msgs/include/px4_msgs/px4_msgs/msg/detail/follow_target_status__functions.h
[379.091s] -- Symlinking: /home/dolphiinn/ros2_ws/install/px4_msgs/include/px4_msgs/px4_msgs/msg/detail/follow_target_status__struct.h
[379.097s] -- Symlinking: /home/dolphiinn/ros2_ws/install/px4_msgs/include/px4_msgs/px4_msgs/msg/detail/follow_target_status__type_support.h
[379.103s] -- Symlinking: /home/dolphiinn/ros2_ws/install/px4_msgs/include/px4_msgs/px4_msgs/msg/detail/fuel_tank_status__functions.h
[379.109s] -- Symlinking: /home/dolphiinn/ros2_ws/install/px4_msgs/include/px4_msgs/px4_msgs/msg/detail/fuel_tank_status__struct.h
[379.114s] -- Symlinking: /home/dolphiinn/ros2_ws/install/px4_msgs/include/px4_msgs/px4_msgs/msg/detail/fuel_tank_status__type_support.h
[379.120s] -- Symlinking: /home/dolphiinn/ros2_ws/install/px4_msgs/include/px4_msgs/px4_msgs/msg/detail/generator_status__functions.h
[379.126s] -- Symlinking: /home/dolphiinn/ros2_ws/install/px4_msgs/include/px4_msgs/px4_msgs/msg/detail/generator_status__struct.h
[379.131s] -- Symlinking: /home/dolphiinn/ros2_ws/install/px4_msgs/include/px4_msgs/px4_msgs/msg/detail/generator_status__type_support.h
[379.137s] -- Symlinking: /home/dolphiinn/ros2_ws/install/px4_msgs/include/px4_msgs/px4_msgs/msg/detail/geofence_result__functions.h
[379.143s] -- Symlinking: /home/dolphiinn/ros2_ws/install/px4_msgs/include/px4_msgs/px4_msgs/msg/detail/geofence_result__struct.h
[379.149s] -- Symlinking: /home/dolphiinn/ros2_ws/install/px4_msgs/include/px4_msgs/px4_msgs/msg/detail/geofence_result__type_support.h
[379.154s] -- Symlinking: /home/dolphiinn/ros2_ws/install/px4_msgs/include/px4_msgs/px4_msgs/msg/detail/geofence_status__functions.h
[379.160s] -- Symlinking: /home/dolphiinn/ros2_ws/install/px4_msgs/include/px4_msgs/px4_msgs/msg/detail/geofence_status__struct.h
[379.166s] -- Symlinking: /home/dolphiinn/ros2_ws/install/px4_msgs/include/px4_msgs/px4_msgs/msg/detail/geofence_status__type_support.h
[379.172s] -- Symlinking: /home/dolphiinn/ros2_ws/install/px4_msgs/include/px4_msgs/px4_msgs/msg/detail/gimbal_controls__functions.h
[379.178s] -- Symlinking: /home/dolphiinn/ros2_ws/install/px4_msgs/include/px4_msgs/px4_msgs/msg/detail/gimbal_controls__struct.h
[379.184s] -- Symlinking: /home/dolphiinn/ros2_ws/install/px4_msgs/include/px4_msgs/px4_msgs/msg/detail/gimbal_controls__type_support.h
[379.190s] -- Symlinking: /home/dolphiinn/ros2_ws/install/px4_msgs/include/px4_msgs/px4_msgs/msg/detail/gimbal_device_attitude_status__functions.h
[379.196s] -- Symlinking: /home/dolphiinn/ros2_ws/install/px4_msgs/include/px4_msgs/px4_msgs/msg/detail/gimbal_device_attitude_status__struct.h
[379.202s] -- Symlinking: /home/dolphiinn/ros2_ws/install/px4_msgs/include/px4_msgs/px4_msgs/msg/detail/gimbal_device_attitude_status__type_support.h
[379.208s] -- Symlinking: /home/dolphiinn/ros2_ws/install/px4_msgs/include/px4_msgs/px4_msgs/msg/detail/gimbal_device_information__functions.h
[379.213s] -- Symlinking: /home/dolphiinn/ros2_ws/install/px4_msgs/include/px4_msgs/px4_msgs/msg/detail/gimbal_device_information__struct.h
[379.219s] -- Symlinking: /home/dolphiinn/ros2_ws/install/px4_msgs/include/px4_msgs/px4_msgs/msg/detail/gimbal_device_information__type_support.h
[379.225s] -- Symlinking: /home/dolphiinn/ros2_ws/install/px4_msgs/include/px4_msgs/px4_msgs/msg/detail/gimbal_device_set_attitude__functions.h
[379.230s] -- Symlinking: /home/dolphiinn/ros2_ws/install/px4_msgs/include/px4_msgs/px4_msgs/msg/detail/gimbal_device_set_attitude__struct.h
[379.236s] -- Symlinking: /home/dolphiinn/ros2_ws/install/px4_msgs/include/px4_msgs/px4_msgs/msg/detail/gimbal_device_set_attitude__type_support.h
[379.242s] -- Symlinking: /home/dolphiinn/ros2_ws/install/px4_msgs/include/px4_msgs/px4_msgs/msg/detail/gimbal_manager_information__functions.h
[379.248s] -- Symlinking: /home/dolphiinn/ros2_ws/install/px4_msgs/include/px4_msgs/px4_msgs/msg/detail/gimbal_manager_information__struct.h
[379.254s] -- Symlinking: /home/dolphiinn/ros2_ws/install/px4_msgs/include/px4_msgs/px4_msgs/msg/detail/gimbal_manager_information__type_support.h
[379.260s] -- Symlinking: /home/dolphiinn/ros2_ws/install/px4_msgs/include/px4_msgs/px4_msgs/msg/detail/gimbal_manager_set_attitude__functions.h
[379.266s] -- Symlinking: /home/dolphiinn/ros2_ws/install/px4_msgs/include/px4_msgs/px4_msgs/msg/detail/gimbal_manager_set_attitude__struct.h
[379.272s] -- Symlinking: /home/dolphiinn/ros2_ws/install/px4_msgs/include/px4_msgs/px4_msgs/msg/detail/gimbal_manager_set_attitude__type_support.h
[379.278s] -- Symlinking: /home/dolphiinn/ros2_ws/install/px4_msgs/include/px4_msgs/px4_msgs/msg/detail/gimbal_manager_set_manual_control__functions.h
[379.283s] -- Symlinking: /home/dolphiinn/ros2_ws/install/px4_msgs/include/px4_msgs/px4_msgs/msg/detail/gimbal_manager_set_manual_control__struct.h
[379.289s] -- Symlinking: /home/dolphiinn/ros2_ws/install/px4_msgs/include/px4_msgs/px4_msgs/msg/detail/gimbal_manager_set_manual_control__type_support.h
[379.295s] -- Symlinking: /home/dolphiinn/ros2_ws/install/px4_msgs/include/px4_msgs/px4_msgs/msg/detail/gimbal_manager_status__functions.h
[379.300s] -- Symlinking: /home/dolphiinn/ros2_ws/install/px4_msgs/include/px4_msgs/px4_msgs/msg/detail/gimbal_manager_status__struct.h
[379.306s] -- Symlinking: /home/dolphiinn/ros2_ws/install/px4_msgs/include/px4_msgs/px4_msgs/msg/detail/gimbal_manager_status__type_support.h
[379.312s] -- Symlinking: /home/dolphiinn/ros2_ws/install/px4_msgs/include/px4_msgs/px4_msgs/msg/detail/goto_setpoint__functions.h
[379.318s] -- Symlinking: /home/dolphiinn/ros2_ws/install/px4_msgs/include/px4_msgs/px4_msgs/msg/detail/goto_setpoint__struct.h
[379.324s] -- Symlinking: /home/dolphiinn/ros2_ws/install/px4_msgs/include/px4_msgs/px4_msgs/msg/detail/goto_setpoint__type_support.h
[379.330s] -- Symlinking: /home/dolphiinn/ros2_ws/install/px4_msgs/include/px4_msgs/px4_msgs/msg/detail/gpio_config__functions.h
[379.335s] -- Symlinking: /home/dolphiinn/ros2_ws/install/px4_msgs/include/px4_msgs/px4_msgs/msg/detail/gpio_config__struct.h
[379.341s] -- Symlinking: /home/dolphiinn/ros2_ws/install/px4_msgs/include/px4_msgs/px4_msgs/msg/detail/gpio_config__type_support.h
[379.347s] -- Symlinking: /home/dolphiinn/ros2_ws/install/px4_msgs/include/px4_msgs/px4_msgs/msg/detail/gpio_in__functions.h
[379.353s] -- Symlinking: /home/dolphiinn/ros2_ws/install/px4_msgs/include/px4_msgs/px4_msgs/msg/detail/gpio_in__struct.h
[379.358s] -- Symlinking: /home/dolphiinn/ros2_ws/install/px4_msgs/include/px4_msgs/px4_msgs/msg/detail/gpio_in__type_support.h
[379.364s] -- Symlinking: /home/dolphiinn/ros2_ws/install/px4_msgs/include/px4_msgs/px4_msgs/msg/detail/gpio_out__functions.h
[379.370s] -- Symlinking: /home/dolphiinn/ros2_ws/install/px4_msgs/include/px4_msgs/px4_msgs/msg/detail/gpio_out__struct.h
[379.376s] -- Symlinking: /home/dolphiinn/ros2_ws/install/px4_msgs/include/px4_msgs/px4_msgs/msg/detail/gpio_out__type_support.h
[379.381s] -- Symlinking: /home/dolphiinn/ros2_ws/install/px4_msgs/include/px4_msgs/px4_msgs/msg/detail/gpio_request__functions.h
[379.387s] -- Symlinking: /home/dolphiinn/ros2_ws/install/px4_msgs/include/px4_msgs/px4_msgs/msg/detail/gpio_request__struct.h
[379.393s] -- Symlinking: /home/dolphiinn/ros2_ws/install/px4_msgs/include/px4_msgs/px4_msgs/msg/detail/gpio_request__type_support.h
[379.399s] -- Symlinking: /home/dolphiinn/ros2_ws/install/px4_msgs/include/px4_msgs/px4_msgs/msg/detail/gps_dump__functions.h
[379.405s] -- Symlinking: /home/dolphiinn/ros2_ws/install/px4_msgs/include/px4_msgs/px4_msgs/msg/detail/gps_dump__struct.h
[379.410s] -- Symlinking: /home/dolphiinn/ros2_ws/install/px4_msgs/include/px4_msgs/px4_msgs/msg/detail/gps_dump__type_support.h
[379.416s] -- Symlinking: /home/dolphiinn/ros2_ws/install/px4_msgs/include/px4_msgs/px4_msgs/msg/detail/gps_inject_data__functions.h
[379.422s] -- Symlinking: /home/dolphiinn/ros2_ws/install/px4_msgs/include/px4_msgs/px4_msgs/msg/detail/gps_inject_data__struct.h
[379.428s] -- Symlinking: /home/dolphiinn/ros2_ws/install/px4_msgs/include/px4_msgs/px4_msgs/msg/detail/gps_inject_data__type_support.h
[379.433s] -- Symlinking: /home/dolphiinn/ros2_ws/install/px4_msgs/include/px4_msgs/px4_msgs/msg/detail/gripper__functions.h
[379.439s] -- Symlinking: /home/dolphiinn/ros2_ws/install/px4_msgs/include/px4_msgs/px4_msgs/msg/detail/gripper__struct.h
[379.445s] -- Symlinking: /home/dolphiinn/ros2_ws/install/px4_msgs/include/px4_msgs/px4_msgs/msg/detail/gripper__type_support.h
[379.451s] -- Symlinking: /home/dolphiinn/ros2_ws/install/px4_msgs/include/px4_msgs/px4_msgs/msg/detail/health_report__functions.h
[379.456s] -- Symlinking: /home/dolphiinn/ros2_ws/install/px4_msgs/include/px4_msgs/px4_msgs/msg/detail/health_report__struct.h
[379.462s] -- Symlinking: /home/dolphiinn/ros2_ws/install/px4_msgs/include/px4_msgs/px4_msgs/msg/detail/health_report__type_support.h
[379.468s] -- Symlinking: /home/dolphiinn/ros2_ws/install/px4_msgs/include/px4_msgs/px4_msgs/msg/detail/heater_status__functions.h
[379.474s] -- Symlinking: /home/dolphiinn/ros2_ws/install/px4_msgs/include/px4_msgs/px4_msgs/msg/detail/heater_status__struct.h
[379.480s] -- Symlinking: /home/dolphiinn/ros2_ws/install/px4_msgs/include/px4_msgs/px4_msgs/msg/detail/heater_status__type_support.h
[379.486s] -- Symlinking: /home/dolphiinn/ros2_ws/install/px4_msgs/include/px4_msgs/px4_msgs/msg/detail/home_position__functions.h
[379.492s] -- Symlinking: /home/dolphiinn/ros2_ws/install/px4_msgs/include/px4_msgs/px4_msgs/msg/detail/home_position__struct.h
[379.498s] -- Symlinking: /home/dolphiinn/ros2_ws/install/px4_msgs/include/px4_msgs/px4_msgs/msg/detail/home_position__type_support.h
[379.504s] -- Symlinking: /home/dolphiinn/ros2_ws/install/px4_msgs/include/px4_msgs/px4_msgs/msg/detail/hover_thrust_estimate__functions.h
[379.510s] -- Symlinking: /home/dolphiinn/ros2_ws/install/px4_msgs/include/px4_msgs/px4_msgs/msg/detail/hover_thrust_estimate__struct.h
[379.516s] -- Symlinking: /home/dolphiinn/ros2_ws/install/px4_msgs/include/px4_msgs/px4_msgs/msg/detail/hover_thrust_estimate__type_support.h
[379.522s] -- Symlinking: /home/dolphiinn/ros2_ws/install/px4_msgs/include/px4_msgs/px4_msgs/msg/detail/input_rc__functions.h
[379.527s] -- Symlinking: /home/dolphiinn/ros2_ws/install/px4_msgs/include/px4_msgs/px4_msgs/msg/detail/input_rc__struct.h
[379.533s] -- Symlinking: /home/dolphiinn/ros2_ws/install/px4_msgs/include/px4_msgs/px4_msgs/msg/detail/input_rc__type_support.h
[379.539s] -- Symlinking: /home/dolphiinn/ros2_ws/install/px4_msgs/include/px4_msgs/px4_msgs/msg/detail/internal_combustion_engine_control__functions.h
[379.545s] -- Symlinking: /home/dolphiinn/ros2_ws/install/px4_msgs/include/px4_msgs/px4_msgs/msg/detail/internal_combustion_engine_control__struct.h
[379.551s] -- Symlinking: /home/dolphiinn/ros2_ws/install/px4_msgs/include/px4_msgs/px4_msgs/msg/detail/internal_combustion_engine_control__type_support.h
[379.556s] -- Symlinking: /home/dolphiinn/ros2_ws/install/px4_msgs/include/px4_msgs/px4_msgs/msg/detail/internal_combustion_engine_status__functions.h
[379.562s] -- Symlinking: /home/dolphiinn/ros2_ws/install/px4_msgs/include/px4_msgs/px4_msgs/msg/detail/internal_combustion_engine_status__struct.h
[379.568s] -- Symlinking: /home/dolphiinn/ros2_ws/install/px4_msgs/include/px4_msgs/px4_msgs/msg/detail/internal_combustion_engine_status__type_support.h
[379.574s] -- Symlinking: /home/dolphiinn/ros2_ws/install/px4_msgs/include/px4_msgs/px4_msgs/msg/detail/iridiumsbd_status__functions.h
[379.579s] -- Symlinking: /home/dolphiinn/ros2_ws/install/px4_msgs/include/px4_msgs/px4_msgs/msg/detail/iridiumsbd_status__struct.h
[379.585s] -- Symlinking: /home/dolphiinn/ros2_ws/install/px4_msgs/include/px4_msgs/px4_msgs/msg/detail/iridiumsbd_status__type_support.h
[379.591s] -- Symlinking: /home/dolphiinn/ros2_ws/install/px4_msgs/include/px4_msgs/px4_msgs/msg/detail/irlock_report__functions.h
[379.597s] -- Symlinking: /home/dolphiinn/ros2_ws/install/px4_msgs/include/px4_msgs/px4_msgs/msg/detail/irlock_report__struct.h
[379.602s] -- Symlinking: /home/dolphiinn/ros2_ws/install/px4_msgs/include/px4_msgs/px4_msgs/msg/detail/irlock_report__type_support.h
[379.608s] -- Symlinking: /home/dolphiinn/ros2_ws/install/px4_msgs/include/px4_msgs/px4_msgs/msg/detail/landing_gear__functions.h
[379.614s] -- Symlinking: /home/dolphiinn/ros2_ws/install/px4_msgs/include/px4_msgs/px4_msgs/msg/detail/landing_gear__struct.h
[379.619s] -- Symlinking: /home/dolphiinn/ros2_ws/install/px4_msgs/include/px4_msgs/px4_msgs/msg/detail/landing_gear__type_support.h
[379.625s] -- Symlinking: /home/dolphiinn/ros2_ws/install/px4_msgs/include/px4_msgs/px4_msgs/msg/detail/landing_gear_wheel__functions.h
[379.631s] -- Symlinking: /home/dolphiinn/ros2_ws/install/px4_msgs/include/px4_msgs/px4_msgs/msg/detail/landing_gear_wheel__struct.h
[379.637s] -- Symlinking: /home/dolphiinn/ros2_ws/install/px4_msgs/include/px4_msgs/px4_msgs/msg/detail/landing_gear_wheel__type_support.h
[379.642s] -- Symlinking: /home/dolphiinn/ros2_ws/install/px4_msgs/include/px4_msgs/px4_msgs/msg/detail/landing_target_innovations__functions.h
[379.648s] -- Symlinking: /home/dolphiinn/ros2_ws/install/px4_msgs/include/px4_msgs/px4_msgs/msg/detail/landing_target_innovations__struct.h
[379.654s] -- Symlinking: /home/dolphiinn/ros2_ws/install/px4_msgs/include/px4_msgs/px4_msgs/msg/detail/landing_target_innovations__type_support.h
[379.659s] -- Symlinking: /home/dolphiinn/ros2_ws/install/px4_msgs/include/px4_msgs/px4_msgs/msg/detail/landing_target_pose__functions.h
[379.665s] -- Symlinking: /home/dolphiinn/ros2_ws/install/px4_msgs/include/px4_msgs/px4_msgs/msg/detail/landing_target_pose__struct.h
[379.671s] -- Symlinking: /home/dolphiinn/ros2_ws/install/px4_msgs/include/px4_msgs/px4_msgs/msg/detail/landing_target_pose__type_support.h
[379.677s] -- Symlinking: /home/dolphiinn/ros2_ws/install/px4_msgs/include/px4_msgs/px4_msgs/msg/detail/lateral_control_configuration__functions.h
[379.683s] -- Symlinking: /home/dolphiinn/ros2_ws/install/px4_msgs/include/px4_msgs/px4_msgs/msg/detail/lateral_control_configuration__struct.h
[379.689s] -- Symlinking: /home/dolphiinn/ros2_ws/install/px4_msgs/include/px4_msgs/px4_msgs/msg/detail/lateral_control_configuration__type_support.h
[379.695s] -- Symlinking: /home/dolphiinn/ros2_ws/install/px4_msgs/include/px4_msgs/px4_msgs/msg/detail/launch_detection_status__functions.h
[379.701s] -- Symlinking: /home/dolphiinn/ros2_ws/install/px4_msgs/include/px4_msgs/px4_msgs/msg/detail/launch_detection_status__struct.h
[379.706s] -- Symlinking: /home/dolphiinn/ros2_ws/install/px4_msgs/include/px4_msgs/px4_msgs/msg/detail/launch_detection_status__type_support.h
[379.712s] -- Symlinking: /home/dolphiinn/ros2_ws/install/px4_msgs/include/px4_msgs/px4_msgs/msg/detail/led_control__functions.h
[379.718s] -- Symlinking: /home/dolphiinn/ros2_ws/install/px4_msgs/include/px4_msgs/px4_msgs/msg/detail/led_control__struct.h
[379.724s] -- Symlinking: /home/dolphiinn/ros2_ws/install/px4_msgs/include/px4_msgs/px4_msgs/msg/detail/led_control__type_support.h
[379.729s] -- Symlinking: /home/dolphiinn/ros2_ws/install/px4_msgs/include/px4_msgs/px4_msgs/msg/detail/log_message__functions.h
[379.735s] -- Symlinking: /home/dolphiinn/ros2_ws/install/px4_msgs/include/px4_msgs/px4_msgs/msg/detail/log_message__struct.h
[379.741s] -- Symlinking: /home/dolphiinn/ros2_ws/install/px4_msgs/include/px4_msgs/px4_msgs/msg/detail/log_message__type_support.h
[379.747s] -- Symlinking: /home/dolphiinn/ros2_ws/install/px4_msgs/include/px4_msgs/px4_msgs/msg/detail/logger_status__functions.h
[379.753s] -- Symlinking: /home/dolphiinn/ros2_ws/install/px4_msgs/include/px4_msgs/px4_msgs/msg/detail/logger_status__struct.h
[379.759s] -- Symlinking: /home/dolphiinn/ros2_ws/install/px4_msgs/include/px4_msgs/px4_msgs/msg/detail/logger_status__type_support.h
[379.765s] -- Symlinking: /home/dolphiinn/ros2_ws/install/px4_msgs/include/px4_msgs/px4_msgs/msg/detail/longitudinal_control_configuration__functions.h
[379.771s] -- Symlinking: /home/dolphiinn/ros2_ws/install/px4_msgs/include/px4_msgs/px4_msgs/msg/detail/longitudinal_control_configuration__struct.h
[379.776s] -- Symlinking: /home/dolphiinn/ros2_ws/install/px4_msgs/include/px4_msgs/px4_msgs/msg/detail/longitudinal_control_configuration__type_support.h
[379.782s] -- Symlinking: /home/dolphiinn/ros2_ws/install/px4_msgs/include/px4_msgs/px4_msgs/msg/detail/mag_worker_data__functions.h
[379.788s] -- Symlinking: /home/dolphiinn/ros2_ws/install/px4_msgs/include/px4_msgs/px4_msgs/msg/detail/mag_worker_data__struct.h
[379.794s] -- Symlinking: /home/dolphiinn/ros2_ws/install/px4_msgs/include/px4_msgs/px4_msgs/msg/detail/mag_worker_data__type_support.h
[379.799s] -- Symlinking: /home/dolphiinn/ros2_ws/install/px4_msgs/include/px4_msgs/px4_msgs/msg/detail/magnetometer_bias_estimate__functions.h
[379.805s] -- Symlinking: /home/dolphiinn/ros2_ws/install/px4_msgs/include/px4_msgs/px4_msgs/msg/detail/magnetometer_bias_estimate__struct.h
[379.811s] -- Symlinking: /home/dolphiinn/ros2_ws/install/px4_msgs/include/px4_msgs/px4_msgs/msg/detail/magnetometer_bias_estimate__type_support.h
[379.817s] -- Symlinking: /home/dolphiinn/ros2_ws/install/px4_msgs/include/px4_msgs/px4_msgs/msg/detail/manual_control_setpoint__functions.h
[379.823s] -- Symlinking: /home/dolphiinn/ros2_ws/install/px4_msgs/include/px4_msgs/px4_msgs/msg/detail/manual_control_setpoint__struct.h
[379.829s] -- Symlinking: /home/dolphiinn/ros2_ws/install/px4_msgs/include/px4_msgs/px4_msgs/msg/detail/manual_control_setpoint__type_support.h
[379.834s] -- Symlinking: /home/dolphiinn/ros2_ws/install/px4_msgs/include/px4_msgs/px4_msgs/msg/detail/manual_control_switches__functions.h
[379.841s] -- Symlinking: /home/dolphiinn/ros2_ws/install/px4_msgs/include/px4_msgs/px4_msgs/msg/detail/manual_control_switches__struct.h
[379.846s] -- Symlinking: /home/dolphiinn/ros2_ws/install/px4_msgs/include/px4_msgs/px4_msgs/msg/detail/manual_control_switches__type_support.h
[379.852s] -- Symlinking: /home/dolphiinn/ros2_ws/install/px4_msgs/include/px4_msgs/px4_msgs/msg/detail/mavlink_log__functions.h
[379.858s] -- Symlinking: /home/dolphiinn/ros2_ws/install/px4_msgs/include/px4_msgs/px4_msgs/msg/detail/mavlink_log__struct.h
[379.864s] -- Symlinking: /home/dolphiinn/ros2_ws/install/px4_msgs/include/px4_msgs/px4_msgs/msg/detail/mavlink_log__type_support.h
[379.869s] -- Symlinking: /home/dolphiinn/ros2_ws/install/px4_msgs/include/px4_msgs/px4_msgs/msg/detail/mavlink_tunnel__functions.h
[379.876s] -- Symlinking: /home/dolphiinn/ros2_ws/install/px4_msgs/include/px4_msgs/px4_msgs/msg/detail/mavlink_tunnel__struct.h
[379.883s] -- Symlinking: /home/dolphiinn/ros2_ws/install/px4_msgs/include/px4_msgs/px4_msgs/msg/detail/mavlink_tunnel__type_support.h
[379.889s] -- Symlinking: /home/dolphiinn/ros2_ws/install/px4_msgs/include/px4_msgs/px4_msgs/msg/detail/message_format_request__functions.h
[379.895s] -- Symlinking: /home/dolphiinn/ros2_ws/install/px4_msgs/include/px4_msgs/px4_msgs/msg/detail/message_format_request__struct.h
[379.901s] -- Symlinking: /home/dolphiinn/ros2_ws/install/px4_msgs/include/px4_msgs/px4_msgs/msg/detail/message_format_request__type_support.h
[379.907s] -- Symlinking: /home/dolphiinn/ros2_ws/install/px4_msgs/include/px4_msgs/px4_msgs/msg/detail/message_format_response__functions.h
[379.913s] -- Symlinking: /home/dolphiinn/ros2_ws/install/px4_msgs/include/px4_msgs/px4_msgs/msg/detail/message_format_response__struct.h
[379.918s] -- Symlinking: /home/dolphiinn/ros2_ws/install/px4_msgs/include/px4_msgs/px4_msgs/msg/detail/message_format_response__type_support.h
[379.924s] -- Symlinking: /home/dolphiinn/ros2_ws/install/px4_msgs/include/px4_msgs/px4_msgs/msg/detail/mission__functions.h
[379.930s] -- Symlinking: /home/dolphiinn/ros2_ws/install/px4_msgs/include/px4_msgs/px4_msgs/msg/detail/mission__struct.h
[379.936s] -- Symlinking: /home/dolphiinn/ros2_ws/install/px4_msgs/include/px4_msgs/px4_msgs/msg/detail/mission__type_support.h
[379.942s] -- Symlinking: /home/dolphiinn/ros2_ws/install/px4_msgs/include/px4_msgs/px4_msgs/msg/detail/mission_result__functions.h
[379.947s] -- Symlinking: /home/dolphiinn/ros2_ws/install/px4_msgs/include/px4_msgs/px4_msgs/msg/detail/mission_result__struct.h
[379.953s] -- Symlinking: /home/dolphiinn/ros2_ws/install/px4_msgs/include/px4_msgs/px4_msgs/msg/detail/mission_result__type_support.h
[379.959s] -- Symlinking: /home/dolphiinn/ros2_ws/install/px4_msgs/include/px4_msgs/px4_msgs/msg/detail/mode_completed__functions.h
[379.965s] -- Symlinking: /home/dolphiinn/ros2_ws/install/px4_msgs/include/px4_msgs/px4_msgs/msg/detail/mode_completed__struct.h
[379.970s] -- Symlinking: /home/dolphiinn/ros2_ws/install/px4_msgs/include/px4_msgs/px4_msgs/msg/detail/mode_completed__type_support.h
[379.976s] -- Symlinking: /home/dolphiinn/ros2_ws/install/px4_msgs/include/px4_msgs/px4_msgs/msg/detail/mount_orientation__functions.h
[379.982s] -- Symlinking: /home/dolphiinn/ros2_ws/install/px4_msgs/include/px4_msgs/px4_msgs/msg/detail/mount_orientation__struct.h
[379.987s] -- Symlinking: /home/dolphiinn/ros2_ws/install/px4_msgs/include/px4_msgs/px4_msgs/msg/detail/mount_orientation__type_support.h
[379.994s] -- Symlinking: /home/dolphiinn/ros2_ws/install/px4_msgs/include/px4_msgs/px4_msgs/msg/detail/navigator_mission_item__functions.h
[379.999s] -- Symlinking: /home/dolphiinn/ros2_ws/install/px4_msgs/include/px4_msgs/px4_msgs/msg/detail/navigator_mission_item__struct.h
[380.005s] -- Symlinking: /home/dolphiinn/ros2_ws/install/px4_msgs/include/px4_msgs/px4_msgs/msg/detail/navigator_mission_item__type_support.h
[380.011s] -- Symlinking: /home/dolphiinn/ros2_ws/install/px4_msgs/include/px4_msgs/px4_msgs/msg/detail/navigator_status__functions.h
[380.017s] -- Symlinking: /home/dolphiinn/ros2_ws/install/px4_msgs/include/px4_msgs/px4_msgs/msg/detail/navigator_status__struct.h
[380.022s] -- Symlinking: /home/dolphiinn/ros2_ws/install/px4_msgs/include/px4_msgs/px4_msgs/msg/detail/navigator_status__type_support.h
[380.028s] -- Symlinking: /home/dolphiinn/ros2_ws/install/px4_msgs/include/px4_msgs/px4_msgs/msg/detail/neural_control__functions.h
[380.034s] -- Symlinking: /home/dolphiinn/ros2_ws/install/px4_msgs/include/px4_msgs/px4_msgs/msg/detail/neural_control__struct.h
[380.040s] -- Symlinking: /home/dolphiinn/ros2_ws/install/px4_msgs/include/px4_msgs/px4_msgs/msg/detail/neural_control__type_support.h
[380.046s] -- Symlinking: /home/dolphiinn/ros2_ws/install/px4_msgs/include/px4_msgs/px4_msgs/msg/detail/normalized_unsigned_setpoint__functions.h
[380.051s] -- Symlinking: /home/dolphiinn/ros2_ws/install/px4_msgs/include/px4_msgs/px4_msgs/msg/detail/normalized_unsigned_setpoint__struct.h
[380.057s] -- Symlinking: /home/dolphiinn/ros2_ws/install/px4_msgs/include/px4_msgs/px4_msgs/msg/detail/normalized_unsigned_setpoint__type_support.h
[380.063s] -- Symlinking: /home/dolphiinn/ros2_ws/install/px4_msgs/include/px4_msgs/px4_msgs/msg/detail/obstacle_distance__functions.h
[380.069s] -- Symlinking: /home/dolphiinn/ros2_ws/install/px4_msgs/include/px4_msgs/px4_msgs/msg/detail/obstacle_distance__struct.h
[380.075s] -- Symlinking: /home/dolphiinn/ros2_ws/install/px4_msgs/include/px4_msgs/px4_msgs/msg/detail/obstacle_distance__type_support.h
[380.081s] -- Symlinking: /home/dolphiinn/ros2_ws/install/px4_msgs/include/px4_msgs/px4_msgs/msg/detail/offboard_control_mode__functions.h
[380.086s] -- Symlinking: /home/dolphiinn/ros2_ws/install/px4_msgs/include/px4_msgs/px4_msgs/msg/detail/offboard_control_mode__struct.h
[380.092s] -- Symlinking: /home/dolphiinn/ros2_ws/install/px4_msgs/include/px4_msgs/px4_msgs/msg/detail/offboard_control_mode__type_support.h
[380.098s] -- Symlinking: /home/dolphiinn/ros2_ws/install/px4_msgs/include/px4_msgs/px4_msgs/msg/detail/onboard_computer_status__functions.h
[380.104s] -- Symlinking: /home/dolphiinn/ros2_ws/install/px4_msgs/include/px4_msgs/px4_msgs/msg/detail/onboard_computer_status__struct.h
[380.110s] -- Symlinking: /home/dolphiinn/ros2_ws/install/px4_msgs/include/px4_msgs/px4_msgs/msg/detail/onboard_computer_status__type_support.h
[380.116s] -- Symlinking: /home/dolphiinn/ros2_ws/install/px4_msgs/include/px4_msgs/px4_msgs/msg/detail/open_drone_id_arm_status__functions.h
[380.122s] -- Symlinking: /home/dolphiinn/ros2_ws/install/px4_msgs/include/px4_msgs/px4_msgs/msg/detail/open_drone_id_arm_status__struct.h
[380.128s] -- Symlinking: /home/dolphiinn/ros2_ws/install/px4_msgs/include/px4_msgs/px4_msgs/msg/detail/open_drone_id_arm_status__type_support.h
[380.133s] -- Symlinking: /home/dolphiinn/ros2_ws/install/px4_msgs/include/px4_msgs/px4_msgs/msg/detail/open_drone_id_operator_id__functions.h
[380.139s] -- Symlinking: /home/dolphiinn/ros2_ws/install/px4_msgs/include/px4_msgs/px4_msgs/msg/detail/open_drone_id_operator_id__struct.h
[380.145s] -- Symlinking: /home/dolphiinn/ros2_ws/install/px4_msgs/include/px4_msgs/px4_msgs/msg/detail/open_drone_id_operator_id__type_support.h
[380.151s] -- Symlinking: /home/dolphiinn/ros2_ws/install/px4_msgs/include/px4_msgs/px4_msgs/msg/detail/open_drone_id_self_id__functions.h
[380.156s] -- Symlinking: /home/dolphiinn/ros2_ws/install/px4_msgs/include/px4_msgs/px4_msgs/msg/detail/open_drone_id_self_id__struct.h
[380.162s] -- Symlinking: /home/dolphiinn/ros2_ws/install/px4_msgs/include/px4_msgs/px4_msgs/msg/detail/open_drone_id_self_id__type_support.h
[380.168s] -- Symlinking: /home/dolphiinn/ros2_ws/install/px4_msgs/include/px4_msgs/px4_msgs/msg/detail/open_drone_id_system__functions.h
[380.174s] -- Symlinking: /home/dolphiinn/ros2_ws/install/px4_msgs/include/px4_msgs/px4_msgs/msg/detail/open_drone_id_system__struct.h
[380.180s] -- Symlinking: /home/dolphiinn/ros2_ws/install/px4_msgs/include/px4_msgs/px4_msgs/msg/detail/open_drone_id_system__type_support.h
[380.185s] -- Symlinking: /home/dolphiinn/ros2_ws/install/px4_msgs/include/px4_msgs/px4_msgs/msg/detail/orb_test__functions.h
[380.191s] -- Symlinking: /home/dolphiinn/ros2_ws/install/px4_msgs/include/px4_msgs/px4_msgs/msg/detail/orb_test__struct.h
[380.197s] -- Symlinking: /home/dolphiinn/ros2_ws/install/px4_msgs/include/px4_msgs/px4_msgs/msg/detail/orb_test__type_support.h
[380.203s] -- Symlinking: /home/dolphiinn/ros2_ws/install/px4_msgs/include/px4_msgs/px4_msgs/msg/detail/orb_test_large__functions.h
[380.209s] -- Symlinking: /home/dolphiinn/ros2_ws/install/px4_msgs/include/px4_msgs/px4_msgs/msg/detail/orb_test_large__struct.h
[380.215s] -- Symlinking: /home/dolphiinn/ros2_ws/install/px4_msgs/include/px4_msgs/px4_msgs/msg/detail/orb_test_large__type_support.h
[380.220s] -- Symlinking: /home/dolphiinn/ros2_ws/install/px4_msgs/include/px4_msgs/px4_msgs/msg/detail/orb_test_medium__functions.h
[380.226s] -- Symlinking: /home/dolphiinn/ros2_ws/install/px4_msgs/include/px4_msgs/px4_msgs/msg/detail/orb_test_medium__struct.h
[380.232s] -- Symlinking: /home/dolphiinn/ros2_ws/install/px4_msgs/include/px4_msgs/px4_msgs/msg/detail/orb_test_medium__type_support.h
[380.238s] -- Symlinking: /home/dolphiinn/ros2_ws/install/px4_msgs/include/px4_msgs/px4_msgs/msg/detail/orbit_status__functions.h
[380.244s] -- Symlinking: /home/dolphiinn/ros2_ws/install/px4_msgs/include/px4_msgs/px4_msgs/msg/detail/orbit_status__struct.h
[380.250s] -- Symlinking: /home/dolphiinn/ros2_ws/install/px4_msgs/include/px4_msgs/px4_msgs/msg/detail/orbit_status__type_support.h
[380.255s] -- Symlinking: /home/dolphiinn/ros2_ws/install/px4_msgs/include/px4_msgs/px4_msgs/msg/detail/parameter_reset_request__functions.h
[380.262s] -- Symlinking: /home/dolphiinn/ros2_ws/install/px4_msgs/include/px4_msgs/px4_msgs/msg/detail/parameter_reset_request__struct.h
[380.267s] -- Symlinking: /home/dolphiinn/ros2_ws/install/px4_msgs/include/px4_msgs/px4_msgs/msg/detail/parameter_reset_request__type_support.h
[380.273s] -- Symlinking: /home/dolphiinn/ros2_ws/install/px4_msgs/include/px4_msgs/px4_msgs/msg/detail/parameter_set_used_request__functions.h
[380.279s] -- Symlinking: /home/dolphiinn/ros2_ws/install/px4_msgs/include/px4_msgs/px4_msgs/msg/detail/parameter_set_used_request__struct.h
[380.285s] -- Symlinking: /home/dolphiinn/ros2_ws/install/px4_msgs/include/px4_msgs/px4_msgs/msg/detail/parameter_set_used_request__type_support.h
[380.291s] -- Symlinking: /home/dolphiinn/ros2_ws/install/px4_msgs/include/px4_msgs/px4_msgs/msg/detail/parameter_set_value_request__functions.h
[380.297s] -- Symlinking: /home/dolphiinn/ros2_ws/install/px4_msgs/include/px4_msgs/px4_msgs/msg/detail/parameter_set_value_request__struct.h
[380.303s] -- Symlinking: /home/dolphiinn/ros2_ws/install/px4_msgs/include/px4_msgs/px4_msgs/msg/detail/parameter_set_value_request__type_support.h
[380.309s] -- Symlinking: /home/dolphiinn/ros2_ws/install/px4_msgs/include/px4_msgs/px4_msgs/msg/detail/parameter_set_value_response__functions.h
[380.315s] -- Symlinking: /home/dolphiinn/ros2_ws/install/px4_msgs/include/px4_msgs/px4_msgs/msg/detail/parameter_set_value_response__struct.h
[380.320s] -- Symlinking: /home/dolphiinn/ros2_ws/install/px4_msgs/include/px4_msgs/px4_msgs/msg/detail/parameter_set_value_response__type_support.h
[380.326s] -- Symlinking: /home/dolphiinn/ros2_ws/install/px4_msgs/include/px4_msgs/px4_msgs/msg/detail/parameter_update__functions.h
[380.332s] -- Symlinking: /home/dolphiinn/ros2_ws/install/px4_msgs/include/px4_msgs/px4_msgs/msg/detail/parameter_update__struct.h
[380.337s] -- Symlinking: /home/dolphiinn/ros2_ws/install/px4_msgs/include/px4_msgs/px4_msgs/msg/detail/parameter_update__type_support.h
[380.343s] -- Symlinking: /home/dolphiinn/ros2_ws/install/px4_msgs/include/px4_msgs/px4_msgs/msg/detail/ping__functions.h
[380.349s] -- Symlinking: /home/dolphiinn/ros2_ws/install/px4_msgs/include/px4_msgs/px4_msgs/msg/detail/ping__struct.h
[380.355s] -- Symlinking: /home/dolphiinn/ros2_ws/install/px4_msgs/include/px4_msgs/px4_msgs/msg/detail/ping__type_support.h
[380.361s] -- Symlinking: /home/dolphiinn/ros2_ws/install/px4_msgs/include/px4_msgs/px4_msgs/msg/detail/position_controller_landing_status__functions.h
[380.366s] -- Symlinking: /home/dolphiinn/ros2_ws/install/px4_msgs/include/px4_msgs/px4_msgs/msg/detail/position_controller_landing_status__struct.h
[380.372s] -- Symlinking: /home/dolphiinn/ros2_ws/install/px4_msgs/include/px4_msgs/px4_msgs/msg/detail/position_controller_landing_status__type_support.h
[380.378s] -- Symlinking: /home/dolphiinn/ros2_ws/install/px4_msgs/include/px4_msgs/px4_msgs/msg/detail/position_controller_status__functions.h
[380.384s] -- Symlinking: /home/dolphiinn/ros2_ws/install/px4_msgs/include/px4_msgs/px4_msgs/msg/detail/position_controller_status__struct.h
[380.390s] -- Symlinking: /home/dolphiinn/ros2_ws/install/px4_msgs/include/px4_msgs/px4_msgs/msg/detail/position_controller_status__type_support.h
[380.396s] -- Symlinking: /home/dolphiinn/ros2_ws/install/px4_msgs/include/px4_msgs/px4_msgs/msg/detail/position_setpoint__functions.h
[380.401s] -- Symlinking: /home/dolphiinn/ros2_ws/install/px4_msgs/include/px4_msgs/px4_msgs/msg/detail/position_setpoint__struct.h
[380.407s] -- Symlinking: /home/dolphiinn/ros2_ws/install/px4_msgs/include/px4_msgs/px4_msgs/msg/detail/position_setpoint__type_support.h
[380.413s] -- Symlinking: /home/dolphiinn/ros2_ws/install/px4_msgs/include/px4_msgs/px4_msgs/msg/detail/position_setpoint_triplet__functions.h
[380.420s] -- Symlinking: /home/dolphiinn/ros2_ws/install/px4_msgs/include/px4_msgs/px4_msgs/msg/detail/position_setpoint_triplet__struct.h
[380.426s] -- Symlinking: /home/dolphiinn/ros2_ws/install/px4_msgs/include/px4_msgs/px4_msgs/msg/detail/position_setpoint_triplet__type_support.h
[380.432s] -- Symlinking: /home/dolphiinn/ros2_ws/install/px4_msgs/include/px4_msgs/px4_msgs/msg/detail/power_button_state__functions.h
[380.438s] -- Symlinking: /home/dolphiinn/ros2_ws/install/px4_msgs/include/px4_msgs/px4_msgs/msg/detail/power_button_state__struct.h
[380.444s] -- Symlinking: /home/dolphiinn/ros2_ws/install/px4_msgs/include/px4_msgs/px4_msgs/msg/detail/power_button_state__type_support.h
[380.449s] -- Symlinking: /home/dolphiinn/ros2_ws/install/px4_msgs/include/px4_msgs/px4_msgs/msg/detail/power_monitor__functions.h
[380.455s] -- Symlinking: /home/dolphiinn/ros2_ws/install/px4_msgs/include/px4_msgs/px4_msgs/msg/detail/power_monitor__struct.h
[380.461s] -- Symlinking: /home/dolphiinn/ros2_ws/install/px4_msgs/include/px4_msgs/px4_msgs/msg/detail/power_monitor__type_support.h
[380.467s] -- Symlinking: /home/dolphiinn/ros2_ws/install/px4_msgs/include/px4_msgs/px4_msgs/msg/detail/pps_capture__functions.h
[380.473s] -- Symlinking: /home/dolphiinn/ros2_ws/install/px4_msgs/include/px4_msgs/px4_msgs/msg/detail/pps_capture__struct.h
[380.479s] -- Symlinking: /home/dolphiinn/ros2_ws/install/px4_msgs/include/px4_msgs/px4_msgs/msg/detail/pps_capture__type_support.h
[380.485s] -- Symlinking: /home/dolphiinn/ros2_ws/install/px4_msgs/include/px4_msgs/px4_msgs/msg/detail/pure_pursuit_status__functions.h
[380.491s] -- Symlinking: /home/dolphiinn/ros2_ws/install/px4_msgs/include/px4_msgs/px4_msgs/msg/detail/pure_pursuit_status__struct.h
[380.497s] -- Symlinking: /home/dolphiinn/ros2_ws/install/px4_msgs/include/px4_msgs/px4_msgs/msg/detail/pure_pursuit_status__type_support.h
[380.503s] -- Symlinking: /home/dolphiinn/ros2_ws/install/px4_msgs/include/px4_msgs/px4_msgs/msg/detail/pwm_input__functions.h
[380.509s] -- Symlinking: /home/dolphiinn/ros2_ws/install/px4_msgs/include/px4_msgs/px4_msgs/msg/detail/pwm_input__struct.h
[380.515s] -- Symlinking: /home/dolphiinn/ros2_ws/install/px4_msgs/include/px4_msgs/px4_msgs/msg/detail/pwm_input__type_support.h
[380.521s] -- Symlinking: /home/dolphiinn/ros2_ws/install/px4_msgs/include/px4_msgs/px4_msgs/msg/detail/px4io_status__functions.h
[380.526s] -- Symlinking: /home/dolphiinn/ros2_ws/install/px4_msgs/include/px4_msgs/px4_msgs/msg/detail/px4io_status__struct.h
[380.532s] -- Symlinking: /home/dolphiinn/ros2_ws/install/px4_msgs/include/px4_msgs/px4_msgs/msg/detail/px4io_status__type_support.h
[380.538s] -- Symlinking: /home/dolphiinn/ros2_ws/install/px4_msgs/include/px4_msgs/px4_msgs/msg/detail/qshell_req__functions.h
[380.544s] -- Symlinking: /home/dolphiinn/ros2_ws/install/px4_msgs/include/px4_msgs/px4_msgs/msg/detail/qshell_req__struct.h
[380.550s] -- Symlinking: /home/dolphiinn/ros2_ws/install/px4_msgs/include/px4_msgs/px4_msgs/msg/detail/qshell_req__type_support.h
[380.555s] -- Symlinking: /home/dolphiinn/ros2_ws/install/px4_msgs/include/px4_msgs/px4_msgs/msg/detail/qshell_retval__functions.h
[380.561s] -- Symlinking: /home/dolphiinn/ros2_ws/install/px4_msgs/include/px4_msgs/px4_msgs/msg/detail/qshell_retval__struct.h
[380.567s] -- Symlinking: /home/dolphiinn/ros2_ws/install/px4_msgs/include/px4_msgs/px4_msgs/msg/detail/qshell_retval__type_support.h
[380.573s] -- Symlinking: /home/dolphiinn/ros2_ws/install/px4_msgs/include/px4_msgs/px4_msgs/msg/detail/radio_status__functions.h
[380.579s] -- Symlinking: /home/dolphiinn/ros2_ws/install/px4_msgs/include/px4_msgs/px4_msgs/msg/detail/radio_status__struct.h
[380.585s] -- Symlinking: /home/dolphiinn/ros2_ws/install/px4_msgs/include/px4_msgs/px4_msgs/msg/detail/radio_status__type_support.h
[380.590s] -- Symlinking: /home/dolphiinn/ros2_ws/install/px4_msgs/include/px4_msgs/px4_msgs/msg/detail/rate_ctrl_status__functions.h
[380.596s] -- Symlinking: /home/dolphiinn/ros2_ws/install/px4_msgs/include/px4_msgs/px4_msgs/msg/detail/rate_ctrl_status__struct.h
[380.602s] -- Symlinking: /home/dolphiinn/ros2_ws/install/px4_msgs/include/px4_msgs/px4_msgs/msg/detail/rate_ctrl_status__type_support.h
[380.608s] -- Symlinking: /home/dolphiinn/ros2_ws/install/px4_msgs/include/px4_msgs/px4_msgs/msg/detail/rc_channels__functions.h
[380.613s] -- Symlinking: /home/dolphiinn/ros2_ws/install/px4_msgs/include/px4_msgs/px4_msgs/msg/detail/rc_channels__struct.h
[380.620s] -- Symlinking: /home/dolphiinn/ros2_ws/install/px4_msgs/include/px4_msgs/px4_msgs/msg/detail/rc_channels__type_support.h
[380.627s] -- Symlinking: /home/dolphiinn/ros2_ws/install/px4_msgs/include/px4_msgs/px4_msgs/msg/detail/rc_parameter_map__functions.h
[380.632s] -- Symlinking: /home/dolphiinn/ros2_ws/install/px4_msgs/include/px4_msgs/px4_msgs/msg/detail/rc_parameter_map__struct.h
[380.638s] -- Symlinking: /home/dolphiinn/ros2_ws/install/px4_msgs/include/px4_msgs/px4_msgs/msg/detail/rc_parameter_map__type_support.h
[380.644s] -- Symlinking: /home/dolphiinn/ros2_ws/install/px4_msgs/include/px4_msgs/px4_msgs/msg/detail/register_ext_component_reply__functions.h
[380.650s] -- Symlinking: /home/dolphiinn/ros2_ws/install/px4_msgs/include/px4_msgs/px4_msgs/msg/detail/register_ext_component_reply__struct.h
[380.656s] -- Symlinking: /home/dolphiinn/ros2_ws/install/px4_msgs/include/px4_msgs/px4_msgs/msg/detail/register_ext_component_reply__type_support.h
[380.662s] -- Symlinking: /home/dolphiinn/ros2_ws/install/px4_msgs/include/px4_msgs/px4_msgs/msg/detail/register_ext_component_request__functions.h
[380.667s] -- Symlinking: /home/dolphiinn/ros2_ws/install/px4_msgs/include/px4_msgs/px4_msgs/msg/detail/register_ext_component_request__struct.h
[380.673s] -- Symlinking: /home/dolphiinn/ros2_ws/install/px4_msgs/include/px4_msgs/px4_msgs/msg/detail/register_ext_component_request__type_support.h
[380.679s] -- Symlinking: /home/dolphiinn/ros2_ws/install/px4_msgs/include/px4_msgs/px4_msgs/msg/detail/rover_attitude_setpoint__functions.h
[380.684s] -- Symlinking: /home/dolphiinn/ros2_ws/install/px4_msgs/include/px4_msgs/px4_msgs/msg/detail/rover_attitude_setpoint__struct.h
[380.690s] -- Symlinking: /home/dolphiinn/ros2_ws/install/px4_msgs/include/px4_msgs/px4_msgs/msg/detail/rover_attitude_setpoint__type_support.h
[380.696s] -- Symlinking: /home/dolphiinn/ros2_ws/install/px4_msgs/include/px4_msgs/px4_msgs/msg/detail/rover_attitude_status__functions.h
[380.702s] -- Symlinking: /home/dolphiinn/ros2_ws/install/px4_msgs/include/px4_msgs/px4_msgs/msg/detail/rover_attitude_status__struct.h
[380.708s] -- Symlinking: /home/dolphiinn/ros2_ws/install/px4_msgs/include/px4_msgs/px4_msgs/msg/detail/rover_attitude_status__type_support.h
[380.713s] -- Symlinking: /home/dolphiinn/ros2_ws/install/px4_msgs/include/px4_msgs/px4_msgs/msg/detail/rover_position_setpoint__functions.h
[380.719s] -- Symlinking: /home/dolphiinn/ros2_ws/install/px4_msgs/include/px4_msgs/px4_msgs/msg/detail/rover_position_setpoint__struct.h
[380.725s] -- Symlinking: /home/dolphiinn/ros2_ws/install/px4_msgs/include/px4_msgs/px4_msgs/msg/detail/rover_position_setpoint__type_support.h
[380.730s] -- Symlinking: /home/dolphiinn/ros2_ws/install/px4_msgs/include/px4_msgs/px4_msgs/msg/detail/rover_rate_setpoint__functions.h
[380.736s] -- Symlinking: /home/dolphiinn/ros2_ws/install/px4_msgs/include/px4_msgs/px4_msgs/msg/detail/rover_rate_setpoint__struct.h
[380.742s] -- Symlinking: /home/dolphiinn/ros2_ws/install/px4_msgs/include/px4_msgs/px4_msgs/msg/detail/rover_rate_setpoint__type_support.h
[380.748s] -- Symlinking: /home/dolphiinn/ros2_ws/install/px4_msgs/include/px4_msgs/px4_msgs/msg/detail/rover_rate_status__functions.h
[380.754s] -- Symlinking: /home/dolphiinn/ros2_ws/install/px4_msgs/include/px4_msgs/px4_msgs/msg/detail/rover_rate_status__struct.h
[380.760s] -- Symlinking: /home/dolphiinn/ros2_ws/install/px4_msgs/include/px4_msgs/px4_msgs/msg/detail/rover_rate_status__type_support.h
[380.766s] -- Symlinking: /home/dolphiinn/ros2_ws/install/px4_msgs/include/px4_msgs/px4_msgs/msg/detail/rover_speed_setpoint__functions.h
[380.772s] -- Symlinking: /home/dolphiinn/ros2_ws/install/px4_msgs/include/px4_msgs/px4_msgs/msg/detail/rover_speed_setpoint__struct.h
[380.777s] -- Symlinking: /home/dolphiinn/ros2_ws/install/px4_msgs/include/px4_msgs/px4_msgs/msg/detail/rover_speed_setpoint__type_support.h
[380.783s] -- Symlinking: /home/dolphiinn/ros2_ws/install/px4_msgs/include/px4_msgs/px4_msgs/msg/detail/rover_speed_status__functions.h
[380.789s] -- Symlinking: /home/dolphiinn/ros2_ws/install/px4_msgs/include/px4_msgs/px4_msgs/msg/detail/rover_speed_status__struct.h
[380.795s] -- Symlinking: /home/dolphiinn/ros2_ws/install/px4_msgs/include/px4_msgs/px4_msgs/msg/detail/rover_speed_status__type_support.h
[380.801s] -- Symlinking: /home/dolphiinn/ros2_ws/install/px4_msgs/include/px4_msgs/px4_msgs/msg/detail/rover_steering_setpoint__functions.h
[380.807s] -- Symlinking: /home/dolphiinn/ros2_ws/install/px4_msgs/include/px4_msgs/px4_msgs/msg/detail/rover_steering_setpoint__struct.h
[380.812s] -- Symlinking: /home/dolphiinn/ros2_ws/install/px4_msgs/include/px4_msgs/px4_msgs/msg/detail/rover_steering_setpoint__type_support.h
[380.818s] -- Symlinking: /home/dolphiinn/ros2_ws/install/px4_msgs/include/px4_msgs/px4_msgs/msg/detail/rover_throttle_setpoint__functions.h
[380.824s] -- Symlinking: /home/dolphiinn/ros2_ws/install/px4_msgs/include/px4_msgs/px4_msgs/msg/detail/rover_throttle_setpoint__struct.h
[380.829s] -- Symlinking: /home/dolphiinn/ros2_ws/install/px4_msgs/include/px4_msgs/px4_msgs/msg/detail/rover_throttle_setpoint__type_support.h
[380.835s] -- Symlinking: /home/dolphiinn/ros2_ws/install/px4_msgs/include/px4_msgs/px4_msgs/msg/detail/rpm__functions.h
[380.841s] -- Symlinking: /home/dolphiinn/ros2_ws/install/px4_msgs/include/px4_msgs/px4_msgs/msg/detail/rpm__struct.h
[380.847s] -- Symlinking: /home/dolphiinn/ros2_ws/install/px4_msgs/include/px4_msgs/px4_msgs/msg/detail/rpm__type_support.h
[380.853s] -- Symlinking: /home/dolphiinn/ros2_ws/install/px4_msgs/include/px4_msgs/px4_msgs/msg/detail/rtl_status__functions.h
[380.858s] -- Symlinking: /home/dolphiinn/ros2_ws/install/px4_msgs/include/px4_msgs/px4_msgs/msg/detail/rtl_status__struct.h
[380.864s] -- Symlinking: /home/dolphiinn/ros2_ws/install/px4_msgs/include/px4_msgs/px4_msgs/msg/detail/rtl_status__type_support.h
[380.870s] -- Symlinking: /home/dolphiinn/ros2_ws/install/px4_msgs/include/px4_msgs/px4_msgs/msg/detail/rtl_time_estimate__functions.h
[380.876s] -- Symlinking: /home/dolphiinn/ros2_ws/install/px4_msgs/include/px4_msgs/px4_msgs/msg/detail/rtl_time_estimate__struct.h
[380.884s] -- Symlinking: /home/dolphiinn/ros2_ws/install/px4_msgs/include/px4_msgs/px4_msgs/msg/detail/rtl_time_estimate__type_support.h
[380.891s] -- Symlinking: /home/dolphiinn/ros2_ws/install/px4_msgs/include/px4_msgs/px4_msgs/msg/detail/satellite_info__functions.h
[380.898s] -- Symlinking: /home/dolphiinn/ros2_ws/install/px4_msgs/include/px4_msgs/px4_msgs/msg/detail/satellite_info__struct.h
[380.904s] -- Symlinking: /home/dolphiinn/ros2_ws/install/px4_msgs/include/px4_msgs/px4_msgs/msg/detail/satellite_info__type_support.h
[380.910s] -- Symlinking: /home/dolphiinn/ros2_ws/install/px4_msgs/include/px4_msgs/px4_msgs/msg/detail/sensor_accel__functions.h
[380.915s] -- Symlinking: /home/dolphiinn/ros2_ws/install/px4_msgs/include/px4_msgs/px4_msgs/msg/detail/sensor_accel__struct.h
[380.921s] -- Symlinking: /home/dolphiinn/ros2_ws/install/px4_msgs/include/px4_msgs/px4_msgs/msg/detail/sensor_accel__type_support.h
[380.927s] -- Symlinking: /home/dolphiinn/ros2_ws/install/px4_msgs/include/px4_msgs/px4_msgs/msg/detail/sensor_accel_fifo__functions.h
[380.933s] -- Symlinking: /home/dolphiinn/ros2_ws/install/px4_msgs/include/px4_msgs/px4_msgs/msg/detail/sensor_accel_fifo__struct.h
[380.939s] -- Symlinking: /home/dolphiinn/ros2_ws/install/px4_msgs/include/px4_msgs/px4_msgs/msg/detail/sensor_accel_fifo__type_support.h
[380.944s] -- Symlinking: /home/dolphiinn/ros2_ws/install/px4_msgs/include/px4_msgs/px4_msgs/msg/detail/sensor_airflow__functions.h
[380.950s] -- Symlinking: /home/dolphiinn/ros2_ws/install/px4_msgs/include/px4_msgs/px4_msgs/msg/detail/sensor_airflow__struct.h
[380.956s] -- Symlinking: /home/dolphiinn/ros2_ws/install/px4_msgs/include/px4_msgs/px4_msgs/msg/detail/sensor_airflow__type_support.h
[380.962s] -- Symlinking: /home/dolphiinn/ros2_ws/install/px4_msgs/include/px4_msgs/px4_msgs/msg/detail/sensor_baro__functions.h
[380.968s] -- Symlinking: /home/dolphiinn/ros2_ws/install/px4_msgs/include/px4_msgs/px4_msgs/msg/detail/sensor_baro__struct.h
[380.974s] -- Symlinking: /home/dolphiinn/ros2_ws/install/px4_msgs/include/px4_msgs/px4_msgs/msg/detail/sensor_baro__type_support.h
[380.980s] -- Symlinking: /home/dolphiinn/ros2_ws/install/px4_msgs/include/px4_msgs/px4_msgs/msg/detail/sensor_combined__functions.h
[380.986s] -- Symlinking: /home/dolphiinn/ros2_ws/install/px4_msgs/include/px4_msgs/px4_msgs/msg/detail/sensor_combined__struct.h
[380.991s] -- Symlinking: /home/dolphiinn/ros2_ws/install/px4_msgs/include/px4_msgs/px4_msgs/msg/detail/sensor_combined__type_support.h
[380.997s] -- Symlinking: /home/dolphiinn/ros2_ws/install/px4_msgs/include/px4_msgs/px4_msgs/msg/detail/sensor_correction__functions.h
[381.003s] -- Symlinking: /home/dolphiinn/ros2_ws/install/px4_msgs/include/px4_msgs/px4_msgs/msg/detail/sensor_correction__struct.h
[381.009s] -- Symlinking: /home/dolphiinn/ros2_ws/install/px4_msgs/include/px4_msgs/px4_msgs/msg/detail/sensor_correction__type_support.h
[381.015s] -- Symlinking: /home/dolphiinn/ros2_ws/install/px4_msgs/include/px4_msgs/px4_msgs/msg/detail/sensor_gnss_relative__functions.h
[381.021s] -- Symlinking: /home/dolphiinn/ros2_ws/install/px4_msgs/include/px4_msgs/px4_msgs/msg/detail/sensor_gnss_relative__struct.h
[381.027s] -- Symlinking: /home/dolphiinn/ros2_ws/install/px4_msgs/include/px4_msgs/px4_msgs/msg/detail/sensor_gnss_relative__type_support.h
[381.032s] -- Symlinking: /home/dolphiinn/ros2_ws/install/px4_msgs/include/px4_msgs/px4_msgs/msg/detail/sensor_gnss_status__functions.h
[381.038s] -- Symlinking: /home/dolphiinn/ros2_ws/install/px4_msgs/include/px4_msgs/px4_msgs/msg/detail/sensor_gnss_status__struct.h
[381.044s] -- Symlinking: /home/dolphiinn/ros2_ws/install/px4_msgs/include/px4_msgs/px4_msgs/msg/detail/sensor_gnss_status__type_support.h
[381.050s] -- Symlinking: /home/dolphiinn/ros2_ws/install/px4_msgs/include/px4_msgs/px4_msgs/msg/detail/sensor_gps__functions.h
[381.056s] -- Symlinking: /home/dolphiinn/ros2_ws/install/px4_msgs/include/px4_msgs/px4_msgs/msg/detail/sensor_gps__struct.h
[381.062s] -- Symlinking: /home/dolphiinn/ros2_ws/install/px4_msgs/include/px4_msgs/px4_msgs/msg/detail/sensor_gps__type_support.h
[381.068s] -- Symlinking: /home/dolphiinn/ros2_ws/install/px4_msgs/include/px4_msgs/px4_msgs/msg/detail/sensor_gyro__functions.h
[381.074s] -- Symlinking: /home/dolphiinn/ros2_ws/install/px4_msgs/include/px4_msgs/px4_msgs/msg/detail/sensor_gyro__struct.h
[381.080s] -- Symlinking: /home/dolphiinn/ros2_ws/install/px4_msgs/include/px4_msgs/px4_msgs/msg/detail/sensor_gyro__type_support.h
[381.085s] -- Symlinking: /home/dolphiinn/ros2_ws/install/px4_msgs/include/px4_msgs/px4_msgs/msg/detail/sensor_gyro_fft__functions.h
[381.091s] -- Symlinking: /home/dolphiinn/ros2_ws/install/px4_msgs/include/px4_msgs/px4_msgs/msg/detail/sensor_gyro_fft__struct.h
[381.097s] -- Symlinking: /home/dolphiinn/ros2_ws/install/px4_msgs/include/px4_msgs/px4_msgs/msg/detail/sensor_gyro_fft__type_support.h
[381.103s] -- Symlinking: /home/dolphiinn/ros2_ws/install/px4_msgs/include/px4_msgs/px4_msgs/msg/detail/sensor_gyro_fifo__functions.h
[381.108s] -- Symlinking: /home/dolphiinn/ros2_ws/install/px4_msgs/include/px4_msgs/px4_msgs/msg/detail/sensor_gyro_fifo__struct.h
[381.114s] -- Symlinking: /home/dolphiinn/ros2_ws/install/px4_msgs/include/px4_msgs/px4_msgs/msg/detail/sensor_gyro_fifo__type_support.h
[381.120s] -- Symlinking: /home/dolphiinn/ros2_ws/install/px4_msgs/include/px4_msgs/px4_msgs/msg/detail/sensor_hygrometer__functions.h
[381.126s] -- Symlinking: /home/dolphiinn/ros2_ws/install/px4_msgs/include/px4_msgs/px4_msgs/msg/detail/sensor_hygrometer__struct.h
[381.132s] -- Symlinking: /home/dolphiinn/ros2_ws/install/px4_msgs/include/px4_msgs/px4_msgs/msg/detail/sensor_hygrometer__type_support.h
[381.138s] -- Symlinking: /home/dolphiinn/ros2_ws/install/px4_msgs/include/px4_msgs/px4_msgs/msg/detail/sensor_mag__functions.h
[381.143s] -- Symlinking: /home/dolphiinn/ros2_ws/install/px4_msgs/include/px4_msgs/px4_msgs/msg/detail/sensor_mag__struct.h
[381.149s] -- Symlinking: /home/dolphiinn/ros2_ws/install/px4_msgs/include/px4_msgs/px4_msgs/msg/detail/sensor_mag__type_support.h
[381.155s] -- Symlinking: /home/dolphiinn/ros2_ws/install/px4_msgs/include/px4_msgs/px4_msgs/msg/detail/sensor_optical_flow__functions.h
[381.161s] -- Symlinking: /home/dolphiinn/ros2_ws/install/px4_msgs/include/px4_msgs/px4_msgs/msg/detail/sensor_optical_flow__struct.h
[381.167s] -- Symlinking: /home/dolphiinn/ros2_ws/install/px4_msgs/include/px4_msgs/px4_msgs/msg/detail/sensor_optical_flow__type_support.h
[381.173s] -- Symlinking: /home/dolphiinn/ros2_ws/install/px4_msgs/include/px4_msgs/px4_msgs/msg/detail/sensor_preflight_mag__functions.h
[381.179s] -- Symlinking: /home/dolphiinn/ros2_ws/install/px4_msgs/include/px4_msgs/px4_msgs/msg/detail/sensor_preflight_mag__struct.h
[381.185s] -- Symlinking: /home/dolphiinn/ros2_ws/install/px4_msgs/include/px4_msgs/px4_msgs/msg/detail/sensor_preflight_mag__type_support.h
[381.190s] -- Symlinking: /home/dolphiinn/ros2_ws/install/px4_msgs/include/px4_msgs/px4_msgs/msg/detail/sensor_selection__functions.h
[381.197s] -- Symlinking: /home/dolphiinn/ros2_ws/install/px4_msgs/include/px4_msgs/px4_msgs/msg/detail/sensor_selection__struct.h
[381.205s] -- Symlinking: /home/dolphiinn/ros2_ws/install/px4_msgs/include/px4_msgs/px4_msgs/msg/detail/sensor_selection__type_support.h
[381.212s] -- Symlinking: /home/dolphiinn/ros2_ws/install/px4_msgs/include/px4_msgs/px4_msgs/msg/detail/sensor_uwb__functions.h
[381.219s] -- Symlinking: /home/dolphiinn/ros2_ws/install/px4_msgs/include/px4_msgs/px4_msgs/msg/detail/sensor_uwb__struct.h
[381.227s] -- Symlinking: /home/dolphiinn/ros2_ws/install/px4_msgs/include/px4_msgs/px4_msgs/msg/detail/sensor_uwb__type_support.h
[381.237s] -- Symlinking: /home/dolphiinn/ros2_ws/install/px4_msgs/include/px4_msgs/px4_msgs/msg/detail/sensors_status__functions.h
[381.243s] -- Symlinking: /home/dolphiinn/ros2_ws/install/px4_msgs/include/px4_msgs/px4_msgs/msg/detail/sensors_status__struct.h
[381.249s] -- Symlinking: /home/dolphiinn/ros2_ws/install/px4_msgs/include/px4_msgs/px4_msgs/msg/detail/sensors_status__type_support.h
[381.255s] -- Symlinking: /home/dolphiinn/ros2_ws/install/px4_msgs/include/px4_msgs/px4_msgs/msg/detail/sensors_status_imu__functions.h
[381.261s] -- Symlinking: /home/dolphiinn/ros2_ws/install/px4_msgs/include/px4_msgs/px4_msgs/msg/detail/sensors_status_imu__struct.h
[381.268s] -- Symlinking: /home/dolphiinn/ros2_ws/install/px4_msgs/include/px4_msgs/px4_msgs/msg/detail/sensors_status_imu__type_support.h
[381.274s] -- Symlinking: /home/dolphiinn/ros2_ws/install/px4_msgs/include/px4_msgs/px4_msgs/msg/detail/system_power__functions.h
[381.279s] -- Symlinking: /home/dolphiinn/ros2_ws/install/px4_msgs/include/px4_msgs/px4_msgs/msg/detail/system_power__struct.h
[381.285s] -- Symlinking: /home/dolphiinn/ros2_ws/install/px4_msgs/include/px4_msgs/px4_msgs/msg/detail/system_power__type_support.h
[381.291s] -- Symlinking: /home/dolphiinn/ros2_ws/install/px4_msgs/include/px4_msgs/px4_msgs/msg/detail/takeoff_status__functions.h
[381.297s] -- Symlinking: /home/dolphiinn/ros2_ws/install/px4_msgs/include/px4_msgs/px4_msgs/msg/detail/takeoff_status__struct.h
[381.303s] -- Symlinking: /home/dolphiinn/ros2_ws/install/px4_msgs/include/px4_msgs/px4_msgs/msg/detail/takeoff_status__type_support.h
[381.309s] -- Symlinking: /home/dolphiinn/ros2_ws/install/px4_msgs/include/px4_msgs/px4_msgs/msg/detail/task_stack_info__functions.h
[381.315s] -- Symlinking: /home/dolphiinn/ros2_ws/install/px4_msgs/include/px4_msgs/px4_msgs/msg/detail/task_stack_info__struct.h
[381.321s] -- Symlinking: /home/dolphiinn/ros2_ws/install/px4_msgs/include/px4_msgs/px4_msgs/msg/detail/task_stack_info__type_support.h
[381.326s] -- Symlinking: /home/dolphiinn/ros2_ws/install/px4_msgs/include/px4_msgs/px4_msgs/msg/detail/tecs_status__functions.h
[381.332s] -- Symlinking: /home/dolphiinn/ros2_ws/install/px4_msgs/include/px4_msgs/px4_msgs/msg/detail/tecs_status__struct.h
[381.338s] -- Symlinking: /home/dolphiinn/ros2_ws/install/px4_msgs/include/px4_msgs/px4_msgs/msg/detail/tecs_status__type_support.h
[381.344s] -- Symlinking: /home/dolphiinn/ros2_ws/install/px4_msgs/include/px4_msgs/px4_msgs/msg/detail/telemetry_status__functions.h
[381.350s] -- Symlinking: /home/dolphiinn/ros2_ws/install/px4_msgs/include/px4_msgs/px4_msgs/msg/detail/telemetry_status__struct.h
[381.356s] -- Symlinking: /home/dolphiinn/ros2_ws/install/px4_msgs/include/px4_msgs/px4_msgs/msg/detail/telemetry_status__type_support.h
[381.361s] -- Symlinking: /home/dolphiinn/ros2_ws/install/px4_msgs/include/px4_msgs/px4_msgs/msg/detail/tiltrotor_extra_controls__functions.h
[381.367s] -- Symlinking: /home/dolphiinn/ros2_ws/install/px4_msgs/include/px4_msgs/px4_msgs/msg/detail/tiltrotor_extra_controls__struct.h
[381.373s] -- Symlinking: /home/dolphiinn/ros2_ws/install/px4_msgs/include/px4_msgs/px4_msgs/msg/detail/tiltrotor_extra_controls__type_support.h
[381.379s] -- Symlinking: /home/dolphiinn/ros2_ws/install/px4_msgs/include/px4_msgs/px4_msgs/msg/detail/timesync_status__functions.h
[381.385s] -- Symlinking: /home/dolphiinn/ros2_ws/install/px4_msgs/include/px4_msgs/px4_msgs/msg/detail/timesync_status__struct.h
[381.391s] -- Symlinking: /home/dolphiinn/ros2_ws/install/px4_msgs/include/px4_msgs/px4_msgs/msg/detail/timesync_status__type_support.h
[381.397s] -- Symlinking: /home/dolphiinn/ros2_ws/install/px4_msgs/include/px4_msgs/px4_msgs/msg/detail/trajectory_setpoint6dof__functions.h
[381.404s] -- Symlinking: /home/dolphiinn/ros2_ws/install/px4_msgs/include/px4_msgs/px4_msgs/msg/detail/trajectory_setpoint6dof__struct.h
[381.409s] -- Symlinking: /home/dolphiinn/ros2_ws/install/px4_msgs/include/px4_msgs/px4_msgs/msg/detail/trajectory_setpoint6dof__type_support.h
[381.416s] -- Symlinking: /home/dolphiinn/ros2_ws/install/px4_msgs/include/px4_msgs/px4_msgs/msg/detail/trajectory_setpoint__functions.h
[381.421s] -- Symlinking: /home/dolphiinn/ros2_ws/install/px4_msgs/include/px4_msgs/px4_msgs/msg/detail/trajectory_setpoint__struct.h
[381.428s] -- Symlinking: /home/dolphiinn/ros2_ws/install/px4_msgs/include/px4_msgs/px4_msgs/msg/detail/trajectory_setpoint__type_support.h
[381.434s] -- Symlinking: /home/dolphiinn/ros2_ws/install/px4_msgs/include/px4_msgs/px4_msgs/msg/detail/transponder_report__functions.h
[381.440s] -- Symlinking: /home/dolphiinn/ros2_ws/install/px4_msgs/include/px4_msgs/px4_msgs/msg/detail/transponder_report__struct.h
[381.446s] -- Symlinking: /home/dolphiinn/ros2_ws/install/px4_msgs/include/px4_msgs/px4_msgs/msg/detail/transponder_report__type_support.h
[381.451s] -- Symlinking: /home/dolphiinn/ros2_ws/install/px4_msgs/include/px4_msgs/px4_msgs/msg/detail/tune_control__functions.h
[381.457s] -- Symlinking: /home/dolphiinn/ros2_ws/install/px4_msgs/include/px4_msgs/px4_msgs/msg/detail/tune_control__struct.h
[381.463s] -- Symlinking: /home/dolphiinn/ros2_ws/install/px4_msgs/include/px4_msgs/px4_msgs/msg/detail/tune_control__type_support.h
[381.469s] -- Symlinking: /home/dolphiinn/ros2_ws/install/px4_msgs/include/px4_msgs/px4_msgs/msg/detail/uavcan_parameter_request__functions.h
[381.475s] -- Symlinking: /home/dolphiinn/ros2_ws/install/px4_msgs/include/px4_msgs/px4_msgs/msg/detail/uavcan_parameter_request__struct.h
[381.481s] -- Symlinking: /home/dolphiinn/ros2_ws/install/px4_msgs/include/px4_msgs/px4_msgs/msg/detail/uavcan_parameter_request__type_support.h
[381.487s] -- Symlinking: /home/dolphiinn/ros2_ws/install/px4_msgs/include/px4_msgs/px4_msgs/msg/detail/uavcan_parameter_value__functions.h
[381.492s] -- Symlinking: /home/dolphiinn/ros2_ws/install/px4_msgs/include/px4_msgs/px4_msgs/msg/detail/uavcan_parameter_value__struct.h
[381.498s] -- Symlinking: /home/dolphiinn/ros2_ws/install/px4_msgs/include/px4_msgs/px4_msgs/msg/detail/uavcan_parameter_value__type_support.h
[381.504s] -- Symlinking: /home/dolphiinn/ros2_ws/install/px4_msgs/include/px4_msgs/px4_msgs/msg/detail/ulog_stream__functions.h
[381.511s] -- Symlinking: /home/dolphiinn/ros2_ws/install/px4_msgs/include/px4_msgs/px4_msgs/msg/detail/ulog_stream__struct.h
[381.516s] -- Symlinking: /home/dolphiinn/ros2_ws/install/px4_msgs/include/px4_msgs/px4_msgs/msg/detail/ulog_stream__type_support.h
[381.522s] -- Symlinking: /home/dolphiinn/ros2_ws/install/px4_msgs/include/px4_msgs/px4_msgs/msg/detail/ulog_stream_ack__functions.h
[381.528s] -- Symlinking: /home/dolphiinn/ros2_ws/install/px4_msgs/include/px4_msgs/px4_msgs/msg/detail/ulog_stream_ack__struct.h
[381.534s] -- Symlinking: /home/dolphiinn/ros2_ws/install/px4_msgs/include/px4_msgs/px4_msgs/msg/detail/ulog_stream_ack__type_support.h
[381.539s] -- Symlinking: /home/dolphiinn/ros2_ws/install/px4_msgs/include/px4_msgs/px4_msgs/msg/detail/unregister_ext_component__functions.h
[381.545s] -- Symlinking: /home/dolphiinn/ros2_ws/install/px4_msgs/include/px4_msgs/px4_msgs/msg/detail/unregister_ext_component__struct.h
[381.551s] -- Symlinking: /home/dolphiinn/ros2_ws/install/px4_msgs/include/px4_msgs/px4_msgs/msg/detail/unregister_ext_component__type_support.h
[381.557s] -- Symlinking: /home/dolphiinn/ros2_ws/install/px4_msgs/include/px4_msgs/px4_msgs/msg/detail/vehicle_acceleration__functions.h
[381.563s] -- Symlinking: /home/dolphiinn/ros2_ws/install/px4_msgs/include/px4_msgs/px4_msgs/msg/detail/vehicle_acceleration__struct.h
[381.569s] -- Symlinking: /home/dolphiinn/ros2_ws/install/px4_msgs/include/px4_msgs/px4_msgs/msg/detail/vehicle_acceleration__type_support.h
[381.575s] -- Symlinking: /home/dolphiinn/ros2_ws/install/px4_msgs/include/px4_msgs/px4_msgs/msg/detail/vehicle_air_data__functions.h
[381.581s] -- Symlinking: /home/dolphiinn/ros2_ws/install/px4_msgs/include/px4_msgs/px4_msgs/msg/detail/vehicle_air_data__struct.h
[381.586s] -- Symlinking: /home/dolphiinn/ros2_ws/install/px4_msgs/include/px4_msgs/px4_msgs/msg/detail/vehicle_air_data__type_support.h
[381.592s] -- Symlinking: /home/dolphiinn/ros2_ws/install/px4_msgs/include/px4_msgs/px4_msgs/msg/detail/vehicle_angular_acceleration_setpoint__functions.h
[381.598s] -- Symlinking: /home/dolphiinn/ros2_ws/install/px4_msgs/include/px4_msgs/px4_msgs/msg/detail/vehicle_angular_acceleration_setpoint__struct.h
[381.604s] -- Symlinking: /home/dolphiinn/ros2_ws/install/px4_msgs/include/px4_msgs/px4_msgs/msg/detail/vehicle_angular_acceleration_setpoint__type_support.h
[381.610s] -- Symlinking: /home/dolphiinn/ros2_ws/install/px4_msgs/include/px4_msgs/px4_msgs/msg/detail/vehicle_angular_velocity__functions.h
[381.615s] -- Symlinking: /home/dolphiinn/ros2_ws/install/px4_msgs/include/px4_msgs/px4_msgs/msg/detail/vehicle_angular_velocity__struct.h
[381.621s] -- Symlinking: /home/dolphiinn/ros2_ws/install/px4_msgs/include/px4_msgs/px4_msgs/msg/detail/vehicle_angular_velocity__type_support.h
[381.627s] -- Symlinking: /home/dolphiinn/ros2_ws/install/px4_msgs/include/px4_msgs/px4_msgs/msg/detail/vehicle_attitude__functions.h
[381.633s] -- Symlinking: /home/dolphiinn/ros2_ws/install/px4_msgs/include/px4_msgs/px4_msgs/msg/detail/vehicle_attitude__struct.h
[381.639s] -- Symlinking: /home/dolphiinn/ros2_ws/install/px4_msgs/include/px4_msgs/px4_msgs/msg/detail/vehicle_attitude__type_support.h
[381.644s] -- Symlinking: /home/dolphiinn/ros2_ws/install/px4_msgs/include/px4_msgs/px4_msgs/msg/detail/vehicle_attitude_setpoint__functions.h
[381.650s] -- Symlinking: /home/dolphiinn/ros2_ws/install/px4_msgs/include/px4_msgs/px4_msgs/msg/detail/vehicle_attitude_setpoint__struct.h
[381.656s] -- Symlinking: /home/dolphiinn/ros2_ws/install/px4_msgs/include/px4_msgs/px4_msgs/msg/detail/vehicle_attitude_setpoint__type_support.h
[381.662s] -- Symlinking: /home/dolphiinn/ros2_ws/install/px4_msgs/include/px4_msgs/px4_msgs/msg/detail/vehicle_command__functions.h
[381.668s] -- Symlinking: /home/dolphiinn/ros2_ws/install/px4_msgs/include/px4_msgs/px4_msgs/msg/detail/vehicle_command__struct.h
[381.673s] -- Symlinking: /home/dolphiinn/ros2_ws/install/px4_msgs/include/px4_msgs/px4_msgs/msg/detail/vehicle_command__type_support.h
[381.679s] -- Symlinking: /home/dolphiinn/ros2_ws/install/px4_msgs/include/px4_msgs/px4_msgs/msg/detail/vehicle_command_ack__functions.h
[381.685s] -- Symlinking: /home/dolphiinn/ros2_ws/install/px4_msgs/include/px4_msgs/px4_msgs/msg/detail/vehicle_command_ack__struct.h
[381.691s] -- Symlinking: /home/dolphiinn/ros2_ws/install/px4_msgs/include/px4_msgs/px4_msgs/msg/detail/vehicle_command_ack__type_support.h
[381.697s] -- Symlinking: /home/dolphiinn/ros2_ws/install/px4_msgs/include/px4_msgs/px4_msgs/msg/detail/vehicle_constraints__functions.h
[381.702s] -- Symlinking: /home/dolphiinn/ros2_ws/install/px4_msgs/include/px4_msgs/px4_msgs/msg/detail/vehicle_constraints__struct.h
[381.708s] -- Symlinking: /home/dolphiinn/ros2_ws/install/px4_msgs/include/px4_msgs/px4_msgs/msg/detail/vehicle_constraints__type_support.h
[381.714s] -- Symlinking: /home/dolphiinn/ros2_ws/install/px4_msgs/include/px4_msgs/px4_msgs/msg/detail/vehicle_control_mode__functions.h
[381.720s] -- Symlinking: /home/dolphiinn/ros2_ws/install/px4_msgs/include/px4_msgs/px4_msgs/msg/detail/vehicle_control_mode__struct.h
[381.725s] -- Symlinking: /home/dolphiinn/ros2_ws/install/px4_msgs/include/px4_msgs/px4_msgs/msg/detail/vehicle_control_mode__type_support.h
[381.731s] -- Symlinking: /home/dolphiinn/ros2_ws/install/px4_msgs/include/px4_msgs/px4_msgs/msg/detail/vehicle_global_position__functions.h
[381.737s] -- Symlinking: /home/dolphiinn/ros2_ws/install/px4_msgs/include/px4_msgs/px4_msgs/msg/detail/vehicle_global_position__struct.h
[381.743s] -- Symlinking: /home/dolphiinn/ros2_ws/install/px4_msgs/include/px4_msgs/px4_msgs/msg/detail/vehicle_global_position__type_support.h
[381.748s] -- Symlinking: /home/dolphiinn/ros2_ws/install/px4_msgs/include/px4_msgs/px4_msgs/msg/detail/vehicle_imu__functions.h
[381.754s] -- Symlinking: /home/dolphiinn/ros2_ws/install/px4_msgs/include/px4_msgs/px4_msgs/msg/detail/vehicle_imu__struct.h
[381.760s] -- Symlinking: /home/dolphiinn/ros2_ws/install/px4_msgs/include/px4_msgs/px4_msgs/msg/detail/vehicle_imu__type_support.h
[381.766s] -- Symlinking: /home/dolphiinn/ros2_ws/install/px4_msgs/include/px4_msgs/px4_msgs/msg/detail/vehicle_imu_status__functions.h
[381.771s] -- Symlinking: /home/dolphiinn/ros2_ws/install/px4_msgs/include/px4_msgs/px4_msgs/msg/detail/vehicle_imu_status__struct.h
[381.777s] -- Symlinking: /home/dolphiinn/ros2_ws/install/px4_msgs/include/px4_msgs/px4_msgs/msg/detail/vehicle_imu_status__type_support.h
[381.783s] -- Symlinking: /home/dolphiinn/ros2_ws/install/px4_msgs/include/px4_msgs/px4_msgs/msg/detail/vehicle_land_detected__functions.h
[381.789s] -- Symlinking: /home/dolphiinn/ros2_ws/install/px4_msgs/include/px4_msgs/px4_msgs/msg/detail/vehicle_land_detected__struct.h
[381.795s] -- Symlinking: /home/dolphiinn/ros2_ws/install/px4_msgs/include/px4_msgs/px4_msgs/msg/detail/vehicle_land_detected__type_support.h
[381.801s] -- Symlinking: /home/dolphiinn/ros2_ws/install/px4_msgs/include/px4_msgs/px4_msgs/msg/detail/vehicle_local_position__functions.h
[381.807s] -- Symlinking: /home/dolphiinn/ros2_ws/install/px4_msgs/include/px4_msgs/px4_msgs/msg/detail/vehicle_local_position__struct.h
[381.812s] -- Symlinking: /home/dolphiinn/ros2_ws/install/px4_msgs/include/px4_msgs/px4_msgs/msg/detail/vehicle_local_position__type_support.h
[381.818s] -- Symlinking: /home/dolphiinn/ros2_ws/install/px4_msgs/include/px4_msgs/px4_msgs/msg/detail/vehicle_local_position_setpoint__functions.h
[381.824s] -- Symlinking: /home/dolphiinn/ros2_ws/install/px4_msgs/include/px4_msgs/px4_msgs/msg/detail/vehicle_local_position_setpoint__struct.h
[381.830s] -- Symlinking: /home/dolphiinn/ros2_ws/install/px4_msgs/include/px4_msgs/px4_msgs/msg/detail/vehicle_local_position_setpoint__type_support.h
[381.836s] -- Symlinking: /home/dolphiinn/ros2_ws/install/px4_msgs/include/px4_msgs/px4_msgs/msg/detail/vehicle_magnetometer__functions.h
[381.841s] -- Symlinking: /home/dolphiinn/ros2_ws/install/px4_msgs/include/px4_msgs/px4_msgs/msg/detail/vehicle_magnetometer__struct.h
[381.847s] -- Symlinking: /home/dolphiinn/ros2_ws/install/px4_msgs/include/px4_msgs/px4_msgs/msg/detail/vehicle_magnetometer__type_support.h
[381.853s] -- Symlinking: /home/dolphiinn/ros2_ws/install/px4_msgs/include/px4_msgs/px4_msgs/msg/detail/vehicle_odometry__functions.h
[381.858s] -- Symlinking: /home/dolphiinn/ros2_ws/install/px4_msgs/include/px4_msgs/px4_msgs/msg/detail/vehicle_odometry__struct.h
[381.864s] -- Symlinking: /home/dolphiinn/ros2_ws/install/px4_msgs/include/px4_msgs/px4_msgs/msg/detail/vehicle_odometry__type_support.h
[381.870s] -- Symlinking: /home/dolphiinn/ros2_ws/install/px4_msgs/include/px4_msgs/px4_msgs/msg/detail/vehicle_optical_flow__functions.h
[381.876s] -- Symlinking: /home/dolphiinn/ros2_ws/install/px4_msgs/include/px4_msgs/px4_msgs/msg/detail/vehicle_optical_flow__struct.h
[381.881s] -- Symlinking: /home/dolphiinn/ros2_ws/install/px4_msgs/include/px4_msgs/px4_msgs/msg/detail/vehicle_optical_flow__type_support.h
[381.887s] -- Symlinking: /home/dolphiinn/ros2_ws/install/px4_msgs/include/px4_msgs/px4_msgs/msg/detail/vehicle_optical_flow_vel__functions.h
[381.893s] -- Symlinking: /home/dolphiinn/ros2_ws/install/px4_msgs/include/px4_msgs/px4_msgs/msg/detail/vehicle_optical_flow_vel__struct.h
[381.899s] -- Symlinking: /home/dolphiinn/ros2_ws/install/px4_msgs/include/px4_msgs/px4_msgs/msg/detail/vehicle_optical_flow_vel__type_support.h
[381.905s] -- Symlinking: /home/dolphiinn/ros2_ws/install/px4_msgs/include/px4_msgs/px4_msgs/msg/detail/vehicle_rates_setpoint__functions.h
[381.910s] -- Symlinking: /home/dolphiinn/ros2_ws/install/px4_msgs/include/px4_msgs/px4_msgs/msg/detail/vehicle_rates_setpoint__struct.h
[381.916s] -- Symlinking: /home/dolphiinn/ros2_ws/install/px4_msgs/include/px4_msgs/px4_msgs/msg/detail/vehicle_rates_setpoint__type_support.h
[381.922s] -- Symlinking: /home/dolphiinn/ros2_ws/install/px4_msgs/include/px4_msgs/px4_msgs/msg/detail/vehicle_roi__functions.h
[381.927s] -- Symlinking: /home/dolphiinn/ros2_ws/install/px4_msgs/include/px4_msgs/px4_msgs/msg/detail/vehicle_roi__struct.h
[381.933s] -- Symlinking: /home/dolphiinn/ros2_ws/install/px4_msgs/include/px4_msgs/px4_msgs/msg/detail/vehicle_roi__type_support.h
[381.939s] -- Symlinking: /home/dolphiinn/ros2_ws/install/px4_msgs/include/px4_msgs/px4_msgs/msg/detail/vehicle_status__functions.h
[381.945s] -- Symlinking: /home/dolphiinn/ros2_ws/install/px4_msgs/include/px4_msgs/px4_msgs/msg/detail/vehicle_status__struct.h
[381.951s] -- Symlinking: /home/dolphiinn/ros2_ws/install/px4_msgs/include/px4_msgs/px4_msgs/msg/detail/vehicle_status__type_support.h
[381.956s] -- Symlinking: /home/dolphiinn/ros2_ws/install/px4_msgs/include/px4_msgs/px4_msgs/msg/detail/vehicle_thrust_setpoint__functions.h
[381.962s] -- Symlinking: /home/dolphiinn/ros2_ws/install/px4_msgs/include/px4_msgs/px4_msgs/msg/detail/vehicle_thrust_setpoint__struct.h
[381.968s] -- Symlinking: /home/dolphiinn/ros2_ws/install/px4_msgs/include/px4_msgs/px4_msgs/msg/detail/vehicle_thrust_setpoint__type_support.h
[381.973s] -- Symlinking: /home/dolphiinn/ros2_ws/install/px4_msgs/include/px4_msgs/px4_msgs/msg/detail/vehicle_torque_setpoint__functions.h
[381.979s] -- Symlinking: /home/dolphiinn/ros2_ws/install/px4_msgs/include/px4_msgs/px4_msgs/msg/detail/vehicle_torque_setpoint__struct.h
[381.985s] -- Symlinking: /home/dolphiinn/ros2_ws/install/px4_msgs/include/px4_msgs/px4_msgs/msg/detail/vehicle_torque_setpoint__type_support.h
[381.991s] -- Symlinking: /home/dolphiinn/ros2_ws/install/px4_msgs/include/px4_msgs/px4_msgs/msg/detail/velocity_limits__functions.h
[381.996s] -- Symlinking: /home/dolphiinn/ros2_ws/install/px4_msgs/include/px4_msgs/px4_msgs/msg/detail/velocity_limits__struct.h
[382.002s] -- Symlinking: /home/dolphiinn/ros2_ws/install/px4_msgs/include/px4_msgs/px4_msgs/msg/detail/velocity_limits__type_support.h
[382.008s] -- Symlinking: /home/dolphiinn/ros2_ws/install/px4_msgs/include/px4_msgs/px4_msgs/msg/detail/vtol_vehicle_status__functions.h
[382.014s] -- Symlinking: /home/dolphiinn/ros2_ws/install/px4_msgs/include/px4_msgs/px4_msgs/msg/detail/vtol_vehicle_status__struct.h
[382.020s] -- Symlinking: /home/dolphiinn/ros2_ws/install/px4_msgs/include/px4_msgs/px4_msgs/msg/detail/vtol_vehicle_status__type_support.h
[382.025s] -- Symlinking: /home/dolphiinn/ros2_ws/install/px4_msgs/include/px4_msgs/px4_msgs/msg/detail/wheel_encoders__functions.h
[382.031s] -- Symlinking: /home/dolphiinn/ros2_ws/install/px4_msgs/include/px4_msgs/px4_msgs/msg/detail/wheel_encoders__struct.h
[382.037s] -- Symlinking: /home/dolphiinn/ros2_ws/install/px4_msgs/include/px4_msgs/px4_msgs/msg/detail/wheel_encoders__type_support.h
[382.043s] -- Symlinking: /home/dolphiinn/ros2_ws/install/px4_msgs/include/px4_msgs/px4_msgs/msg/detail/wind__functions.h
[382.048s] -- Symlinking: /home/dolphiinn/ros2_ws/install/px4_msgs/include/px4_msgs/px4_msgs/msg/detail/wind__struct.h
[382.054s] -- Symlinking: /home/dolphiinn/ros2_ws/install/px4_msgs/include/px4_msgs/px4_msgs/msg/detail/wind__type_support.h
[382.060s] -- Symlinking: /home/dolphiinn/ros2_ws/install/px4_msgs/include/px4_msgs/px4_msgs/msg/detail/yaw_estimator_status__functions.h
[382.066s] -- Symlinking: /home/dolphiinn/ros2_ws/install/px4_msgs/include/px4_msgs/px4_msgs/msg/detail/yaw_estimator_status__struct.h
[382.072s] -- Symlinking: /home/dolphiinn/ros2_ws/install/px4_msgs/include/px4_msgs/px4_msgs/msg/detail/yaw_estimator_status__type_support.h
[382.078s] -- Symlinking: /home/dolphiinn/ros2_ws/install/px4_msgs/include/px4_msgs/px4_msgs/msg/differential_pressure.h
[382.084s] -- Symlinking: /home/dolphiinn/ros2_ws/install/px4_msgs/include/px4_msgs/px4_msgs/msg/distance_sensor.h
[382.089s] -- Symlinking: /home/dolphiinn/ros2_ws/install/px4_msgs/include/px4_msgs/px4_msgs/msg/distance_sensor_mode_change_request.h
[382.095s] -- Symlinking: /home/dolphiinn/ros2_ws/install/px4_msgs/include/px4_msgs/px4_msgs/msg/dronecan_node_status.h
[382.101s] -- Symlinking: /home/dolphiinn/ros2_ws/install/px4_msgs/include/px4_msgs/px4_msgs/msg/ekf2_timestamps.h
[382.107s] -- Symlinking: /home/dolphiinn/ros2_ws/install/px4_msgs/include/px4_msgs/px4_msgs/msg/esc_report.h
[382.113s] -- Symlinking: /home/dolphiinn/ros2_ws/install/px4_msgs/include/px4_msgs/px4_msgs/msg/esc_status.h
[382.119s] -- Symlinking: /home/dolphiinn/ros2_ws/install/px4_msgs/include/px4_msgs/px4_msgs/msg/estimator_aid_source1d.h
[382.125s] -- Symlinking: /home/dolphiinn/ros2_ws/install/px4_msgs/include/px4_msgs/px4_msgs/msg/estimator_aid_source2d.h
[382.130s] -- Symlinking: /home/dolphiinn/ros2_ws/install/px4_msgs/include/px4_msgs/px4_msgs/msg/estimator_aid_source3d.h
[382.136s] -- Symlinking: /home/dolphiinn/ros2_ws/install/px4_msgs/include/px4_msgs/px4_msgs/msg/estimator_bias.h
[382.142s] -- Symlinking: /home/dolphiinn/ros2_ws/install/px4_msgs/include/px4_msgs/px4_msgs/msg/estimator_bias3d.h
[382.147s] -- Symlinking: /home/dolphiinn/ros2_ws/install/px4_msgs/include/px4_msgs/px4_msgs/msg/estimator_event_flags.h
[382.153s] -- Symlinking: /home/dolphiinn/ros2_ws/install/px4_msgs/include/px4_msgs/px4_msgs/msg/estimator_gps_status.h
[382.159s] -- Symlinking: /home/dolphiinn/ros2_ws/install/px4_msgs/include/px4_msgs/px4_msgs/msg/estimator_innovations.h
[382.165s] -- Symlinking: /home/dolphiinn/ros2_ws/install/px4_msgs/include/px4_msgs/px4_msgs/msg/estimator_selector_status.h
[382.170s] -- Symlinking: /home/dolphiinn/ros2_ws/install/px4_msgs/include/px4_msgs/px4_msgs/msg/estimator_sensor_bias.h
[382.176s] -- Symlinking: /home/dolphiinn/ros2_ws/install/px4_msgs/include/px4_msgs/px4_msgs/msg/estimator_states.h
[382.182s] -- Symlinking: /home/dolphiinn/ros2_ws/install/px4_msgs/include/px4_msgs/px4_msgs/msg/estimator_status.h
[382.188s] -- Symlinking: /home/dolphiinn/ros2_ws/install/px4_msgs/include/px4_msgs/px4_msgs/msg/estimator_status_flags.h
[382.194s] -- Symlinking: /home/dolphiinn/ros2_ws/install/px4_msgs/include/px4_msgs/px4_msgs/msg/event.h
[382.199s] -- Symlinking: /home/dolphiinn/ros2_ws/install/px4_msgs/include/px4_msgs/px4_msgs/msg/failsafe_flags.h
[382.205s] -- Symlinking: /home/dolphiinn/ros2_ws/install/px4_msgs/include/px4_msgs/px4_msgs/msg/failure_detector_status.h
[382.211s] -- Symlinking: /home/dolphiinn/ros2_ws/install/px4_msgs/include/px4_msgs/px4_msgs/msg/figure_eight_status.h
[382.216s] -- Symlinking: /home/dolphiinn/ros2_ws/install/px4_msgs/include/px4_msgs/px4_msgs/msg/fixed_wing_lateral_guidance_status.h
[382.222s] -- Symlinking: /home/dolphiinn/ros2_ws/install/px4_msgs/include/px4_msgs/px4_msgs/msg/fixed_wing_lateral_setpoint.h
[382.228s] -- Symlinking: /home/dolphiinn/ros2_ws/install/px4_msgs/include/px4_msgs/px4_msgs/msg/fixed_wing_lateral_status.h
[382.234s] -- Symlinking: /home/dolphiinn/ros2_ws/install/px4_msgs/include/px4_msgs/px4_msgs/msg/fixed_wing_longitudinal_setpoint.h
[382.239s] -- Symlinking: /home/dolphiinn/ros2_ws/install/px4_msgs/include/px4_msgs/px4_msgs/msg/fixed_wing_runway_control.h
[382.245s] -- Symlinking: /home/dolphiinn/ros2_ws/install/px4_msgs/include/px4_msgs/px4_msgs/msg/flight_phase_estimation.h
[382.251s] -- Symlinking: /home/dolphiinn/ros2_ws/install/px4_msgs/include/px4_msgs/px4_msgs/msg/follow_target.h
[382.257s] -- Symlinking: /home/dolphiinn/ros2_ws/install/px4_msgs/include/px4_msgs/px4_msgs/msg/follow_target_estimator.h
[382.263s] -- Symlinking: /home/dolphiinn/ros2_ws/install/px4_msgs/include/px4_msgs/px4_msgs/msg/follow_target_status.h
[382.268s] -- Symlinking: /home/dolphiinn/ros2_ws/install/px4_msgs/include/px4_msgs/px4_msgs/msg/fuel_tank_status.h
[382.274s] -- Symlinking: /home/dolphiinn/ros2_ws/install/px4_msgs/include/px4_msgs/px4_msgs/msg/generator_status.h
[382.280s] -- Symlinking: /home/dolphiinn/ros2_ws/install/px4_msgs/include/px4_msgs/px4_msgs/msg/geofence_result.h
[382.286s] -- Symlinking: /home/dolphiinn/ros2_ws/install/px4_msgs/include/px4_msgs/px4_msgs/msg/geofence_status.h
[382.292s] -- Symlinking: /home/dolphiinn/ros2_ws/install/px4_msgs/include/px4_msgs/px4_msgs/msg/gimbal_controls.h
[382.297s] -- Symlinking: /home/dolphiinn/ros2_ws/install/px4_msgs/include/px4_msgs/px4_msgs/msg/gimbal_device_attitude_status.h
[382.303s] -- Symlinking: /home/dolphiinn/ros2_ws/install/px4_msgs/include/px4_msgs/px4_msgs/msg/gimbal_device_information.h
[382.309s] -- Symlinking: /home/dolphiinn/ros2_ws/install/px4_msgs/include/px4_msgs/px4_msgs/msg/gimbal_device_set_attitude.h
[382.314s] -- Symlinking: /home/dolphiinn/ros2_ws/install/px4_msgs/include/px4_msgs/px4_msgs/msg/gimbal_manager_information.h
[382.320s] -- Symlinking: /home/dolphiinn/ros2_ws/install/px4_msgs/include/px4_msgs/px4_msgs/msg/gimbal_manager_set_attitude.h
[382.326s] -- Symlinking: /home/dolphiinn/ros2_ws/install/px4_msgs/include/px4_msgs/px4_msgs/msg/gimbal_manager_set_manual_control.h
[382.331s] -- Symlinking: /home/dolphiinn/ros2_ws/install/px4_msgs/include/px4_msgs/px4_msgs/msg/gimbal_manager_status.h
[382.337s] -- Symlinking: /home/dolphiinn/ros2_ws/install/px4_msgs/include/px4_msgs/px4_msgs/msg/goto_setpoint.h
[382.343s] -- Symlinking: /home/dolphiinn/ros2_ws/install/px4_msgs/include/px4_msgs/px4_msgs/msg/gpio_config.h
[382.349s] -- Symlinking: /home/dolphiinn/ros2_ws/install/px4_msgs/include/px4_msgs/px4_msgs/msg/gpio_in.h
[382.355s] -- Symlinking: /home/dolphiinn/ros2_ws/install/px4_msgs/include/px4_msgs/px4_msgs/msg/gpio_out.h
[382.360s] -- Symlinking: /home/dolphiinn/ros2_ws/install/px4_msgs/include/px4_msgs/px4_msgs/msg/gpio_request.h
[382.366s] -- Symlinking: /home/dolphiinn/ros2_ws/install/px4_msgs/include/px4_msgs/px4_msgs/msg/gps_dump.h
[382.372s] -- Symlinking: /home/dolphiinn/ros2_ws/install/px4_msgs/include/px4_msgs/px4_msgs/msg/gps_inject_data.h
[382.377s] -- Symlinking: /home/dolphiinn/ros2_ws/install/px4_msgs/include/px4_msgs/px4_msgs/msg/gripper.h
[382.383s] -- Symlinking: /home/dolphiinn/ros2_ws/install/px4_msgs/include/px4_msgs/px4_msgs/msg/health_report.h
[382.389s] -- Symlinking: /home/dolphiinn/ros2_ws/install/px4_msgs/include/px4_msgs/px4_msgs/msg/heater_status.h
[382.395s] -- Symlinking: /home/dolphiinn/ros2_ws/install/px4_msgs/include/px4_msgs/px4_msgs/msg/home_position.h
[382.400s] -- Symlinking: /home/dolphiinn/ros2_ws/install/px4_msgs/include/px4_msgs/px4_msgs/msg/hover_thrust_estimate.h
[382.406s] -- Symlinking: /home/dolphiinn/ros2_ws/install/px4_msgs/include/px4_msgs/px4_msgs/msg/input_rc.h
[382.412s] -- Symlinking: /home/dolphiinn/ros2_ws/install/px4_msgs/include/px4_msgs/px4_msgs/msg/internal_combustion_engine_control.h
[382.418s] -- Symlinking: /home/dolphiinn/ros2_ws/install/px4_msgs/include/px4_msgs/px4_msgs/msg/internal_combustion_engine_status.h
[382.424s] -- Symlinking: /home/dolphiinn/ros2_ws/install/px4_msgs/include/px4_msgs/px4_msgs/msg/iridiumsbd_status.h
[382.430s] -- Symlinking: /home/dolphiinn/ros2_ws/install/px4_msgs/include/px4_msgs/px4_msgs/msg/irlock_report.h
[382.435s] -- Symlinking: /home/dolphiinn/ros2_ws/install/px4_msgs/include/px4_msgs/px4_msgs/msg/landing_gear.h
[382.441s] -- Symlinking: /home/dolphiinn/ros2_ws/install/px4_msgs/include/px4_msgs/px4_msgs/msg/landing_gear_wheel.h
[382.447s] -- Symlinking: /home/dolphiinn/ros2_ws/install/px4_msgs/include/px4_msgs/px4_msgs/msg/landing_target_innovations.h
[382.453s] -- Symlinking: /home/dolphiinn/ros2_ws/install/px4_msgs/include/px4_msgs/px4_msgs/msg/landing_target_pose.h
[382.458s] -- Symlinking: /home/dolphiinn/ros2_ws/install/px4_msgs/include/px4_msgs/px4_msgs/msg/lateral_control_configuration.h
[382.464s] -- Symlinking: /home/dolphiinn/ros2_ws/install/px4_msgs/include/px4_msgs/px4_msgs/msg/launch_detection_status.h
[382.470s] -- Symlinking: /home/dolphiinn/ros2_ws/install/px4_msgs/include/px4_msgs/px4_msgs/msg/led_control.h
[382.476s] -- Symlinking: /home/dolphiinn/ros2_ws/install/px4_msgs/include/px4_msgs/px4_msgs/msg/log_message.h
[382.482s] -- Symlinking: /home/dolphiinn/ros2_ws/install/px4_msgs/include/px4_msgs/px4_msgs/msg/logger_status.h
[382.487s] -- Symlinking: /home/dolphiinn/ros2_ws/install/px4_msgs/include/px4_msgs/px4_msgs/msg/longitudinal_control_configuration.h
[382.493s] -- Symlinking: /home/dolphiinn/ros2_ws/install/px4_msgs/include/px4_msgs/px4_msgs/msg/mag_worker_data.h
[382.499s] -- Symlinking: /home/dolphiinn/ros2_ws/install/px4_msgs/include/px4_msgs/px4_msgs/msg/magnetometer_bias_estimate.h
[382.505s] -- Symlinking: /home/dolphiinn/ros2_ws/install/px4_msgs/include/px4_msgs/px4_msgs/msg/manual_control_setpoint.h
[382.511s] -- Symlinking: /home/dolphiinn/ros2_ws/install/px4_msgs/include/px4_msgs/px4_msgs/msg/manual_control_switches.h
[382.517s] -- Symlinking: /home/dolphiinn/ros2_ws/install/px4_msgs/include/px4_msgs/px4_msgs/msg/mavlink_log.h
[382.523s] -- Symlinking: /home/dolphiinn/ros2_ws/install/px4_msgs/include/px4_msgs/px4_msgs/msg/mavlink_tunnel.h
[382.529s] -- Symlinking: /home/dolphiinn/ros2_ws/install/px4_msgs/include/px4_msgs/px4_msgs/msg/message_format_request.h
[382.535s] -- Symlinking: /home/dolphiinn/ros2_ws/install/px4_msgs/include/px4_msgs/px4_msgs/msg/message_format_response.h
[382.541s] -- Symlinking: /home/dolphiinn/ros2_ws/install/px4_msgs/include/px4_msgs/px4_msgs/msg/mission.h
[382.546s] -- Symlinking: /home/dolphiinn/ros2_ws/install/px4_msgs/include/px4_msgs/px4_msgs/msg/mission_result.h
[382.552s] -- Symlinking: /home/dolphiinn/ros2_ws/install/px4_msgs/include/px4_msgs/px4_msgs/msg/mode_completed.h
[382.558s] -- Symlinking: /home/dolphiinn/ros2_ws/install/px4_msgs/include/px4_msgs/px4_msgs/msg/mount_orientation.h
[382.563s] -- Symlinking: /home/dolphiinn/ros2_ws/install/px4_msgs/include/px4_msgs/px4_msgs/msg/navigator_mission_item.h
[382.569s] -- Symlinking: /home/dolphiinn/ros2_ws/install/px4_msgs/include/px4_msgs/px4_msgs/msg/navigator_status.h
[382.575s] -- Symlinking: /home/dolphiinn/ros2_ws/install/px4_msgs/include/px4_msgs/px4_msgs/msg/neural_control.h
[382.580s] -- Symlinking: /home/dolphiinn/ros2_ws/install/px4_msgs/include/px4_msgs/px4_msgs/msg/normalized_unsigned_setpoint.h
[382.586s] -- Symlinking: /home/dolphiinn/ros2_ws/install/px4_msgs/include/px4_msgs/px4_msgs/msg/obstacle_distance.h
[382.592s] -- Symlinking: /home/dolphiinn/ros2_ws/install/px4_msgs/include/px4_msgs/px4_msgs/msg/offboard_control_mode.h
[382.598s] -- Symlinking: /home/dolphiinn/ros2_ws/install/px4_msgs/include/px4_msgs/px4_msgs/msg/onboard_computer_status.h
[382.604s] -- Symlinking: /home/dolphiinn/ros2_ws/install/px4_msgs/include/px4_msgs/px4_msgs/msg/open_drone_id_arm_status.h
[382.610s] -- Symlinking: /home/dolphiinn/ros2_ws/install/px4_msgs/include/px4_msgs/px4_msgs/msg/open_drone_id_operator_id.h
[382.615s] -- Symlinking: /home/dolphiinn/ros2_ws/install/px4_msgs/include/px4_msgs/px4_msgs/msg/open_drone_id_self_id.h
[382.621s] -- Symlinking: /home/dolphiinn/ros2_ws/install/px4_msgs/include/px4_msgs/px4_msgs/msg/open_drone_id_system.h
[382.627s] -- Symlinking: /home/dolphiinn/ros2_ws/install/px4_msgs/include/px4_msgs/px4_msgs/msg/orb_test.h
[382.632s] -- Symlinking: /home/dolphiinn/ros2_ws/install/px4_msgs/include/px4_msgs/px4_msgs/msg/orb_test_large.h
[382.638s] -- Symlinking: /home/dolphiinn/ros2_ws/install/px4_msgs/include/px4_msgs/px4_msgs/msg/orb_test_medium.h
[382.644s] -- Symlinking: /home/dolphiinn/ros2_ws/install/px4_msgs/include/px4_msgs/px4_msgs/msg/orbit_status.h
[382.650s] -- Symlinking: /home/dolphiinn/ros2_ws/install/px4_msgs/include/px4_msgs/px4_msgs/msg/parameter_reset_request.h
[382.655s] -- Symlinking: /home/dolphiinn/ros2_ws/install/px4_msgs/include/px4_msgs/px4_msgs/msg/parameter_set_used_request.h
[382.661s] -- Symlinking: /home/dolphiinn/ros2_ws/install/px4_msgs/include/px4_msgs/px4_msgs/msg/parameter_set_value_request.h
[382.667s] -- Symlinking: /home/dolphiinn/ros2_ws/install/px4_msgs/include/px4_msgs/px4_msgs/msg/parameter_set_value_response.h
[382.672s] -- Symlinking: /home/dolphiinn/ros2_ws/install/px4_msgs/include/px4_msgs/px4_msgs/msg/parameter_update.h
[382.678s] -- Symlinking: /home/dolphiinn/ros2_ws/install/px4_msgs/include/px4_msgs/px4_msgs/msg/ping.h
[382.684s] -- Symlinking: /home/dolphiinn/ros2_ws/install/px4_msgs/include/px4_msgs/px4_msgs/msg/position_controller_landing_status.h
[382.690s] -- Symlinking: /home/dolphiinn/ros2_ws/install/px4_msgs/include/px4_msgs/px4_msgs/msg/position_controller_status.h
[382.695s] -- Symlinking: /home/dolphiinn/ros2_ws/install/px4_msgs/include/px4_msgs/px4_msgs/msg/position_setpoint.h
[382.701s] -- Symlinking: /home/dolphiinn/ros2_ws/install/px4_msgs/include/px4_msgs/px4_msgs/msg/position_setpoint_triplet.h
[382.707s] -- Symlinking: /home/dolphiinn/ros2_ws/install/px4_msgs/include/px4_msgs/px4_msgs/msg/power_button_state.h
[382.713s] -- Symlinking: /home/dolphiinn/ros2_ws/install/px4_msgs/include/px4_msgs/px4_msgs/msg/power_monitor.h
[382.718s] -- Symlinking: /home/dolphiinn/ros2_ws/install/px4_msgs/include/px4_msgs/px4_msgs/msg/pps_capture.h
[382.724s] -- Symlinking: /home/dolphiinn/ros2_ws/install/px4_msgs/include/px4_msgs/px4_msgs/msg/pure_pursuit_status.h
[382.730s] -- Symlinking: /home/dolphiinn/ros2_ws/install/px4_msgs/include/px4_msgs/px4_msgs/msg/pwm_input.h
[382.736s] -- Symlinking: /home/dolphiinn/ros2_ws/install/px4_msgs/include/px4_msgs/px4_msgs/msg/px4io_status.h
[382.741s] -- Symlinking: /home/dolphiinn/ros2_ws/install/px4_msgs/include/px4_msgs/px4_msgs/msg/qshell_req.h
[382.747s] -- Symlinking: /home/dolphiinn/ros2_ws/install/px4_msgs/include/px4_msgs/px4_msgs/msg/qshell_retval.h
[382.753s] -- Symlinking: /home/dolphiinn/ros2_ws/install/px4_msgs/include/px4_msgs/px4_msgs/msg/radio_status.h
[382.759s] -- Symlinking: /home/dolphiinn/ros2_ws/install/px4_msgs/include/px4_msgs/px4_msgs/msg/rate_ctrl_status.h
[382.764s] -- Symlinking: /home/dolphiinn/ros2_ws/install/px4_msgs/include/px4_msgs/px4_msgs/msg/rc_channels.h
[382.770s] -- Symlinking: /home/dolphiinn/ros2_ws/install/px4_msgs/include/px4_msgs/px4_msgs/msg/rc_parameter_map.h
[382.776s] -- Symlinking: /home/dolphiinn/ros2_ws/install/px4_msgs/include/px4_msgs/px4_msgs/msg/register_ext_component_reply.h
[382.782s] -- Symlinking: /home/dolphiinn/ros2_ws/install/px4_msgs/include/px4_msgs/px4_msgs/msg/register_ext_component_request.h
[382.789s] -- Symlinking: /home/dolphiinn/ros2_ws/install/px4_msgs/include/px4_msgs/px4_msgs/msg/rosidl_generator_c__visibility_control.h
[382.795s] -- Symlinking: /home/dolphiinn/ros2_ws/install/px4_msgs/include/px4_msgs/px4_msgs/msg/rover_attitude_setpoint.h
[382.800s] -- Symlinking: /home/dolphiinn/ros2_ws/install/px4_msgs/include/px4_msgs/px4_msgs/msg/rover_attitude_status.h
[382.806s] -- Symlinking: /home/dolphiinn/ros2_ws/install/px4_msgs/include/px4_msgs/px4_msgs/msg/rover_position_setpoint.h
[382.812s] -- Symlinking: /home/dolphiinn/ros2_ws/install/px4_msgs/include/px4_msgs/px4_msgs/msg/rover_rate_setpoint.h
[382.818s] -- Symlinking: /home/dolphiinn/ros2_ws/install/px4_msgs/include/px4_msgs/px4_msgs/msg/rover_rate_status.h
[382.826s] -- Symlinking: /home/dolphiinn/ros2_ws/install/px4_msgs/include/px4_msgs/px4_msgs/msg/rover_speed_setpoint.h
[382.833s] -- Symlinking: /home/dolphiinn/ros2_ws/install/px4_msgs/include/px4_msgs/px4_msgs/msg/rover_speed_status.h
[382.839s] -- Symlinking: /home/dolphiinn/ros2_ws/install/px4_msgs/include/px4_msgs/px4_msgs/msg/rover_steering_setpoint.h
[382.845s] -- Symlinking: /home/dolphiinn/ros2_ws/install/px4_msgs/include/px4_msgs/px4_msgs/msg/rover_throttle_setpoint.h
[382.852s] -- Symlinking: /home/dolphiinn/ros2_ws/install/px4_msgs/include/px4_msgs/px4_msgs/msg/rpm.h
[382.857s] -- Symlinking: /home/dolphiinn/ros2_ws/install/px4_msgs/include/px4_msgs/px4_msgs/msg/rtl_status.h
[382.864s] -- Symlinking: /home/dolphiinn/ros2_ws/install/px4_msgs/include/px4_msgs/px4_msgs/msg/rtl_time_estimate.h
[382.870s] -- Symlinking: /home/dolphiinn/ros2_ws/install/px4_msgs/include/px4_msgs/px4_msgs/msg/satellite_info.h
[382.876s] -- Symlinking: /home/dolphiinn/ros2_ws/install/px4_msgs/include/px4_msgs/px4_msgs/msg/sensor_accel.h
[382.881s] -- Symlinking: /home/dolphiinn/ros2_ws/install/px4_msgs/include/px4_msgs/px4_msgs/msg/sensor_accel_fifo.h
[382.887s] -- Symlinking: /home/dolphiinn/ros2_ws/install/px4_msgs/include/px4_msgs/px4_msgs/msg/sensor_airflow.h
[382.893s] -- Symlinking: /home/dolphiinn/ros2_ws/install/px4_msgs/include/px4_msgs/px4_msgs/msg/sensor_baro.h
[382.899s] -- Symlinking: /home/dolphiinn/ros2_ws/install/px4_msgs/include/px4_msgs/px4_msgs/msg/sensor_combined.h
[382.905s] -- Symlinking: /home/dolphiinn/ros2_ws/install/px4_msgs/include/px4_msgs/px4_msgs/msg/sensor_correction.h
[382.911s] -- Symlinking: /home/dolphiinn/ros2_ws/install/px4_msgs/include/px4_msgs/px4_msgs/msg/sensor_gnss_relative.h
[382.917s] -- Symlinking: /home/dolphiinn/ros2_ws/install/px4_msgs/include/px4_msgs/px4_msgs/msg/sensor_gnss_status.h
[382.922s] -- Symlinking: /home/dolphiinn/ros2_ws/install/px4_msgs/include/px4_msgs/px4_msgs/msg/sensor_gps.h
[382.928s] -- Symlinking: /home/dolphiinn/ros2_ws/install/px4_msgs/include/px4_msgs/px4_msgs/msg/sensor_gyro.h
[382.934s] -- Symlinking: /home/dolphiinn/ros2_ws/install/px4_msgs/include/px4_msgs/px4_msgs/msg/sensor_gyro_fft.h
[382.940s] -- Symlinking: /home/dolphiinn/ros2_ws/install/px4_msgs/include/px4_msgs/px4_msgs/msg/sensor_gyro_fifo.h
[382.946s] -- Symlinking: /home/dolphiinn/ros2_ws/install/px4_msgs/include/px4_msgs/px4_msgs/msg/sensor_hygrometer.h
[382.951s] -- Symlinking: /home/dolphiinn/ros2_ws/install/px4_msgs/include/px4_msgs/px4_msgs/msg/sensor_mag.h
[382.957s] -- Symlinking: /home/dolphiinn/ros2_ws/install/px4_msgs/include/px4_msgs/px4_msgs/msg/sensor_optical_flow.h
[382.963s] -- Symlinking: /home/dolphiinn/ros2_ws/install/px4_msgs/include/px4_msgs/px4_msgs/msg/sensor_preflight_mag.h
[382.969s] -- Symlinking: /home/dolphiinn/ros2_ws/install/px4_msgs/include/px4_msgs/px4_msgs/msg/sensor_selection.h
[382.974s] -- Symlinking: /home/dolphiinn/ros2_ws/install/px4_msgs/include/px4_msgs/px4_msgs/msg/sensor_uwb.h
[382.980s] -- Symlinking: /home/dolphiinn/ros2_ws/install/px4_msgs/include/px4_msgs/px4_msgs/msg/sensors_status.h
[382.986s] -- Symlinking: /home/dolphiinn/ros2_ws/install/px4_msgs/include/px4_msgs/px4_msgs/msg/sensors_status_imu.h
[382.992s] -- Symlinking: /home/dolphiinn/ros2_ws/install/px4_msgs/include/px4_msgs/px4_msgs/msg/system_power.h
[382.997s] -- Symlinking: /home/dolphiinn/ros2_ws/install/px4_msgs/include/px4_msgs/px4_msgs/msg/takeoff_status.h
[383.003s] -- Symlinking: /home/dolphiinn/ros2_ws/install/px4_msgs/include/px4_msgs/px4_msgs/msg/task_stack_info.h
[383.009s] -- Symlinking: /home/dolphiinn/ros2_ws/install/px4_msgs/include/px4_msgs/px4_msgs/msg/tecs_status.h
[383.015s] -- Symlinking: /home/dolphiinn/ros2_ws/install/px4_msgs/include/px4_msgs/px4_msgs/msg/telemetry_status.h
[383.020s] -- Symlinking: /home/dolphiinn/ros2_ws/install/px4_msgs/include/px4_msgs/px4_msgs/msg/tiltrotor_extra_controls.h
[383.026s] -- Symlinking: /home/dolphiinn/ros2_ws/install/px4_msgs/include/px4_msgs/px4_msgs/msg/timesync_status.h
[383.032s] -- Symlinking: /home/dolphiinn/ros2_ws/install/px4_msgs/include/px4_msgs/px4_msgs/msg/trajectory_setpoint.h
[383.038s] -- Symlinking: /home/dolphiinn/ros2_ws/install/px4_msgs/include/px4_msgs/px4_msgs/msg/trajectory_setpoint6dof.h
[383.044s] -- Symlinking: /home/dolphiinn/ros2_ws/install/px4_msgs/include/px4_msgs/px4_msgs/msg/transponder_report.h
[383.049s] -- Symlinking: /home/dolphiinn/ros2_ws/install/px4_msgs/include/px4_msgs/px4_msgs/msg/tune_control.h
[383.055s] -- Symlinking: /home/dolphiinn/ros2_ws/install/px4_msgs/include/px4_msgs/px4_msgs/msg/uavcan_parameter_request.h
[383.061s] -- Symlinking: /home/dolphiinn/ros2_ws/install/px4_msgs/include/px4_msgs/px4_msgs/msg/uavcan_parameter_value.h
[383.067s] -- Symlinking: /home/dolphiinn/ros2_ws/install/px4_msgs/include/px4_msgs/px4_msgs/msg/ulog_stream.h
[383.073s] -- Symlinking: /home/dolphiinn/ros2_ws/install/px4_msgs/include/px4_msgs/px4_msgs/msg/ulog_stream_ack.h
[383.079s] -- Symlinking: /home/dolphiinn/ros2_ws/install/px4_msgs/include/px4_msgs/px4_msgs/msg/unregister_ext_component.h
[383.084s] -- Symlinking: /home/dolphiinn/ros2_ws/install/px4_msgs/include/px4_msgs/px4_msgs/msg/vehicle_acceleration.h
[383.090s] -- Symlinking: /home/dolphiinn/ros2_ws/install/px4_msgs/include/px4_msgs/px4_msgs/msg/vehicle_air_data.h
[383.096s] -- Symlinking: /home/dolphiinn/ros2_ws/install/px4_msgs/include/px4_msgs/px4_msgs/msg/vehicle_angular_acceleration_setpoint.h
[383.102s] -- Symlinking: /home/dolphiinn/ros2_ws/install/px4_msgs/include/px4_msgs/px4_msgs/msg/vehicle_angular_velocity.h
[383.108s] -- Symlinking: /home/dolphiinn/ros2_ws/install/px4_msgs/include/px4_msgs/px4_msgs/msg/vehicle_attitude.h
[383.113s] -- Symlinking: /home/dolphiinn/ros2_ws/install/px4_msgs/include/px4_msgs/px4_msgs/msg/vehicle_attitude_setpoint.h
[383.119s] -- Symlinking: /home/dolphiinn/ros2_ws/install/px4_msgs/include/px4_msgs/px4_msgs/msg/vehicle_command.h
[383.125s] -- Symlinking: /home/dolphiinn/ros2_ws/install/px4_msgs/include/px4_msgs/px4_msgs/msg/vehicle_command_ack.h
[383.131s] -- Symlinking: /home/dolphiinn/ros2_ws/install/px4_msgs/include/px4_msgs/px4_msgs/msg/vehicle_constraints.h
[383.137s] -- Symlinking: /home/dolphiinn/ros2_ws/install/px4_msgs/include/px4_msgs/px4_msgs/msg/vehicle_control_mode.h
[383.143s] -- Symlinking: /home/dolphiinn/ros2_ws/install/px4_msgs/include/px4_msgs/px4_msgs/msg/vehicle_global_position.h
[383.149s] -- Symlinking: /home/dolphiinn/ros2_ws/install/px4_msgs/include/px4_msgs/px4_msgs/msg/vehicle_imu.h
[383.155s] -- Symlinking: /home/dolphiinn/ros2_ws/install/px4_msgs/include/px4_msgs/px4_msgs/msg/vehicle_imu_status.h
[383.160s] -- Symlinking: /home/dolphiinn/ros2_ws/install/px4_msgs/include/px4_msgs/px4_msgs/msg/vehicle_land_detected.h
[383.166s] -- Symlinking: /home/dolphiinn/ros2_ws/install/px4_msgs/include/px4_msgs/px4_msgs/msg/vehicle_local_position.h
[383.171s] -- Symlinking: /home/dolphiinn/ros2_ws/install/px4_msgs/include/px4_msgs/px4_msgs/msg/vehicle_local_position_setpoint.h
[383.177s] -- Symlinking: /home/dolphiinn/ros2_ws/install/px4_msgs/include/px4_msgs/px4_msgs/msg/vehicle_magnetometer.h
[383.183s] -- Symlinking: /home/dolphiinn/ros2_ws/install/px4_msgs/include/px4_msgs/px4_msgs/msg/vehicle_odometry.h
[383.189s] -- Symlinking: /home/dolphiinn/ros2_ws/install/px4_msgs/include/px4_msgs/px4_msgs/msg/vehicle_optical_flow.h
[383.195s] -- Symlinking: /home/dolphiinn/ros2_ws/install/px4_msgs/include/px4_msgs/px4_msgs/msg/vehicle_optical_flow_vel.h
[383.201s] -- Symlinking: /home/dolphiinn/ros2_ws/install/px4_msgs/include/px4_msgs/px4_msgs/msg/vehicle_rates_setpoint.h
[383.206s] -- Symlinking: /home/dolphiinn/ros2_ws/install/px4_msgs/include/px4_msgs/px4_msgs/msg/vehicle_roi.h
[383.212s] -- Symlinking: /home/dolphiinn/ros2_ws/install/px4_msgs/include/px4_msgs/px4_msgs/msg/vehicle_status.h
[383.218s] -- Symlinking: /home/dolphiinn/ros2_ws/install/px4_msgs/include/px4_msgs/px4_msgs/msg/vehicle_thrust_setpoint.h
[383.224s] -- Symlinking: /home/dolphiinn/ros2_ws/install/px4_msgs/include/px4_msgs/px4_msgs/msg/vehicle_torque_setpoint.h
[383.230s] -- Symlinking: /home/dolphiinn/ros2_ws/install/px4_msgs/include/px4_msgs/px4_msgs/msg/velocity_limits.h
[383.235s] -- Symlinking: /home/dolphiinn/ros2_ws/install/px4_msgs/include/px4_msgs/px4_msgs/msg/vtol_vehicle_status.h
[383.241s] -- Symlinking: /home/dolphiinn/ros2_ws/install/px4_msgs/include/px4_msgs/px4_msgs/msg/wheel_encoders.h
[383.247s] -- Symlinking: /home/dolphiinn/ros2_ws/install/px4_msgs/include/px4_msgs/px4_msgs/msg/wind.h
[383.253s] -- Symlinking: /home/dolphiinn/ros2_ws/install/px4_msgs/include/px4_msgs/px4_msgs/msg/yaw_estimator_status.h
[383.258s] -- Symlinking: /home/dolphiinn/ros2_ws/install/px4_msgs/include/px4_msgs/px4_msgs/srv/detail/vehicle_command__functions.h
[383.264s] -- Symlinking: /home/dolphiinn/ros2_ws/install/px4_msgs/include/px4_msgs/px4_msgs/srv/detail/vehicle_command__struct.h
[383.270s] -- Symlinking: /home/dolphiinn/ros2_ws/install/px4_msgs/include/px4_msgs/px4_msgs/srv/detail/vehicle_command__type_support.h
[383.276s] -- Symlinking: /home/dolphiinn/ros2_ws/install/px4_msgs/include/px4_msgs/px4_msgs/srv/vehicle_command.h
[383.282s] -- Symlinking: /home/dolphiinn/ros2_ws/install/px4_msgs/share/px4_msgs/environment/library_path.sh
[383.287s] -- Symlinking: /home/dolphiinn/ros2_ws/install/px4_msgs/share/px4_msgs/environment/library_path.dsv
[383.298s] -- Symlinking: /home/dolphiinn/ros2_ws/install/px4_msgs/include/px4_msgs/px4_msgs/msg/detail/action_request__rosidl_typesupport_fastrtps_c.h
[383.303s] -- Symlinking: /home/dolphiinn/ros2_ws/install/px4_msgs/include/px4_msgs/px4_msgs/msg/detail/actuator_armed__rosidl_typesupport_fastrtps_c.h
[383.310s] -- Symlinking: /home/dolphiinn/ros2_ws/install/px4_msgs/include/px4_msgs/px4_msgs/msg/detail/actuator_controls_status__rosidl_typesupport_fastrtps_c.h
[383.315s] -- Symlinking: /home/dolphiinn/ros2_ws/install/px4_msgs/include/px4_msgs/px4_msgs/msg/detail/actuator_motors__rosidl_typesupport_fastrtps_c.h
[383.321s] -- Symlinking: /home/dolphiinn/ros2_ws/install/px4_msgs/include/px4_msgs/px4_msgs/msg/detail/actuator_outputs__rosidl_typesupport_fastrtps_c.h
[383.327s] -- Symlinking: /home/dolphiinn/ros2_ws/install/px4_msgs/include/px4_msgs/px4_msgs/msg/detail/actuator_servos__rosidl_typesupport_fastrtps_c.h
[383.333s] -- Symlinking: /home/dolphiinn/ros2_ws/install/px4_msgs/include/px4_msgs/px4_msgs/msg/detail/actuator_servos_trim__rosidl_typesupport_fastrtps_c.h
[383.339s] -- Symlinking: /home/dolphiinn/ros2_ws/install/px4_msgs/include/px4_msgs/px4_msgs/msg/detail/actuator_test__rosidl_typesupport_fastrtps_c.h
[383.345s] -- Symlinking: /home/dolphiinn/ros2_ws/install/px4_msgs/include/px4_msgs/px4_msgs/msg/detail/adc_report__rosidl_typesupport_fastrtps_c.h
[383.351s] -- Symlinking: /home/dolphiinn/ros2_ws/install/px4_msgs/include/px4_msgs/px4_msgs/msg/detail/airspeed__rosidl_typesupport_fastrtps_c.h
[383.357s] -- Symlinking: /home/dolphiinn/ros2_ws/install/px4_msgs/include/px4_msgs/px4_msgs/msg/detail/airspeed_validated__rosidl_typesupport_fastrtps_c.h
[383.363s] -- Symlinking: /home/dolphiinn/ros2_ws/install/px4_msgs/include/px4_msgs/px4_msgs/msg/detail/airspeed_wind__rosidl_typesupport_fastrtps_c.h
[383.368s] -- Symlinking: /home/dolphiinn/ros2_ws/install/px4_msgs/include/px4_msgs/px4_msgs/msg/detail/arming_check_reply__rosidl_typesupport_fastrtps_c.h
[383.374s] -- Symlinking: /home/dolphiinn/ros2_ws/install/px4_msgs/include/px4_msgs/px4_msgs/msg/detail/arming_check_request__rosidl_typesupport_fastrtps_c.h
[383.380s] -- Symlinking: /home/dolphiinn/ros2_ws/install/px4_msgs/include/px4_msgs/px4_msgs/msg/detail/autotune_attitude_control_status__rosidl_typesupport_fastrtps_c.h
[383.385s] -- Symlinking: /home/dolphiinn/ros2_ws/install/px4_msgs/include/px4_msgs/px4_msgs/msg/detail/battery_info__rosidl_typesupport_fastrtps_c.h
[383.391s] -- Symlinking: /home/dolphiinn/ros2_ws/install/px4_msgs/include/px4_msgs/px4_msgs/msg/detail/battery_status__rosidl_typesupport_fastrtps_c.h
[383.397s] -- Symlinking: /home/dolphiinn/ros2_ws/install/px4_msgs/include/px4_msgs/px4_msgs/msg/detail/button_event__rosidl_typesupport_fastrtps_c.h
[383.403s] -- Symlinking: /home/dolphiinn/ros2_ws/install/px4_msgs/include/px4_msgs/px4_msgs/msg/detail/camera_capture__rosidl_typesupport_fastrtps_c.h
[383.409s] -- Symlinking: /home/dolphiinn/ros2_ws/install/px4_msgs/include/px4_msgs/px4_msgs/msg/detail/camera_status__rosidl_typesupport_fastrtps_c.h
[383.415s] -- Symlinking: /home/dolphiinn/ros2_ws/install/px4_msgs/include/px4_msgs/px4_msgs/msg/detail/camera_trigger__rosidl_typesupport_fastrtps_c.h
[383.420s] -- Symlinking: /home/dolphiinn/ros2_ws/install/px4_msgs/include/px4_msgs/px4_msgs/msg/detail/can_interface_status__rosidl_typesupport_fastrtps_c.h
[383.426s] -- Symlinking: /home/dolphiinn/ros2_ws/install/px4_msgs/include/px4_msgs/px4_msgs/msg/detail/cellular_status__rosidl_typesupport_fastrtps_c.h
[383.432s] -- Symlinking: /home/dolphiinn/ros2_ws/install/px4_msgs/include/px4_msgs/px4_msgs/msg/detail/collision_constraints__rosidl_typesupport_fastrtps_c.h
[383.438s] -- Symlinking: /home/dolphiinn/ros2_ws/install/px4_msgs/include/px4_msgs/px4_msgs/msg/detail/config_overrides__rosidl_typesupport_fastrtps_c.h
[383.443s] -- Symlinking: /home/dolphiinn/ros2_ws/install/px4_msgs/include/px4_msgs/px4_msgs/msg/detail/control_allocator_status__rosidl_typesupport_fastrtps_c.h
[383.449s] -- Symlinking: /home/dolphiinn/ros2_ws/install/px4_msgs/include/px4_msgs/px4_msgs/msg/detail/cpuload__rosidl_typesupport_fastrtps_c.h
[383.455s] -- Symlinking: /home/dolphiinn/ros2_ws/install/px4_msgs/include/px4_msgs/px4_msgs/msg/detail/dataman_request__rosidl_typesupport_fastrtps_c.h
[383.461s] -- Symlinking: /home/dolphiinn/ros2_ws/install/px4_msgs/include/px4_msgs/px4_msgs/msg/detail/dataman_response__rosidl_typesupport_fastrtps_c.h
[383.467s] -- Symlinking: /home/dolphiinn/ros2_ws/install/px4_msgs/include/px4_msgs/px4_msgs/msg/detail/debug_array__rosidl_typesupport_fastrtps_c.h
[383.474s] -- Symlinking: /home/dolphiinn/ros2_ws/install/px4_msgs/include/px4_msgs/px4_msgs/msg/detail/debug_key_value__rosidl_typesupport_fastrtps_c.h
[383.480s] -- Symlinking: /home/dolphiinn/ros2_ws/install/px4_msgs/include/px4_msgs/px4_msgs/msg/detail/debug_value__rosidl_typesupport_fastrtps_c.h
[383.486s] -- Symlinking: /home/dolphiinn/ros2_ws/install/px4_msgs/include/px4_msgs/px4_msgs/msg/detail/debug_vect__rosidl_typesupport_fastrtps_c.h
[383.491s] -- Symlinking: /home/dolphiinn/ros2_ws/install/px4_msgs/include/px4_msgs/px4_msgs/msg/detail/differential_pressure__rosidl_typesupport_fastrtps_c.h
[383.497s] -- Symlinking: /home/dolphiinn/ros2_ws/install/px4_msgs/include/px4_msgs/px4_msgs/msg/detail/distance_sensor__rosidl_typesupport_fastrtps_c.h
[383.503s] -- Symlinking: /home/dolphiinn/ros2_ws/install/px4_msgs/include/px4_msgs/px4_msgs/msg/detail/distance_sensor_mode_change_request__rosidl_typesupport_fastrtps_c.h
[383.509s] -- Symlinking: /home/dolphiinn/ros2_ws/install/px4_msgs/include/px4_msgs/px4_msgs/msg/detail/dronecan_node_status__rosidl_typesupport_fastrtps_c.h
[383.515s] -- Symlinking: /home/dolphiinn/ros2_ws/install/px4_msgs/include/px4_msgs/px4_msgs/msg/detail/ekf2_timestamps__rosidl_typesupport_fastrtps_c.h
[383.524s] -- Symlinking: /home/dolphiinn/ros2_ws/install/px4_msgs/include/px4_msgs/px4_msgs/msg/detail/esc_report__rosidl_typesupport_fastrtps_c.h
[383.530s] -- Symlinking: /home/dolphiinn/ros2_ws/install/px4_msgs/include/px4_msgs/px4_msgs/msg/detail/esc_status__rosidl_typesupport_fastrtps_c.h
[383.536s] -- Symlinking: /home/dolphiinn/ros2_ws/install/px4_msgs/include/px4_msgs/px4_msgs/msg/detail/estimator_aid_source1d__rosidl_typesupport_fastrtps_c.h
[383.542s] -- Symlinking: /home/dolphiinn/ros2_ws/install/px4_msgs/include/px4_msgs/px4_msgs/msg/detail/estimator_aid_source2d__rosidl_typesupport_fastrtps_c.h
[383.548s] -- Symlinking: /home/dolphiinn/ros2_ws/install/px4_msgs/include/px4_msgs/px4_msgs/msg/detail/estimator_aid_source3d__rosidl_typesupport_fastrtps_c.h
[383.555s] -- Symlinking: /home/dolphiinn/ros2_ws/install/px4_msgs/include/px4_msgs/px4_msgs/msg/detail/estimator_bias3d__rosidl_typesupport_fastrtps_c.h
[383.562s] -- Symlinking: /home/dolphiinn/ros2_ws/install/px4_msgs/include/px4_msgs/px4_msgs/msg/detail/estimator_bias__rosidl_typesupport_fastrtps_c.h
[383.568s] -- Symlinking: /home/dolphiinn/ros2_ws/install/px4_msgs/include/px4_msgs/px4_msgs/msg/detail/estimator_event_flags__rosidl_typesupport_fastrtps_c.h
[383.573s] -- Symlinking: /home/dolphiinn/ros2_ws/install/px4_msgs/include/px4_msgs/px4_msgs/msg/detail/estimator_gps_status__rosidl_typesupport_fastrtps_c.h
[383.579s] -- Symlinking: /home/dolphiinn/ros2_ws/install/px4_msgs/include/px4_msgs/px4_msgs/msg/detail/estimator_innovations__rosidl_typesupport_fastrtps_c.h
[383.585s] -- Symlinking: /home/dolphiinn/ros2_ws/install/px4_msgs/include/px4_msgs/px4_msgs/msg/detail/estimator_selector_status__rosidl_typesupport_fastrtps_c.h
[383.590s] -- Symlinking: /home/dolphiinn/ros2_ws/install/px4_msgs/include/px4_msgs/px4_msgs/msg/detail/estimator_sensor_bias__rosidl_typesupport_fastrtps_c.h
[383.596s] -- Symlinking: /home/dolphiinn/ros2_ws/install/px4_msgs/include/px4_msgs/px4_msgs/msg/detail/estimator_states__rosidl_typesupport_fastrtps_c.h
[383.602s] -- Symlinking: /home/dolphiinn/ros2_ws/install/px4_msgs/include/px4_msgs/px4_msgs/msg/detail/estimator_status__rosidl_typesupport_fastrtps_c.h
[383.608s] -- Symlinking: /home/dolphiinn/ros2_ws/install/px4_msgs/include/px4_msgs/px4_msgs/msg/detail/estimator_status_flags__rosidl_typesupport_fastrtps_c.h
[383.613s] -- Symlinking: /home/dolphiinn/ros2_ws/install/px4_msgs/include/px4_msgs/px4_msgs/msg/detail/event__rosidl_typesupport_fastrtps_c.h
[383.619s] -- Symlinking: /home/dolphiinn/ros2_ws/install/px4_msgs/include/px4_msgs/px4_msgs/msg/detail/failsafe_flags__rosidl_typesupport_fastrtps_c.h
[383.625s] -- Symlinking: /home/dolphiinn/ros2_ws/install/px4_msgs/include/px4_msgs/px4_msgs/msg/detail/failure_detector_status__rosidl_typesupport_fastrtps_c.h
[383.630s] -- Symlinking: /home/dolphiinn/ros2_ws/install/px4_msgs/include/px4_msgs/px4_msgs/msg/detail/figure_eight_status__rosidl_typesupport_fastrtps_c.h
[383.636s] -- Symlinking: /home/dolphiinn/ros2_ws/install/px4_msgs/include/px4_msgs/px4_msgs/msg/detail/fixed_wing_lateral_guidance_status__rosidl_typesupport_fastrtps_c.h
[383.642s] -- Symlinking: /home/dolphiinn/ros2_ws/install/px4_msgs/include/px4_msgs/px4_msgs/msg/detail/fixed_wing_lateral_setpoint__rosidl_typesupport_fastrtps_c.h
[383.648s] -- Symlinking: /home/dolphiinn/ros2_ws/install/px4_msgs/include/px4_msgs/px4_msgs/msg/detail/fixed_wing_lateral_status__rosidl_typesupport_fastrtps_c.h
[383.654s] -- Symlinking: /home/dolphiinn/ros2_ws/install/px4_msgs/include/px4_msgs/px4_msgs/msg/detail/fixed_wing_longitudinal_setpoint__rosidl_typesupport_fastrtps_c.h
[383.660s] -- Symlinking: /home/dolphiinn/ros2_ws/install/px4_msgs/include/px4_msgs/px4_msgs/msg/detail/fixed_wing_runway_control__rosidl_typesupport_fastrtps_c.h
[383.666s] -- Symlinking: /home/dolphiinn/ros2_ws/install/px4_msgs/include/px4_msgs/px4_msgs/msg/detail/flight_phase_estimation__rosidl_typesupport_fastrtps_c.h
[383.672s] -- Symlinking: /home/dolphiinn/ros2_ws/install/px4_msgs/include/px4_msgs/px4_msgs/msg/detail/follow_target__rosidl_typesupport_fastrtps_c.h
[383.678s] -- Symlinking: /home/dolphiinn/ros2_ws/install/px4_msgs/include/px4_msgs/px4_msgs/msg/detail/follow_target_estimator__rosidl_typesupport_fastrtps_c.h
[383.683s] -- Symlinking: /home/dolphiinn/ros2_ws/install/px4_msgs/include/px4_msgs/px4_msgs/msg/detail/follow_target_status__rosidl_typesupport_fastrtps_c.h
[383.690s] -- Symlinking: /home/dolphiinn/ros2_ws/install/px4_msgs/include/px4_msgs/px4_msgs/msg/detail/fuel_tank_status__rosidl_typesupport_fastrtps_c.h
[383.695s] -- Symlinking: /home/dolphiinn/ros2_ws/install/px4_msgs/include/px4_msgs/px4_msgs/msg/detail/generator_status__rosidl_typesupport_fastrtps_c.h
[383.701s] -- Symlinking: /home/dolphiinn/ros2_ws/install/px4_msgs/include/px4_msgs/px4_msgs/msg/detail/geofence_result__rosidl_typesupport_fastrtps_c.h
[383.707s] -- Symlinking: /home/dolphiinn/ros2_ws/install/px4_msgs/include/px4_msgs/px4_msgs/msg/detail/geofence_status__rosidl_typesupport_fastrtps_c.h
[383.713s] -- Symlinking: /home/dolphiinn/ros2_ws/install/px4_msgs/include/px4_msgs/px4_msgs/msg/detail/gimbal_controls__rosidl_typesupport_fastrtps_c.h
[383.718s] -- Symlinking: /home/dolphiinn/ros2_ws/install/px4_msgs/include/px4_msgs/px4_msgs/msg/detail/gimbal_device_attitude_status__rosidl_typesupport_fastrtps_c.h
[383.724s] -- Symlinking: /home/dolphiinn/ros2_ws/install/px4_msgs/include/px4_msgs/px4_msgs/msg/detail/gimbal_device_information__rosidl_typesupport_fastrtps_c.h
[383.730s] -- Symlinking: /home/dolphiinn/ros2_ws/install/px4_msgs/include/px4_msgs/px4_msgs/msg/detail/gimbal_device_set_attitude__rosidl_typesupport_fastrtps_c.h
[383.736s] -- Symlinking: /home/dolphiinn/ros2_ws/install/px4_msgs/include/px4_msgs/px4_msgs/msg/detail/gimbal_manager_information__rosidl_typesupport_fastrtps_c.h
[383.742s] -- Symlinking: /home/dolphiinn/ros2_ws/install/px4_msgs/include/px4_msgs/px4_msgs/msg/detail/gimbal_manager_set_attitude__rosidl_typesupport_fastrtps_c.h
[383.747s] -- Symlinking: /home/dolphiinn/ros2_ws/install/px4_msgs/include/px4_msgs/px4_msgs/msg/detail/gimbal_manager_set_manual_control__rosidl_typesupport_fastrtps_c.h
[383.753s] -- Symlinking: /home/dolphiinn/ros2_ws/install/px4_msgs/include/px4_msgs/px4_msgs/msg/detail/gimbal_manager_status__rosidl_typesupport_fastrtps_c.h
[383.759s] -- Symlinking: /home/dolphiinn/ros2_ws/install/px4_msgs/include/px4_msgs/px4_msgs/msg/detail/goto_setpoint__rosidl_typesupport_fastrtps_c.h
[383.765s] -- Symlinking: /home/dolphiinn/ros2_ws/install/px4_msgs/include/px4_msgs/px4_msgs/msg/detail/gpio_config__rosidl_typesupport_fastrtps_c.h
[383.771s] -- Symlinking: /home/dolphiinn/ros2_ws/install/px4_msgs/include/px4_msgs/px4_msgs/msg/detail/gpio_in__rosidl_typesupport_fastrtps_c.h
[383.776s] -- Symlinking: /home/dolphiinn/ros2_ws/install/px4_msgs/include/px4_msgs/px4_msgs/msg/detail/gpio_out__rosidl_typesupport_fastrtps_c.h
[383.782s] -- Symlinking: /home/dolphiinn/ros2_ws/install/px4_msgs/include/px4_msgs/px4_msgs/msg/detail/gpio_request__rosidl_typesupport_fastrtps_c.h
[383.788s] -- Symlinking: /home/dolphiinn/ros2_ws/install/px4_msgs/include/px4_msgs/px4_msgs/msg/detail/gps_dump__rosidl_typesupport_fastrtps_c.h
[383.794s] -- Symlinking: /home/dolphiinn/ros2_ws/install/px4_msgs/include/px4_msgs/px4_msgs/msg/detail/gps_inject_data__rosidl_typesupport_fastrtps_c.h
[383.799s] -- Symlinking: /home/dolphiinn/ros2_ws/install/px4_msgs/include/px4_msgs/px4_msgs/msg/detail/gripper__rosidl_typesupport_fastrtps_c.h
[383.805s] -- Symlinking: /home/dolphiinn/ros2_ws/install/px4_msgs/include/px4_msgs/px4_msgs/msg/detail/health_report__rosidl_typesupport_fastrtps_c.h
[383.811s] -- Symlinking: /home/dolphiinn/ros2_ws/install/px4_msgs/include/px4_msgs/px4_msgs/msg/detail/heater_status__rosidl_typesupport_fastrtps_c.h
[383.817s] -- Symlinking: /home/dolphiinn/ros2_ws/install/px4_msgs/include/px4_msgs/px4_msgs/msg/detail/home_position__rosidl_typesupport_fastrtps_c.h
[383.823s] -- Symlinking: /home/dolphiinn/ros2_ws/install/px4_msgs/include/px4_msgs/px4_msgs/msg/detail/hover_thrust_estimate__rosidl_typesupport_fastrtps_c.h
[383.829s] -- Symlinking: /home/dolphiinn/ros2_ws/install/px4_msgs/include/px4_msgs/px4_msgs/msg/detail/input_rc__rosidl_typesupport_fastrtps_c.h
[383.835s] -- Symlinking: /home/dolphiinn/ros2_ws/install/px4_msgs/include/px4_msgs/px4_msgs/msg/detail/internal_combustion_engine_control__rosidl_typesupport_fastrtps_c.h
[383.840s] -- Symlinking: /home/dolphiinn/ros2_ws/install/px4_msgs/include/px4_msgs/px4_msgs/msg/detail/internal_combustion_engine_status__rosidl_typesupport_fastrtps_c.h
[383.846s] -- Symlinking: /home/dolphiinn/ros2_ws/install/px4_msgs/include/px4_msgs/px4_msgs/msg/detail/iridiumsbd_status__rosidl_typesupport_fastrtps_c.h
[383.852s] -- Symlinking: /home/dolphiinn/ros2_ws/install/px4_msgs/include/px4_msgs/px4_msgs/msg/detail/irlock_report__rosidl_typesupport_fastrtps_c.h
[383.858s] -- Symlinking: /home/dolphiinn/ros2_ws/install/px4_msgs/include/px4_msgs/px4_msgs/msg/detail/landing_gear__rosidl_typesupport_fastrtps_c.h
[383.864s] -- Symlinking: /home/dolphiinn/ros2_ws/install/px4_msgs/include/px4_msgs/px4_msgs/msg/detail/landing_gear_wheel__rosidl_typesupport_fastrtps_c.h
[383.870s] -- Symlinking: /home/dolphiinn/ros2_ws/install/px4_msgs/include/px4_msgs/px4_msgs/msg/detail/landing_target_innovations__rosidl_typesupport_fastrtps_c.h
[383.875s] -- Symlinking: /home/dolphiinn/ros2_ws/install/px4_msgs/include/px4_msgs/px4_msgs/msg/detail/landing_target_pose__rosidl_typesupport_fastrtps_c.h
[383.881s] -- Symlinking: /home/dolphiinn/ros2_ws/install/px4_msgs/include/px4_msgs/px4_msgs/msg/detail/lateral_control_configuration__rosidl_typesupport_fastrtps_c.h
[383.887s] -- Symlinking: /home/dolphiinn/ros2_ws/install/px4_msgs/include/px4_msgs/px4_msgs/msg/detail/launch_detection_status__rosidl_typesupport_fastrtps_c.h
[383.893s] -- Symlinking: /home/dolphiinn/ros2_ws/install/px4_msgs/include/px4_msgs/px4_msgs/msg/detail/led_control__rosidl_typesupport_fastrtps_c.h
[383.898s] -- Symlinking: /home/dolphiinn/ros2_ws/install/px4_msgs/include/px4_msgs/px4_msgs/msg/detail/log_message__rosidl_typesupport_fastrtps_c.h
[383.904s] -- Symlinking: /home/dolphiinn/ros2_ws/install/px4_msgs/include/px4_msgs/px4_msgs/msg/detail/logger_status__rosidl_typesupport_fastrtps_c.h
[383.910s] -- Symlinking: /home/dolphiinn/ros2_ws/install/px4_msgs/include/px4_msgs/px4_msgs/msg/detail/longitudinal_control_configuration__rosidl_typesupport_fastrtps_c.h
[383.916s] -- Symlinking: /home/dolphiinn/ros2_ws/install/px4_msgs/include/px4_msgs/px4_msgs/msg/detail/mag_worker_data__rosidl_typesupport_fastrtps_c.h
[383.921s] -- Symlinking: /home/dolphiinn/ros2_ws/install/px4_msgs/include/px4_msgs/px4_msgs/msg/detail/magnetometer_bias_estimate__rosidl_typesupport_fastrtps_c.h
[383.927s] -- Symlinking: /home/dolphiinn/ros2_ws/install/px4_msgs/include/px4_msgs/px4_msgs/msg/detail/manual_control_setpoint__rosidl_typesupport_fastrtps_c.h
[383.933s] -- Symlinking: /home/dolphiinn/ros2_ws/install/px4_msgs/include/px4_msgs/px4_msgs/msg/detail/manual_control_switches__rosidl_typesupport_fastrtps_c.h
[383.938s] -- Symlinking: /home/dolphiinn/ros2_ws/install/px4_msgs/include/px4_msgs/px4_msgs/msg/detail/mavlink_log__rosidl_typesupport_fastrtps_c.h
[383.944s] -- Symlinking: /home/dolphiinn/ros2_ws/install/px4_msgs/include/px4_msgs/px4_msgs/msg/detail/mavlink_tunnel__rosidl_typesupport_fastrtps_c.h
[383.950s] -- Symlinking: /home/dolphiinn/ros2_ws/install/px4_msgs/include/px4_msgs/px4_msgs/msg/detail/message_format_request__rosidl_typesupport_fastrtps_c.h
[383.955s] -- Symlinking: /home/dolphiinn/ros2_ws/install/px4_msgs/include/px4_msgs/px4_msgs/msg/detail/message_format_response__rosidl_typesupport_fastrtps_c.h
[383.961s] -- Symlinking: /home/dolphiinn/ros2_ws/install/px4_msgs/include/px4_msgs/px4_msgs/msg/detail/mission__rosidl_typesupport_fastrtps_c.h
[383.967s] -- Symlinking: /home/dolphiinn/ros2_ws/install/px4_msgs/include/px4_msgs/px4_msgs/msg/detail/mission_result__rosidl_typesupport_fastrtps_c.h
[383.972s] -- Symlinking: /home/dolphiinn/ros2_ws/install/px4_msgs/include/px4_msgs/px4_msgs/msg/detail/mode_completed__rosidl_typesupport_fastrtps_c.h
[383.978s] -- Symlinking: /home/dolphiinn/ros2_ws/install/px4_msgs/include/px4_msgs/px4_msgs/msg/detail/mount_orientation__rosidl_typesupport_fastrtps_c.h
[383.984s] -- Symlinking: /home/dolphiinn/ros2_ws/install/px4_msgs/include/px4_msgs/px4_msgs/msg/detail/navigator_mission_item__rosidl_typesupport_fastrtps_c.h
[383.990s] -- Symlinking: /home/dolphiinn/ros2_ws/install/px4_msgs/include/px4_msgs/px4_msgs/msg/detail/navigator_status__rosidl_typesupport_fastrtps_c.h
[383.997s] -- Symlinking: /home/dolphiinn/ros2_ws/install/px4_msgs/include/px4_msgs/px4_msgs/msg/detail/neural_control__rosidl_typesupport_fastrtps_c.h
[384.002s] -- Symlinking: /home/dolphiinn/ros2_ws/install/px4_msgs/include/px4_msgs/px4_msgs/msg/detail/normalized_unsigned_setpoint__rosidl_typesupport_fastrtps_c.h
[384.008s] -- Symlinking: /home/dolphiinn/ros2_ws/install/px4_msgs/include/px4_msgs/px4_msgs/msg/detail/obstacle_distance__rosidl_typesupport_fastrtps_c.h
[384.014s] -- Symlinking: /home/dolphiinn/ros2_ws/install/px4_msgs/include/px4_msgs/px4_msgs/msg/detail/offboard_control_mode__rosidl_typesupport_fastrtps_c.h
[384.020s] -- Symlinking: /home/dolphiinn/ros2_ws/install/px4_msgs/include/px4_msgs/px4_msgs/msg/detail/onboard_computer_status__rosidl_typesupport_fastrtps_c.h
[384.026s] -- Symlinking: /home/dolphiinn/ros2_ws/install/px4_msgs/include/px4_msgs/px4_msgs/msg/detail/open_drone_id_arm_status__rosidl_typesupport_fastrtps_c.h
[384.032s] -- Symlinking: /home/dolphiinn/ros2_ws/install/px4_msgs/include/px4_msgs/px4_msgs/msg/detail/open_drone_id_operator_id__rosidl_typesupport_fastrtps_c.h
[384.038s] -- Symlinking: /home/dolphiinn/ros2_ws/install/px4_msgs/include/px4_msgs/px4_msgs/msg/detail/open_drone_id_self_id__rosidl_typesupport_fastrtps_c.h
[384.044s] -- Symlinking: /home/dolphiinn/ros2_ws/install/px4_msgs/include/px4_msgs/px4_msgs/msg/detail/open_drone_id_system__rosidl_typesupport_fastrtps_c.h
[384.050s] -- Symlinking: /home/dolphiinn/ros2_ws/install/px4_msgs/include/px4_msgs/px4_msgs/msg/detail/orb_test__rosidl_typesupport_fastrtps_c.h
[384.056s] -- Symlinking: /home/dolphiinn/ros2_ws/install/px4_msgs/include/px4_msgs/px4_msgs/msg/detail/orb_test_large__rosidl_typesupport_fastrtps_c.h
[384.062s] -- Symlinking: /home/dolphiinn/ros2_ws/install/px4_msgs/include/px4_msgs/px4_msgs/msg/detail/orb_test_medium__rosidl_typesupport_fastrtps_c.h
[384.068s] -- Symlinking: /home/dolphiinn/ros2_ws/install/px4_msgs/include/px4_msgs/px4_msgs/msg/detail/orbit_status__rosidl_typesupport_fastrtps_c.h
[384.074s] -- Symlinking: /home/dolphiinn/ros2_ws/install/px4_msgs/include/px4_msgs/px4_msgs/msg/detail/parameter_reset_request__rosidl_typesupport_fastrtps_c.h
[384.080s] -- Symlinking: /home/dolphiinn/ros2_ws/install/px4_msgs/include/px4_msgs/px4_msgs/msg/detail/parameter_set_used_request__rosidl_typesupport_fastrtps_c.h
[384.087s] -- Symlinking: /home/dolphiinn/ros2_ws/install/px4_msgs/include/px4_msgs/px4_msgs/msg/detail/parameter_set_value_request__rosidl_typesupport_fastrtps_c.h
[384.093s] -- Symlinking: /home/dolphiinn/ros2_ws/install/px4_msgs/include/px4_msgs/px4_msgs/msg/detail/parameter_set_value_response__rosidl_typesupport_fastrtps_c.h
[384.098s] -- Symlinking: /home/dolphiinn/ros2_ws/install/px4_msgs/include/px4_msgs/px4_msgs/msg/detail/parameter_update__rosidl_typesupport_fastrtps_c.h
[384.104s] -- Symlinking: /home/dolphiinn/ros2_ws/install/px4_msgs/include/px4_msgs/px4_msgs/msg/detail/ping__rosidl_typesupport_fastrtps_c.h
[384.110s] -- Symlinking: /home/dolphiinn/ros2_ws/install/px4_msgs/include/px4_msgs/px4_msgs/msg/detail/position_controller_landing_status__rosidl_typesupport_fastrtps_c.h
[384.116s] -- Symlinking: /home/dolphiinn/ros2_ws/install/px4_msgs/include/px4_msgs/px4_msgs/msg/detail/position_controller_status__rosidl_typesupport_fastrtps_c.h
[384.121s] -- Symlinking: /home/dolphiinn/ros2_ws/install/px4_msgs/include/px4_msgs/px4_msgs/msg/detail/position_setpoint__rosidl_typesupport_fastrtps_c.h
[384.127s] -- Symlinking: /home/dolphiinn/ros2_ws/install/px4_msgs/include/px4_msgs/px4_msgs/msg/detail/position_setpoint_triplet__rosidl_typesupport_fastrtps_c.h
[384.133s] -- Symlinking: /home/dolphiinn/ros2_ws/install/px4_msgs/include/px4_msgs/px4_msgs/msg/detail/power_button_state__rosidl_typesupport_fastrtps_c.h
[384.140s] -- Symlinking: /home/dolphiinn/ros2_ws/install/px4_msgs/include/px4_msgs/px4_msgs/msg/detail/power_monitor__rosidl_typesupport_fastrtps_c.h
[384.148s] -- Symlinking: /home/dolphiinn/ros2_ws/install/px4_msgs/include/px4_msgs/px4_msgs/msg/detail/pps_capture__rosidl_typesupport_fastrtps_c.h
[384.154s] -- Symlinking: /home/dolphiinn/ros2_ws/install/px4_msgs/include/px4_msgs/px4_msgs/msg/detail/pure_pursuit_status__rosidl_typesupport_fastrtps_c.h
[384.159s] -- Symlinking: /home/dolphiinn/ros2_ws/install/px4_msgs/include/px4_msgs/px4_msgs/msg/detail/pwm_input__rosidl_typesupport_fastrtps_c.h
[384.176s] -- Symlinking: /home/dolphiinn/ros2_ws/install/px4_msgs/include/px4_msgs/px4_msgs/msg/detail/px4io_status__rosidl_typesupport_fastrtps_c.h
[384.187s] -- Symlinking: /home/dolphiinn/ros2_ws/install/px4_msgs/include/px4_msgs/px4_msgs/msg/detail/qshell_req__rosidl_typesupport_fastrtps_c.h
[384.198s] -- Symlinking: /home/dolphiinn/ros2_ws/install/px4_msgs/include/px4_msgs/px4_msgs/msg/detail/qshell_retval__rosidl_typesupport_fastrtps_c.h
[384.207s] -- Symlinking: /home/dolphiinn/ros2_ws/install/px4_msgs/include/px4_msgs/px4_msgs/msg/detail/radio_status__rosidl_typesupport_fastrtps_c.h
[384.216s] -- Symlinking: /home/dolphiinn/ros2_ws/install/px4_msgs/include/px4_msgs/px4_msgs/msg/detail/rate_ctrl_status__rosidl_typesupport_fastrtps_c.h
[384.223s] -- Symlinking: /home/dolphiinn/ros2_ws/install/px4_msgs/include/px4_msgs/px4_msgs/msg/detail/rc_channels__rosidl_typesupport_fastrtps_c.h
[384.234s] -- Symlinking: /home/dolphiinn/ros2_ws/install/px4_msgs/include/px4_msgs/px4_msgs/msg/detail/rc_parameter_map__rosidl_typesupport_fastrtps_c.h
[384.241s] -- Symlinking: /home/dolphiinn/ros2_ws/install/px4_msgs/include/px4_msgs/px4_msgs/msg/detail/register_ext_component_reply__rosidl_typesupport_fastrtps_c.h
[384.250s] -- Symlinking: /home/dolphiinn/ros2_ws/install/px4_msgs/include/px4_msgs/px4_msgs/msg/detail/register_ext_component_request__rosidl_typesupport_fastrtps_c.h
[384.257s] -- Symlinking: /home/dolphiinn/ros2_ws/install/px4_msgs/include/px4_msgs/px4_msgs/msg/detail/rover_attitude_setpoint__rosidl_typesupport_fastrtps_c.h
[384.267s] -- Symlinking: /home/dolphiinn/ros2_ws/install/px4_msgs/include/px4_msgs/px4_msgs/msg/detail/rover_attitude_status__rosidl_typesupport_fastrtps_c.h
[384.277s] -- Symlinking: /home/dolphiinn/ros2_ws/install/px4_msgs/include/px4_msgs/px4_msgs/msg/detail/rover_position_setpoint__rosidl_typesupport_fastrtps_c.h
[384.284s] -- Symlinking: /home/dolphiinn/ros2_ws/install/px4_msgs/include/px4_msgs/px4_msgs/msg/detail/rover_rate_setpoint__rosidl_typesupport_fastrtps_c.h
[384.292s] -- Symlinking: /home/dolphiinn/ros2_ws/install/px4_msgs/include/px4_msgs/px4_msgs/msg/detail/rover_rate_status__rosidl_typesupport_fastrtps_c.h
[384.298s] -- Symlinking: /home/dolphiinn/ros2_ws/install/px4_msgs/include/px4_msgs/px4_msgs/msg/detail/rover_speed_setpoint__rosidl_typesupport_fastrtps_c.h
[384.303s] -- Symlinking: /home/dolphiinn/ros2_ws/install/px4_msgs/include/px4_msgs/px4_msgs/msg/detail/rover_speed_status__rosidl_typesupport_fastrtps_c.h
[384.309s] -- Symlinking: /home/dolphiinn/ros2_ws/install/px4_msgs/include/px4_msgs/px4_msgs/msg/detail/rover_steering_setpoint__rosidl_typesupport_fastrtps_c.h
[384.315s] -- Symlinking: /home/dolphiinn/ros2_ws/install/px4_msgs/include/px4_msgs/px4_msgs/msg/detail/rover_throttle_setpoint__rosidl_typesupport_fastrtps_c.h
[384.322s] -- Symlinking: /home/dolphiinn/ros2_ws/install/px4_msgs/include/px4_msgs/px4_msgs/msg/detail/rpm__rosidl_typesupport_fastrtps_c.h
[384.328s] -- Symlinking: /home/dolphiinn/ros2_ws/install/px4_msgs/include/px4_msgs/px4_msgs/msg/detail/rtl_status__rosidl_typesupport_fastrtps_c.h
[384.334s] -- Symlinking: /home/dolphiinn/ros2_ws/install/px4_msgs/include/px4_msgs/px4_msgs/msg/detail/rtl_time_estimate__rosidl_typesupport_fastrtps_c.h
[384.340s] -- Symlinking: /home/dolphiinn/ros2_ws/install/px4_msgs/include/px4_msgs/px4_msgs/msg/detail/satellite_info__rosidl_typesupport_fastrtps_c.h
[384.346s] -- Symlinking: /home/dolphiinn/ros2_ws/install/px4_msgs/include/px4_msgs/px4_msgs/msg/detail/sensor_accel__rosidl_typesupport_fastrtps_c.h
[384.351s] -- Symlinking: /home/dolphiinn/ros2_ws/install/px4_msgs/include/px4_msgs/px4_msgs/msg/detail/sensor_accel_fifo__rosidl_typesupport_fastrtps_c.h
[384.357s] -- Symlinking: /home/dolphiinn/ros2_ws/install/px4_msgs/include/px4_msgs/px4_msgs/msg/detail/sensor_airflow__rosidl_typesupport_fastrtps_c.h
[384.363s] -- Symlinking: /home/dolphiinn/ros2_ws/install/px4_msgs/include/px4_msgs/px4_msgs/msg/detail/sensor_baro__rosidl_typesupport_fastrtps_c.h
[384.369s] -- Symlinking: /home/dolphiinn/ros2_ws/install/px4_msgs/include/px4_msgs/px4_msgs/msg/detail/sensor_combined__rosidl_typesupport_fastrtps_c.h
[384.374s] -- Symlinking: /home/dolphiinn/ros2_ws/install/px4_msgs/include/px4_msgs/px4_msgs/msg/detail/sensor_correction__rosidl_typesupport_fastrtps_c.h
[384.380s] -- Symlinking: /home/dolphiinn/ros2_ws/install/px4_msgs/include/px4_msgs/px4_msgs/msg/detail/sensor_gnss_relative__rosidl_typesupport_fastrtps_c.h
[384.386s] -- Symlinking: /home/dolphiinn/ros2_ws/install/px4_msgs/include/px4_msgs/px4_msgs/msg/detail/sensor_gnss_status__rosidl_typesupport_fastrtps_c.h
[384.392s] -- Symlinking: /home/dolphiinn/ros2_ws/install/px4_msgs/include/px4_msgs/px4_msgs/msg/detail/sensor_gps__rosidl_typesupport_fastrtps_c.h
[384.398s] -- Symlinking: /home/dolphiinn/ros2_ws/install/px4_msgs/include/px4_msgs/px4_msgs/msg/detail/sensor_gyro__rosidl_typesupport_fastrtps_c.h
[384.403s] -- Symlinking: /home/dolphiinn/ros2_ws/install/px4_msgs/include/px4_msgs/px4_msgs/msg/detail/sensor_gyro_fft__rosidl_typesupport_fastrtps_c.h
[384.409s] -- Symlinking: /home/dolphiinn/ros2_ws/install/px4_msgs/include/px4_msgs/px4_msgs/msg/detail/sensor_gyro_fifo__rosidl_typesupport_fastrtps_c.h
[384.415s] -- Symlinking: /home/dolphiinn/ros2_ws/install/px4_msgs/include/px4_msgs/px4_msgs/msg/detail/sensor_hygrometer__rosidl_typesupport_fastrtps_c.h
[384.421s] -- Symlinking: /home/dolphiinn/ros2_ws/install/px4_msgs/include/px4_msgs/px4_msgs/msg/detail/sensor_mag__rosidl_typesupport_fastrtps_c.h
[384.426s] -- Symlinking: /home/dolphiinn/ros2_ws/install/px4_msgs/include/px4_msgs/px4_msgs/msg/detail/sensor_optical_flow__rosidl_typesupport_fastrtps_c.h
[384.432s] -- Symlinking: /home/dolphiinn/ros2_ws/install/px4_msgs/include/px4_msgs/px4_msgs/msg/detail/sensor_preflight_mag__rosidl_typesupport_fastrtps_c.h
[384.438s] -- Symlinking: /home/dolphiinn/ros2_ws/install/px4_msgs/include/px4_msgs/px4_msgs/msg/detail/sensor_selection__rosidl_typesupport_fastrtps_c.h
[384.444s] -- Symlinking: /home/dolphiinn/ros2_ws/install/px4_msgs/include/px4_msgs/px4_msgs/msg/detail/sensor_uwb__rosidl_typesupport_fastrtps_c.h
[384.450s] -- Symlinking: /home/dolphiinn/ros2_ws/install/px4_msgs/include/px4_msgs/px4_msgs/msg/detail/sensors_status__rosidl_typesupport_fastrtps_c.h
[384.456s] -- Symlinking: /home/dolphiinn/ros2_ws/install/px4_msgs/include/px4_msgs/px4_msgs/msg/detail/sensors_status_imu__rosidl_typesupport_fastrtps_c.h
[384.461s] -- Symlinking: /home/dolphiinn/ros2_ws/install/px4_msgs/include/px4_msgs/px4_msgs/msg/detail/system_power__rosidl_typesupport_fastrtps_c.h
[384.467s] -- Symlinking: /home/dolphiinn/ros2_ws/install/px4_msgs/include/px4_msgs/px4_msgs/msg/detail/takeoff_status__rosidl_typesupport_fastrtps_c.h
[384.473s] -- Symlinking: /home/dolphiinn/ros2_ws/install/px4_msgs/include/px4_msgs/px4_msgs/msg/detail/task_stack_info__rosidl_typesupport_fastrtps_c.h
[384.478s] -- Symlinking: /home/dolphiinn/ros2_ws/install/px4_msgs/include/px4_msgs/px4_msgs/msg/detail/tecs_status__rosidl_typesupport_fastrtps_c.h
[384.484s] -- Symlinking: /home/dolphiinn/ros2_ws/install/px4_msgs/include/px4_msgs/px4_msgs/msg/detail/telemetry_status__rosidl_typesupport_fastrtps_c.h
[384.490s] -- Symlinking: /home/dolphiinn/ros2_ws/install/px4_msgs/include/px4_msgs/px4_msgs/msg/detail/tiltrotor_extra_controls__rosidl_typesupport_fastrtps_c.h
[384.496s] -- Symlinking: /home/dolphiinn/ros2_ws/install/px4_msgs/include/px4_msgs/px4_msgs/msg/detail/timesync_status__rosidl_typesupport_fastrtps_c.h
[384.501s] -- Symlinking: /home/dolphiinn/ros2_ws/install/px4_msgs/include/px4_msgs/px4_msgs/msg/detail/trajectory_setpoint6dof__rosidl_typesupport_fastrtps_c.h
[384.507s] -- Symlinking: /home/dolphiinn/ros2_ws/install/px4_msgs/include/px4_msgs/px4_msgs/msg/detail/trajectory_setpoint__rosidl_typesupport_fastrtps_c.h
[384.513s] -- Symlinking: /home/dolphiinn/ros2_ws/install/px4_msgs/include/px4_msgs/px4_msgs/msg/detail/transponder_report__rosidl_typesupport_fastrtps_c.h
[384.519s] -- Symlinking: /home/dolphiinn/ros2_ws/install/px4_msgs/include/px4_msgs/px4_msgs/msg/detail/tune_control__rosidl_typesupport_fastrtps_c.h
[384.524s] -- Symlinking: /home/dolphiinn/ros2_ws/install/px4_msgs/include/px4_msgs/px4_msgs/msg/detail/uavcan_parameter_request__rosidl_typesupport_fastrtps_c.h
[384.530s] -- Symlinking: /home/dolphiinn/ros2_ws/install/px4_msgs/include/px4_msgs/px4_msgs/msg/detail/uavcan_parameter_value__rosidl_typesupport_fastrtps_c.h
[384.541s] -- Symlinking: /home/dolphiinn/ros2_ws/install/px4_msgs/include/px4_msgs/px4_msgs/msg/detail/ulog_stream__rosidl_typesupport_fastrtps_c.h
[384.547s] -- Symlinking: /home/dolphiinn/ros2_ws/install/px4_msgs/include/px4_msgs/px4_msgs/msg/detail/ulog_stream_ack__rosidl_typesupport_fastrtps_c.h
[384.563s] -- Symlinking: /home/dolphiinn/ros2_ws/install/px4_msgs/include/px4_msgs/px4_msgs/msg/detail/unregister_ext_component__rosidl_typesupport_fastrtps_c.h
[384.570s] -- Symlinking: /home/dolphiinn/ros2_ws/install/px4_msgs/include/px4_msgs/px4_msgs/msg/detail/vehicle_acceleration__rosidl_typesupport_fastrtps_c.h
[384.577s] -- Symlinking: /home/dolphiinn/ros2_ws/install/px4_msgs/include/px4_msgs/px4_msgs/msg/detail/vehicle_air_data__rosidl_typesupport_fastrtps_c.h
[384.583s] -- Symlinking: /home/dolphiinn/ros2_ws/install/px4_msgs/include/px4_msgs/px4_msgs/msg/detail/vehicle_angular_acceleration_setpoint__rosidl_typesupport_fastrtps_c.h
[384.589s] -- Symlinking: /home/dolphiinn/ros2_ws/install/px4_msgs/include/px4_msgs/px4_msgs/msg/detail/vehicle_angular_velocity__rosidl_typesupport_fastrtps_c.h
[384.594s] -- Symlinking: /home/dolphiinn/ros2_ws/install/px4_msgs/include/px4_msgs/px4_msgs/msg/detail/vehicle_attitude__rosidl_typesupport_fastrtps_c.h
[384.600s] -- Symlinking: /home/dolphiinn/ros2_ws/install/px4_msgs/include/px4_msgs/px4_msgs/msg/detail/vehicle_attitude_setpoint__rosidl_typesupport_fastrtps_c.h
[384.606s] -- Symlinking: /home/dolphiinn/ros2_ws/install/px4_msgs/include/px4_msgs/px4_msgs/msg/detail/vehicle_command__rosidl_typesupport_fastrtps_c.h
[384.612s] -- Symlinking: /home/dolphiinn/ros2_ws/install/px4_msgs/include/px4_msgs/px4_msgs/msg/detail/vehicle_command_ack__rosidl_typesupport_fastrtps_c.h
[384.618s] -- Symlinking: /home/dolphiinn/ros2_ws/install/px4_msgs/include/px4_msgs/px4_msgs/msg/detail/vehicle_constraints__rosidl_typesupport_fastrtps_c.h
[384.624s] -- Symlinking: /home/dolphiinn/ros2_ws/install/px4_msgs/include/px4_msgs/px4_msgs/msg/detail/vehicle_control_mode__rosidl_typesupport_fastrtps_c.h
[384.629s] -- Symlinking: /home/dolphiinn/ros2_ws/install/px4_msgs/include/px4_msgs/px4_msgs/msg/detail/vehicle_global_position__rosidl_typesupport_fastrtps_c.h
[384.635s] -- Symlinking: /home/dolphiinn/ros2_ws/install/px4_msgs/include/px4_msgs/px4_msgs/msg/detail/vehicle_imu__rosidl_typesupport_fastrtps_c.h
[384.641s] -- Symlinking: /home/dolphiinn/ros2_ws/install/px4_msgs/include/px4_msgs/px4_msgs/msg/detail/vehicle_imu_status__rosidl_typesupport_fastrtps_c.h
[384.647s] -- Symlinking: /home/dolphiinn/ros2_ws/install/px4_msgs/include/px4_msgs/px4_msgs/msg/detail/vehicle_land_detected__rosidl_typesupport_fastrtps_c.h
[384.653s] -- Symlinking: /home/dolphiinn/ros2_ws/install/px4_msgs/include/px4_msgs/px4_msgs/msg/detail/vehicle_local_position__rosidl_typesupport_fastrtps_c.h
[384.658s] -- Symlinking: /home/dolphiinn/ros2_ws/install/px4_msgs/include/px4_msgs/px4_msgs/msg/detail/vehicle_local_position_setpoint__rosidl_typesupport_fastrtps_c.h
[384.664s] -- Symlinking: /home/dolphiinn/ros2_ws/install/px4_msgs/include/px4_msgs/px4_msgs/msg/detail/vehicle_magnetometer__rosidl_typesupport_fastrtps_c.h
[384.670s] -- Symlinking: /home/dolphiinn/ros2_ws/install/px4_msgs/include/px4_msgs/px4_msgs/msg/detail/vehicle_odometry__rosidl_typesupport_fastrtps_c.h
[384.676s] -- Symlinking: /home/dolphiinn/ros2_ws/install/px4_msgs/include/px4_msgs/px4_msgs/msg/detail/vehicle_optical_flow__rosidl_typesupport_fastrtps_c.h
[384.681s] -- Symlinking: /home/dolphiinn/ros2_ws/install/px4_msgs/include/px4_msgs/px4_msgs/msg/detail/vehicle_optical_flow_vel__rosidl_typesupport_fastrtps_c.h
[384.687s] -- Symlinking: /home/dolphiinn/ros2_ws/install/px4_msgs/include/px4_msgs/px4_msgs/msg/detail/vehicle_rates_setpoint__rosidl_typesupport_fastrtps_c.h
[384.693s] -- Symlinking: /home/dolphiinn/ros2_ws/install/px4_msgs/include/px4_msgs/px4_msgs/msg/detail/vehicle_roi__rosidl_typesupport_fastrtps_c.h
[384.699s] -- Symlinking: /home/dolphiinn/ros2_ws/install/px4_msgs/include/px4_msgs/px4_msgs/msg/detail/vehicle_status__rosidl_typesupport_fastrtps_c.h
[384.705s] -- Symlinking: /home/dolphiinn/ros2_ws/install/px4_msgs/include/px4_msgs/px4_msgs/msg/detail/vehicle_thrust_setpoint__rosidl_typesupport_fastrtps_c.h
[384.710s] -- Symlinking: /home/dolphiinn/ros2_ws/install/px4_msgs/include/px4_msgs/px4_msgs/msg/detail/vehicle_torque_setpoint__rosidl_typesupport_fastrtps_c.h
[384.716s] -- Symlinking: /home/dolphiinn/ros2_ws/install/px4_msgs/include/px4_msgs/px4_msgs/msg/detail/velocity_limits__rosidl_typesupport_fastrtps_c.h
[384.722s] -- Symlinking: /home/dolphiinn/ros2_ws/install/px4_msgs/include/px4_msgs/px4_msgs/msg/detail/vtol_vehicle_status__rosidl_typesupport_fastrtps_c.h
[384.728s] -- Symlinking: /home/dolphiinn/ros2_ws/install/px4_msgs/include/px4_msgs/px4_msgs/msg/detail/wheel_encoders__rosidl_typesupport_fastrtps_c.h
[384.733s] -- Symlinking: /home/dolphiinn/ros2_ws/install/px4_msgs/include/px4_msgs/px4_msgs/msg/detail/wind__rosidl_typesupport_fastrtps_c.h
[384.739s] -- Symlinking: /home/dolphiinn/ros2_ws/install/px4_msgs/include/px4_msgs/px4_msgs/msg/detail/yaw_estimator_status__rosidl_typesupport_fastrtps_c.h
[384.745s] -- Symlinking: /home/dolphiinn/ros2_ws/install/px4_msgs/include/px4_msgs/px4_msgs/msg/rosidl_typesupport_fastrtps_c__visibility_control.h
[384.751s] -- Symlinking: /home/dolphiinn/ros2_ws/install/px4_msgs/include/px4_msgs/px4_msgs/srv/detail/vehicle_command__rosidl_typesupport_fastrtps_c.h
[384.763s] -- Symlinking: /home/dolphiinn/ros2_ws/install/px4_msgs/include/px4_msgs/px4_msgs/msg/action_request.hpp
[384.769s] -- Symlinking: /home/dolphiinn/ros2_ws/install/px4_msgs/include/px4_msgs/px4_msgs/msg/actuator_armed.hpp
[384.774s] -- Symlinking: /home/dolphiinn/ros2_ws/install/px4_msgs/include/px4_msgs/px4_msgs/msg/actuator_controls_status.hpp
[384.780s] -- Symlinking: /home/dolphiinn/ros2_ws/install/px4_msgs/include/px4_msgs/px4_msgs/msg/actuator_motors.hpp
[384.786s] -- Symlinking: /home/dolphiinn/ros2_ws/install/px4_msgs/include/px4_msgs/px4_msgs/msg/actuator_outputs.hpp
[384.791s] -- Symlinking: /home/dolphiinn/ros2_ws/install/px4_msgs/include/px4_msgs/px4_msgs/msg/actuator_servos.hpp
[384.797s] -- Symlinking: /home/dolphiinn/ros2_ws/install/px4_msgs/include/px4_msgs/px4_msgs/msg/actuator_servos_trim.hpp
[384.803s] -- Symlinking: /home/dolphiinn/ros2_ws/install/px4_msgs/include/px4_msgs/px4_msgs/msg/actuator_test.hpp
[384.809s] -- Symlinking: /home/dolphiinn/ros2_ws/install/px4_msgs/include/px4_msgs/px4_msgs/msg/adc_report.hpp
[384.815s] -- Symlinking: /home/dolphiinn/ros2_ws/install/px4_msgs/include/px4_msgs/px4_msgs/msg/airspeed.hpp
[384.821s] -- Symlinking: /home/dolphiinn/ros2_ws/install/px4_msgs/include/px4_msgs/px4_msgs/msg/airspeed_validated.hpp
[384.827s] -- Symlinking: /home/dolphiinn/ros2_ws/install/px4_msgs/include/px4_msgs/px4_msgs/msg/airspeed_wind.hpp
[384.832s] -- Symlinking: /home/dolphiinn/ros2_ws/install/px4_msgs/include/px4_msgs/px4_msgs/msg/arming_check_reply.hpp
[384.838s] -- Symlinking: /home/dolphiinn/ros2_ws/install/px4_msgs/include/px4_msgs/px4_msgs/msg/arming_check_request.hpp
[384.844s] -- Symlinking: /home/dolphiinn/ros2_ws/install/px4_msgs/include/px4_msgs/px4_msgs/msg/autotune_attitude_control_status.hpp
[384.850s] -- Symlinking: /home/dolphiinn/ros2_ws/install/px4_msgs/include/px4_msgs/px4_msgs/msg/battery_info.hpp
[384.856s] -- Symlinking: /home/dolphiinn/ros2_ws/install/px4_msgs/include/px4_msgs/px4_msgs/msg/battery_status.hpp
[384.861s] -- Symlinking: /home/dolphiinn/ros2_ws/install/px4_msgs/include/px4_msgs/px4_msgs/msg/button_event.hpp
[384.867s] -- Symlinking: /home/dolphiinn/ros2_ws/install/px4_msgs/include/px4_msgs/px4_msgs/msg/camera_capture.hpp
[384.873s] -- Symlinking: /home/dolphiinn/ros2_ws/install/px4_msgs/include/px4_msgs/px4_msgs/msg/camera_status.hpp
[384.878s] -- Symlinking: /home/dolphiinn/ros2_ws/install/px4_msgs/include/px4_msgs/px4_msgs/msg/camera_trigger.hpp
[384.884s] -- Symlinking: /home/dolphiinn/ros2_ws/install/px4_msgs/include/px4_msgs/px4_msgs/msg/can_interface_status.hpp
[384.890s] -- Symlinking: /home/dolphiinn/ros2_ws/install/px4_msgs/include/px4_msgs/px4_msgs/msg/cellular_status.hpp
[384.896s] -- Symlinking: /home/dolphiinn/ros2_ws/install/px4_msgs/include/px4_msgs/px4_msgs/msg/collision_constraints.hpp
[384.901s] -- Symlinking: /home/dolphiinn/ros2_ws/install/px4_msgs/include/px4_msgs/px4_msgs/msg/config_overrides.hpp
[384.907s] -- Symlinking: /home/dolphiinn/ros2_ws/install/px4_msgs/include/px4_msgs/px4_msgs/msg/control_allocator_status.hpp
[384.913s] -- Symlinking: /home/dolphiinn/ros2_ws/install/px4_msgs/include/px4_msgs/px4_msgs/msg/cpuload.hpp
[384.919s] -- Symlinking: /home/dolphiinn/ros2_ws/install/px4_msgs/include/px4_msgs/px4_msgs/msg/dataman_request.hpp
[384.924s] -- Symlinking: /home/dolphiinn/ros2_ws/install/px4_msgs/include/px4_msgs/px4_msgs/msg/dataman_response.hpp
[384.930s] -- Symlinking: /home/dolphiinn/ros2_ws/install/px4_msgs/include/px4_msgs/px4_msgs/msg/debug_array.hpp
[384.936s] -- Symlinking: /home/dolphiinn/ros2_ws/install/px4_msgs/include/px4_msgs/px4_msgs/msg/debug_key_value.hpp
[384.942s] -- Symlinking: /home/dolphiinn/ros2_ws/install/px4_msgs/include/px4_msgs/px4_msgs/msg/debug_value.hpp
[384.947s] -- Symlinking: /home/dolphiinn/ros2_ws/install/px4_msgs/include/px4_msgs/px4_msgs/msg/debug_vect.hpp
[384.953s] -- Symlinking: /home/dolphiinn/ros2_ws/install/px4_msgs/include/px4_msgs/px4_msgs/msg/detail/action_request__builder.hpp
[384.959s] -- Symlinking: /home/dolphiinn/ros2_ws/install/px4_msgs/include/px4_msgs/px4_msgs/msg/detail/action_request__struct.hpp
[384.965s] -- Symlinking: /home/dolphiinn/ros2_ws/install/px4_msgs/include/px4_msgs/px4_msgs/msg/detail/action_request__traits.hpp
[384.970s] -- Symlinking: /home/dolphiinn/ros2_ws/install/px4_msgs/include/px4_msgs/px4_msgs/msg/detail/action_request__type_support.hpp
[384.976s] -- Symlinking: /home/dolphiinn/ros2_ws/install/px4_msgs/include/px4_msgs/px4_msgs/msg/detail/actuator_armed__builder.hpp
[384.982s] -- Symlinking: /home/dolphiinn/ros2_ws/install/px4_msgs/include/px4_msgs/px4_msgs/msg/detail/actuator_armed__struct.hpp
[384.987s] -- Symlinking: /home/dolphiinn/ros2_ws/install/px4_msgs/include/px4_msgs/px4_msgs/msg/detail/actuator_armed__traits.hpp
[384.993s] -- Symlinking: /home/dolphiinn/ros2_ws/install/px4_msgs/include/px4_msgs/px4_msgs/msg/detail/actuator_armed__type_support.hpp
[384.999s] -- Symlinking: /home/dolphiinn/ros2_ws/install/px4_msgs/include/px4_msgs/px4_msgs/msg/detail/actuator_controls_status__builder.hpp
[385.005s] -- Symlinking: /home/dolphiinn/ros2_ws/install/px4_msgs/include/px4_msgs/px4_msgs/msg/detail/actuator_controls_status__struct.hpp
[385.011s] -- Symlinking: /home/dolphiinn/ros2_ws/install/px4_msgs/include/px4_msgs/px4_msgs/msg/detail/actuator_controls_status__traits.hpp
[385.017s] -- Symlinking: /home/dolphiinn/ros2_ws/install/px4_msgs/include/px4_msgs/px4_msgs/msg/detail/actuator_controls_status__type_support.hpp
[385.022s] -- Symlinking: /home/dolphiinn/ros2_ws/install/px4_msgs/include/px4_msgs/px4_msgs/msg/detail/actuator_motors__builder.hpp
[385.028s] -- Symlinking: /home/dolphiinn/ros2_ws/install/px4_msgs/include/px4_msgs/px4_msgs/msg/detail/actuator_motors__struct.hpp
[385.034s] -- Symlinking: /home/dolphiinn/ros2_ws/install/px4_msgs/include/px4_msgs/px4_msgs/msg/detail/actuator_motors__traits.hpp
[385.039s] -- Symlinking: /home/dolphiinn/ros2_ws/install/px4_msgs/include/px4_msgs/px4_msgs/msg/detail/actuator_motors__type_support.hpp
[385.045s] -- Symlinking: /home/dolphiinn/ros2_ws/install/px4_msgs/include/px4_msgs/px4_msgs/msg/detail/actuator_outputs__builder.hpp
[385.051s] -- Symlinking: /home/dolphiinn/ros2_ws/install/px4_msgs/include/px4_msgs/px4_msgs/msg/detail/actuator_outputs__struct.hpp
[385.056s] -- Symlinking: /home/dolphiinn/ros2_ws/install/px4_msgs/include/px4_msgs/px4_msgs/msg/detail/actuator_outputs__traits.hpp
[385.062s] -- Symlinking: /home/dolphiinn/ros2_ws/install/px4_msgs/include/px4_msgs/px4_msgs/msg/detail/actuator_outputs__type_support.hpp
[385.069s] -- Symlinking: /home/dolphiinn/ros2_ws/install/px4_msgs/include/px4_msgs/px4_msgs/msg/detail/actuator_servos__builder.hpp
[385.075s] -- Symlinking: /home/dolphiinn/ros2_ws/install/px4_msgs/include/px4_msgs/px4_msgs/msg/detail/actuator_servos__struct.hpp
[385.081s] -- Symlinking: /home/dolphiinn/ros2_ws/install/px4_msgs/include/px4_msgs/px4_msgs/msg/detail/actuator_servos__traits.hpp
[385.087s] -- Symlinking: /home/dolphiinn/ros2_ws/install/px4_msgs/include/px4_msgs/px4_msgs/msg/detail/actuator_servos__type_support.hpp
[385.093s] -- Symlinking: /home/dolphiinn/ros2_ws/install/px4_msgs/include/px4_msgs/px4_msgs/msg/detail/actuator_servos_trim__builder.hpp
[385.100s] -- Symlinking: /home/dolphiinn/ros2_ws/install/px4_msgs/include/px4_msgs/px4_msgs/msg/detail/actuator_servos_trim__struct.hpp
[385.109s] -- Symlinking: /home/dolphiinn/ros2_ws/install/px4_msgs/include/px4_msgs/px4_msgs/msg/detail/actuator_servos_trim__traits.hpp
[385.115s] -- Symlinking: /home/dolphiinn/ros2_ws/install/px4_msgs/include/px4_msgs/px4_msgs/msg/detail/actuator_servos_trim__type_support.hpp
[385.122s] -- Symlinking: /home/dolphiinn/ros2_ws/install/px4_msgs/include/px4_msgs/px4_msgs/msg/detail/actuator_test__builder.hpp
[385.128s] -- Symlinking: /home/dolphiinn/ros2_ws/install/px4_msgs/include/px4_msgs/px4_msgs/msg/detail/actuator_test__struct.hpp
[385.133s] -- Symlinking: /home/dolphiinn/ros2_ws/install/px4_msgs/include/px4_msgs/px4_msgs/msg/detail/actuator_test__traits.hpp
[385.139s] -- Symlinking: /home/dolphiinn/ros2_ws/install/px4_msgs/include/px4_msgs/px4_msgs/msg/detail/actuator_test__type_support.hpp
[385.145s] -- Symlinking: /home/dolphiinn/ros2_ws/install/px4_msgs/include/px4_msgs/px4_msgs/msg/detail/adc_report__builder.hpp
[385.151s] -- Symlinking: /home/dolphiinn/ros2_ws/install/px4_msgs/include/px4_msgs/px4_msgs/msg/detail/adc_report__struct.hpp
[385.157s] -- Symlinking: /home/dolphiinn/ros2_ws/install/px4_msgs/include/px4_msgs/px4_msgs/msg/detail/adc_report__traits.hpp
[385.163s] -- Symlinking: /home/dolphiinn/ros2_ws/install/px4_msgs/include/px4_msgs/px4_msgs/msg/detail/adc_report__type_support.hpp
[385.169s] -- Symlinking: /home/dolphiinn/ros2_ws/install/px4_msgs/include/px4_msgs/px4_msgs/msg/detail/airspeed__builder.hpp
[385.174s] -- Symlinking: /home/dolphiinn/ros2_ws/install/px4_msgs/include/px4_msgs/px4_msgs/msg/detail/airspeed__struct.hpp
[385.180s] -- Symlinking: /home/dolphiinn/ros2_ws/install/px4_msgs/include/px4_msgs/px4_msgs/msg/detail/airspeed__traits.hpp
[385.186s] -- Symlinking: /home/dolphiinn/ros2_ws/install/px4_msgs/include/px4_msgs/px4_msgs/msg/detail/airspeed__type_support.hpp
[385.192s] -- Symlinking: /home/dolphiinn/ros2_ws/install/px4_msgs/include/px4_msgs/px4_msgs/msg/detail/airspeed_validated__builder.hpp
[385.198s] -- Symlinking: /home/dolphiinn/ros2_ws/install/px4_msgs/include/px4_msgs/px4_msgs/msg/detail/airspeed_validated__struct.hpp
[385.203s] -- Symlinking: /home/dolphiinn/ros2_ws/install/px4_msgs/include/px4_msgs/px4_msgs/msg/detail/airspeed_validated__traits.hpp
[385.209s] -- Symlinking: /home/dolphiinn/ros2_ws/install/px4_msgs/include/px4_msgs/px4_msgs/msg/detail/airspeed_validated__type_support.hpp
[385.215s] -- Symlinking: /home/dolphiinn/ros2_ws/install/px4_msgs/include/px4_msgs/px4_msgs/msg/detail/airspeed_wind__builder.hpp
[385.221s] -- Symlinking: /home/dolphiinn/ros2_ws/install/px4_msgs/include/px4_msgs/px4_msgs/msg/detail/airspeed_wind__struct.hpp
[385.228s] -- Symlinking: /home/dolphiinn/ros2_ws/install/px4_msgs/include/px4_msgs/px4_msgs/msg/detail/airspeed_wind__traits.hpp
[385.233s] -- Symlinking: /home/dolphiinn/ros2_ws/install/px4_msgs/include/px4_msgs/px4_msgs/msg/detail/airspeed_wind__type_support.hpp
[385.240s] -- Symlinking: /home/dolphiinn/ros2_ws/install/px4_msgs/include/px4_msgs/px4_msgs/msg/detail/arming_check_reply__builder.hpp
[385.245s] -- Symlinking: /home/dolphiinn/ros2_ws/install/px4_msgs/include/px4_msgs/px4_msgs/msg/detail/arming_check_reply__struct.hpp
[385.251s] -- Symlinking: /home/dolphiinn/ros2_ws/install/px4_msgs/include/px4_msgs/px4_msgs/msg/detail/arming_check_reply__traits.hpp
[385.257s] -- Symlinking: /home/dolphiinn/ros2_ws/install/px4_msgs/include/px4_msgs/px4_msgs/msg/detail/arming_check_reply__type_support.hpp
[385.263s] -- Symlinking: /home/dolphiinn/ros2_ws/install/px4_msgs/include/px4_msgs/px4_msgs/msg/detail/arming_check_request__builder.hpp
[385.268s] -- Symlinking: /home/dolphiinn/ros2_ws/install/px4_msgs/include/px4_msgs/px4_msgs/msg/detail/arming_check_request__struct.hpp
[385.274s] -- Symlinking: /home/dolphiinn/ros2_ws/install/px4_msgs/include/px4_msgs/px4_msgs/msg/detail/arming_check_request__traits.hpp
[385.280s] -- Symlinking: /home/dolphiinn/ros2_ws/install/px4_msgs/include/px4_msgs/px4_msgs/msg/detail/arming_check_request__type_support.hpp
[385.286s] -- Symlinking: /home/dolphiinn/ros2_ws/install/px4_msgs/include/px4_msgs/px4_msgs/msg/detail/autotune_attitude_control_status__builder.hpp
[385.292s] -- Symlinking: /home/dolphiinn/ros2_ws/install/px4_msgs/include/px4_msgs/px4_msgs/msg/detail/autotune_attitude_control_status__struct.hpp
[385.297s] -- Symlinking: /home/dolphiinn/ros2_ws/install/px4_msgs/include/px4_msgs/px4_msgs/msg/detail/autotune_attitude_control_status__traits.hpp
[385.303s] -- Symlinking: /home/dolphiinn/ros2_ws/install/px4_msgs/include/px4_msgs/px4_msgs/msg/detail/autotune_attitude_control_status__type_support.hpp
[385.309s] -- Symlinking: /home/dolphiinn/ros2_ws/install/px4_msgs/include/px4_msgs/px4_msgs/msg/detail/battery_info__builder.hpp
[385.315s] -- Symlinking: /home/dolphiinn/ros2_ws/install/px4_msgs/include/px4_msgs/px4_msgs/msg/detail/battery_info__struct.hpp
[385.320s] -- Symlinking: /home/dolphiinn/ros2_ws/install/px4_msgs/include/px4_msgs/px4_msgs/msg/detail/battery_info__traits.hpp
[385.326s] -- Symlinking: /home/dolphiinn/ros2_ws/install/px4_msgs/include/px4_msgs/px4_msgs/msg/detail/battery_info__type_support.hpp
[385.332s] -- Symlinking: /home/dolphiinn/ros2_ws/install/px4_msgs/include/px4_msgs/px4_msgs/msg/detail/battery_status__builder.hpp
[385.338s] -- Symlinking: /home/dolphiinn/ros2_ws/install/px4_msgs/include/px4_msgs/px4_msgs/msg/detail/battery_status__struct.hpp
[385.344s] -- Symlinking: /home/dolphiinn/ros2_ws/install/px4_msgs/include/px4_msgs/px4_msgs/msg/detail/battery_status__traits.hpp
[385.349s] -- Symlinking: /home/dolphiinn/ros2_ws/install/px4_msgs/include/px4_msgs/px4_msgs/msg/detail/battery_status__type_support.hpp
[385.355s] -- Symlinking: /home/dolphiinn/ros2_ws/install/px4_msgs/include/px4_msgs/px4_msgs/msg/detail/button_event__builder.hpp
[385.361s] -- Symlinking: /home/dolphiinn/ros2_ws/install/px4_msgs/include/px4_msgs/px4_msgs/msg/detail/button_event__struct.hpp
[385.367s] -- Symlinking: /home/dolphiinn/ros2_ws/install/px4_msgs/include/px4_msgs/px4_msgs/msg/detail/button_event__traits.hpp
[385.373s] -- Symlinking: /home/dolphiinn/ros2_ws/install/px4_msgs/include/px4_msgs/px4_msgs/msg/detail/button_event__type_support.hpp
[385.378s] -- Symlinking: /home/dolphiinn/ros2_ws/install/px4_msgs/include/px4_msgs/px4_msgs/msg/detail/camera_capture__builder.hpp
[385.384s] -- Symlinking: /home/dolphiinn/ros2_ws/install/px4_msgs/include/px4_msgs/px4_msgs/msg/detail/camera_capture__struct.hpp
[385.390s] -- Symlinking: /home/dolphiinn/ros2_ws/install/px4_msgs/include/px4_msgs/px4_msgs/msg/detail/camera_capture__traits.hpp
[385.395s] -- Symlinking: /home/dolphiinn/ros2_ws/install/px4_msgs/include/px4_msgs/px4_msgs/msg/detail/camera_capture__type_support.hpp
[385.401s] -- Symlinking: /home/dolphiinn/ros2_ws/install/px4_msgs/include/px4_msgs/px4_msgs/msg/detail/camera_status__builder.hpp
[385.407s] -- Symlinking: /home/dolphiinn/ros2_ws/install/px4_msgs/include/px4_msgs/px4_msgs/msg/detail/camera_status__struct.hpp
[385.413s] -- Symlinking: /home/dolphiinn/ros2_ws/install/px4_msgs/include/px4_msgs/px4_msgs/msg/detail/camera_status__traits.hpp
[385.419s] -- Symlinking: /home/dolphiinn/ros2_ws/install/px4_msgs/include/px4_msgs/px4_msgs/msg/detail/camera_status__type_support.hpp
[385.424s] -- Symlinking: /home/dolphiinn/ros2_ws/install/px4_msgs/include/px4_msgs/px4_msgs/msg/detail/camera_trigger__builder.hpp
[385.430s] -- Symlinking: /home/dolphiinn/ros2_ws/install/px4_msgs/include/px4_msgs/px4_msgs/msg/detail/camera_trigger__struct.hpp
[385.436s] -- Symlinking: /home/dolphiinn/ros2_ws/install/px4_msgs/include/px4_msgs/px4_msgs/msg/detail/camera_trigger__traits.hpp
[385.442s] -- Symlinking: /home/dolphiinn/ros2_ws/install/px4_msgs/include/px4_msgs/px4_msgs/msg/detail/camera_trigger__type_support.hpp
[385.448s] -- Symlinking: /home/dolphiinn/ros2_ws/install/px4_msgs/include/px4_msgs/px4_msgs/msg/detail/can_interface_status__builder.hpp
[385.454s] -- Symlinking: /home/dolphiinn/ros2_ws/install/px4_msgs/include/px4_msgs/px4_msgs/msg/detail/can_interface_status__struct.hpp
[385.459s] -- Symlinking: /home/dolphiinn/ros2_ws/install/px4_msgs/include/px4_msgs/px4_msgs/msg/detail/can_interface_status__traits.hpp
[385.465s] -- Symlinking: /home/dolphiinn/ros2_ws/install/px4_msgs/include/px4_msgs/px4_msgs/msg/detail/can_interface_status__type_support.hpp
[385.471s] -- Symlinking: /home/dolphiinn/ros2_ws/install/px4_msgs/include/px4_msgs/px4_msgs/msg/detail/cellular_status__builder.hpp
[385.477s] -- Symlinking: /home/dolphiinn/ros2_ws/install/px4_msgs/include/px4_msgs/px4_msgs/msg/detail/cellular_status__struct.hpp
[385.483s] -- Symlinking: /home/dolphiinn/ros2_ws/install/px4_msgs/include/px4_msgs/px4_msgs/msg/detail/cellular_status__traits.hpp
[385.488s] -- Symlinking: /home/dolphiinn/ros2_ws/install/px4_msgs/include/px4_msgs/px4_msgs/msg/detail/cellular_status__type_support.hpp
[385.494s] -- Symlinking: /home/dolphiinn/ros2_ws/install/px4_msgs/include/px4_msgs/px4_msgs/msg/detail/collision_constraints__builder.hpp
[385.500s] -- Symlinking: /home/dolphiinn/ros2_ws/install/px4_msgs/include/px4_msgs/px4_msgs/msg/detail/collision_constraints__struct.hpp
[385.506s] -- Symlinking: /home/dolphiinn/ros2_ws/install/px4_msgs/include/px4_msgs/px4_msgs/msg/detail/collision_constraints__traits.hpp
[385.512s] -- Symlinking: /home/dolphiinn/ros2_ws/install/px4_msgs/include/px4_msgs/px4_msgs/msg/detail/collision_constraints__type_support.hpp
[385.518s] -- Symlinking: /home/dolphiinn/ros2_ws/install/px4_msgs/include/px4_msgs/px4_msgs/msg/detail/config_overrides__builder.hpp
[385.524s] -- Symlinking: /home/dolphiinn/ros2_ws/install/px4_msgs/include/px4_msgs/px4_msgs/msg/detail/config_overrides__struct.hpp
[385.530s] -- Symlinking: /home/dolphiinn/ros2_ws/install/px4_msgs/include/px4_msgs/px4_msgs/msg/detail/config_overrides__traits.hpp
[385.536s] -- Symlinking: /home/dolphiinn/ros2_ws/install/px4_msgs/include/px4_msgs/px4_msgs/msg/detail/config_overrides__type_support.hpp
[385.542s] -- Symlinking: /home/dolphiinn/ros2_ws/install/px4_msgs/include/px4_msgs/px4_msgs/msg/detail/control_allocator_status__builder.hpp
[385.548s] -- Symlinking: /home/dolphiinn/ros2_ws/install/px4_msgs/include/px4_msgs/px4_msgs/msg/detail/control_allocator_status__struct.hpp
[385.555s] -- Symlinking: /home/dolphiinn/ros2_ws/install/px4_msgs/include/px4_msgs/px4_msgs/msg/detail/control_allocator_status__traits.hpp
[385.561s] -- Symlinking: /home/dolphiinn/ros2_ws/install/px4_msgs/include/px4_msgs/px4_msgs/msg/detail/control_allocator_status__type_support.hpp
[385.567s] -- Symlinking: /home/dolphiinn/ros2_ws/install/px4_msgs/include/px4_msgs/px4_msgs/msg/detail/cpuload__builder.hpp
[385.572s] -- Symlinking: /home/dolphiinn/ros2_ws/install/px4_msgs/include/px4_msgs/px4_msgs/msg/detail/cpuload__struct.hpp
[385.578s] -- Symlinking: /home/dolphiinn/ros2_ws/install/px4_msgs/include/px4_msgs/px4_msgs/msg/detail/cpuload__traits.hpp
[385.584s] -- Symlinking: /home/dolphiinn/ros2_ws/install/px4_msgs/include/px4_msgs/px4_msgs/msg/detail/cpuload__type_support.hpp
[385.589s] -- Symlinking: /home/dolphiinn/ros2_ws/install/px4_msgs/include/px4_msgs/px4_msgs/msg/detail/dataman_request__builder.hpp
[385.595s] -- Symlinking: /home/dolphiinn/ros2_ws/install/px4_msgs/include/px4_msgs/px4_msgs/msg/detail/dataman_request__struct.hpp
[385.601s] -- Symlinking: /home/dolphiinn/ros2_ws/install/px4_msgs/include/px4_msgs/px4_msgs/msg/detail/dataman_request__traits.hpp
[385.606s] -- Symlinking: /home/dolphiinn/ros2_ws/install/px4_msgs/include/px4_msgs/px4_msgs/msg/detail/dataman_request__type_support.hpp
[385.612s] -- Symlinking: /home/dolphiinn/ros2_ws/install/px4_msgs/include/px4_msgs/px4_msgs/msg/detail/dataman_response__builder.hpp
[385.618s] -- Symlinking: /home/dolphiinn/ros2_ws/install/px4_msgs/include/px4_msgs/px4_msgs/msg/detail/dataman_response__struct.hpp
[385.625s] -- Symlinking: /home/dolphiinn/ros2_ws/install/px4_msgs/include/px4_msgs/px4_msgs/msg/detail/dataman_response__traits.hpp
[385.630s] -- Symlinking: /home/dolphiinn/ros2_ws/install/px4_msgs/include/px4_msgs/px4_msgs/msg/detail/dataman_response__type_support.hpp
[385.636s] -- Symlinking: /home/dolphiinn/ros2_ws/install/px4_msgs/include/px4_msgs/px4_msgs/msg/detail/debug_array__builder.hpp
[385.642s] -- Symlinking: /home/dolphiinn/ros2_ws/install/px4_msgs/include/px4_msgs/px4_msgs/msg/detail/debug_array__struct.hpp
[385.647s] -- Symlinking: /home/dolphiinn/ros2_ws/install/px4_msgs/include/px4_msgs/px4_msgs/msg/detail/debug_array__traits.hpp
[385.653s] -- Symlinking: /home/dolphiinn/ros2_ws/install/px4_msgs/include/px4_msgs/px4_msgs/msg/detail/debug_array__type_support.hpp
[385.659s] -- Symlinking: /home/dolphiinn/ros2_ws/install/px4_msgs/include/px4_msgs/px4_msgs/msg/detail/debug_key_value__builder.hpp
[385.667s] -- Symlinking: /home/dolphiinn/ros2_ws/install/px4_msgs/include/px4_msgs/px4_msgs/msg/detail/debug_key_value__struct.hpp
[385.673s] -- Symlinking: /home/dolphiinn/ros2_ws/install/px4_msgs/include/px4_msgs/px4_msgs/msg/detail/debug_key_value__traits.hpp
[385.678s] -- Symlinking: /home/dolphiinn/ros2_ws/install/px4_msgs/include/px4_msgs/px4_msgs/msg/detail/debug_key_value__type_support.hpp
[385.684s] -- Symlinking: /home/dolphiinn/ros2_ws/install/px4_msgs/include/px4_msgs/px4_msgs/msg/detail/debug_value__builder.hpp
[385.690s] -- Symlinking: /home/dolphiinn/ros2_ws/install/px4_msgs/include/px4_msgs/px4_msgs/msg/detail/debug_value__struct.hpp
[385.696s] -- Symlinking: /home/dolphiinn/ros2_ws/install/px4_msgs/include/px4_msgs/px4_msgs/msg/detail/debug_value__traits.hpp
[385.702s] -- Symlinking: /home/dolphiinn/ros2_ws/install/px4_msgs/include/px4_msgs/px4_msgs/msg/detail/debug_value__type_support.hpp
[385.708s] -- Symlinking: /home/dolphiinn/ros2_ws/install/px4_msgs/include/px4_msgs/px4_msgs/msg/detail/debug_vect__builder.hpp
[385.716s] -- Symlinking: /home/dolphiinn/ros2_ws/install/px4_msgs/include/px4_msgs/px4_msgs/msg/detail/debug_vect__struct.hpp
[385.721s] -- Symlinking: /home/dolphiinn/ros2_ws/install/px4_msgs/include/px4_msgs/px4_msgs/msg/detail/debug_vect__traits.hpp
[385.727s] -- Symlinking: /home/dolphiinn/ros2_ws/install/px4_msgs/include/px4_msgs/px4_msgs/msg/detail/debug_vect__type_support.hpp
[385.733s] -- Symlinking: /home/dolphiinn/ros2_ws/install/px4_msgs/include/px4_msgs/px4_msgs/msg/detail/differential_pressure__builder.hpp
[385.739s] -- Symlinking: /home/dolphiinn/ros2_ws/install/px4_msgs/include/px4_msgs/px4_msgs/msg/detail/differential_pressure__struct.hpp
[385.745s] -- Symlinking: /home/dolphiinn/ros2_ws/install/px4_msgs/include/px4_msgs/px4_msgs/msg/detail/differential_pressure__traits.hpp
[385.751s] -- Symlinking: /home/dolphiinn/ros2_ws/install/px4_msgs/include/px4_msgs/px4_msgs/msg/detail/differential_pressure__type_support.hpp
[385.756s] -- Symlinking: /home/dolphiinn/ros2_ws/install/px4_msgs/include/px4_msgs/px4_msgs/msg/detail/distance_sensor__builder.hpp
[385.762s] -- Symlinking: /home/dolphiinn/ros2_ws/install/px4_msgs/include/px4_msgs/px4_msgs/msg/detail/distance_sensor__struct.hpp
[385.768s] -- Symlinking: /home/dolphiinn/ros2_ws/install/px4_msgs/include/px4_msgs/px4_msgs/msg/detail/distance_sensor__traits.hpp
[385.774s] -- Symlinking: /home/dolphiinn/ros2_ws/install/px4_msgs/include/px4_msgs/px4_msgs/msg/detail/distance_sensor__type_support.hpp
[385.780s] -- Symlinking: /home/dolphiinn/ros2_ws/install/px4_msgs/include/px4_msgs/px4_msgs/msg/detail/distance_sensor_mode_change_request__builder.hpp
[385.786s] -- Symlinking: /home/dolphiinn/ros2_ws/install/px4_msgs/include/px4_msgs/px4_msgs/msg/detail/distance_sensor_mode_change_request__struct.hpp
[385.793s] -- Symlinking: /home/dolphiinn/ros2_ws/install/px4_msgs/include/px4_msgs/px4_msgs/msg/detail/distance_sensor_mode_change_request__traits.hpp
[385.799s] -- Symlinking: /home/dolphiinn/ros2_ws/install/px4_msgs/include/px4_msgs/px4_msgs/msg/detail/distance_sensor_mode_change_request__type_support.hpp
[385.804s] -- Symlinking: /home/dolphiinn/ros2_ws/install/px4_msgs/include/px4_msgs/px4_msgs/msg/detail/dronecan_node_status__builder.hpp
[385.810s] -- Symlinking: /home/dolphiinn/ros2_ws/install/px4_msgs/include/px4_msgs/px4_msgs/msg/detail/dronecan_node_status__struct.hpp
[385.816s] -- Symlinking: /home/dolphiinn/ros2_ws/install/px4_msgs/include/px4_msgs/px4_msgs/msg/detail/dronecan_node_status__traits.hpp
[385.821s] -- Symlinking: /home/dolphiinn/ros2_ws/install/px4_msgs/include/px4_msgs/px4_msgs/msg/detail/dronecan_node_status__type_support.hpp
[385.828s] -- Symlinking: /home/dolphiinn/ros2_ws/install/px4_msgs/include/px4_msgs/px4_msgs/msg/detail/ekf2_timestamps__builder.hpp
[385.834s] -- Symlinking: /home/dolphiinn/ros2_ws/install/px4_msgs/include/px4_msgs/px4_msgs/msg/detail/ekf2_timestamps__struct.hpp
[385.839s] -- Symlinking: /home/dolphiinn/ros2_ws/install/px4_msgs/include/px4_msgs/px4_msgs/msg/detail/ekf2_timestamps__traits.hpp
[385.845s] -- Symlinking: /home/dolphiinn/ros2_ws/install/px4_msgs/include/px4_msgs/px4_msgs/msg/detail/ekf2_timestamps__type_support.hpp
[385.851s] -- Symlinking: /home/dolphiinn/ros2_ws/install/px4_msgs/include/px4_msgs/px4_msgs/msg/detail/esc_report__builder.hpp
[385.857s] -- Symlinking: /home/dolphiinn/ros2_ws/install/px4_msgs/include/px4_msgs/px4_msgs/msg/detail/esc_report__struct.hpp
[385.863s] -- Symlinking: /home/dolphiinn/ros2_ws/install/px4_msgs/include/px4_msgs/px4_msgs/msg/detail/esc_report__traits.hpp
[385.868s] -- Symlinking: /home/dolphiinn/ros2_ws/install/px4_msgs/include/px4_msgs/px4_msgs/msg/detail/esc_report__type_support.hpp
[385.874s] -- Symlinking: /home/dolphiinn/ros2_ws/install/px4_msgs/include/px4_msgs/px4_msgs/msg/detail/esc_status__builder.hpp
[385.880s] -- Symlinking: /home/dolphiinn/ros2_ws/install/px4_msgs/include/px4_msgs/px4_msgs/msg/detail/esc_status__struct.hpp
[385.885s] -- Symlinking: /home/dolphiinn/ros2_ws/install/px4_msgs/include/px4_msgs/px4_msgs/msg/detail/esc_status__traits.hpp
[385.891s] -- Symlinking: /home/dolphiinn/ros2_ws/install/px4_msgs/include/px4_msgs/px4_msgs/msg/detail/esc_status__type_support.hpp
[385.897s] -- Symlinking: /home/dolphiinn/ros2_ws/install/px4_msgs/include/px4_msgs/px4_msgs/msg/detail/estimator_aid_source1d__builder.hpp
[385.903s] -- Symlinking: /home/dolphiinn/ros2_ws/install/px4_msgs/include/px4_msgs/px4_msgs/msg/detail/estimator_aid_source1d__struct.hpp
[385.909s] -- Symlinking: /home/dolphiinn/ros2_ws/install/px4_msgs/include/px4_msgs/px4_msgs/msg/detail/estimator_aid_source1d__traits.hpp
[385.915s] -- Symlinking: /home/dolphiinn/ros2_ws/install/px4_msgs/include/px4_msgs/px4_msgs/msg/detail/estimator_aid_source1d__type_support.hpp
[385.921s] -- Symlinking: /home/dolphiinn/ros2_ws/install/px4_msgs/include/px4_msgs/px4_msgs/msg/detail/estimator_aid_source2d__builder.hpp
[385.927s] -- Symlinking: /home/dolphiinn/ros2_ws/install/px4_msgs/include/px4_msgs/px4_msgs/msg/detail/estimator_aid_source2d__struct.hpp
[385.935s] -- Symlinking: /home/dolphiinn/ros2_ws/install/px4_msgs/include/px4_msgs/px4_msgs/msg/detail/estimator_aid_source2d__traits.hpp
[385.941s] -- Symlinking: /home/dolphiinn/ros2_ws/install/px4_msgs/include/px4_msgs/px4_msgs/msg/detail/estimator_aid_source2d__type_support.hpp
[385.946s] -- Symlinking: /home/dolphiinn/ros2_ws/install/px4_msgs/include/px4_msgs/px4_msgs/msg/detail/estimator_aid_source3d__builder.hpp
[385.953s] -- Symlinking: /home/dolphiinn/ros2_ws/install/px4_msgs/include/px4_msgs/px4_msgs/msg/detail/estimator_aid_source3d__struct.hpp
[385.959s] -- Symlinking: /home/dolphiinn/ros2_ws/install/px4_msgs/include/px4_msgs/px4_msgs/msg/detail/estimator_aid_source3d__traits.hpp
[385.964s] -- Symlinking: /home/dolphiinn/ros2_ws/install/px4_msgs/include/px4_msgs/px4_msgs/msg/detail/estimator_aid_source3d__type_support.hpp
[385.970s] -- Symlinking: /home/dolphiinn/ros2_ws/install/px4_msgs/include/px4_msgs/px4_msgs/msg/detail/estimator_bias3d__builder.hpp
[385.976s] -- Symlinking: /home/dolphiinn/ros2_ws/install/px4_msgs/include/px4_msgs/px4_msgs/msg/detail/estimator_bias3d__struct.hpp
[385.982s] -- Symlinking: /home/dolphiinn/ros2_ws/install/px4_msgs/include/px4_msgs/px4_msgs/msg/detail/estimator_bias3d__traits.hpp
[385.987s] -- Symlinking: /home/dolphiinn/ros2_ws/install/px4_msgs/include/px4_msgs/px4_msgs/msg/detail/estimator_bias3d__type_support.hpp
[385.993s] -- Symlinking: /home/dolphiinn/ros2_ws/install/px4_msgs/include/px4_msgs/px4_msgs/msg/detail/estimator_bias__builder.hpp
[385.998s] -- Symlinking: /home/dolphiinn/ros2_ws/install/px4_msgs/include/px4_msgs/px4_msgs/msg/detail/estimator_bias__struct.hpp
[386.004s] -- Symlinking: /home/dolphiinn/ros2_ws/install/px4_msgs/include/px4_msgs/px4_msgs/msg/detail/estimator_bias__traits.hpp
[386.011s] -- Symlinking: /home/dolphiinn/ros2_ws/install/px4_msgs/include/px4_msgs/px4_msgs/msg/detail/estimator_bias__type_support.hpp
[386.017s] -- Symlinking: /home/dolphiinn/ros2_ws/install/px4_msgs/include/px4_msgs/px4_msgs/msg/detail/estimator_event_flags__builder.hpp
[386.022s] -- Symlinking: /home/dolphiinn/ros2_ws/install/px4_msgs/include/px4_msgs/px4_msgs/msg/detail/estimator_event_flags__struct.hpp
[386.028s] -- Symlinking: /home/dolphiinn/ros2_ws/install/px4_msgs/include/px4_msgs/px4_msgs/msg/detail/estimator_event_flags__traits.hpp
[386.034s] -- Symlinking: /home/dolphiinn/ros2_ws/install/px4_msgs/include/px4_msgs/px4_msgs/msg/detail/estimator_event_flags__type_support.hpp
[386.039s] -- Symlinking: /home/dolphiinn/ros2_ws/install/px4_msgs/include/px4_msgs/px4_msgs/msg/detail/estimator_gps_status__builder.hpp
[386.045s] -- Symlinking: /home/dolphiinn/ros2_ws/install/px4_msgs/include/px4_msgs/px4_msgs/msg/detail/estimator_gps_status__struct.hpp
[386.051s] -- Symlinking: /home/dolphiinn/ros2_ws/install/px4_msgs/include/px4_msgs/px4_msgs/msg/detail/estimator_gps_status__traits.hpp
[386.057s] -- Symlinking: /home/dolphiinn/ros2_ws/install/px4_msgs/include/px4_msgs/px4_msgs/msg/detail/estimator_gps_status__type_support.hpp
[386.062s] -- Symlinking: /home/dolphiinn/ros2_ws/install/px4_msgs/include/px4_msgs/px4_msgs/msg/detail/estimator_innovations__builder.hpp
[386.068s] -- Symlinking: /home/dolphiinn/ros2_ws/install/px4_msgs/include/px4_msgs/px4_msgs/msg/detail/estimator_innovations__struct.hpp
[386.074s] -- Symlinking: /home/dolphiinn/ros2_ws/install/px4_msgs/include/px4_msgs/px4_msgs/msg/detail/estimator_innovations__traits.hpp
[386.080s] -- Symlinking: /home/dolphiinn/ros2_ws/install/px4_msgs/include/px4_msgs/px4_msgs/msg/detail/estimator_innovations__type_support.hpp
[386.086s] -- Symlinking: /home/dolphiinn/ros2_ws/install/px4_msgs/include/px4_msgs/px4_msgs/msg/detail/estimator_selector_status__builder.hpp
[386.092s] -- Symlinking: /home/dolphiinn/ros2_ws/install/px4_msgs/include/px4_msgs/px4_msgs/msg/detail/estimator_selector_status__struct.hpp
[386.098s] -- Symlinking: /home/dolphiinn/ros2_ws/install/px4_msgs/include/px4_msgs/px4_msgs/msg/detail/estimator_selector_status__traits.hpp
[386.104s] -- Symlinking: /home/dolphiinn/ros2_ws/install/px4_msgs/include/px4_msgs/px4_msgs/msg/detail/estimator_selector_status__type_support.hpp
[386.109s] -- Symlinking: /home/dolphiinn/ros2_ws/install/px4_msgs/include/px4_msgs/px4_msgs/msg/detail/estimator_sensor_bias__builder.hpp
[386.115s] -- Symlinking: /home/dolphiinn/ros2_ws/install/px4_msgs/include/px4_msgs/px4_msgs/msg/detail/estimator_sensor_bias__struct.hpp
[386.121s] -- Symlinking: /home/dolphiinn/ros2_ws/install/px4_msgs/include/px4_msgs/px4_msgs/msg/detail/estimator_sensor_bias__traits.hpp
[386.127s] -- Symlinking: /home/dolphiinn/ros2_ws/install/px4_msgs/include/px4_msgs/px4_msgs/msg/detail/estimator_sensor_bias__type_support.hpp
[386.132s] -- Symlinking: /home/dolphiinn/ros2_ws/install/px4_msgs/include/px4_msgs/px4_msgs/msg/detail/estimator_states__builder.hpp
[386.138s] -- Symlinking: /home/dolphiinn/ros2_ws/install/px4_msgs/include/px4_msgs/px4_msgs/msg/detail/estimator_states__struct.hpp
[386.144s] -- Symlinking: /home/dolphiinn/ros2_ws/install/px4_msgs/include/px4_msgs/px4_msgs/msg/detail/estimator_states__traits.hpp
[386.150s] -- Symlinking: /home/dolphiinn/ros2_ws/install/px4_msgs/include/px4_msgs/px4_msgs/msg/detail/estimator_states__type_support.hpp
[386.156s] -- Symlinking: /home/dolphiinn/ros2_ws/install/px4_msgs/include/px4_msgs/px4_msgs/msg/detail/estimator_status__builder.hpp
[386.162s] -- Symlinking: /home/dolphiinn/ros2_ws/install/px4_msgs/include/px4_msgs/px4_msgs/msg/detail/estimator_status__struct.hpp
[386.168s] -- Symlinking: /home/dolphiinn/ros2_ws/install/px4_msgs/include/px4_msgs/px4_msgs/msg/detail/estimator_status__traits.hpp
[386.173s] -- Symlinking: /home/dolphiinn/ros2_ws/install/px4_msgs/include/px4_msgs/px4_msgs/msg/detail/estimator_status__type_support.hpp
[386.179s] -- Symlinking: /home/dolphiinn/ros2_ws/install/px4_msgs/include/px4_msgs/px4_msgs/msg/detail/estimator_status_flags__builder.hpp
[386.185s] -- Symlinking: /home/dolphiinn/ros2_ws/install/px4_msgs/include/px4_msgs/px4_msgs/msg/detail/estimator_status_flags__struct.hpp
[386.191s] -- Symlinking: /home/dolphiinn/ros2_ws/install/px4_msgs/include/px4_msgs/px4_msgs/msg/detail/estimator_status_flags__traits.hpp
[386.196s] -- Symlinking: /home/dolphiinn/ros2_ws/install/px4_msgs/include/px4_msgs/px4_msgs/msg/detail/estimator_status_flags__type_support.hpp
[386.202s] -- Symlinking: /home/dolphiinn/ros2_ws/install/px4_msgs/include/px4_msgs/px4_msgs/msg/detail/event__builder.hpp
[386.208s] -- Symlinking: /home/dolphiinn/ros2_ws/install/px4_msgs/include/px4_msgs/px4_msgs/msg/detail/event__struct.hpp
[386.214s] -- Symlinking: /home/dolphiinn/ros2_ws/install/px4_msgs/include/px4_msgs/px4_msgs/msg/detail/event__traits.hpp
[386.220s] -- Symlinking: /home/dolphiinn/ros2_ws/install/px4_msgs/include/px4_msgs/px4_msgs/msg/detail/event__type_support.hpp
[386.225s] -- Symlinking: /home/dolphiinn/ros2_ws/install/px4_msgs/include/px4_msgs/px4_msgs/msg/detail/failsafe_flags__builder.hpp
[386.231s] -- Symlinking: /home/dolphiinn/ros2_ws/install/px4_msgs/include/px4_msgs/px4_msgs/msg/detail/failsafe_flags__struct.hpp
[386.237s] -- Symlinking: /home/dolphiinn/ros2_ws/install/px4_msgs/include/px4_msgs/px4_msgs/msg/detail/failsafe_flags__traits.hpp
[386.242s] -- Symlinking: /home/dolphiinn/ros2_ws/install/px4_msgs/include/px4_msgs/px4_msgs/msg/detail/failsafe_flags__type_support.hpp
[386.248s] -- Symlinking: /home/dolphiinn/ros2_ws/install/px4_msgs/include/px4_msgs/px4_msgs/msg/detail/failure_detector_status__builder.hpp
[386.254s] -- Symlinking: /home/dolphiinn/ros2_ws/install/px4_msgs/include/px4_msgs/px4_msgs/msg/detail/failure_detector_status__struct.hpp
[386.260s] -- Symlinking: /home/dolphiinn/ros2_ws/install/px4_msgs/include/px4_msgs/px4_msgs/msg/detail/failure_detector_status__traits.hpp
[386.266s] -- Symlinking: /home/dolphiinn/ros2_ws/install/px4_msgs/include/px4_msgs/px4_msgs/msg/detail/failure_detector_status__type_support.hpp
[386.282s] -- Symlinking: /home/dolphiinn/ros2_ws/install/px4_msgs/include/px4_msgs/px4_msgs/msg/detail/figure_eight_status__builder.hpp
[386.288s] -- Symlinking: /home/dolphiinn/ros2_ws/install/px4_msgs/include/px4_msgs/px4_msgs/msg/detail/figure_eight_status__struct.hpp
[386.293s] -- Symlinking: /home/dolphiinn/ros2_ws/install/px4_msgs/include/px4_msgs/px4_msgs/msg/detail/figure_eight_status__traits.hpp
[386.299s] -- Symlinking: /home/dolphiinn/ros2_ws/install/px4_msgs/include/px4_msgs/px4_msgs/msg/detail/figure_eight_status__type_support.hpp
[386.305s] -- Symlinking: /home/dolphiinn/ros2_ws/install/px4_msgs/include/px4_msgs/px4_msgs/msg/detail/fixed_wing_lateral_guidance_status__builder.hpp
[386.311s] -- Symlinking: /home/dolphiinn/ros2_ws/install/px4_msgs/include/px4_msgs/px4_msgs/msg/detail/fixed_wing_lateral_guidance_status__struct.hpp
[386.317s] -- Symlinking: /home/dolphiinn/ros2_ws/install/px4_msgs/include/px4_msgs/px4_msgs/msg/detail/fixed_wing_lateral_guidance_status__traits.hpp
[386.323s] -- Symlinking: /home/dolphiinn/ros2_ws/install/px4_msgs/include/px4_msgs/px4_msgs/msg/detail/fixed_wing_lateral_guidance_status__type_support.hpp
[386.328s] -- Symlinking: /home/dolphiinn/ros2_ws/install/px4_msgs/include/px4_msgs/px4_msgs/msg/detail/fixed_wing_lateral_setpoint__builder.hpp
[386.334s] -- Symlinking: /home/dolphiinn/ros2_ws/install/px4_msgs/include/px4_msgs/px4_msgs/msg/detail/fixed_wing_lateral_setpoint__struct.hpp
[386.340s] -- Symlinking: /home/dolphiinn/ros2_ws/install/px4_msgs/include/px4_msgs/px4_msgs/msg/detail/fixed_wing_lateral_setpoint__traits.hpp
[386.346s] -- Symlinking: /home/dolphiinn/ros2_ws/install/px4_msgs/include/px4_msgs/px4_msgs/msg/detail/fixed_wing_lateral_setpoint__type_support.hpp
[386.352s] -- Symlinking: /home/dolphiinn/ros2_ws/install/px4_msgs/include/px4_msgs/px4_msgs/msg/detail/fixed_wing_lateral_status__builder.hpp
[386.358s] -- Symlinking: /home/dolphiinn/ros2_ws/install/px4_msgs/include/px4_msgs/px4_msgs/msg/detail/fixed_wing_lateral_status__struct.hpp
[386.363s] -- Symlinking: /home/dolphiinn/ros2_ws/install/px4_msgs/include/px4_msgs/px4_msgs/msg/detail/fixed_wing_lateral_status__traits.hpp
[386.369s] -- Symlinking: /home/dolphiinn/ros2_ws/install/px4_msgs/include/px4_msgs/px4_msgs/msg/detail/fixed_wing_lateral_status__type_support.hpp
[386.375s] -- Symlinking: /home/dolphiinn/ros2_ws/install/px4_msgs/include/px4_msgs/px4_msgs/msg/detail/fixed_wing_longitudinal_setpoint__builder.hpp
[386.381s] -- Symlinking: /home/dolphiinn/ros2_ws/install/px4_msgs/include/px4_msgs/px4_msgs/msg/detail/fixed_wing_longitudinal_setpoint__struct.hpp
[386.386s] -- Symlinking: /home/dolphiinn/ros2_ws/install/px4_msgs/include/px4_msgs/px4_msgs/msg/detail/fixed_wing_longitudinal_setpoint__traits.hpp
[386.392s] -- Symlinking: /home/dolphiinn/ros2_ws/install/px4_msgs/include/px4_msgs/px4_msgs/msg/detail/fixed_wing_longitudinal_setpoint__type_support.hpp
[386.398s] -- Symlinking: /home/dolphiinn/ros2_ws/install/px4_msgs/include/px4_msgs/px4_msgs/msg/detail/fixed_wing_runway_control__builder.hpp
[386.404s] -- Symlinking: /home/dolphiinn/ros2_ws/install/px4_msgs/include/px4_msgs/px4_msgs/msg/detail/fixed_wing_runway_control__struct.hpp
[386.410s] -- Symlinking: /home/dolphiinn/ros2_ws/install/px4_msgs/include/px4_msgs/px4_msgs/msg/detail/fixed_wing_runway_control__traits.hpp
[386.415s] -- Symlinking: /home/dolphiinn/ros2_ws/install/px4_msgs/include/px4_msgs/px4_msgs/msg/detail/fixed_wing_runway_control__type_support.hpp
[386.421s] -- Symlinking: /home/dolphiinn/ros2_ws/install/px4_msgs/include/px4_msgs/px4_msgs/msg/detail/flight_phase_estimation__builder.hpp
[386.436s] -- Symlinking: /home/dolphiinn/ros2_ws/install/px4_msgs/include/px4_msgs/px4_msgs/msg/detail/flight_phase_estimation__struct.hpp
[386.442s] -- Symlinking: /home/dolphiinn/ros2_ws/install/px4_msgs/include/px4_msgs/px4_msgs/msg/detail/flight_phase_estimation__traits.hpp
[386.448s] -- Symlinking: /home/dolphiinn/ros2_ws/install/px4_msgs/include/px4_msgs/px4_msgs/msg/detail/flight_phase_estimation__type_support.hpp
[386.454s] -- Symlinking: /home/dolphiinn/ros2_ws/install/px4_msgs/include/px4_msgs/px4_msgs/msg/detail/follow_target__builder.hpp
[386.460s] -- Symlinking: /home/dolphiinn/ros2_ws/install/px4_msgs/include/px4_msgs/px4_msgs/msg/detail/follow_target__struct.hpp
[386.466s] -- Symlinking: /home/dolphiinn/ros2_ws/install/px4_msgs/include/px4_msgs/px4_msgs/msg/detail/follow_target__traits.hpp
[386.472s] -- Symlinking: /home/dolphiinn/ros2_ws/install/px4_msgs/include/px4_msgs/px4_msgs/msg/detail/follow_target__type_support.hpp
[386.477s] -- Symlinking: /home/dolphiinn/ros2_ws/install/px4_msgs/include/px4_msgs/px4_msgs/msg/detail/follow_target_estimator__builder.hpp
[386.483s] -- Symlinking: /home/dolphiinn/ros2_ws/install/px4_msgs/include/px4_msgs/px4_msgs/msg/detail/follow_target_estimator__struct.hpp
[386.489s] -- Symlinking: /home/dolphiinn/ros2_ws/install/px4_msgs/include/px4_msgs/px4_msgs/msg/detail/follow_target_estimator__traits.hpp
[386.495s] -- Symlinking: /home/dolphiinn/ros2_ws/install/px4_msgs/include/px4_msgs/px4_msgs/msg/detail/follow_target_estimator__type_support.hpp
[386.501s] -- Symlinking: /home/dolphiinn/ros2_ws/install/px4_msgs/include/px4_msgs/px4_msgs/msg/detail/follow_target_status__builder.hpp
[386.507s] -- Symlinking: /home/dolphiinn/ros2_ws/install/px4_msgs/include/px4_msgs/px4_msgs/msg/detail/follow_target_status__struct.hpp
[386.512s] -- Symlinking: /home/dolphiinn/ros2_ws/install/px4_msgs/include/px4_msgs/px4_msgs/msg/detail/follow_target_status__traits.hpp
[386.518s] -- Symlinking: /home/dolphiinn/ros2_ws/install/px4_msgs/include/px4_msgs/px4_msgs/msg/detail/follow_target_status__type_support.hpp
[386.524s] -- Symlinking: /home/dolphiinn/ros2_ws/install/px4_msgs/include/px4_msgs/px4_msgs/msg/detail/fuel_tank_status__builder.hpp
[386.531s] -- Symlinking: /home/dolphiinn/ros2_ws/install/px4_msgs/include/px4_msgs/px4_msgs/msg/detail/fuel_tank_status__struct.hpp
[386.537s] -- Symlinking: /home/dolphiinn/ros2_ws/install/px4_msgs/include/px4_msgs/px4_msgs/msg/detail/fuel_tank_status__traits.hpp
[386.543s] -- Symlinking: /home/dolphiinn/ros2_ws/install/px4_msgs/include/px4_msgs/px4_msgs/msg/detail/fuel_tank_status__type_support.hpp
[386.549s] -- Symlinking: /home/dolphiinn/ros2_ws/install/px4_msgs/include/px4_msgs/px4_msgs/msg/detail/generator_status__builder.hpp
[386.555s] -- Symlinking: /home/dolphiinn/ros2_ws/install/px4_msgs/include/px4_msgs/px4_msgs/msg/detail/generator_status__struct.hpp
[386.561s] -- Symlinking: /home/dolphiinn/ros2_ws/install/px4_msgs/include/px4_msgs/px4_msgs/msg/detail/generator_status__traits.hpp
[386.567s] -- Symlinking: /home/dolphiinn/ros2_ws/install/px4_msgs/include/px4_msgs/px4_msgs/msg/detail/generator_status__type_support.hpp
[386.573s] -- Symlinking: /home/dolphiinn/ros2_ws/install/px4_msgs/include/px4_msgs/px4_msgs/msg/detail/geofence_result__builder.hpp
[386.579s] -- Symlinking: /home/dolphiinn/ros2_ws/install/px4_msgs/include/px4_msgs/px4_msgs/msg/detail/geofence_result__struct.hpp
[386.585s] -- Symlinking: /home/dolphiinn/ros2_ws/install/px4_msgs/include/px4_msgs/px4_msgs/msg/detail/geofence_result__traits.hpp
[386.591s] -- Symlinking: /home/dolphiinn/ros2_ws/install/px4_msgs/include/px4_msgs/px4_msgs/msg/detail/geofence_result__type_support.hpp
[386.597s] -- Symlinking: /home/dolphiinn/ros2_ws/install/px4_msgs/include/px4_msgs/px4_msgs/msg/detail/geofence_status__builder.hpp
[386.602s] -- Symlinking: /home/dolphiinn/ros2_ws/install/px4_msgs/include/px4_msgs/px4_msgs/msg/detail/geofence_status__struct.hpp
[386.608s] -- Symlinking: /home/dolphiinn/ros2_ws/install/px4_msgs/include/px4_msgs/px4_msgs/msg/detail/geofence_status__traits.hpp
[386.614s] -- Symlinking: /home/dolphiinn/ros2_ws/install/px4_msgs/include/px4_msgs/px4_msgs/msg/detail/geofence_status__type_support.hpp
[386.620s] -- Symlinking: /home/dolphiinn/ros2_ws/install/px4_msgs/include/px4_msgs/px4_msgs/msg/detail/gimbal_controls__builder.hpp
[386.626s] -- Symlinking: /home/dolphiinn/ros2_ws/install/px4_msgs/include/px4_msgs/px4_msgs/msg/detail/gimbal_controls__struct.hpp
[386.631s] -- Symlinking: /home/dolphiinn/ros2_ws/install/px4_msgs/include/px4_msgs/px4_msgs/msg/detail/gimbal_controls__traits.hpp
[386.637s] -- Symlinking: /home/dolphiinn/ros2_ws/install/px4_msgs/include/px4_msgs/px4_msgs/msg/detail/gimbal_controls__type_support.hpp
[386.643s] -- Symlinking: /home/dolphiinn/ros2_ws/install/px4_msgs/include/px4_msgs/px4_msgs/msg/detail/gimbal_device_attitude_status__builder.hpp
[386.649s] -- Symlinking: /home/dolphiinn/ros2_ws/install/px4_msgs/include/px4_msgs/px4_msgs/msg/detail/gimbal_device_attitude_status__struct.hpp
[386.655s] -- Symlinking: /home/dolphiinn/ros2_ws/install/px4_msgs/include/px4_msgs/px4_msgs/msg/detail/gimbal_device_attitude_status__traits.hpp
[386.661s] -- Symlinking: /home/dolphiinn/ros2_ws/install/px4_msgs/include/px4_msgs/px4_msgs/msg/detail/gimbal_device_attitude_status__type_support.hpp
[386.667s] -- Symlinking: /home/dolphiinn/ros2_ws/install/px4_msgs/include/px4_msgs/px4_msgs/msg/detail/gimbal_device_information__builder.hpp
[386.673s] -- Symlinking: /home/dolphiinn/ros2_ws/install/px4_msgs/include/px4_msgs/px4_msgs/msg/detail/gimbal_device_information__struct.hpp
[386.678s] -- Symlinking: /home/dolphiinn/ros2_ws/install/px4_msgs/include/px4_msgs/px4_msgs/msg/detail/gimbal_device_information__traits.hpp
[386.684s] -- Symlinking: /home/dolphiinn/ros2_ws/install/px4_msgs/include/px4_msgs/px4_msgs/msg/detail/gimbal_device_information__type_support.hpp
[386.690s] -- Symlinking: /home/dolphiinn/ros2_ws/install/px4_msgs/include/px4_msgs/px4_msgs/msg/detail/gimbal_device_set_attitude__builder.hpp
[386.696s] -- Symlinking: /home/dolphiinn/ros2_ws/install/px4_msgs/include/px4_msgs/px4_msgs/msg/detail/gimbal_device_set_attitude__struct.hpp
[386.702s] -- Symlinking: /home/dolphiinn/ros2_ws/install/px4_msgs/include/px4_msgs/px4_msgs/msg/detail/gimbal_device_set_attitude__traits.hpp
[386.707s] -- Symlinking: /home/dolphiinn/ros2_ws/install/px4_msgs/include/px4_msgs/px4_msgs/msg/detail/gimbal_device_set_attitude__type_support.hpp
[386.713s] -- Symlinking: /home/dolphiinn/ros2_ws/install/px4_msgs/include/px4_msgs/px4_msgs/msg/detail/gimbal_manager_information__builder.hpp
[386.719s] -- Symlinking: /home/dolphiinn/ros2_ws/install/px4_msgs/include/px4_msgs/px4_msgs/msg/detail/gimbal_manager_information__struct.hpp
[386.725s] -- Symlinking: /home/dolphiinn/ros2_ws/install/px4_msgs/include/px4_msgs/px4_msgs/msg/detail/gimbal_manager_information__traits.hpp
[386.731s] -- Symlinking: /home/dolphiinn/ros2_ws/install/px4_msgs/include/px4_msgs/px4_msgs/msg/detail/gimbal_manager_information__type_support.hpp
[386.737s] -- Symlinking: /home/dolphiinn/ros2_ws/install/px4_msgs/include/px4_msgs/px4_msgs/msg/detail/gimbal_manager_set_attitude__builder.hpp
[386.742s] -- Symlinking: /home/dolphiinn/ros2_ws/install/px4_msgs/include/px4_msgs/px4_msgs/msg/detail/gimbal_manager_set_attitude__struct.hpp
[386.748s] -- Symlinking: /home/dolphiinn/ros2_ws/install/px4_msgs/include/px4_msgs/px4_msgs/msg/detail/gimbal_manager_set_attitude__traits.hpp
[386.754s] -- Symlinking: /home/dolphiinn/ros2_ws/install/px4_msgs/include/px4_msgs/px4_msgs/msg/detail/gimbal_manager_set_attitude__type_support.hpp
[386.760s] -- Symlinking: /home/dolphiinn/ros2_ws/install/px4_msgs/include/px4_msgs/px4_msgs/msg/detail/gimbal_manager_set_manual_control__builder.hpp
[386.765s] -- Symlinking: /home/dolphiinn/ros2_ws/install/px4_msgs/include/px4_msgs/px4_msgs/msg/detail/gimbal_manager_set_manual_control__struct.hpp
[386.771s] -- Symlinking: /home/dolphiinn/ros2_ws/install/px4_msgs/include/px4_msgs/px4_msgs/msg/detail/gimbal_manager_set_manual_control__traits.hpp
[386.777s] -- Symlinking: /home/dolphiinn/ros2_ws/install/px4_msgs/include/px4_msgs/px4_msgs/msg/detail/gimbal_manager_set_manual_control__type_support.hpp
[386.783s] -- Symlinking: /home/dolphiinn/ros2_ws/install/px4_msgs/include/px4_msgs/px4_msgs/msg/detail/gimbal_manager_status__builder.hpp
[386.789s] -- Symlinking: /home/dolphiinn/ros2_ws/install/px4_msgs/include/px4_msgs/px4_msgs/msg/detail/gimbal_manager_status__struct.hpp
[386.794s] -- Symlinking: /home/dolphiinn/ros2_ws/install/px4_msgs/include/px4_msgs/px4_msgs/msg/detail/gimbal_manager_status__traits.hpp
[386.800s] -- Symlinking: /home/dolphiinn/ros2_ws/install/px4_msgs/include/px4_msgs/px4_msgs/msg/detail/gimbal_manager_status__type_support.hpp
[386.806s] -- Symlinking: /home/dolphiinn/ros2_ws/install/px4_msgs/include/px4_msgs/px4_msgs/msg/detail/goto_setpoint__builder.hpp
[386.812s] -- Symlinking: /home/dolphiinn/ros2_ws/install/px4_msgs/include/px4_msgs/px4_msgs/msg/detail/goto_setpoint__struct.hpp
[386.818s] -- Symlinking: /home/dolphiinn/ros2_ws/install/px4_msgs/include/px4_msgs/px4_msgs/msg/detail/goto_setpoint__traits.hpp
[386.824s] -- Symlinking: /home/dolphiinn/ros2_ws/install/px4_msgs/include/px4_msgs/px4_msgs/msg/detail/goto_setpoint__type_support.hpp
[386.829s] -- Symlinking: /home/dolphiinn/ros2_ws/install/px4_msgs/include/px4_msgs/px4_msgs/msg/detail/gpio_config__builder.hpp
[386.835s] -- Symlinking: /home/dolphiinn/ros2_ws/install/px4_msgs/include/px4_msgs/px4_msgs/msg/detail/gpio_config__struct.hpp
[386.841s] -- Symlinking: /home/dolphiinn/ros2_ws/install/px4_msgs/include/px4_msgs/px4_msgs/msg/detail/gpio_config__traits.hpp
[386.846s] -- Symlinking: /home/dolphiinn/ros2_ws/install/px4_msgs/include/px4_msgs/px4_msgs/msg/detail/gpio_config__type_support.hpp
[386.852s] -- Symlinking: /home/dolphiinn/ros2_ws/install/px4_msgs/include/px4_msgs/px4_msgs/msg/detail/gpio_in__builder.hpp
[386.858s] -- Symlinking: /home/dolphiinn/ros2_ws/install/px4_msgs/include/px4_msgs/px4_msgs/msg/detail/gpio_in__struct.hpp
[386.863s] -- Symlinking: /home/dolphiinn/ros2_ws/install/px4_msgs/include/px4_msgs/px4_msgs/msg/detail/gpio_in__traits.hpp
[386.869s] -- Symlinking: /home/dolphiinn/ros2_ws/install/px4_msgs/include/px4_msgs/px4_msgs/msg/detail/gpio_in__type_support.hpp
[386.875s] -- Symlinking: /home/dolphiinn/ros2_ws/install/px4_msgs/include/px4_msgs/px4_msgs/msg/detail/gpio_out__builder.hpp
[386.881s] -- Symlinking: /home/dolphiinn/ros2_ws/install/px4_msgs/include/px4_msgs/px4_msgs/msg/detail/gpio_out__struct.hpp
[386.887s] -- Symlinking: /home/dolphiinn/ros2_ws/install/px4_msgs/include/px4_msgs/px4_msgs/msg/detail/gpio_out__traits.hpp
[386.892s] -- Symlinking: /home/dolphiinn/ros2_ws/install/px4_msgs/include/px4_msgs/px4_msgs/msg/detail/gpio_out__type_support.hpp
[386.898s] -- Symlinking: /home/dolphiinn/ros2_ws/install/px4_msgs/include/px4_msgs/px4_msgs/msg/detail/gpio_request__builder.hpp
[386.904s] -- Symlinking: /home/dolphiinn/ros2_ws/install/px4_msgs/include/px4_msgs/px4_msgs/msg/detail/gpio_request__struct.hpp
[386.910s] -- Symlinking: /home/dolphiinn/ros2_ws/install/px4_msgs/include/px4_msgs/px4_msgs/msg/detail/gpio_request__traits.hpp
[386.916s] -- Symlinking: /home/dolphiinn/ros2_ws/install/px4_msgs/include/px4_msgs/px4_msgs/msg/detail/gpio_request__type_support.hpp
[386.921s] -- Symlinking: /home/dolphiinn/ros2_ws/install/px4_msgs/include/px4_msgs/px4_msgs/msg/detail/gps_dump__builder.hpp
[386.927s] -- Symlinking: /home/dolphiinn/ros2_ws/install/px4_msgs/include/px4_msgs/px4_msgs/msg/detail/gps_dump__struct.hpp
[386.933s] -- Symlinking: /home/dolphiinn/ros2_ws/install/px4_msgs/include/px4_msgs/px4_msgs/msg/detail/gps_dump__traits.hpp
[386.939s] -- Symlinking: /home/dolphiinn/ros2_ws/install/px4_msgs/include/px4_msgs/px4_msgs/msg/detail/gps_dump__type_support.hpp
[386.945s] -- Symlinking: /home/dolphiinn/ros2_ws/install/px4_msgs/include/px4_msgs/px4_msgs/msg/detail/gps_inject_data__builder.hpp
[386.950s] -- Symlinking: /home/dolphiinn/ros2_ws/install/px4_msgs/include/px4_msgs/px4_msgs/msg/detail/gps_inject_data__struct.hpp
[386.956s] -- Symlinking: /home/dolphiinn/ros2_ws/install/px4_msgs/include/px4_msgs/px4_msgs/msg/detail/gps_inject_data__traits.hpp
[386.962s] -- Symlinking: /home/dolphiinn/ros2_ws/install/px4_msgs/include/px4_msgs/px4_msgs/msg/detail/gps_inject_data__type_support.hpp
[386.968s] -- Symlinking: /home/dolphiinn/ros2_ws/install/px4_msgs/include/px4_msgs/px4_msgs/msg/detail/gripper__builder.hpp
[386.974s] -- Symlinking: /home/dolphiinn/ros2_ws/install/px4_msgs/include/px4_msgs/px4_msgs/msg/detail/gripper__struct.hpp
[386.979s] -- Symlinking: /home/dolphiinn/ros2_ws/install/px4_msgs/include/px4_msgs/px4_msgs/msg/detail/gripper__traits.hpp
[386.985s] -- Symlinking: /home/dolphiinn/ros2_ws/install/px4_msgs/include/px4_msgs/px4_msgs/msg/detail/gripper__type_support.hpp
[386.991s] -- Symlinking: /home/dolphiinn/ros2_ws/install/px4_msgs/include/px4_msgs/px4_msgs/msg/detail/health_report__builder.hpp
[386.998s] -- Symlinking: /home/dolphiinn/ros2_ws/install/px4_msgs/include/px4_msgs/px4_msgs/msg/detail/health_report__struct.hpp
[387.004s] -- Symlinking: /home/dolphiinn/ros2_ws/install/px4_msgs/include/px4_msgs/px4_msgs/msg/detail/health_report__traits.hpp
[387.010s] -- Symlinking: /home/dolphiinn/ros2_ws/install/px4_msgs/include/px4_msgs/px4_msgs/msg/detail/health_report__type_support.hpp
[387.016s] -- Symlinking: /home/dolphiinn/ros2_ws/install/px4_msgs/include/px4_msgs/px4_msgs/msg/detail/heater_status__builder.hpp
[387.022s] -- Symlinking: /home/dolphiinn/ros2_ws/install/px4_msgs/include/px4_msgs/px4_msgs/msg/detail/heater_status__struct.hpp
[387.028s] -- Symlinking: /home/dolphiinn/ros2_ws/install/px4_msgs/include/px4_msgs/px4_msgs/msg/detail/heater_status__traits.hpp
[387.034s] -- Symlinking: /home/dolphiinn/ros2_ws/install/px4_msgs/include/px4_msgs/px4_msgs/msg/detail/heater_status__type_support.hpp
[387.040s] -- Symlinking: /home/dolphiinn/ros2_ws/install/px4_msgs/include/px4_msgs/px4_msgs/msg/detail/home_position__builder.hpp
[387.046s] -- Symlinking: /home/dolphiinn/ros2_ws/install/px4_msgs/include/px4_msgs/px4_msgs/msg/detail/home_position__struct.hpp
[387.051s] -- Symlinking: /home/dolphiinn/ros2_ws/install/px4_msgs/include/px4_msgs/px4_msgs/msg/detail/home_position__traits.hpp
[387.057s] -- Symlinking: /home/dolphiinn/ros2_ws/install/px4_msgs/include/px4_msgs/px4_msgs/msg/detail/home_position__type_support.hpp
[387.063s] -- Symlinking: /home/dolphiinn/ros2_ws/install/px4_msgs/include/px4_msgs/px4_msgs/msg/detail/hover_thrust_estimate__builder.hpp
[387.069s] -- Symlinking: /home/dolphiinn/ros2_ws/install/px4_msgs/include/px4_msgs/px4_msgs/msg/detail/hover_thrust_estimate__struct.hpp
[387.075s] -- Symlinking: /home/dolphiinn/ros2_ws/install/px4_msgs/include/px4_msgs/px4_msgs/msg/detail/hover_thrust_estimate__traits.hpp
[387.081s] -- Symlinking: /home/dolphiinn/ros2_ws/install/px4_msgs/include/px4_msgs/px4_msgs/msg/detail/hover_thrust_estimate__type_support.hpp
[387.087s] -- Symlinking: /home/dolphiinn/ros2_ws/install/px4_msgs/include/px4_msgs/px4_msgs/msg/detail/input_rc__builder.hpp
[387.093s] -- Symlinking: /home/dolphiinn/ros2_ws/install/px4_msgs/include/px4_msgs/px4_msgs/msg/detail/input_rc__struct.hpp
[387.099s] -- Symlinking: /home/dolphiinn/ros2_ws/install/px4_msgs/include/px4_msgs/px4_msgs/msg/detail/input_rc__traits.hpp
[387.104s] -- Symlinking: /home/dolphiinn/ros2_ws/install/px4_msgs/include/px4_msgs/px4_msgs/msg/detail/input_rc__type_support.hpp
[387.110s] -- Symlinking: /home/dolphiinn/ros2_ws/install/px4_msgs/include/px4_msgs/px4_msgs/msg/detail/internal_combustion_engine_control__builder.hpp
[387.116s] -- Symlinking: /home/dolphiinn/ros2_ws/install/px4_msgs/include/px4_msgs/px4_msgs/msg/detail/internal_combustion_engine_control__struct.hpp
[387.122s] -- Symlinking: /home/dolphiinn/ros2_ws/install/px4_msgs/include/px4_msgs/px4_msgs/msg/detail/internal_combustion_engine_control__traits.hpp
[387.128s] -- Symlinking: /home/dolphiinn/ros2_ws/install/px4_msgs/include/px4_msgs/px4_msgs/msg/detail/internal_combustion_engine_control__type_support.hpp
[387.133s] -- Symlinking: /home/dolphiinn/ros2_ws/install/px4_msgs/include/px4_msgs/px4_msgs/msg/detail/internal_combustion_engine_status__builder.hpp
[387.139s] -- Symlinking: /home/dolphiinn/ros2_ws/install/px4_msgs/include/px4_msgs/px4_msgs/msg/detail/internal_combustion_engine_status__struct.hpp
[387.145s] -- Symlinking: /home/dolphiinn/ros2_ws/install/px4_msgs/include/px4_msgs/px4_msgs/msg/detail/internal_combustion_engine_status__traits.hpp
[387.151s] -- Symlinking: /home/dolphiinn/ros2_ws/install/px4_msgs/include/px4_msgs/px4_msgs/msg/detail/internal_combustion_engine_status__type_support.hpp
[387.156s] -- Symlinking: /home/dolphiinn/ros2_ws/install/px4_msgs/include/px4_msgs/px4_msgs/msg/detail/iridiumsbd_status__builder.hpp
[387.163s] -- Symlinking: /home/dolphiinn/ros2_ws/install/px4_msgs/include/px4_msgs/px4_msgs/msg/detail/iridiumsbd_status__struct.hpp
[387.168s] -- Symlinking: /home/dolphiinn/ros2_ws/install/px4_msgs/include/px4_msgs/px4_msgs/msg/detail/iridiumsbd_status__traits.hpp
[387.174s] -- Symlinking: /home/dolphiinn/ros2_ws/install/px4_msgs/include/px4_msgs/px4_msgs/msg/detail/iridiumsbd_status__type_support.hpp
[387.180s] -- Symlinking: /home/dolphiinn/ros2_ws/install/px4_msgs/include/px4_msgs/px4_msgs/msg/detail/irlock_report__builder.hpp
[387.185s] -- Symlinking: /home/dolphiinn/ros2_ws/install/px4_msgs/include/px4_msgs/px4_msgs/msg/detail/irlock_report__struct.hpp
[387.191s] -- Symlinking: /home/dolphiinn/ros2_ws/install/px4_msgs/include/px4_msgs/px4_msgs/msg/detail/irlock_report__traits.hpp
[387.197s] -- Symlinking: /home/dolphiinn/ros2_ws/install/px4_msgs/include/px4_msgs/px4_msgs/msg/detail/irlock_report__type_support.hpp
[387.203s] -- Symlinking: /home/dolphiinn/ros2_ws/install/px4_msgs/include/px4_msgs/px4_msgs/msg/detail/landing_gear__builder.hpp
[387.209s] -- Symlinking: /home/dolphiinn/ros2_ws/install/px4_msgs/include/px4_msgs/px4_msgs/msg/detail/landing_gear__struct.hpp
[387.214s] -- Symlinking: /home/dolphiinn/ros2_ws/install/px4_msgs/include/px4_msgs/px4_msgs/msg/detail/landing_gear__traits.hpp
[387.220s] -- Symlinking: /home/dolphiinn/ros2_ws/install/px4_msgs/include/px4_msgs/px4_msgs/msg/detail/landing_gear__type_support.hpp
[387.226s] -- Symlinking: /home/dolphiinn/ros2_ws/install/px4_msgs/include/px4_msgs/px4_msgs/msg/detail/landing_gear_wheel__builder.hpp
[387.231s] -- Symlinking: /home/dolphiinn/ros2_ws/install/px4_msgs/include/px4_msgs/px4_msgs/msg/detail/landing_gear_wheel__struct.hpp
[387.237s] -- Symlinking: /home/dolphiinn/ros2_ws/install/px4_msgs/include/px4_msgs/px4_msgs/msg/detail/landing_gear_wheel__traits.hpp
[387.243s] -- Symlinking: /home/dolphiinn/ros2_ws/install/px4_msgs/include/px4_msgs/px4_msgs/msg/detail/landing_gear_wheel__type_support.hpp
[387.249s] -- Symlinking: /home/dolphiinn/ros2_ws/install/px4_msgs/include/px4_msgs/px4_msgs/msg/detail/landing_target_innovations__builder.hpp
[387.255s] -- Symlinking: /home/dolphiinn/ros2_ws/install/px4_msgs/include/px4_msgs/px4_msgs/msg/detail/landing_target_innovations__struct.hpp
[387.261s] -- Symlinking: /home/dolphiinn/ros2_ws/install/px4_msgs/include/px4_msgs/px4_msgs/msg/detail/landing_target_innovations__traits.hpp
[387.267s] -- Symlinking: /home/dolphiinn/ros2_ws/install/px4_msgs/include/px4_msgs/px4_msgs/msg/detail/landing_target_innovations__type_support.hpp
[387.272s] -- Symlinking: /home/dolphiinn/ros2_ws/install/px4_msgs/include/px4_msgs/px4_msgs/msg/detail/landing_target_pose__builder.hpp
[387.278s] -- Symlinking: /home/dolphiinn/ros2_ws/install/px4_msgs/include/px4_msgs/px4_msgs/msg/detail/landing_target_pose__struct.hpp
[387.284s] -- Symlinking: /home/dolphiinn/ros2_ws/install/px4_msgs/include/px4_msgs/px4_msgs/msg/detail/landing_target_pose__traits.hpp
[387.290s] -- Symlinking: /home/dolphiinn/ros2_ws/install/px4_msgs/include/px4_msgs/px4_msgs/msg/detail/landing_target_pose__type_support.hpp
[387.295s] -- Symlinking: /home/dolphiinn/ros2_ws/install/px4_msgs/include/px4_msgs/px4_msgs/msg/detail/lateral_control_configuration__builder.hpp
[387.301s] -- Symlinking: /home/dolphiinn/ros2_ws/install/px4_msgs/include/px4_msgs/px4_msgs/msg/detail/lateral_control_configuration__struct.hpp
[387.307s] -- Symlinking: /home/dolphiinn/ros2_ws/install/px4_msgs/include/px4_msgs/px4_msgs/msg/detail/lateral_control_configuration__traits.hpp
[387.313s] -- Symlinking: /home/dolphiinn/ros2_ws/install/px4_msgs/include/px4_msgs/px4_msgs/msg/detail/lateral_control_configuration__type_support.hpp
[387.319s] -- Symlinking: /home/dolphiinn/ros2_ws/install/px4_msgs/include/px4_msgs/px4_msgs/msg/detail/launch_detection_status__builder.hpp
[387.325s] -- Symlinking: /home/dolphiinn/ros2_ws/install/px4_msgs/include/px4_msgs/px4_msgs/msg/detail/launch_detection_status__struct.hpp
[387.331s] -- Symlinking: /home/dolphiinn/ros2_ws/install/px4_msgs/include/px4_msgs/px4_msgs/msg/detail/launch_detection_status__traits.hpp
[387.336s] -- Symlinking: /home/dolphiinn/ros2_ws/install/px4_msgs/include/px4_msgs/px4_msgs/msg/detail/launch_detection_status__type_support.hpp
[387.342s] -- Symlinking: /home/dolphiinn/ros2_ws/install/px4_msgs/include/px4_msgs/px4_msgs/msg/detail/led_control__builder.hpp
[387.348s] -- Symlinking: /home/dolphiinn/ros2_ws/install/px4_msgs/include/px4_msgs/px4_msgs/msg/detail/led_control__struct.hpp
[387.354s] -- Symlinking: /home/dolphiinn/ros2_ws/install/px4_msgs/include/px4_msgs/px4_msgs/msg/detail/led_control__traits.hpp
[387.360s] -- Symlinking: /home/dolphiinn/ros2_ws/install/px4_msgs/include/px4_msgs/px4_msgs/msg/detail/led_control__type_support.hpp
[387.365s] -- Symlinking: /home/dolphiinn/ros2_ws/install/px4_msgs/include/px4_msgs/px4_msgs/msg/detail/log_message__builder.hpp
[387.371s] -- Symlinking: /home/dolphiinn/ros2_ws/install/px4_msgs/include/px4_msgs/px4_msgs/msg/detail/log_message__struct.hpp
[387.377s] -- Symlinking: /home/dolphiinn/ros2_ws/install/px4_msgs/include/px4_msgs/px4_msgs/msg/detail/log_message__traits.hpp
[387.383s] -- Symlinking: /home/dolphiinn/ros2_ws/install/px4_msgs/include/px4_msgs/px4_msgs/msg/detail/log_message__type_support.hpp
[387.389s] -- Symlinking: /home/dolphiinn/ros2_ws/install/px4_msgs/include/px4_msgs/px4_msgs/msg/detail/logger_status__builder.hpp
[387.394s] -- Symlinking: /home/dolphiinn/ros2_ws/install/px4_msgs/include/px4_msgs/px4_msgs/msg/detail/logger_status__struct.hpp
[387.400s] -- Symlinking: /home/dolphiinn/ros2_ws/install/px4_msgs/include/px4_msgs/px4_msgs/msg/detail/logger_status__traits.hpp
[387.406s] -- Symlinking: /home/dolphiinn/ros2_ws/install/px4_msgs/include/px4_msgs/px4_msgs/msg/detail/logger_status__type_support.hpp
[387.411s] -- Symlinking: /home/dolphiinn/ros2_ws/install/px4_msgs/include/px4_msgs/px4_msgs/msg/detail/longitudinal_control_configuration__builder.hpp
[387.417s] -- Symlinking: /home/dolphiinn/ros2_ws/install/px4_msgs/include/px4_msgs/px4_msgs/msg/detail/longitudinal_control_configuration__struct.hpp
[387.423s] -- Symlinking: /home/dolphiinn/ros2_ws/install/px4_msgs/include/px4_msgs/px4_msgs/msg/detail/longitudinal_control_configuration__traits.hpp
[387.429s] -- Symlinking: /home/dolphiinn/ros2_ws/install/px4_msgs/include/px4_msgs/px4_msgs/msg/detail/longitudinal_control_configuration__type_support.hpp
[387.435s] -- Symlinking: /home/dolphiinn/ros2_ws/install/px4_msgs/include/px4_msgs/px4_msgs/msg/detail/mag_worker_data__builder.hpp
[387.440s] -- Symlinking: /home/dolphiinn/ros2_ws/install/px4_msgs/include/px4_msgs/px4_msgs/msg/detail/mag_worker_data__struct.hpp
[387.446s] -- Symlinking: /home/dolphiinn/ros2_ws/install/px4_msgs/include/px4_msgs/px4_msgs/msg/detail/mag_worker_data__traits.hpp
[387.452s] -- Symlinking: /home/dolphiinn/ros2_ws/install/px4_msgs/include/px4_msgs/px4_msgs/msg/detail/mag_worker_data__type_support.hpp
[387.458s] -- Symlinking: /home/dolphiinn/ros2_ws/install/px4_msgs/include/px4_msgs/px4_msgs/msg/detail/magnetometer_bias_estimate__builder.hpp
[387.464s] -- Symlinking: /home/dolphiinn/ros2_ws/install/px4_msgs/include/px4_msgs/px4_msgs/msg/detail/magnetometer_bias_estimate__struct.hpp
[387.471s] -- Symlinking: /home/dolphiinn/ros2_ws/install/px4_msgs/include/px4_msgs/px4_msgs/msg/detail/magnetometer_bias_estimate__traits.hpp
[387.477s] -- Symlinking: /home/dolphiinn/ros2_ws/install/px4_msgs/include/px4_msgs/px4_msgs/msg/detail/magnetometer_bias_estimate__type_support.hpp
[387.483s] -- Symlinking: /home/dolphiinn/ros2_ws/install/px4_msgs/include/px4_msgs/px4_msgs/msg/detail/manual_control_setpoint__builder.hpp
[387.489s] -- Symlinking: /home/dolphiinn/ros2_ws/install/px4_msgs/include/px4_msgs/px4_msgs/msg/detail/manual_control_setpoint__struct.hpp
[387.494s] -- Symlinking: /home/dolphiinn/ros2_ws/install/px4_msgs/include/px4_msgs/px4_msgs/msg/detail/manual_control_setpoint__traits.hpp
[387.500s] -- Symlinking: /home/dolphiinn/ros2_ws/install/px4_msgs/include/px4_msgs/px4_msgs/msg/detail/manual_control_setpoint__type_support.hpp
[387.506s] -- Symlinking: /home/dolphiinn/ros2_ws/install/px4_msgs/include/px4_msgs/px4_msgs/msg/detail/manual_control_switches__builder.hpp
[387.512s] -- Symlinking: /home/dolphiinn/ros2_ws/install/px4_msgs/include/px4_msgs/px4_msgs/msg/detail/manual_control_switches__struct.hpp
[387.517s] -- Symlinking: /home/dolphiinn/ros2_ws/install/px4_msgs/include/px4_msgs/px4_msgs/msg/detail/manual_control_switches__traits.hpp
[387.523s] -- Symlinking: /home/dolphiinn/ros2_ws/install/px4_msgs/include/px4_msgs/px4_msgs/msg/detail/manual_control_switches__type_support.hpp
[387.529s] -- Symlinking: /home/dolphiinn/ros2_ws/install/px4_msgs/include/px4_msgs/px4_msgs/msg/detail/mavlink_log__builder.hpp
[387.535s] -- Symlinking: /home/dolphiinn/ros2_ws/install/px4_msgs/include/px4_msgs/px4_msgs/msg/detail/mavlink_log__struct.hpp
[387.541s] -- Symlinking: /home/dolphiinn/ros2_ws/install/px4_msgs/include/px4_msgs/px4_msgs/msg/detail/mavlink_log__traits.hpp
[387.547s] -- Symlinking: /home/dolphiinn/ros2_ws/install/px4_msgs/include/px4_msgs/px4_msgs/msg/detail/mavlink_log__type_support.hpp
[387.552s] -- Symlinking: /home/dolphiinn/ros2_ws/install/px4_msgs/include/px4_msgs/px4_msgs/msg/detail/mavlink_tunnel__builder.hpp
[387.558s] -- Symlinking: /home/dolphiinn/ros2_ws/install/px4_msgs/include/px4_msgs/px4_msgs/msg/detail/mavlink_tunnel__struct.hpp
[387.564s] -- Symlinking: /home/dolphiinn/ros2_ws/install/px4_msgs/include/px4_msgs/px4_msgs/msg/detail/mavlink_tunnel__traits.hpp
[387.570s] -- Symlinking: /home/dolphiinn/ros2_ws/install/px4_msgs/include/px4_msgs/px4_msgs/msg/detail/mavlink_tunnel__type_support.hpp
[387.576s] -- Symlinking: /home/dolphiinn/ros2_ws/install/px4_msgs/include/px4_msgs/px4_msgs/msg/detail/message_format_request__builder.hpp
[387.581s] -- Symlinking: /home/dolphiinn/ros2_ws/install/px4_msgs/include/px4_msgs/px4_msgs/msg/detail/message_format_request__struct.hpp
[387.587s] -- Symlinking: /home/dolphiinn/ros2_ws/install/px4_msgs/include/px4_msgs/px4_msgs/msg/detail/message_format_request__traits.hpp
[387.593s] -- Symlinking: /home/dolphiinn/ros2_ws/install/px4_msgs/include/px4_msgs/px4_msgs/msg/detail/message_format_request__type_support.hpp
[387.599s] -- Symlinking: /home/dolphiinn/ros2_ws/install/px4_msgs/include/px4_msgs/px4_msgs/msg/detail/message_format_response__builder.hpp
[387.606s] -- Symlinking: /home/dolphiinn/ros2_ws/install/px4_msgs/include/px4_msgs/px4_msgs/msg/detail/message_format_response__struct.hpp
[387.612s] -- Symlinking: /home/dolphiinn/ros2_ws/install/px4_msgs/include/px4_msgs/px4_msgs/msg/detail/message_format_response__traits.hpp
[387.618s] -- Symlinking: /home/dolphiinn/ros2_ws/install/px4_msgs/include/px4_msgs/px4_msgs/msg/detail/message_format_response__type_support.hpp
[387.624s] -- Symlinking: /home/dolphiinn/ros2_ws/install/px4_msgs/include/px4_msgs/px4_msgs/msg/detail/mission__builder.hpp
[387.630s] -- Symlinking: /home/dolphiinn/ros2_ws/install/px4_msgs/include/px4_msgs/px4_msgs/msg/detail/mission__struct.hpp
[387.636s] -- Symlinking: /home/dolphiinn/ros2_ws/install/px4_msgs/include/px4_msgs/px4_msgs/msg/detail/mission__traits.hpp
[387.642s] -- Symlinking: /home/dolphiinn/ros2_ws/install/px4_msgs/include/px4_msgs/px4_msgs/msg/detail/mission__type_support.hpp
[387.647s] -- Symlinking: /home/dolphiinn/ros2_ws/install/px4_msgs/include/px4_msgs/px4_msgs/msg/detail/mission_result__builder.hpp
[387.653s] -- Symlinking: /home/dolphiinn/ros2_ws/install/px4_msgs/include/px4_msgs/px4_msgs/msg/detail/mission_result__struct.hpp
[387.659s] -- Symlinking: /home/dolphiinn/ros2_ws/install/px4_msgs/include/px4_msgs/px4_msgs/msg/detail/mission_result__traits.hpp
[387.665s] -- Symlinking: /home/dolphiinn/ros2_ws/install/px4_msgs/include/px4_msgs/px4_msgs/msg/detail/mission_result__type_support.hpp
[387.671s] -- Symlinking: /home/dolphiinn/ros2_ws/install/px4_msgs/include/px4_msgs/px4_msgs/msg/detail/mode_completed__builder.hpp
[387.677s] -- Symlinking: /home/dolphiinn/ros2_ws/install/px4_msgs/include/px4_msgs/px4_msgs/msg/detail/mode_completed__struct.hpp
[387.683s] -- Symlinking: /home/dolphiinn/ros2_ws/install/px4_msgs/include/px4_msgs/px4_msgs/msg/detail/mode_completed__traits.hpp
[387.688s] -- Symlinking: /home/dolphiinn/ros2_ws/install/px4_msgs/include/px4_msgs/px4_msgs/msg/detail/mode_completed__type_support.hpp
[387.694s] -- Symlinking: /home/dolphiinn/ros2_ws/install/px4_msgs/include/px4_msgs/px4_msgs/msg/detail/mount_orientation__builder.hpp
[387.700s] -- Symlinking: /home/dolphiinn/ros2_ws/install/px4_msgs/include/px4_msgs/px4_msgs/msg/detail/mount_orientation__struct.hpp
[387.706s] -- Symlinking: /home/dolphiinn/ros2_ws/install/px4_msgs/include/px4_msgs/px4_msgs/msg/detail/mount_orientation__traits.hpp
[387.712s] -- Symlinking: /home/dolphiinn/ros2_ws/install/px4_msgs/include/px4_msgs/px4_msgs/msg/detail/mount_orientation__type_support.hpp
[387.717s] -- Symlinking: /home/dolphiinn/ros2_ws/install/px4_msgs/include/px4_msgs/px4_msgs/msg/detail/navigator_mission_item__builder.hpp
[387.723s] -- Symlinking: /home/dolphiinn/ros2_ws/install/px4_msgs/include/px4_msgs/px4_msgs/msg/detail/navigator_mission_item__struct.hpp
[387.730s] -- Symlinking: /home/dolphiinn/ros2_ws/install/px4_msgs/include/px4_msgs/px4_msgs/msg/detail/navigator_mission_item__traits.hpp
[387.736s] -- Symlinking: /home/dolphiinn/ros2_ws/install/px4_msgs/include/px4_msgs/px4_msgs/msg/detail/navigator_mission_item__type_support.hpp
[387.742s] -- Symlinking: /home/dolphiinn/ros2_ws/install/px4_msgs/include/px4_msgs/px4_msgs/msg/detail/navigator_status__builder.hpp
[387.748s] -- Symlinking: /home/dolphiinn/ros2_ws/install/px4_msgs/include/px4_msgs/px4_msgs/msg/detail/navigator_status__struct.hpp
[387.754s] -- Symlinking: /home/dolphiinn/ros2_ws/install/px4_msgs/include/px4_msgs/px4_msgs/msg/detail/navigator_status__traits.hpp
[387.760s] -- Symlinking: /home/dolphiinn/ros2_ws/install/px4_msgs/include/px4_msgs/px4_msgs/msg/detail/navigator_status__type_support.hpp
[387.766s] -- Symlinking: /home/dolphiinn/ros2_ws/install/px4_msgs/include/px4_msgs/px4_msgs/msg/detail/neural_control__builder.hpp
[387.773s] -- Symlinking: /home/dolphiinn/ros2_ws/install/px4_msgs/include/px4_msgs/px4_msgs/msg/detail/neural_control__struct.hpp
[387.782s] -- Symlinking: /home/dolphiinn/ros2_ws/install/px4_msgs/include/px4_msgs/px4_msgs/msg/detail/neural_control__traits.hpp
[387.788s] -- Symlinking: /home/dolphiinn/ros2_ws/install/px4_msgs/include/px4_msgs/px4_msgs/msg/detail/neural_control__type_support.hpp
[387.794s] -- Symlinking: /home/dolphiinn/ros2_ws/install/px4_msgs/include/px4_msgs/px4_msgs/msg/detail/normalized_unsigned_setpoint__builder.hpp
[387.801s] -- Symlinking: /home/dolphiinn/ros2_ws/install/px4_msgs/include/px4_msgs/px4_msgs/msg/detail/normalized_unsigned_setpoint__struct.hpp
[387.806s] -- Symlinking: /home/dolphiinn/ros2_ws/install/px4_msgs/include/px4_msgs/px4_msgs/msg/detail/normalized_unsigned_setpoint__traits.hpp
[387.812s] -- Symlinking: /home/dolphiinn/ros2_ws/install/px4_msgs/include/px4_msgs/px4_msgs/msg/detail/normalized_unsigned_setpoint__type_support.hpp
[387.818s] -- Symlinking: /home/dolphiinn/ros2_ws/install/px4_msgs/include/px4_msgs/px4_msgs/msg/detail/obstacle_distance__builder.hpp
[387.824s] -- Symlinking: /home/dolphiinn/ros2_ws/install/px4_msgs/include/px4_msgs/px4_msgs/msg/detail/obstacle_distance__struct.hpp
[387.830s] -- Symlinking: /home/dolphiinn/ros2_ws/install/px4_msgs/include/px4_msgs/px4_msgs/msg/detail/obstacle_distance__traits.hpp
[387.837s] -- Symlinking: /home/dolphiinn/ros2_ws/install/px4_msgs/include/px4_msgs/px4_msgs/msg/detail/obstacle_distance__type_support.hpp
[387.844s] -- Symlinking: /home/dolphiinn/ros2_ws/install/px4_msgs/include/px4_msgs/px4_msgs/msg/detail/offboard_control_mode__builder.hpp
[387.851s] -- Symlinking: /home/dolphiinn/ros2_ws/install/px4_msgs/include/px4_msgs/px4_msgs/msg/detail/offboard_control_mode__struct.hpp
[387.859s] -- Symlinking: /home/dolphiinn/ros2_ws/install/px4_msgs/include/px4_msgs/px4_msgs/msg/detail/offboard_control_mode__traits.hpp
[387.865s] -- Symlinking: /home/dolphiinn/ros2_ws/install/px4_msgs/include/px4_msgs/px4_msgs/msg/detail/offboard_control_mode__type_support.hpp
[387.870s] -- Symlinking: /home/dolphiinn/ros2_ws/install/px4_msgs/include/px4_msgs/px4_msgs/msg/detail/onboard_computer_status__builder.hpp
[387.876s] -- Symlinking: /home/dolphiinn/ros2_ws/install/px4_msgs/include/px4_msgs/px4_msgs/msg/detail/onboard_computer_status__struct.hpp
[387.882s] -- Symlinking: /home/dolphiinn/ros2_ws/install/px4_msgs/include/px4_msgs/px4_msgs/msg/detail/onboard_computer_status__traits.hpp
[387.888s] -- Symlinking: /home/dolphiinn/ros2_ws/install/px4_msgs/include/px4_msgs/px4_msgs/msg/detail/onboard_computer_status__type_support.hpp
[387.895s] -- Symlinking: /home/dolphiinn/ros2_ws/install/px4_msgs/include/px4_msgs/px4_msgs/msg/detail/open_drone_id_arm_status__builder.hpp
[387.903s] -- Symlinking: /home/dolphiinn/ros2_ws/install/px4_msgs/include/px4_msgs/px4_msgs/msg/detail/open_drone_id_arm_status__struct.hpp
[387.909s] -- Symlinking: /home/dolphiinn/ros2_ws/install/px4_msgs/include/px4_msgs/px4_msgs/msg/detail/open_drone_id_arm_status__traits.hpp
[387.915s] -- Symlinking: /home/dolphiinn/ros2_ws/install/px4_msgs/include/px4_msgs/px4_msgs/msg/detail/open_drone_id_arm_status__type_support.hpp
[387.921s] -- Symlinking: /home/dolphiinn/ros2_ws/install/px4_msgs/include/px4_msgs/px4_msgs/msg/detail/open_drone_id_operator_id__builder.hpp
[387.927s] -- Symlinking: /home/dolphiinn/ros2_ws/install/px4_msgs/include/px4_msgs/px4_msgs/msg/detail/open_drone_id_operator_id__struct.hpp
[387.934s] -- Symlinking: /home/dolphiinn/ros2_ws/install/px4_msgs/include/px4_msgs/px4_msgs/msg/detail/open_drone_id_operator_id__traits.hpp
[387.941s] -- Symlinking: /home/dolphiinn/ros2_ws/install/px4_msgs/include/px4_msgs/px4_msgs/msg/detail/open_drone_id_operator_id__type_support.hpp
[387.947s] -- Symlinking: /home/dolphiinn/ros2_ws/install/px4_msgs/include/px4_msgs/px4_msgs/msg/detail/open_drone_id_self_id__builder.hpp
[387.952s] -- Symlinking: /home/dolphiinn/ros2_ws/install/px4_msgs/include/px4_msgs/px4_msgs/msg/detail/open_drone_id_self_id__struct.hpp
[387.958s] -- Symlinking: /home/dolphiinn/ros2_ws/install/px4_msgs/include/px4_msgs/px4_msgs/msg/detail/open_drone_id_self_id__traits.hpp
[387.964s] -- Symlinking: /home/dolphiinn/ros2_ws/install/px4_msgs/include/px4_msgs/px4_msgs/msg/detail/open_drone_id_self_id__type_support.hpp
[387.970s] -- Symlinking: /home/dolphiinn/ros2_ws/install/px4_msgs/include/px4_msgs/px4_msgs/msg/detail/open_drone_id_system__builder.hpp
[387.976s] -- Symlinking: /home/dolphiinn/ros2_ws/install/px4_msgs/include/px4_msgs/px4_msgs/msg/detail/open_drone_id_system__struct.hpp
[387.983s] -- Symlinking: /home/dolphiinn/ros2_ws/install/px4_msgs/include/px4_msgs/px4_msgs/msg/detail/open_drone_id_system__traits.hpp
[387.989s] -- Symlinking: /home/dolphiinn/ros2_ws/install/px4_msgs/include/px4_msgs/px4_msgs/msg/detail/open_drone_id_system__type_support.hpp
[387.994s] -- Symlinking: /home/dolphiinn/ros2_ws/install/px4_msgs/include/px4_msgs/px4_msgs/msg/detail/orb_test__builder.hpp
[388.000s] -- Symlinking: /home/dolphiinn/ros2_ws/install/px4_msgs/include/px4_msgs/px4_msgs/msg/detail/orb_test__struct.hpp
[388.006s] -- Symlinking: /home/dolphiinn/ros2_ws/install/px4_msgs/include/px4_msgs/px4_msgs/msg/detail/orb_test__traits.hpp
[388.012s] -- Symlinking: /home/dolphiinn/ros2_ws/install/px4_msgs/include/px4_msgs/px4_msgs/msg/detail/orb_test__type_support.hpp
[388.018s] -- Symlinking: /home/dolphiinn/ros2_ws/install/px4_msgs/include/px4_msgs/px4_msgs/msg/detail/orb_test_large__builder.hpp
[388.024s] -- Symlinking: /home/dolphiinn/ros2_ws/install/px4_msgs/include/px4_msgs/px4_msgs/msg/detail/orb_test_large__struct.hpp
[388.029s] -- Symlinking: /home/dolphiinn/ros2_ws/install/px4_msgs/include/px4_msgs/px4_msgs/msg/detail/orb_test_large__traits.hpp
[388.035s] -- Symlinking: /home/dolphiinn/ros2_ws/install/px4_msgs/include/px4_msgs/px4_msgs/msg/detail/orb_test_large__type_support.hpp
[388.041s] -- Symlinking: /home/dolphiinn/ros2_ws/install/px4_msgs/include/px4_msgs/px4_msgs/msg/detail/orb_test_medium__builder.hpp
[388.047s] -- Symlinking: /home/dolphiinn/ros2_ws/install/px4_msgs/include/px4_msgs/px4_msgs/msg/detail/orb_test_medium__struct.hpp
[388.052s] -- Symlinking: /home/dolphiinn/ros2_ws/install/px4_msgs/include/px4_msgs/px4_msgs/msg/detail/orb_test_medium__traits.hpp
[388.058s] -- Symlinking: /home/dolphiinn/ros2_ws/install/px4_msgs/include/px4_msgs/px4_msgs/msg/detail/orb_test_medium__type_support.hpp
[388.064s] -- Symlinking: /home/dolphiinn/ros2_ws/install/px4_msgs/include/px4_msgs/px4_msgs/msg/detail/orbit_status__builder.hpp
[388.070s] -- Symlinking: /home/dolphiinn/ros2_ws/install/px4_msgs/include/px4_msgs/px4_msgs/msg/detail/orbit_status__struct.hpp
[388.075s] -- Symlinking: /home/dolphiinn/ros2_ws/install/px4_msgs/include/px4_msgs/px4_msgs/msg/detail/orbit_status__traits.hpp
[388.081s] -- Symlinking: /home/dolphiinn/ros2_ws/install/px4_msgs/include/px4_msgs/px4_msgs/msg/detail/orbit_status__type_support.hpp
[388.087s] -- Symlinking: /home/dolphiinn/ros2_ws/install/px4_msgs/include/px4_msgs/px4_msgs/msg/detail/parameter_reset_request__builder.hpp
[388.093s] -- Symlinking: /home/dolphiinn/ros2_ws/install/px4_msgs/include/px4_msgs/px4_msgs/msg/detail/parameter_reset_request__struct.hpp
[388.099s] -- Symlinking: /home/dolphiinn/ros2_ws/install/px4_msgs/include/px4_msgs/px4_msgs/msg/detail/parameter_reset_request__traits.hpp
[388.105s] -- Symlinking: /home/dolphiinn/ros2_ws/install/px4_msgs/include/px4_msgs/px4_msgs/msg/detail/parameter_reset_request__type_support.hpp
[388.110s] -- Symlinking: /home/dolphiinn/ros2_ws/install/px4_msgs/include/px4_msgs/px4_msgs/msg/detail/parameter_set_used_request__builder.hpp
[388.116s] -- Symlinking: /home/dolphiinn/ros2_ws/install/px4_msgs/include/px4_msgs/px4_msgs/msg/detail/parameter_set_used_request__struct.hpp
[388.122s] -- Symlinking: /home/dolphiinn/ros2_ws/install/px4_msgs/include/px4_msgs/px4_msgs/msg/detail/parameter_set_used_request__traits.hpp
[388.128s] -- Symlinking: /home/dolphiinn/ros2_ws/install/px4_msgs/include/px4_msgs/px4_msgs/msg/detail/parameter_set_used_request__type_support.hpp
[388.133s] -- Symlinking: /home/dolphiinn/ros2_ws/install/px4_msgs/include/px4_msgs/px4_msgs/msg/detail/parameter_set_value_request__builder.hpp
[388.140s] -- Symlinking: /home/dolphiinn/ros2_ws/install/px4_msgs/include/px4_msgs/px4_msgs/msg/detail/parameter_set_value_request__struct.hpp
[388.146s] -- Symlinking: /home/dolphiinn/ros2_ws/install/px4_msgs/include/px4_msgs/px4_msgs/msg/detail/parameter_set_value_request__traits.hpp
[388.152s] -- Symlinking: /home/dolphiinn/ros2_ws/install/px4_msgs/include/px4_msgs/px4_msgs/msg/detail/parameter_set_value_request__type_support.hpp
[388.158s] -- Symlinking: /home/dolphiinn/ros2_ws/install/px4_msgs/include/px4_msgs/px4_msgs/msg/detail/parameter_set_value_response__builder.hpp
[388.164s] -- Symlinking: /home/dolphiinn/ros2_ws/install/px4_msgs/include/px4_msgs/px4_msgs/msg/detail/parameter_set_value_response__struct.hpp
[388.170s] -- Symlinking: /home/dolphiinn/ros2_ws/install/px4_msgs/include/px4_msgs/px4_msgs/msg/detail/parameter_set_value_response__traits.hpp
[388.177s] -- Symlinking: /home/dolphiinn/ros2_ws/install/px4_msgs/include/px4_msgs/px4_msgs/msg/detail/parameter_set_value_response__type_support.hpp
[388.184s] -- Symlinking: /home/dolphiinn/ros2_ws/install/px4_msgs/include/px4_msgs/px4_msgs/msg/detail/parameter_update__builder.hpp
[388.191s] -- Symlinking: /home/dolphiinn/ros2_ws/install/px4_msgs/include/px4_msgs/px4_msgs/msg/detail/parameter_update__struct.hpp
[388.197s] -- Symlinking: /home/dolphiinn/ros2_ws/install/px4_msgs/include/px4_msgs/px4_msgs/msg/detail/parameter_update__traits.hpp
[388.202s] -- Symlinking: /home/dolphiinn/ros2_ws/install/px4_msgs/include/px4_msgs/px4_msgs/msg/detail/parameter_update__type_support.hpp
[388.208s] -- Symlinking: /home/dolphiinn/ros2_ws/install/px4_msgs/include/px4_msgs/px4_msgs/msg/detail/ping__builder.hpp
[388.214s] -- Symlinking: /home/dolphiinn/ros2_ws/install/px4_msgs/include/px4_msgs/px4_msgs/msg/detail/ping__struct.hpp
[388.221s] -- Symlinking: /home/dolphiinn/ros2_ws/install/px4_msgs/include/px4_msgs/px4_msgs/msg/detail/ping__traits.hpp
[388.229s] -- Symlinking: /home/dolphiinn/ros2_ws/install/px4_msgs/include/px4_msgs/px4_msgs/msg/detail/ping__type_support.hpp
[388.238s] -- Symlinking: /home/dolphiinn/ros2_ws/install/px4_msgs/include/px4_msgs/px4_msgs/msg/detail/position_controller_landing_status__builder.hpp
[388.244s] -- Symlinking: /home/dolphiinn/ros2_ws/install/px4_msgs/include/px4_msgs/px4_msgs/msg/detail/position_controller_landing_status__struct.hpp
[388.249s] -- Symlinking: /home/dolphiinn/ros2_ws/install/px4_msgs/include/px4_msgs/px4_msgs/msg/detail/position_controller_landing_status__traits.hpp
[388.255s] -- Symlinking: /home/dolphiinn/ros2_ws/install/px4_msgs/include/px4_msgs/px4_msgs/msg/detail/position_controller_landing_status__type_support.hpp
[388.261s] -- Symlinking: /home/dolphiinn/ros2_ws/install/px4_msgs/include/px4_msgs/px4_msgs/msg/detail/position_controller_status__builder.hpp
[388.267s] -- Symlinking: /home/dolphiinn/ros2_ws/install/px4_msgs/include/px4_msgs/px4_msgs/msg/detail/position_controller_status__struct.hpp
[388.273s] -- Symlinking: /home/dolphiinn/ros2_ws/install/px4_msgs/include/px4_msgs/px4_msgs/msg/detail/position_controller_status__traits.hpp
[388.279s] -- Symlinking: /home/dolphiinn/ros2_ws/install/px4_msgs/include/px4_msgs/px4_msgs/msg/detail/position_controller_status__type_support.hpp
[388.285s] -- Symlinking: /home/dolphiinn/ros2_ws/install/px4_msgs/include/px4_msgs/px4_msgs/msg/detail/position_setpoint__builder.hpp
[388.291s] -- Symlinking: /home/dolphiinn/ros2_ws/install/px4_msgs/include/px4_msgs/px4_msgs/msg/detail/position_setpoint__struct.hpp
[388.297s] -- Symlinking: /home/dolphiinn/ros2_ws/install/px4_msgs/include/px4_msgs/px4_msgs/msg/detail/position_setpoint__traits.hpp
[388.302s] -- Symlinking: /home/dolphiinn/ros2_ws/install/px4_msgs/include/px4_msgs/px4_msgs/msg/detail/position_setpoint__type_support.hpp
[388.309s] -- Symlinking: /home/dolphiinn/ros2_ws/install/px4_msgs/include/px4_msgs/px4_msgs/msg/detail/position_setpoint_triplet__builder.hpp
[388.316s] -- Symlinking: /home/dolphiinn/ros2_ws/install/px4_msgs/include/px4_msgs/px4_msgs/msg/detail/position_setpoint_triplet__struct.hpp
[388.322s] -- Symlinking: /home/dolphiinn/ros2_ws/install/px4_msgs/include/px4_msgs/px4_msgs/msg/detail/position_setpoint_triplet__traits.hpp
[388.328s] -- Symlinking: /home/dolphiinn/ros2_ws/install/px4_msgs/include/px4_msgs/px4_msgs/msg/detail/position_setpoint_triplet__type_support.hpp
[388.333s] -- Symlinking: /home/dolphiinn/ros2_ws/install/px4_msgs/include/px4_msgs/px4_msgs/msg/detail/power_button_state__builder.hpp
[388.339s] -- Symlinking: /home/dolphiinn/ros2_ws/install/px4_msgs/include/px4_msgs/px4_msgs/msg/detail/power_button_state__struct.hpp
[388.345s] -- Symlinking: /home/dolphiinn/ros2_ws/install/px4_msgs/include/px4_msgs/px4_msgs/msg/detail/power_button_state__traits.hpp
[388.352s] -- Symlinking: /home/dolphiinn/ros2_ws/install/px4_msgs/include/px4_msgs/px4_msgs/msg/detail/power_button_state__type_support.hpp
[388.357s] -- Symlinking: /home/dolphiinn/ros2_ws/install/px4_msgs/include/px4_msgs/px4_msgs/msg/detail/power_monitor__builder.hpp
[388.363s] -- Symlinking: /home/dolphiinn/ros2_ws/install/px4_msgs/include/px4_msgs/px4_msgs/msg/detail/power_monitor__struct.hpp
[388.369s] -- Symlinking: /home/dolphiinn/ros2_ws/install/px4_msgs/include/px4_msgs/px4_msgs/msg/detail/power_monitor__traits.hpp
[388.375s] -- Symlinking: /home/dolphiinn/ros2_ws/install/px4_msgs/include/px4_msgs/px4_msgs/msg/detail/power_monitor__type_support.hpp
[388.381s] -- Symlinking: /home/dolphiinn/ros2_ws/install/px4_msgs/include/px4_msgs/px4_msgs/msg/detail/pps_capture__builder.hpp
[388.387s] -- Symlinking: /home/dolphiinn/ros2_ws/install/px4_msgs/include/px4_msgs/px4_msgs/msg/detail/pps_capture__struct.hpp
[388.393s] -- Symlinking: /home/dolphiinn/ros2_ws/install/px4_msgs/include/px4_msgs/px4_msgs/msg/detail/pps_capture__traits.hpp
[388.398s] -- Symlinking: /home/dolphiinn/ros2_ws/install/px4_msgs/include/px4_msgs/px4_msgs/msg/detail/pps_capture__type_support.hpp
[388.404s] -- Symlinking: /home/dolphiinn/ros2_ws/install/px4_msgs/include/px4_msgs/px4_msgs/msg/detail/pure_pursuit_status__builder.hpp
[388.410s] -- Symlinking: /home/dolphiinn/ros2_ws/install/px4_msgs/include/px4_msgs/px4_msgs/msg/detail/pure_pursuit_status__struct.hpp
[388.416s] -- Symlinking: /home/dolphiinn/ros2_ws/install/px4_msgs/include/px4_msgs/px4_msgs/msg/detail/pure_pursuit_status__traits.hpp
[388.421s] -- Symlinking: /home/dolphiinn/ros2_ws/install/px4_msgs/include/px4_msgs/px4_msgs/msg/detail/pure_pursuit_status__type_support.hpp
[388.427s] -- Symlinking: /home/dolphiinn/ros2_ws/install/px4_msgs/include/px4_msgs/px4_msgs/msg/detail/pwm_input__builder.hpp
[388.433s] -- Symlinking: /home/dolphiinn/ros2_ws/install/px4_msgs/include/px4_msgs/px4_msgs/msg/detail/pwm_input__struct.hpp
[388.439s] -- Symlinking: /home/dolphiinn/ros2_ws/install/px4_msgs/include/px4_msgs/px4_msgs/msg/detail/pwm_input__traits.hpp
[388.445s] -- Symlinking: /home/dolphiinn/ros2_ws/install/px4_msgs/include/px4_msgs/px4_msgs/msg/detail/pwm_input__type_support.hpp
[388.451s] -- Symlinking: /home/dolphiinn/ros2_ws/install/px4_msgs/include/px4_msgs/px4_msgs/msg/detail/px4io_status__builder.hpp
[388.457s] -- Symlinking: /home/dolphiinn/ros2_ws/install/px4_msgs/include/px4_msgs/px4_msgs/msg/detail/px4io_status__struct.hpp
[388.462s] -- Symlinking: /home/dolphiinn/ros2_ws/install/px4_msgs/include/px4_msgs/px4_msgs/msg/detail/px4io_status__traits.hpp
[388.469s] -- Symlinking: /home/dolphiinn/ros2_ws/install/px4_msgs/include/px4_msgs/px4_msgs/msg/detail/px4io_status__type_support.hpp
[388.474s] -- Symlinking: /home/dolphiinn/ros2_ws/install/px4_msgs/include/px4_msgs/px4_msgs/msg/detail/qshell_req__builder.hpp
[388.480s] -- Symlinking: /home/dolphiinn/ros2_ws/install/px4_msgs/include/px4_msgs/px4_msgs/msg/detail/qshell_req__struct.hpp
[388.486s] -- Symlinking: /home/dolphiinn/ros2_ws/install/px4_msgs/include/px4_msgs/px4_msgs/msg/detail/qshell_req__traits.hpp
[388.492s] -- Symlinking: /home/dolphiinn/ros2_ws/install/px4_msgs/include/px4_msgs/px4_msgs/msg/detail/qshell_req__type_support.hpp
[388.498s] -- Symlinking: /home/dolphiinn/ros2_ws/install/px4_msgs/include/px4_msgs/px4_msgs/msg/detail/qshell_retval__builder.hpp
[388.504s] -- Symlinking: /home/dolphiinn/ros2_ws/install/px4_msgs/include/px4_msgs/px4_msgs/msg/detail/qshell_retval__struct.hpp
[388.509s] -- Symlinking: /home/dolphiinn/ros2_ws/install/px4_msgs/include/px4_msgs/px4_msgs/msg/detail/qshell_retval__traits.hpp
[388.515s] -- Symlinking: /home/dolphiinn/ros2_ws/install/px4_msgs/include/px4_msgs/px4_msgs/msg/detail/qshell_retval__type_support.hpp
[388.521s] -- Symlinking: /home/dolphiinn/ros2_ws/install/px4_msgs/include/px4_msgs/px4_msgs/msg/detail/radio_status__builder.hpp
[388.527s] -- Symlinking: /home/dolphiinn/ros2_ws/install/px4_msgs/include/px4_msgs/px4_msgs/msg/detail/radio_status__struct.hpp
[388.532s] -- Symlinking: /home/dolphiinn/ros2_ws/install/px4_msgs/include/px4_msgs/px4_msgs/msg/detail/radio_status__traits.hpp
[388.538s] -- Symlinking: /home/dolphiinn/ros2_ws/install/px4_msgs/include/px4_msgs/px4_msgs/msg/detail/radio_status__type_support.hpp
[388.544s] -- Symlinking: /home/dolphiinn/ros2_ws/install/px4_msgs/include/px4_msgs/px4_msgs/msg/detail/rate_ctrl_status__builder.hpp
[388.550s] -- Symlinking: /home/dolphiinn/ros2_ws/install/px4_msgs/include/px4_msgs/px4_msgs/msg/detail/rate_ctrl_status__struct.hpp
[388.556s] -- Symlinking: /home/dolphiinn/ros2_ws/install/px4_msgs/include/px4_msgs/px4_msgs/msg/detail/rate_ctrl_status__traits.hpp
[388.564s] -- Symlinking: /home/dolphiinn/ros2_ws/install/px4_msgs/include/px4_msgs/px4_msgs/msg/detail/rate_ctrl_status__type_support.hpp
[388.572s] -- Symlinking: /home/dolphiinn/ros2_ws/install/px4_msgs/include/px4_msgs/px4_msgs/msg/detail/rc_channels__builder.hpp
[388.578s] -- Symlinking: /home/dolphiinn/ros2_ws/install/px4_msgs/include/px4_msgs/px4_msgs/msg/detail/rc_channels__struct.hpp
[388.584s] -- Symlinking: /home/dolphiinn/ros2_ws/install/px4_msgs/include/px4_msgs/px4_msgs/msg/detail/rc_channels__traits.hpp
[388.590s] -- Symlinking: /home/dolphiinn/ros2_ws/install/px4_msgs/include/px4_msgs/px4_msgs/msg/detail/rc_channels__type_support.hpp
[388.596s] -- Symlinking: /home/dolphiinn/ros2_ws/install/px4_msgs/include/px4_msgs/px4_msgs/msg/detail/rc_parameter_map__builder.hpp
[388.602s] -- Symlinking: /home/dolphiinn/ros2_ws/install/px4_msgs/include/px4_msgs/px4_msgs/msg/detail/rc_parameter_map__struct.hpp
[388.609s] -- Symlinking: /home/dolphiinn/ros2_ws/install/px4_msgs/include/px4_msgs/px4_msgs/msg/detail/rc_parameter_map__traits.hpp
[388.614s] -- Symlinking: /home/dolphiinn/ros2_ws/install/px4_msgs/include/px4_msgs/px4_msgs/msg/detail/rc_parameter_map__type_support.hpp
[388.620s] -- Symlinking: /home/dolphiinn/ros2_ws/install/px4_msgs/include/px4_msgs/px4_msgs/msg/detail/register_ext_component_reply__builder.hpp
[388.626s] -- Symlinking: /home/dolphiinn/ros2_ws/install/px4_msgs/include/px4_msgs/px4_msgs/msg/detail/register_ext_component_reply__struct.hpp
[388.632s] -- Symlinking: /home/dolphiinn/ros2_ws/install/px4_msgs/include/px4_msgs/px4_msgs/msg/detail/register_ext_component_reply__traits.hpp
[388.637s] -- Symlinking: /home/dolphiinn/ros2_ws/install/px4_msgs/include/px4_msgs/px4_msgs/msg/detail/register_ext_component_reply__type_support.hpp
[388.643s] -- Symlinking: /home/dolphiinn/ros2_ws/install/px4_msgs/include/px4_msgs/px4_msgs/msg/detail/register_ext_component_request__builder.hpp
[388.648s] -- Symlinking: /home/dolphiinn/ros2_ws/install/px4_msgs/include/px4_msgs/px4_msgs/msg/detail/register_ext_component_request__struct.hpp
[388.654s] -- Symlinking: /home/dolphiinn/ros2_ws/install/px4_msgs/include/px4_msgs/px4_msgs/msg/detail/register_ext_component_request__traits.hpp
[388.660s] -- Symlinking: /home/dolphiinn/ros2_ws/install/px4_msgs/include/px4_msgs/px4_msgs/msg/detail/register_ext_component_request__type_support.hpp
[388.666s] -- Symlinking: /home/dolphiinn/ros2_ws/install/px4_msgs/include/px4_msgs/px4_msgs/msg/detail/rover_attitude_setpoint__builder.hpp
[388.671s] -- Symlinking: /home/dolphiinn/ros2_ws/install/px4_msgs/include/px4_msgs/px4_msgs/msg/detail/rover_attitude_setpoint__struct.hpp
[388.677s] -- Symlinking: /home/dolphiinn/ros2_ws/install/px4_msgs/include/px4_msgs/px4_msgs/msg/detail/rover_attitude_setpoint__traits.hpp
[388.683s] -- Symlinking: /home/dolphiinn/ros2_ws/install/px4_msgs/include/px4_msgs/px4_msgs/msg/detail/rover_attitude_setpoint__type_support.hpp
[388.689s] -- Symlinking: /home/dolphiinn/ros2_ws/install/px4_msgs/include/px4_msgs/px4_msgs/msg/detail/rover_attitude_status__builder.hpp
[388.695s] -- Symlinking: /home/dolphiinn/ros2_ws/install/px4_msgs/include/px4_msgs/px4_msgs/msg/detail/rover_attitude_status__struct.hpp
[388.701s] -- Symlinking: /home/dolphiinn/ros2_ws/install/px4_msgs/include/px4_msgs/px4_msgs/msg/detail/rover_attitude_status__traits.hpp
[388.709s] -- Symlinking: /home/dolphiinn/ros2_ws/install/px4_msgs/include/px4_msgs/px4_msgs/msg/detail/rover_attitude_status__type_support.hpp
[388.715s] -- Symlinking: /home/dolphiinn/ros2_ws/install/px4_msgs/include/px4_msgs/px4_msgs/msg/detail/rover_position_setpoint__builder.hpp
[388.722s] -- Symlinking: /home/dolphiinn/ros2_ws/install/px4_msgs/include/px4_msgs/px4_msgs/msg/detail/rover_position_setpoint__struct.hpp
[388.728s] -- Symlinking: /home/dolphiinn/ros2_ws/install/px4_msgs/include/px4_msgs/px4_msgs/msg/detail/rover_position_setpoint__traits.hpp
[388.734s] -- Symlinking: /home/dolphiinn/ros2_ws/install/px4_msgs/include/px4_msgs/px4_msgs/msg/detail/rover_position_setpoint__type_support.hpp
[388.739s] -- Symlinking: /home/dolphiinn/ros2_ws/install/px4_msgs/include/px4_msgs/px4_msgs/msg/detail/rover_rate_setpoint__builder.hpp
[388.745s] -- Symlinking: /home/dolphiinn/ros2_ws/install/px4_msgs/include/px4_msgs/px4_msgs/msg/detail/rover_rate_setpoint__struct.hpp
[388.751s] -- Symlinking: /home/dolphiinn/ros2_ws/install/px4_msgs/include/px4_msgs/px4_msgs/msg/detail/rover_rate_setpoint__traits.hpp
[388.757s] -- Symlinking: /home/dolphiinn/ros2_ws/install/px4_msgs/include/px4_msgs/px4_msgs/msg/detail/rover_rate_setpoint__type_support.hpp
[388.763s] -- Symlinking: /home/dolphiinn/ros2_ws/install/px4_msgs/include/px4_msgs/px4_msgs/msg/detail/rover_rate_status__builder.hpp
[388.769s] -- Symlinking: /home/dolphiinn/ros2_ws/install/px4_msgs/include/px4_msgs/px4_msgs/msg/detail/rover_rate_status__struct.hpp
[388.774s] -- Symlinking: /home/dolphiinn/ros2_ws/install/px4_msgs/include/px4_msgs/px4_msgs/msg/detail/rover_rate_status__traits.hpp
[388.780s] -- Symlinking: /home/dolphiinn/ros2_ws/install/px4_msgs/include/px4_msgs/px4_msgs/msg/detail/rover_rate_status__type_support.hpp
[388.786s] -- Symlinking: /home/dolphiinn/ros2_ws/install/px4_msgs/include/px4_msgs/px4_msgs/msg/detail/rover_speed_setpoint__builder.hpp
[388.791s] -- Symlinking: /home/dolphiinn/ros2_ws/install/px4_msgs/include/px4_msgs/px4_msgs/msg/detail/rover_speed_setpoint__struct.hpp
[388.797s] -- Symlinking: /home/dolphiinn/ros2_ws/install/px4_msgs/include/px4_msgs/px4_msgs/msg/detail/rover_speed_setpoint__traits.hpp
[388.803s] -- Symlinking: /home/dolphiinn/ros2_ws/install/px4_msgs/include/px4_msgs/px4_msgs/msg/detail/rover_speed_setpoint__type_support.hpp
[388.809s] -- Symlinking: /home/dolphiinn/ros2_ws/install/px4_msgs/include/px4_msgs/px4_msgs/msg/detail/rover_speed_status__builder.hpp
[388.815s] -- Symlinking: /home/dolphiinn/ros2_ws/install/px4_msgs/include/px4_msgs/px4_msgs/msg/detail/rover_speed_status__struct.hpp
[388.820s] -- Symlinking: /home/dolphiinn/ros2_ws/install/px4_msgs/include/px4_msgs/px4_msgs/msg/detail/rover_speed_status__traits.hpp
[388.826s] -- Symlinking: /home/dolphiinn/ros2_ws/install/px4_msgs/include/px4_msgs/px4_msgs/msg/detail/rover_speed_status__type_support.hpp
[388.832s] -- Symlinking: /home/dolphiinn/ros2_ws/install/px4_msgs/include/px4_msgs/px4_msgs/msg/detail/rover_steering_setpoint__builder.hpp
[388.837s] -- Symlinking: /home/dolphiinn/ros2_ws/install/px4_msgs/include/px4_msgs/px4_msgs/msg/detail/rover_steering_setpoint__struct.hpp
[388.843s] -- Symlinking: /home/dolphiinn/ros2_ws/install/px4_msgs/include/px4_msgs/px4_msgs/msg/detail/rover_steering_setpoint__traits.hpp
[388.849s] -- Symlinking: /home/dolphiinn/ros2_ws/install/px4_msgs/include/px4_msgs/px4_msgs/msg/detail/rover_steering_setpoint__type_support.hpp
[388.855s] -- Symlinking: /home/dolphiinn/ros2_ws/install/px4_msgs/include/px4_msgs/px4_msgs/msg/detail/rover_throttle_setpoint__builder.hpp
[388.860s] -- Symlinking: /home/dolphiinn/ros2_ws/install/px4_msgs/include/px4_msgs/px4_msgs/msg/detail/rover_throttle_setpoint__struct.hpp
[388.866s] -- Symlinking: /home/dolphiinn/ros2_ws/install/px4_msgs/include/px4_msgs/px4_msgs/msg/detail/rover_throttle_setpoint__traits.hpp
[388.872s] -- Symlinking: /home/dolphiinn/ros2_ws/install/px4_msgs/include/px4_msgs/px4_msgs/msg/detail/rover_throttle_setpoint__type_support.hpp
[388.878s] -- Symlinking: /home/dolphiinn/ros2_ws/install/px4_msgs/include/px4_msgs/px4_msgs/msg/detail/rpm__builder.hpp
[388.883s] -- Symlinking: /home/dolphiinn/ros2_ws/install/px4_msgs/include/px4_msgs/px4_msgs/msg/detail/rpm__struct.hpp
[388.889s] -- Symlinking: /home/dolphiinn/ros2_ws/install/px4_msgs/include/px4_msgs/px4_msgs/msg/detail/rpm__traits.hpp
[388.895s] -- Symlinking: /home/dolphiinn/ros2_ws/install/px4_msgs/include/px4_msgs/px4_msgs/msg/detail/rpm__type_support.hpp
[388.901s] -- Symlinking: /home/dolphiinn/ros2_ws/install/px4_msgs/include/px4_msgs/px4_msgs/msg/detail/rtl_status__builder.hpp
[388.907s] -- Symlinking: /home/dolphiinn/ros2_ws/install/px4_msgs/include/px4_msgs/px4_msgs/msg/detail/rtl_status__struct.hpp
[388.913s] -- Symlinking: /home/dolphiinn/ros2_ws/install/px4_msgs/include/px4_msgs/px4_msgs/msg/detail/rtl_status__traits.hpp
[388.919s] -- Symlinking: /home/dolphiinn/ros2_ws/install/px4_msgs/include/px4_msgs/px4_msgs/msg/detail/rtl_status__type_support.hpp
[388.925s] -- Symlinking: /home/dolphiinn/ros2_ws/install/px4_msgs/include/px4_msgs/px4_msgs/msg/detail/rtl_time_estimate__builder.hpp
[388.931s] -- Symlinking: /home/dolphiinn/ros2_ws/install/px4_msgs/include/px4_msgs/px4_msgs/msg/detail/rtl_time_estimate__struct.hpp
[388.937s] -- Symlinking: /home/dolphiinn/ros2_ws/install/px4_msgs/include/px4_msgs/px4_msgs/msg/detail/rtl_time_estimate__traits.hpp
[388.942s] -- Symlinking: /home/dolphiinn/ros2_ws/install/px4_msgs/include/px4_msgs/px4_msgs/msg/detail/rtl_time_estimate__type_support.hpp
[388.948s] -- Symlinking: /home/dolphiinn/ros2_ws/install/px4_msgs/include/px4_msgs/px4_msgs/msg/detail/satellite_info__builder.hpp
[388.953s] -- Symlinking: /home/dolphiinn/ros2_ws/install/px4_msgs/include/px4_msgs/px4_msgs/msg/detail/satellite_info__struct.hpp
[388.959s] -- Symlinking: /home/dolphiinn/ros2_ws/install/px4_msgs/include/px4_msgs/px4_msgs/msg/detail/satellite_info__traits.hpp
[388.965s] -- Symlinking: /home/dolphiinn/ros2_ws/install/px4_msgs/include/px4_msgs/px4_msgs/msg/detail/satellite_info__type_support.hpp
[388.971s] -- Symlinking: /home/dolphiinn/ros2_ws/install/px4_msgs/include/px4_msgs/px4_msgs/msg/detail/sensor_accel__builder.hpp
[388.977s] -- Symlinking: /home/dolphiinn/ros2_ws/install/px4_msgs/include/px4_msgs/px4_msgs/msg/detail/sensor_accel__struct.hpp
[388.983s] -- Symlinking: /home/dolphiinn/ros2_ws/install/px4_msgs/include/px4_msgs/px4_msgs/msg/detail/sensor_accel__traits.hpp
[388.988s] -- Symlinking: /home/dolphiinn/ros2_ws/install/px4_msgs/include/px4_msgs/px4_msgs/msg/detail/sensor_accel__type_support.hpp
[388.994s] -- Symlinking: /home/dolphiinn/ros2_ws/install/px4_msgs/include/px4_msgs/px4_msgs/msg/detail/sensor_accel_fifo__builder.hpp
[389.000s] -- Symlinking: /home/dolphiinn/ros2_ws/install/px4_msgs/include/px4_msgs/px4_msgs/msg/detail/sensor_accel_fifo__struct.hpp
[389.005s] -- Symlinking: /home/dolphiinn/ros2_ws/install/px4_msgs/include/px4_msgs/px4_msgs/msg/detail/sensor_accel_fifo__traits.hpp
[389.011s] -- Symlinking: /home/dolphiinn/ros2_ws/install/px4_msgs/include/px4_msgs/px4_msgs/msg/detail/sensor_accel_fifo__type_support.hpp
[389.016s] -- Symlinking: /home/dolphiinn/ros2_ws/install/px4_msgs/include/px4_msgs/px4_msgs/msg/detail/sensor_airflow__builder.hpp
[389.022s] -- Symlinking: /home/dolphiinn/ros2_ws/install/px4_msgs/include/px4_msgs/px4_msgs/msg/detail/sensor_airflow__struct.hpp
[389.027s] -- Symlinking: /home/dolphiinn/ros2_ws/install/px4_msgs/include/px4_msgs/px4_msgs/msg/detail/sensor_airflow__traits.hpp
[389.033s] -- Symlinking: /home/dolphiinn/ros2_ws/install/px4_msgs/include/px4_msgs/px4_msgs/msg/detail/sensor_airflow__type_support.hpp
[389.039s] -- Symlinking: /home/dolphiinn/ros2_ws/install/px4_msgs/include/px4_msgs/px4_msgs/msg/detail/sensor_baro__builder.hpp
[389.045s] -- Symlinking: /home/dolphiinn/ros2_ws/install/px4_msgs/include/px4_msgs/px4_msgs/msg/detail/sensor_baro__struct.hpp
[389.050s] -- Symlinking: /home/dolphiinn/ros2_ws/install/px4_msgs/include/px4_msgs/px4_msgs/msg/detail/sensor_baro__traits.hpp
[389.056s] -- Symlinking: /home/dolphiinn/ros2_ws/install/px4_msgs/include/px4_msgs/px4_msgs/msg/detail/sensor_baro__type_support.hpp
[389.062s] -- Symlinking: /home/dolphiinn/ros2_ws/install/px4_msgs/include/px4_msgs/px4_msgs/msg/detail/sensor_combined__builder.hpp
[389.068s] -- Symlinking: /home/dolphiinn/ros2_ws/install/px4_msgs/include/px4_msgs/px4_msgs/msg/detail/sensor_combined__struct.hpp
[389.074s] -- Symlinking: /home/dolphiinn/ros2_ws/install/px4_msgs/include/px4_msgs/px4_msgs/msg/detail/sensor_combined__traits.hpp
[389.079s] -- Symlinking: /home/dolphiinn/ros2_ws/install/px4_msgs/include/px4_msgs/px4_msgs/msg/detail/sensor_combined__type_support.hpp
[389.085s] -- Symlinking: /home/dolphiinn/ros2_ws/install/px4_msgs/include/px4_msgs/px4_msgs/msg/detail/sensor_correction__builder.hpp
[389.091s] -- Symlinking: /home/dolphiinn/ros2_ws/install/px4_msgs/include/px4_msgs/px4_msgs/msg/detail/sensor_correction__struct.hpp
[389.096s] -- Symlinking: /home/dolphiinn/ros2_ws/install/px4_msgs/include/px4_msgs/px4_msgs/msg/detail/sensor_correction__traits.hpp
[389.102s] -- Symlinking: /home/dolphiinn/ros2_ws/install/px4_msgs/include/px4_msgs/px4_msgs/msg/detail/sensor_correction__type_support.hpp
[389.108s] -- Symlinking: /home/dolphiinn/ros2_ws/install/px4_msgs/include/px4_msgs/px4_msgs/msg/detail/sensor_gnss_relative__builder.hpp
[389.114s] -- Symlinking: /home/dolphiinn/ros2_ws/install/px4_msgs/include/px4_msgs/px4_msgs/msg/detail/sensor_gnss_relative__struct.hpp
[389.119s] -- Symlinking: /home/dolphiinn/ros2_ws/install/px4_msgs/include/px4_msgs/px4_msgs/msg/detail/sensor_gnss_relative__traits.hpp
[389.125s] -- Symlinking: /home/dolphiinn/ros2_ws/install/px4_msgs/include/px4_msgs/px4_msgs/msg/detail/sensor_gnss_relative__type_support.hpp
[389.131s] -- Symlinking: /home/dolphiinn/ros2_ws/install/px4_msgs/include/px4_msgs/px4_msgs/msg/detail/sensor_gnss_status__builder.hpp
[389.136s] -- Symlinking: /home/dolphiinn/ros2_ws/install/px4_msgs/include/px4_msgs/px4_msgs/msg/detail/sensor_gnss_status__struct.hpp
[389.142s] -- Symlinking: /home/dolphiinn/ros2_ws/install/px4_msgs/include/px4_msgs/px4_msgs/msg/detail/sensor_gnss_status__traits.hpp
[389.148s] -- Symlinking: /home/dolphiinn/ros2_ws/install/px4_msgs/include/px4_msgs/px4_msgs/msg/detail/sensor_gnss_status__type_support.hpp
[389.154s] -- Symlinking: /home/dolphiinn/ros2_ws/install/px4_msgs/include/px4_msgs/px4_msgs/msg/detail/sensor_gps__builder.hpp
[389.160s] -- Symlinking: /home/dolphiinn/ros2_ws/install/px4_msgs/include/px4_msgs/px4_msgs/msg/detail/sensor_gps__struct.hpp
[389.165s] -- Symlinking: /home/dolphiinn/ros2_ws/install/px4_msgs/include/px4_msgs/px4_msgs/msg/detail/sensor_gps__traits.hpp
[389.171s] -- Symlinking: /home/dolphiinn/ros2_ws/install/px4_msgs/include/px4_msgs/px4_msgs/msg/detail/sensor_gps__type_support.hpp
[389.177s] -- Symlinking: /home/dolphiinn/ros2_ws/install/px4_msgs/include/px4_msgs/px4_msgs/msg/detail/sensor_gyro__builder.hpp
[389.183s] -- Symlinking: /home/dolphiinn/ros2_ws/install/px4_msgs/include/px4_msgs/px4_msgs/msg/detail/sensor_gyro__struct.hpp
[389.189s] -- Symlinking: /home/dolphiinn/ros2_ws/install/px4_msgs/include/px4_msgs/px4_msgs/msg/detail/sensor_gyro__traits.hpp
[389.195s] -- Symlinking: /home/dolphiinn/ros2_ws/install/px4_msgs/include/px4_msgs/px4_msgs/msg/detail/sensor_gyro__type_support.hpp
[389.200s] -- Symlinking: /home/dolphiinn/ros2_ws/install/px4_msgs/include/px4_msgs/px4_msgs/msg/detail/sensor_gyro_fft__builder.hpp
[389.206s] -- Symlinking: /home/dolphiinn/ros2_ws/install/px4_msgs/include/px4_msgs/px4_msgs/msg/detail/sensor_gyro_fft__struct.hpp
[389.212s] -- Symlinking: /home/dolphiinn/ros2_ws/install/px4_msgs/include/px4_msgs/px4_msgs/msg/detail/sensor_gyro_fft__traits.hpp
[389.218s] -- Symlinking: /home/dolphiinn/ros2_ws/install/px4_msgs/include/px4_msgs/px4_msgs/msg/detail/sensor_gyro_fft__type_support.hpp
[389.224s] -- Symlinking: /home/dolphiinn/ros2_ws/install/px4_msgs/include/px4_msgs/px4_msgs/msg/detail/sensor_gyro_fifo__builder.hpp
[389.230s] -- Symlinking: /home/dolphiinn/ros2_ws/install/px4_msgs/include/px4_msgs/px4_msgs/msg/detail/sensor_gyro_fifo__struct.hpp
[389.236s] -- Symlinking: /home/dolphiinn/ros2_ws/install/px4_msgs/include/px4_msgs/px4_msgs/msg/detail/sensor_gyro_fifo__traits.hpp
[389.242s] -- Symlinking: /home/dolphiinn/ros2_ws/install/px4_msgs/include/px4_msgs/px4_msgs/msg/detail/sensor_gyro_fifo__type_support.hpp
[389.247s] -- Symlinking: /home/dolphiinn/ros2_ws/install/px4_msgs/include/px4_msgs/px4_msgs/msg/detail/sensor_hygrometer__builder.hpp
[389.253s] -- Symlinking: /home/dolphiinn/ros2_ws/install/px4_msgs/include/px4_msgs/px4_msgs/msg/detail/sensor_hygrometer__struct.hpp
[389.259s] -- Symlinking: /home/dolphiinn/ros2_ws/install/px4_msgs/include/px4_msgs/px4_msgs/msg/detail/sensor_hygrometer__traits.hpp
[389.265s] -- Symlinking: /home/dolphiinn/ros2_ws/install/px4_msgs/include/px4_msgs/px4_msgs/msg/detail/sensor_hygrometer__type_support.hpp
[389.271s] -- Symlinking: /home/dolphiinn/ros2_ws/install/px4_msgs/include/px4_msgs/px4_msgs/msg/detail/sensor_mag__builder.hpp
[389.276s] -- Symlinking: /home/dolphiinn/ros2_ws/install/px4_msgs/include/px4_msgs/px4_msgs/msg/detail/sensor_mag__struct.hpp
[389.282s] -- Symlinking: /home/dolphiinn/ros2_ws/install/px4_msgs/include/px4_msgs/px4_msgs/msg/detail/sensor_mag__traits.hpp
[389.288s] -- Symlinking: /home/dolphiinn/ros2_ws/install/px4_msgs/include/px4_msgs/px4_msgs/msg/detail/sensor_mag__type_support.hpp
[389.294s] -- Symlinking: /home/dolphiinn/ros2_ws/install/px4_msgs/include/px4_msgs/px4_msgs/msg/detail/sensor_optical_flow__builder.hpp
[389.300s] -- Symlinking: /home/dolphiinn/ros2_ws/install/px4_msgs/include/px4_msgs/px4_msgs/msg/detail/sensor_optical_flow__struct.hpp
[389.306s] -- Symlinking: /home/dolphiinn/ros2_ws/install/px4_msgs/include/px4_msgs/px4_msgs/msg/detail/sensor_optical_flow__traits.hpp
[389.311s] -- Symlinking: /home/dolphiinn/ros2_ws/install/px4_msgs/include/px4_msgs/px4_msgs/msg/detail/sensor_optical_flow__type_support.hpp
[389.317s] -- Symlinking: /home/dolphiinn/ros2_ws/install/px4_msgs/include/px4_msgs/px4_msgs/msg/detail/sensor_preflight_mag__builder.hpp
[389.323s] -- Symlinking: /home/dolphiinn/ros2_ws/install/px4_msgs/include/px4_msgs/px4_msgs/msg/detail/sensor_preflight_mag__struct.hpp
[389.329s] -- Symlinking: /home/dolphiinn/ros2_ws/install/px4_msgs/include/px4_msgs/px4_msgs/msg/detail/sensor_preflight_mag__traits.hpp
[389.334s] -- Symlinking: /home/dolphiinn/ros2_ws/install/px4_msgs/include/px4_msgs/px4_msgs/msg/detail/sensor_preflight_mag__type_support.hpp
[389.340s] -- Symlinking: /home/dolphiinn/ros2_ws/install/px4_msgs/include/px4_msgs/px4_msgs/msg/detail/sensor_selection__builder.hpp
[389.346s] -- Symlinking: /home/dolphiinn/ros2_ws/install/px4_msgs/include/px4_msgs/px4_msgs/msg/detail/sensor_selection__struct.hpp
[389.352s] -- Symlinking: /home/dolphiinn/ros2_ws/install/px4_msgs/include/px4_msgs/px4_msgs/msg/detail/sensor_selection__traits.hpp
[389.357s] -- Symlinking: /home/dolphiinn/ros2_ws/install/px4_msgs/include/px4_msgs/px4_msgs/msg/detail/sensor_selection__type_support.hpp
[389.363s] -- Symlinking: /home/dolphiinn/ros2_ws/install/px4_msgs/include/px4_msgs/px4_msgs/msg/detail/sensor_uwb__builder.hpp
[389.369s] -- Symlinking: /home/dolphiinn/ros2_ws/install/px4_msgs/include/px4_msgs/px4_msgs/msg/detail/sensor_uwb__struct.hpp
[389.375s] -- Symlinking: /home/dolphiinn/ros2_ws/install/px4_msgs/include/px4_msgs/px4_msgs/msg/detail/sensor_uwb__traits.hpp
[389.380s] -- Symlinking: /home/dolphiinn/ros2_ws/install/px4_msgs/include/px4_msgs/px4_msgs/msg/detail/sensor_uwb__type_support.hpp
[389.386s] -- Symlinking: /home/dolphiinn/ros2_ws/install/px4_msgs/include/px4_msgs/px4_msgs/msg/detail/sensors_status__builder.hpp
[389.392s] -- Symlinking: /home/dolphiinn/ros2_ws/install/px4_msgs/include/px4_msgs/px4_msgs/msg/detail/sensors_status__struct.hpp
[389.398s] -- Symlinking: /home/dolphiinn/ros2_ws/install/px4_msgs/include/px4_msgs/px4_msgs/msg/detail/sensors_status__traits.hpp
[389.404s] -- Symlinking: /home/dolphiinn/ros2_ws/install/px4_msgs/include/px4_msgs/px4_msgs/msg/detail/sensors_status__type_support.hpp
[389.409s] -- Symlinking: /home/dolphiinn/ros2_ws/install/px4_msgs/include/px4_msgs/px4_msgs/msg/detail/sensors_status_imu__builder.hpp
[389.415s] -- Symlinking: /home/dolphiinn/ros2_ws/install/px4_msgs/include/px4_msgs/px4_msgs/msg/detail/sensors_status_imu__struct.hpp
[389.421s] -- Symlinking: /home/dolphiinn/ros2_ws/install/px4_msgs/include/px4_msgs/px4_msgs/msg/detail/sensors_status_imu__traits.hpp
[389.428s] -- Symlinking: /home/dolphiinn/ros2_ws/install/px4_msgs/include/px4_msgs/px4_msgs/msg/detail/sensors_status_imu__type_support.hpp
[389.434s] -- Symlinking: /home/dolphiinn/ros2_ws/install/px4_msgs/include/px4_msgs/px4_msgs/msg/detail/system_power__builder.hpp
[389.441s] -- Symlinking: /home/dolphiinn/ros2_ws/install/px4_msgs/include/px4_msgs/px4_msgs/msg/detail/system_power__struct.hpp
[389.446s] -- Symlinking: /home/dolphiinn/ros2_ws/install/px4_msgs/include/px4_msgs/px4_msgs/msg/detail/system_power__traits.hpp
[389.452s] -- Symlinking: /home/dolphiinn/ros2_ws/install/px4_msgs/include/px4_msgs/px4_msgs/msg/detail/system_power__type_support.hpp
[389.458s] -- Symlinking: /home/dolphiinn/ros2_ws/install/px4_msgs/include/px4_msgs/px4_msgs/msg/detail/takeoff_status__builder.hpp
[389.464s] -- Symlinking: /home/dolphiinn/ros2_ws/install/px4_msgs/include/px4_msgs/px4_msgs/msg/detail/takeoff_status__struct.hpp
[389.470s] -- Symlinking: /home/dolphiinn/ros2_ws/install/px4_msgs/include/px4_msgs/px4_msgs/msg/detail/takeoff_status__traits.hpp
[389.476s] -- Symlinking: /home/dolphiinn/ros2_ws/install/px4_msgs/include/px4_msgs/px4_msgs/msg/detail/takeoff_status__type_support.hpp
[389.482s] -- Symlinking: /home/dolphiinn/ros2_ws/install/px4_msgs/include/px4_msgs/px4_msgs/msg/detail/task_stack_info__builder.hpp
[389.488s] -- Symlinking: /home/dolphiinn/ros2_ws/install/px4_msgs/include/px4_msgs/px4_msgs/msg/detail/task_stack_info__struct.hpp
[389.493s] -- Symlinking: /home/dolphiinn/ros2_ws/install/px4_msgs/include/px4_msgs/px4_msgs/msg/detail/task_stack_info__traits.hpp
[389.499s] -- Symlinking: /home/dolphiinn/ros2_ws/install/px4_msgs/include/px4_msgs/px4_msgs/msg/detail/task_stack_info__type_support.hpp
[389.505s] -- Symlinking: /home/dolphiinn/ros2_ws/install/px4_msgs/include/px4_msgs/px4_msgs/msg/detail/tecs_status__builder.hpp
[389.511s] -- Symlinking: /home/dolphiinn/ros2_ws/install/px4_msgs/include/px4_msgs/px4_msgs/msg/detail/tecs_status__struct.hpp
[389.517s] -- Symlinking: /home/dolphiinn/ros2_ws/install/px4_msgs/include/px4_msgs/px4_msgs/msg/detail/tecs_status__traits.hpp
[389.523s] -- Symlinking: /home/dolphiinn/ros2_ws/install/px4_msgs/include/px4_msgs/px4_msgs/msg/detail/tecs_status__type_support.hpp
[389.529s] -- Symlinking: /home/dolphiinn/ros2_ws/install/px4_msgs/include/px4_msgs/px4_msgs/msg/detail/telemetry_status__builder.hpp
[389.535s] -- Symlinking: /home/dolphiinn/ros2_ws/install/px4_msgs/include/px4_msgs/px4_msgs/msg/detail/telemetry_status__struct.hpp
[389.542s] -- Symlinking: /home/dolphiinn/ros2_ws/install/px4_msgs/include/px4_msgs/px4_msgs/msg/detail/telemetry_status__traits.hpp
[389.548s] -- Symlinking: /home/dolphiinn/ros2_ws/install/px4_msgs/include/px4_msgs/px4_msgs/msg/detail/telemetry_status__type_support.hpp
[389.554s] -- Symlinking: /home/dolphiinn/ros2_ws/install/px4_msgs/include/px4_msgs/px4_msgs/msg/detail/tiltrotor_extra_controls__builder.hpp
[389.560s] -- Symlinking: /home/dolphiinn/ros2_ws/install/px4_msgs/include/px4_msgs/px4_msgs/msg/detail/tiltrotor_extra_controls__struct.hpp
[389.566s] -- Symlinking: /home/dolphiinn/ros2_ws/install/px4_msgs/include/px4_msgs/px4_msgs/msg/detail/tiltrotor_extra_controls__traits.hpp
[389.572s] -- Symlinking: /home/dolphiinn/ros2_ws/install/px4_msgs/include/px4_msgs/px4_msgs/msg/detail/tiltrotor_extra_controls__type_support.hpp
[389.577s] -- Symlinking: /home/dolphiinn/ros2_ws/install/px4_msgs/include/px4_msgs/px4_msgs/msg/detail/timesync_status__builder.hpp
[389.583s] -- Symlinking: /home/dolphiinn/ros2_ws/install/px4_msgs/include/px4_msgs/px4_msgs/msg/detail/timesync_status__struct.hpp
[389.589s] -- Symlinking: /home/dolphiinn/ros2_ws/install/px4_msgs/include/px4_msgs/px4_msgs/msg/detail/timesync_status__traits.hpp
[389.595s] -- Symlinking: /home/dolphiinn/ros2_ws/install/px4_msgs/include/px4_msgs/px4_msgs/msg/detail/timesync_status__type_support.hpp
[389.601s] -- Symlinking: /home/dolphiinn/ros2_ws/install/px4_msgs/include/px4_msgs/px4_msgs/msg/detail/trajectory_setpoint6dof__builder.hpp
[389.606s] -- Symlinking: /home/dolphiinn/ros2_ws/install/px4_msgs/include/px4_msgs/px4_msgs/msg/detail/trajectory_setpoint6dof__struct.hpp
[389.612s] -- Symlinking: /home/dolphiinn/ros2_ws/install/px4_msgs/include/px4_msgs/px4_msgs/msg/detail/trajectory_setpoint6dof__traits.hpp
[389.618s] -- Symlinking: /home/dolphiinn/ros2_ws/install/px4_msgs/include/px4_msgs/px4_msgs/msg/detail/trajectory_setpoint6dof__type_support.hpp
[389.624s] -- Symlinking: /home/dolphiinn/ros2_ws/install/px4_msgs/include/px4_msgs/px4_msgs/msg/detail/trajectory_setpoint__builder.hpp
[389.630s] -- Symlinking: /home/dolphiinn/ros2_ws/install/px4_msgs/include/px4_msgs/px4_msgs/msg/detail/trajectory_setpoint__struct.hpp
[389.637s] -- Symlinking: /home/dolphiinn/ros2_ws/install/px4_msgs/include/px4_msgs/px4_msgs/msg/detail/trajectory_setpoint__traits.hpp
[389.643s] -- Symlinking: /home/dolphiinn/ros2_ws/install/px4_msgs/include/px4_msgs/px4_msgs/msg/detail/trajectory_setpoint__type_support.hpp
[389.648s] -- Symlinking: /home/dolphiinn/ros2_ws/install/px4_msgs/include/px4_msgs/px4_msgs/msg/detail/transponder_report__builder.hpp
[389.654s] -- Symlinking: /home/dolphiinn/ros2_ws/install/px4_msgs/include/px4_msgs/px4_msgs/msg/detail/transponder_report__struct.hpp
[389.660s] -- Symlinking: /home/dolphiinn/ros2_ws/install/px4_msgs/include/px4_msgs/px4_msgs/msg/detail/transponder_report__traits.hpp
[389.666s] -- Symlinking: /home/dolphiinn/ros2_ws/install/px4_msgs/include/px4_msgs/px4_msgs/msg/detail/transponder_report__type_support.hpp
[389.672s] -- Symlinking: /home/dolphiinn/ros2_ws/install/px4_msgs/include/px4_msgs/px4_msgs/msg/detail/tune_control__builder.hpp
[389.678s] -- Symlinking: /home/dolphiinn/ros2_ws/install/px4_msgs/include/px4_msgs/px4_msgs/msg/detail/tune_control__struct.hpp
[389.684s] -- Symlinking: /home/dolphiinn/ros2_ws/install/px4_msgs/include/px4_msgs/px4_msgs/msg/detail/tune_control__traits.hpp
[389.689s] -- Symlinking: /home/dolphiinn/ros2_ws/install/px4_msgs/include/px4_msgs/px4_msgs/msg/detail/tune_control__type_support.hpp
[389.695s] -- Symlinking: /home/dolphiinn/ros2_ws/install/px4_msgs/include/px4_msgs/px4_msgs/msg/detail/uavcan_parameter_request__builder.hpp
[389.701s] -- Symlinking: /home/dolphiinn/ros2_ws/install/px4_msgs/include/px4_msgs/px4_msgs/msg/detail/uavcan_parameter_request__struct.hpp
[389.707s] -- Symlinking: /home/dolphiinn/ros2_ws/install/px4_msgs/include/px4_msgs/px4_msgs/msg/detail/uavcan_parameter_request__traits.hpp
[389.713s] -- Symlinking: /home/dolphiinn/ros2_ws/install/px4_msgs/include/px4_msgs/px4_msgs/msg/detail/uavcan_parameter_request__type_support.hpp
[389.719s] -- Symlinking: /home/dolphiinn/ros2_ws/install/px4_msgs/include/px4_msgs/px4_msgs/msg/detail/uavcan_parameter_value__builder.hpp
[389.725s] -- Symlinking: /home/dolphiinn/ros2_ws/install/px4_msgs/include/px4_msgs/px4_msgs/msg/detail/uavcan_parameter_value__struct.hpp
[389.731s] -- Symlinking: /home/dolphiinn/ros2_ws/install/px4_msgs/include/px4_msgs/px4_msgs/msg/detail/uavcan_parameter_value__traits.hpp
[389.737s] -- Symlinking: /home/dolphiinn/ros2_ws/install/px4_msgs/include/px4_msgs/px4_msgs/msg/detail/uavcan_parameter_value__type_support.hpp
[389.743s] -- Symlinking: /home/dolphiinn/ros2_ws/install/px4_msgs/include/px4_msgs/px4_msgs/msg/detail/ulog_stream__builder.hpp
[389.749s] -- Symlinking: /home/dolphiinn/ros2_ws/install/px4_msgs/include/px4_msgs/px4_msgs/msg/detail/ulog_stream__struct.hpp
[389.755s] -- Symlinking: /home/dolphiinn/ros2_ws/install/px4_msgs/include/px4_msgs/px4_msgs/msg/detail/ulog_stream__traits.hpp
[389.761s] -- Symlinking: /home/dolphiinn/ros2_ws/install/px4_msgs/include/px4_msgs/px4_msgs/msg/detail/ulog_stream__type_support.hpp
[389.766s] -- Symlinking: /home/dolphiinn/ros2_ws/install/px4_msgs/include/px4_msgs/px4_msgs/msg/detail/ulog_stream_ack__builder.hpp
[389.772s] -- Symlinking: /home/dolphiinn/ros2_ws/install/px4_msgs/include/px4_msgs/px4_msgs/msg/detail/ulog_stream_ack__struct.hpp
[389.778s] -- Symlinking: /home/dolphiinn/ros2_ws/install/px4_msgs/include/px4_msgs/px4_msgs/msg/detail/ulog_stream_ack__traits.hpp
[389.784s] -- Symlinking: /home/dolphiinn/ros2_ws/install/px4_msgs/include/px4_msgs/px4_msgs/msg/detail/ulog_stream_ack__type_support.hpp
[389.790s] -- Symlinking: /home/dolphiinn/ros2_ws/install/px4_msgs/include/px4_msgs/px4_msgs/msg/detail/unregister_ext_component__builder.hpp
[389.796s] -- Symlinking: /home/dolphiinn/ros2_ws/install/px4_msgs/include/px4_msgs/px4_msgs/msg/detail/unregister_ext_component__struct.hpp
[389.802s] -- Symlinking: /home/dolphiinn/ros2_ws/install/px4_msgs/include/px4_msgs/px4_msgs/msg/detail/unregister_ext_component__traits.hpp
[389.808s] -- Symlinking: /home/dolphiinn/ros2_ws/install/px4_msgs/include/px4_msgs/px4_msgs/msg/detail/unregister_ext_component__type_support.hpp
[389.814s] -- Symlinking: /home/dolphiinn/ros2_ws/install/px4_msgs/include/px4_msgs/px4_msgs/msg/detail/vehicle_acceleration__builder.hpp
[389.820s] -- Symlinking: /home/dolphiinn/ros2_ws/install/px4_msgs/include/px4_msgs/px4_msgs/msg/detail/vehicle_acceleration__struct.hpp
[389.825s] -- Symlinking: /home/dolphiinn/ros2_ws/install/px4_msgs/include/px4_msgs/px4_msgs/msg/detail/vehicle_acceleration__traits.hpp
[389.831s] -- Symlinking: /home/dolphiinn/ros2_ws/install/px4_msgs/include/px4_msgs/px4_msgs/msg/detail/vehicle_acceleration__type_support.hpp
[389.837s] -- Symlinking: /home/dolphiinn/ros2_ws/install/px4_msgs/include/px4_msgs/px4_msgs/msg/detail/vehicle_air_data__builder.hpp
[389.843s] -- Symlinking: /home/dolphiinn/ros2_ws/install/px4_msgs/include/px4_msgs/px4_msgs/msg/detail/vehicle_air_data__struct.hpp
[389.849s] -- Symlinking: /home/dolphiinn/ros2_ws/install/px4_msgs/include/px4_msgs/px4_msgs/msg/detail/vehicle_air_data__traits.hpp
[389.855s] -- Symlinking: /home/dolphiinn/ros2_ws/install/px4_msgs/include/px4_msgs/px4_msgs/msg/detail/vehicle_air_data__type_support.hpp
[389.861s] -- Symlinking: /home/dolphiinn/ros2_ws/install/px4_msgs/include/px4_msgs/px4_msgs/msg/detail/vehicle_angular_acceleration_setpoint__builder.hpp
[389.867s] -- Symlinking: /home/dolphiinn/ros2_ws/install/px4_msgs/include/px4_msgs/px4_msgs/msg/detail/vehicle_angular_acceleration_setpoint__struct.hpp
[389.873s] -- Symlinking: /home/dolphiinn/ros2_ws/install/px4_msgs/include/px4_msgs/px4_msgs/msg/detail/vehicle_angular_acceleration_setpoint__traits.hpp
[389.878s] -- Symlinking: /home/dolphiinn/ros2_ws/install/px4_msgs/include/px4_msgs/px4_msgs/msg/detail/vehicle_angular_acceleration_setpoint__type_support.hpp
[389.884s] -- Symlinking: /home/dolphiinn/ros2_ws/install/px4_msgs/include/px4_msgs/px4_msgs/msg/detail/vehicle_angular_velocity__builder.hpp
[389.890s] -- Symlinking: /home/dolphiinn/ros2_ws/install/px4_msgs/include/px4_msgs/px4_msgs/msg/detail/vehicle_angular_velocity__struct.hpp
[389.896s] -- Symlinking: /home/dolphiinn/ros2_ws/install/px4_msgs/include/px4_msgs/px4_msgs/msg/detail/vehicle_angular_velocity__traits.hpp
[389.903s] -- Symlinking: /home/dolphiinn/ros2_ws/install/px4_msgs/include/px4_msgs/px4_msgs/msg/detail/vehicle_angular_velocity__type_support.hpp
[389.910s] -- Symlinking: /home/dolphiinn/ros2_ws/install/px4_msgs/include/px4_msgs/px4_msgs/msg/detail/vehicle_attitude__builder.hpp
[389.916s] -- Symlinking: /home/dolphiinn/ros2_ws/install/px4_msgs/include/px4_msgs/px4_msgs/msg/detail/vehicle_attitude__struct.hpp
[389.922s] -- Symlinking: /home/dolphiinn/ros2_ws/install/px4_msgs/include/px4_msgs/px4_msgs/msg/detail/vehicle_attitude__traits.hpp
[389.928s] -- Symlinking: /home/dolphiinn/ros2_ws/install/px4_msgs/include/px4_msgs/px4_msgs/msg/detail/vehicle_attitude__type_support.hpp
[389.933s] -- Symlinking: /home/dolphiinn/ros2_ws/install/px4_msgs/include/px4_msgs/px4_msgs/msg/detail/vehicle_attitude_setpoint__builder.hpp
[389.939s] -- Symlinking: /home/dolphiinn/ros2_ws/install/px4_msgs/include/px4_msgs/px4_msgs/msg/detail/vehicle_attitude_setpoint__struct.hpp
[389.945s] -- Symlinking: /home/dolphiinn/ros2_ws/install/px4_msgs/include/px4_msgs/px4_msgs/msg/detail/vehicle_attitude_setpoint__traits.hpp
[389.951s] -- Symlinking: /home/dolphiinn/ros2_ws/install/px4_msgs/include/px4_msgs/px4_msgs/msg/detail/vehicle_attitude_setpoint__type_support.hpp
[389.957s] -- Symlinking: /home/dolphiinn/ros2_ws/install/px4_msgs/include/px4_msgs/px4_msgs/msg/detail/vehicle_command__builder.hpp
[389.962s] -- Symlinking: /home/dolphiinn/ros2_ws/install/px4_msgs/include/px4_msgs/px4_msgs/msg/detail/vehicle_command__struct.hpp
[389.968s] -- Symlinking: /home/dolphiinn/ros2_ws/install/px4_msgs/include/px4_msgs/px4_msgs/msg/detail/vehicle_command__traits.hpp
[389.974s] -- Symlinking: /home/dolphiinn/ros2_ws/install/px4_msgs/include/px4_msgs/px4_msgs/msg/detail/vehicle_command__type_support.hpp
[389.980s] -- Symlinking: /home/dolphiinn/ros2_ws/install/px4_msgs/include/px4_msgs/px4_msgs/msg/detail/vehicle_command_ack__builder.hpp
[389.986s] -- Symlinking: /home/dolphiinn/ros2_ws/install/px4_msgs/include/px4_msgs/px4_msgs/msg/detail/vehicle_command_ack__struct.hpp
[389.992s] -- Symlinking: /home/dolphiinn/ros2_ws/install/px4_msgs/include/px4_msgs/px4_msgs/msg/detail/vehicle_command_ack__traits.hpp
[389.997s] -- Symlinking: /home/dolphiinn/ros2_ws/install/px4_msgs/include/px4_msgs/px4_msgs/msg/detail/vehicle_command_ack__type_support.hpp
[390.003s] -- Symlinking: /home/dolphiinn/ros2_ws/install/px4_msgs/include/px4_msgs/px4_msgs/msg/detail/vehicle_constraints__builder.hpp
[390.009s] -- Symlinking: /home/dolphiinn/ros2_ws/install/px4_msgs/include/px4_msgs/px4_msgs/msg/detail/vehicle_constraints__struct.hpp
[390.015s] -- Symlinking: /home/dolphiinn/ros2_ws/install/px4_msgs/include/px4_msgs/px4_msgs/msg/detail/vehicle_constraints__traits.hpp
[390.021s] -- Symlinking: /home/dolphiinn/ros2_ws/install/px4_msgs/include/px4_msgs/px4_msgs/msg/detail/vehicle_constraints__type_support.hpp
[390.027s] -- Symlinking: /home/dolphiinn/ros2_ws/install/px4_msgs/include/px4_msgs/px4_msgs/msg/detail/vehicle_control_mode__builder.hpp
[390.033s] -- Symlinking: /home/dolphiinn/ros2_ws/install/px4_msgs/include/px4_msgs/px4_msgs/msg/detail/vehicle_control_mode__struct.hpp
[390.038s] -- Symlinking: /home/dolphiinn/ros2_ws/install/px4_msgs/include/px4_msgs/px4_msgs/msg/detail/vehicle_control_mode__traits.hpp
[390.044s] -- Symlinking: /home/dolphiinn/ros2_ws/install/px4_msgs/include/px4_msgs/px4_msgs/msg/detail/vehicle_control_mode__type_support.hpp
[390.050s] -- Symlinking: /home/dolphiinn/ros2_ws/install/px4_msgs/include/px4_msgs/px4_msgs/msg/detail/vehicle_global_position__builder.hpp
[390.056s] -- Symlinking: /home/dolphiinn/ros2_ws/install/px4_msgs/include/px4_msgs/px4_msgs/msg/detail/vehicle_global_position__struct.hpp
[390.062s] -- Symlinking: /home/dolphiinn/ros2_ws/install/px4_msgs/include/px4_msgs/px4_msgs/msg/detail/vehicle_global_position__traits.hpp
[390.068s] -- Symlinking: /home/dolphiinn/ros2_ws/install/px4_msgs/include/px4_msgs/px4_msgs/msg/detail/vehicle_global_position__type_support.hpp
[390.074s] -- Symlinking: /home/dolphiinn/ros2_ws/install/px4_msgs/include/px4_msgs/px4_msgs/msg/detail/vehicle_imu__builder.hpp
[390.080s] -- Symlinking: /home/dolphiinn/ros2_ws/install/px4_msgs/include/px4_msgs/px4_msgs/msg/detail/vehicle_imu__struct.hpp
[390.085s] -- Symlinking: /home/dolphiinn/ros2_ws/install/px4_msgs/include/px4_msgs/px4_msgs/msg/detail/vehicle_imu__traits.hpp
[390.091s] -- Symlinking: /home/dolphiinn/ros2_ws/install/px4_msgs/include/px4_msgs/px4_msgs/msg/detail/vehicle_imu__type_support.hpp
[390.097s] -- Symlinking: /home/dolphiinn/ros2_ws/install/px4_msgs/include/px4_msgs/px4_msgs/msg/detail/vehicle_imu_status__builder.hpp
[390.103s] -- Symlinking: /home/dolphiinn/ros2_ws/install/px4_msgs/include/px4_msgs/px4_msgs/msg/detail/vehicle_imu_status__struct.hpp
[390.109s] -- Symlinking: /home/dolphiinn/ros2_ws/install/px4_msgs/include/px4_msgs/px4_msgs/msg/detail/vehicle_imu_status__traits.hpp
[390.115s] -- Symlinking: /home/dolphiinn/ros2_ws/install/px4_msgs/include/px4_msgs/px4_msgs/msg/detail/vehicle_imu_status__type_support.hpp
[390.120s] -- Symlinking: /home/dolphiinn/ros2_ws/install/px4_msgs/include/px4_msgs/px4_msgs/msg/detail/vehicle_land_detected__builder.hpp
[390.126s] -- Symlinking: /home/dolphiinn/ros2_ws/install/px4_msgs/include/px4_msgs/px4_msgs/msg/detail/vehicle_land_detected__struct.hpp
[390.132s] -- Symlinking: /home/dolphiinn/ros2_ws/install/px4_msgs/include/px4_msgs/px4_msgs/msg/detail/vehicle_land_detected__traits.hpp
[390.138s] -- Symlinking: /home/dolphiinn/ros2_ws/install/px4_msgs/include/px4_msgs/px4_msgs/msg/detail/vehicle_land_detected__type_support.hpp
[390.144s] -- Symlinking: /home/dolphiinn/ros2_ws/install/px4_msgs/include/px4_msgs/px4_msgs/msg/detail/vehicle_local_position__builder.hpp
[390.150s] -- Symlinking: /home/dolphiinn/ros2_ws/install/px4_msgs/include/px4_msgs/px4_msgs/msg/detail/vehicle_local_position__struct.hpp
[390.157s] -- Symlinking: /home/dolphiinn/ros2_ws/install/px4_msgs/include/px4_msgs/px4_msgs/msg/detail/vehicle_local_position__traits.hpp
[390.162s] -- Symlinking: /home/dolphiinn/ros2_ws/install/px4_msgs/include/px4_msgs/px4_msgs/msg/detail/vehicle_local_position__type_support.hpp
[390.169s] -- Symlinking: /home/dolphiinn/ros2_ws/install/px4_msgs/include/px4_msgs/px4_msgs/msg/detail/vehicle_local_position_setpoint__builder.hpp
[390.174s] -- Symlinking: /home/dolphiinn/ros2_ws/install/px4_msgs/include/px4_msgs/px4_msgs/msg/detail/vehicle_local_position_setpoint__struct.hpp
[390.180s] -- Symlinking: /home/dolphiinn/ros2_ws/install/px4_msgs/include/px4_msgs/px4_msgs/msg/detail/vehicle_local_position_setpoint__traits.hpp
[390.186s] -- Symlinking: /home/dolphiinn/ros2_ws/install/px4_msgs/include/px4_msgs/px4_msgs/msg/detail/vehicle_local_position_setpoint__type_support.hpp
[390.191s] -- Symlinking: /home/dolphiinn/ros2_ws/install/px4_msgs/include/px4_msgs/px4_msgs/msg/detail/vehicle_magnetometer__builder.hpp
[390.197s] -- Symlinking: /home/dolphiinn/ros2_ws/install/px4_msgs/include/px4_msgs/px4_msgs/msg/detail/vehicle_magnetometer__struct.hpp
[390.203s] -- Symlinking: /home/dolphiinn/ros2_ws/install/px4_msgs/include/px4_msgs/px4_msgs/msg/detail/vehicle_magnetometer__traits.hpp
[390.208s] -- Symlinking: /home/dolphiinn/ros2_ws/install/px4_msgs/include/px4_msgs/px4_msgs/msg/detail/vehicle_magnetometer__type_support.hpp
[390.214s] -- Symlinking: /home/dolphiinn/ros2_ws/install/px4_msgs/include/px4_msgs/px4_msgs/msg/detail/vehicle_odometry__builder.hpp
[390.220s] -- Symlinking: /home/dolphiinn/ros2_ws/install/px4_msgs/include/px4_msgs/px4_msgs/msg/detail/vehicle_odometry__struct.hpp
[390.226s] -- Symlinking: /home/dolphiinn/ros2_ws/install/px4_msgs/include/px4_msgs/px4_msgs/msg/detail/vehicle_odometry__traits.hpp
[390.232s] -- Symlinking: /home/dolphiinn/ros2_ws/install/px4_msgs/include/px4_msgs/px4_msgs/msg/detail/vehicle_odometry__type_support.hpp
[390.238s] -- Symlinking: /home/dolphiinn/ros2_ws/install/px4_msgs/include/px4_msgs/px4_msgs/msg/detail/vehicle_optical_flow__builder.hpp
[390.244s] -- Symlinking: /home/dolphiinn/ros2_ws/install/px4_msgs/include/px4_msgs/px4_msgs/msg/detail/vehicle_optical_flow__struct.hpp
[390.250s] -- Symlinking: /home/dolphiinn/ros2_ws/install/px4_msgs/include/px4_msgs/px4_msgs/msg/detail/vehicle_optical_flow__traits.hpp
[390.256s] -- Symlinking: /home/dolphiinn/ros2_ws/install/px4_msgs/include/px4_msgs/px4_msgs/msg/detail/vehicle_optical_flow__type_support.hpp
[390.262s] -- Symlinking: /home/dolphiinn/ros2_ws/install/px4_msgs/include/px4_msgs/px4_msgs/msg/detail/vehicle_optical_flow_vel__builder.hpp
[390.267s] -- Symlinking: /home/dolphiinn/ros2_ws/install/px4_msgs/include/px4_msgs/px4_msgs/msg/detail/vehicle_optical_flow_vel__struct.hpp
[390.273s] -- Symlinking: /home/dolphiinn/ros2_ws/install/px4_msgs/include/px4_msgs/px4_msgs/msg/detail/vehicle_optical_flow_vel__traits.hpp
[390.279s] -- Symlinking: /home/dolphiinn/ros2_ws/install/px4_msgs/include/px4_msgs/px4_msgs/msg/detail/vehicle_optical_flow_vel__type_support.hpp
[390.285s] -- Symlinking: /home/dolphiinn/ros2_ws/install/px4_msgs/include/px4_msgs/px4_msgs/msg/detail/vehicle_rates_setpoint__builder.hpp
[390.291s] -- Symlinking: /home/dolphiinn/ros2_ws/install/px4_msgs/include/px4_msgs/px4_msgs/msg/detail/vehicle_rates_setpoint__struct.hpp
[390.297s] -- Symlinking: /home/dolphiinn/ros2_ws/install/px4_msgs/include/px4_msgs/px4_msgs/msg/detail/vehicle_rates_setpoint__traits.hpp
[390.302s] -- Symlinking: /home/dolphiinn/ros2_ws/install/px4_msgs/include/px4_msgs/px4_msgs/msg/detail/vehicle_rates_setpoint__type_support.hpp
[390.308s] -- Symlinking: /home/dolphiinn/ros2_ws/install/px4_msgs/include/px4_msgs/px4_msgs/msg/detail/vehicle_roi__builder.hpp
[390.314s] -- Symlinking: /home/dolphiinn/ros2_ws/install/px4_msgs/include/px4_msgs/px4_msgs/msg/detail/vehicle_roi__struct.hpp
[390.320s] -- Symlinking: /home/dolphiinn/ros2_ws/install/px4_msgs/include/px4_msgs/px4_msgs/msg/detail/vehicle_roi__traits.hpp
[390.326s] -- Symlinking: /home/dolphiinn/ros2_ws/install/px4_msgs/include/px4_msgs/px4_msgs/msg/detail/vehicle_roi__type_support.hpp
[390.333s] -- Symlinking: /home/dolphiinn/ros2_ws/install/px4_msgs/include/px4_msgs/px4_msgs/msg/detail/vehicle_status__builder.hpp
[390.339s] -- Symlinking: /home/dolphiinn/ros2_ws/install/px4_msgs/include/px4_msgs/px4_msgs/msg/detail/vehicle_status__struct.hpp
[390.344s] -- Symlinking: /home/dolphiinn/ros2_ws/install/px4_msgs/include/px4_msgs/px4_msgs/msg/detail/vehicle_status__traits.hpp
[390.350s] -- Symlinking: /home/dolphiinn/ros2_ws/install/px4_msgs/include/px4_msgs/px4_msgs/msg/detail/vehicle_status__type_support.hpp
[390.356s] -- Symlinking: /home/dolphiinn/ros2_ws/install/px4_msgs/include/px4_msgs/px4_msgs/msg/detail/vehicle_thrust_setpoint__builder.hpp
[390.362s] -- Symlinking: /home/dolphiinn/ros2_ws/install/px4_msgs/include/px4_msgs/px4_msgs/msg/detail/vehicle_thrust_setpoint__struct.hpp
[390.368s] -- Symlinking: /home/dolphiinn/ros2_ws/install/px4_msgs/include/px4_msgs/px4_msgs/msg/detail/vehicle_thrust_setpoint__traits.hpp
[390.374s] -- Symlinking: /home/dolphiinn/ros2_ws/install/px4_msgs/include/px4_msgs/px4_msgs/msg/detail/vehicle_thrust_setpoint__type_support.hpp
[390.380s] -- Symlinking: /home/dolphiinn/ros2_ws/install/px4_msgs/include/px4_msgs/px4_msgs/msg/detail/vehicle_torque_setpoint__builder.hpp
[390.386s] -- Symlinking: /home/dolphiinn/ros2_ws/install/px4_msgs/include/px4_msgs/px4_msgs/msg/detail/vehicle_torque_setpoint__struct.hpp
[390.392s] -- Symlinking: /home/dolphiinn/ros2_ws/install/px4_msgs/include/px4_msgs/px4_msgs/msg/detail/vehicle_torque_setpoint__traits.hpp
[390.398s] -- Symlinking: /home/dolphiinn/ros2_ws/install/px4_msgs/include/px4_msgs/px4_msgs/msg/detail/vehicle_torque_setpoint__type_support.hpp
[390.403s] -- Symlinking: /home/dolphiinn/ros2_ws/install/px4_msgs/include/px4_msgs/px4_msgs/msg/detail/velocity_limits__builder.hpp
[390.409s] -- Symlinking: /home/dolphiinn/ros2_ws/install/px4_msgs/include/px4_msgs/px4_msgs/msg/detail/velocity_limits__struct.hpp
[390.415s] -- Symlinking: /home/dolphiinn/ros2_ws/install/px4_msgs/include/px4_msgs/px4_msgs/msg/detail/velocity_limits__traits.hpp
[390.421s] -- Symlinking: /home/dolphiinn/ros2_ws/install/px4_msgs/include/px4_msgs/px4_msgs/msg/detail/velocity_limits__type_support.hpp
[390.427s] -- Symlinking: /home/dolphiinn/ros2_ws/install/px4_msgs/include/px4_msgs/px4_msgs/msg/detail/vtol_vehicle_status__builder.hpp
[390.433s] -- Symlinking: /home/dolphiinn/ros2_ws/install/px4_msgs/include/px4_msgs/px4_msgs/msg/detail/vtol_vehicle_status__struct.hpp
[390.438s] -- Symlinking: /home/dolphiinn/ros2_ws/install/px4_msgs/include/px4_msgs/px4_msgs/msg/detail/vtol_vehicle_status__traits.hpp
[390.444s] -- Symlinking: /home/dolphiinn/ros2_ws/install/px4_msgs/include/px4_msgs/px4_msgs/msg/detail/vtol_vehicle_status__type_support.hpp
[390.451s] -- Symlinking: /home/dolphiinn/ros2_ws/install/px4_msgs/include/px4_msgs/px4_msgs/msg/detail/wheel_encoders__builder.hpp
[390.457s] -- Symlinking: /home/dolphiinn/ros2_ws/install/px4_msgs/include/px4_msgs/px4_msgs/msg/detail/wheel_encoders__struct.hpp
[390.463s] -- Symlinking: /home/dolphiinn/ros2_ws/install/px4_msgs/include/px4_msgs/px4_msgs/msg/detail/wheel_encoders__traits.hpp
[390.468s] -- Symlinking: /home/dolphiinn/ros2_ws/install/px4_msgs/include/px4_msgs/px4_msgs/msg/detail/wheel_encoders__type_support.hpp
[390.474s] -- Symlinking: /home/dolphiinn/ros2_ws/install/px4_msgs/include/px4_msgs/px4_msgs/msg/detail/wind__builder.hpp
[390.480s] -- Symlinking: /home/dolphiinn/ros2_ws/install/px4_msgs/include/px4_msgs/px4_msgs/msg/detail/wind__struct.hpp
[390.486s] -- Symlinking: /home/dolphiinn/ros2_ws/install/px4_msgs/include/px4_msgs/px4_msgs/msg/detail/wind__traits.hpp
[390.492s] -- Symlinking: /home/dolphiinn/ros2_ws/install/px4_msgs/include/px4_msgs/px4_msgs/msg/detail/wind__type_support.hpp
[390.498s] -- Symlinking: /home/dolphiinn/ros2_ws/install/px4_msgs/include/px4_msgs/px4_msgs/msg/detail/yaw_estimator_status__builder.hpp
[390.503s] -- Symlinking: /home/dolphiinn/ros2_ws/install/px4_msgs/include/px4_msgs/px4_msgs/msg/detail/yaw_estimator_status__struct.hpp
[390.509s] -- Symlinking: /home/dolphiinn/ros2_ws/install/px4_msgs/include/px4_msgs/px4_msgs/msg/detail/yaw_estimator_status__traits.hpp
[390.515s] -- Symlinking: /home/dolphiinn/ros2_ws/install/px4_msgs/include/px4_msgs/px4_msgs/msg/detail/yaw_estimator_status__type_support.hpp
[390.520s] -- Symlinking: /home/dolphiinn/ros2_ws/install/px4_msgs/include/px4_msgs/px4_msgs/msg/differential_pressure.hpp
[390.526s] -- Symlinking: /home/dolphiinn/ros2_ws/install/px4_msgs/include/px4_msgs/px4_msgs/msg/distance_sensor.hpp
[390.531s] -- Symlinking: /home/dolphiinn/ros2_ws/install/px4_msgs/include/px4_msgs/px4_msgs/msg/distance_sensor_mode_change_request.hpp
[390.537s] -- Symlinking: /home/dolphiinn/ros2_ws/install/px4_msgs/include/px4_msgs/px4_msgs/msg/dronecan_node_status.hpp
[390.544s] -- Symlinking: /home/dolphiinn/ros2_ws/install/px4_msgs/include/px4_msgs/px4_msgs/msg/ekf2_timestamps.hpp
[390.549s] -- Symlinking: /home/dolphiinn/ros2_ws/install/px4_msgs/include/px4_msgs/px4_msgs/msg/esc_report.hpp
[390.555s] -- Symlinking: /home/dolphiinn/ros2_ws/install/px4_msgs/include/px4_msgs/px4_msgs/msg/esc_status.hpp
[390.561s] -- Symlinking: /home/dolphiinn/ros2_ws/install/px4_msgs/include/px4_msgs/px4_msgs/msg/estimator_aid_source1d.hpp
[390.567s] -- Symlinking: /home/dolphiinn/ros2_ws/install/px4_msgs/include/px4_msgs/px4_msgs/msg/estimator_aid_source2d.hpp
[390.573s] -- Symlinking: /home/dolphiinn/ros2_ws/install/px4_msgs/include/px4_msgs/px4_msgs/msg/estimator_aid_source3d.hpp
[390.578s] -- Symlinking: /home/dolphiinn/ros2_ws/install/px4_msgs/include/px4_msgs/px4_msgs/msg/estimator_bias.hpp
[390.584s] -- Symlinking: /home/dolphiinn/ros2_ws/install/px4_msgs/include/px4_msgs/px4_msgs/msg/estimator_bias3d.hpp
[390.590s] -- Symlinking: /home/dolphiinn/ros2_ws/install/px4_msgs/include/px4_msgs/px4_msgs/msg/estimator_event_flags.hpp
[390.596s] -- Symlinking: /home/dolphiinn/ros2_ws/install/px4_msgs/include/px4_msgs/px4_msgs/msg/estimator_gps_status.hpp
[390.602s] -- Symlinking: /home/dolphiinn/ros2_ws/install/px4_msgs/include/px4_msgs/px4_msgs/msg/estimator_innovations.hpp
[390.608s] -- Symlinking: /home/dolphiinn/ros2_ws/install/px4_msgs/include/px4_msgs/px4_msgs/msg/estimator_selector_status.hpp
[390.614s] -- Symlinking: /home/dolphiinn/ros2_ws/install/px4_msgs/include/px4_msgs/px4_msgs/msg/estimator_sensor_bias.hpp
[390.620s] -- Symlinking: /home/dolphiinn/ros2_ws/install/px4_msgs/include/px4_msgs/px4_msgs/msg/estimator_states.hpp
[390.626s] -- Symlinking: /home/dolphiinn/ros2_ws/install/px4_msgs/include/px4_msgs/px4_msgs/msg/estimator_status.hpp
[390.632s] -- Symlinking: /home/dolphiinn/ros2_ws/install/px4_msgs/include/px4_msgs/px4_msgs/msg/estimator_status_flags.hpp
[390.638s] -- Symlinking: /home/dolphiinn/ros2_ws/install/px4_msgs/include/px4_msgs/px4_msgs/msg/event.hpp
[390.643s] -- Symlinking: /home/dolphiinn/ros2_ws/install/px4_msgs/include/px4_msgs/px4_msgs/msg/failsafe_flags.hpp
[390.649s] -- Symlinking: /home/dolphiinn/ros2_ws/install/px4_msgs/include/px4_msgs/px4_msgs/msg/failure_detector_status.hpp
[390.655s] -- Symlinking: /home/dolphiinn/ros2_ws/install/px4_msgs/include/px4_msgs/px4_msgs/msg/figure_eight_status.hpp
[390.660s] -- Symlinking: /home/dolphiinn/ros2_ws/install/px4_msgs/include/px4_msgs/px4_msgs/msg/fixed_wing_lateral_guidance_status.hpp
[390.666s] -- Symlinking: /home/dolphiinn/ros2_ws/install/px4_msgs/include/px4_msgs/px4_msgs/msg/fixed_wing_lateral_setpoint.hpp
[390.672s] -- Symlinking: /home/dolphiinn/ros2_ws/install/px4_msgs/include/px4_msgs/px4_msgs/msg/fixed_wing_lateral_status.hpp
[390.678s] -- Symlinking: /home/dolphiinn/ros2_ws/install/px4_msgs/include/px4_msgs/px4_msgs/msg/fixed_wing_longitudinal_setpoint.hpp
[390.683s] -- Symlinking: /home/dolphiinn/ros2_ws/install/px4_msgs/include/px4_msgs/px4_msgs/msg/fixed_wing_runway_control.hpp
[390.689s] -- Symlinking: /home/dolphiinn/ros2_ws/install/px4_msgs/include/px4_msgs/px4_msgs/msg/flight_phase_estimation.hpp
[390.695s] -- Symlinking: /home/dolphiinn/ros2_ws/install/px4_msgs/include/px4_msgs/px4_msgs/msg/follow_target.hpp
[390.701s] -- Symlinking: /home/dolphiinn/ros2_ws/install/px4_msgs/include/px4_msgs/px4_msgs/msg/follow_target_estimator.hpp
[390.707s] -- Symlinking: /home/dolphiinn/ros2_ws/install/px4_msgs/include/px4_msgs/px4_msgs/msg/follow_target_status.hpp
[390.712s] -- Symlinking: /home/dolphiinn/ros2_ws/install/px4_msgs/include/px4_msgs/px4_msgs/msg/fuel_tank_status.hpp
[390.718s] -- Symlinking: /home/dolphiinn/ros2_ws/install/px4_msgs/include/px4_msgs/px4_msgs/msg/generator_status.hpp
[390.724s] -- Symlinking: /home/dolphiinn/ros2_ws/install/px4_msgs/include/px4_msgs/px4_msgs/msg/geofence_result.hpp
[390.730s] -- Symlinking: /home/dolphiinn/ros2_ws/install/px4_msgs/include/px4_msgs/px4_msgs/msg/geofence_status.hpp
[390.736s] -- Symlinking: /home/dolphiinn/ros2_ws/install/px4_msgs/include/px4_msgs/px4_msgs/msg/gimbal_controls.hpp
[390.741s] -- Symlinking: /home/dolphiinn/ros2_ws/install/px4_msgs/include/px4_msgs/px4_msgs/msg/gimbal_device_attitude_status.hpp
[390.747s] -- Symlinking: /home/dolphiinn/ros2_ws/install/px4_msgs/include/px4_msgs/px4_msgs/msg/gimbal_device_information.hpp
[390.753s] -- Symlinking: /home/dolphiinn/ros2_ws/install/px4_msgs/include/px4_msgs/px4_msgs/msg/gimbal_device_set_attitude.hpp
[390.758s] -- Symlinking: /home/dolphiinn/ros2_ws/install/px4_msgs/include/px4_msgs/px4_msgs/msg/gimbal_manager_information.hpp
[390.764s] -- Symlinking: /home/dolphiinn/ros2_ws/install/px4_msgs/include/px4_msgs/px4_msgs/msg/gimbal_manager_set_attitude.hpp
[390.770s] -- Symlinking: /home/dolphiinn/ros2_ws/install/px4_msgs/include/px4_msgs/px4_msgs/msg/gimbal_manager_set_manual_control.hpp
[390.776s] -- Symlinking: /home/dolphiinn/ros2_ws/install/px4_msgs/include/px4_msgs/px4_msgs/msg/gimbal_manager_status.hpp
[390.782s] -- Symlinking: /home/dolphiinn/ros2_ws/install/px4_msgs/include/px4_msgs/px4_msgs/msg/goto_setpoint.hpp
[390.787s] -- Symlinking: /home/dolphiinn/ros2_ws/install/px4_msgs/include/px4_msgs/px4_msgs/msg/gpio_config.hpp
[390.793s] -- Symlinking: /home/dolphiinn/ros2_ws/install/px4_msgs/include/px4_msgs/px4_msgs/msg/gpio_in.hpp
[390.799s] -- Symlinking: /home/dolphiinn/ros2_ws/install/px4_msgs/include/px4_msgs/px4_msgs/msg/gpio_out.hpp
[390.805s] -- Symlinking: /home/dolphiinn/ros2_ws/install/px4_msgs/include/px4_msgs/px4_msgs/msg/gpio_request.hpp
[390.810s] -- Symlinking: /home/dolphiinn/ros2_ws/install/px4_msgs/include/px4_msgs/px4_msgs/msg/gps_dump.hpp
[390.816s] -- Symlinking: /home/dolphiinn/ros2_ws/install/px4_msgs/include/px4_msgs/px4_msgs/msg/gps_inject_data.hpp
[390.822s] -- Symlinking: /home/dolphiinn/ros2_ws/install/px4_msgs/include/px4_msgs/px4_msgs/msg/gripper.hpp
[390.828s] -- Symlinking: /home/dolphiinn/ros2_ws/install/px4_msgs/include/px4_msgs/px4_msgs/msg/health_report.hpp
[390.833s] -- Symlinking: /home/dolphiinn/ros2_ws/install/px4_msgs/include/px4_msgs/px4_msgs/msg/heater_status.hpp
[390.839s] -- Symlinking: /home/dolphiinn/ros2_ws/install/px4_msgs/include/px4_msgs/px4_msgs/msg/home_position.hpp
[390.845s] -- Symlinking: /home/dolphiinn/ros2_ws/install/px4_msgs/include/px4_msgs/px4_msgs/msg/hover_thrust_estimate.hpp
[390.851s] -- Symlinking: /home/dolphiinn/ros2_ws/install/px4_msgs/include/px4_msgs/px4_msgs/msg/input_rc.hpp
[390.856s] -- Symlinking: /home/dolphiinn/ros2_ws/install/px4_msgs/include/px4_msgs/px4_msgs/msg/internal_combustion_engine_control.hpp
[390.862s] -- Symlinking: /home/dolphiinn/ros2_ws/install/px4_msgs/include/px4_msgs/px4_msgs/msg/internal_combustion_engine_status.hpp
[390.868s] -- Symlinking: /home/dolphiinn/ros2_ws/install/px4_msgs/include/px4_msgs/px4_msgs/msg/iridiumsbd_status.hpp
[390.874s] -- Symlinking: /home/dolphiinn/ros2_ws/install/px4_msgs/include/px4_msgs/px4_msgs/msg/irlock_report.hpp
[390.879s] -- Symlinking: /home/dolphiinn/ros2_ws/install/px4_msgs/include/px4_msgs/px4_msgs/msg/landing_gear.hpp
[390.885s] -- Symlinking: /home/dolphiinn/ros2_ws/install/px4_msgs/include/px4_msgs/px4_msgs/msg/landing_gear_wheel.hpp
[390.891s] -- Symlinking: /home/dolphiinn/ros2_ws/install/px4_msgs/include/px4_msgs/px4_msgs/msg/landing_target_innovations.hpp
[390.896s] -- Symlinking: /home/dolphiinn/ros2_ws/install/px4_msgs/include/px4_msgs/px4_msgs/msg/landing_target_pose.hpp
[390.902s] -- Symlinking: /home/dolphiinn/ros2_ws/install/px4_msgs/include/px4_msgs/px4_msgs/msg/lateral_control_configuration.hpp
[390.907s] -- Symlinking: /home/dolphiinn/ros2_ws/install/px4_msgs/include/px4_msgs/px4_msgs/msg/launch_detection_status.hpp
[390.913s] -- Symlinking: /home/dolphiinn/ros2_ws/install/px4_msgs/include/px4_msgs/px4_msgs/msg/led_control.hpp
[390.919s] -- Symlinking: /home/dolphiinn/ros2_ws/install/px4_msgs/include/px4_msgs/px4_msgs/msg/log_message.hpp
[390.925s] -- Symlinking: /home/dolphiinn/ros2_ws/install/px4_msgs/include/px4_msgs/px4_msgs/msg/logger_status.hpp
[390.931s] -- Symlinking: /home/dolphiinn/ros2_ws/install/px4_msgs/include/px4_msgs/px4_msgs/msg/longitudinal_control_configuration.hpp
[390.936s] -- Symlinking: /home/dolphiinn/ros2_ws/install/px4_msgs/include/px4_msgs/px4_msgs/msg/mag_worker_data.hpp
[390.942s] -- Symlinking: /home/dolphiinn/ros2_ws/install/px4_msgs/include/px4_msgs/px4_msgs/msg/magnetometer_bias_estimate.hpp
[390.948s] -- Symlinking: /home/dolphiinn/ros2_ws/install/px4_msgs/include/px4_msgs/px4_msgs/msg/manual_control_setpoint.hpp
[390.954s] -- Symlinking: /home/dolphiinn/ros2_ws/install/px4_msgs/include/px4_msgs/px4_msgs/msg/manual_control_switches.hpp
[390.959s] -- Symlinking: /home/dolphiinn/ros2_ws/install/px4_msgs/include/px4_msgs/px4_msgs/msg/mavlink_log.hpp
[390.965s] -- Symlinking: /home/dolphiinn/ros2_ws/install/px4_msgs/include/px4_msgs/px4_msgs/msg/mavlink_tunnel.hpp
[390.971s] -- Symlinking: /home/dolphiinn/ros2_ws/install/px4_msgs/include/px4_msgs/px4_msgs/msg/message_format_request.hpp
[390.977s] -- Symlinking: /home/dolphiinn/ros2_ws/install/px4_msgs/include/px4_msgs/px4_msgs/msg/message_format_response.hpp
[390.982s] -- Symlinking: /home/dolphiinn/ros2_ws/install/px4_msgs/include/px4_msgs/px4_msgs/msg/mission.hpp
[390.988s] -- Symlinking: /home/dolphiinn/ros2_ws/install/px4_msgs/include/px4_msgs/px4_msgs/msg/mission_result.hpp
[390.994s] -- Symlinking: /home/dolphiinn/ros2_ws/install/px4_msgs/include/px4_msgs/px4_msgs/msg/mode_completed.hpp
[390.999s] -- Symlinking: /home/dolphiinn/ros2_ws/install/px4_msgs/include/px4_msgs/px4_msgs/msg/mount_orientation.hpp
[391.005s] -- Symlinking: /home/dolphiinn/ros2_ws/install/px4_msgs/include/px4_msgs/px4_msgs/msg/navigator_mission_item.hpp
[391.011s] -- Symlinking: /home/dolphiinn/ros2_ws/install/px4_msgs/include/px4_msgs/px4_msgs/msg/navigator_status.hpp
[391.017s] -- Symlinking: /home/dolphiinn/ros2_ws/install/px4_msgs/include/px4_msgs/px4_msgs/msg/neural_control.hpp
[391.023s] -- Symlinking: /home/dolphiinn/ros2_ws/install/px4_msgs/include/px4_msgs/px4_msgs/msg/normalized_unsigned_setpoint.hpp
[391.029s] -- Symlinking: /home/dolphiinn/ros2_ws/install/px4_msgs/include/px4_msgs/px4_msgs/msg/obstacle_distance.hpp
[391.034s] -- Symlinking: /home/dolphiinn/ros2_ws/install/px4_msgs/include/px4_msgs/px4_msgs/msg/offboard_control_mode.hpp
[391.040s] -- Symlinking: /home/dolphiinn/ros2_ws/install/px4_msgs/include/px4_msgs/px4_msgs/msg/onboard_computer_status.hpp
[391.046s] -- Symlinking: /home/dolphiinn/ros2_ws/install/px4_msgs/include/px4_msgs/px4_msgs/msg/open_drone_id_arm_status.hpp
[391.051s] -- Symlinking: /home/dolphiinn/ros2_ws/install/px4_msgs/include/px4_msgs/px4_msgs/msg/open_drone_id_operator_id.hpp
[391.057s] -- Symlinking: /home/dolphiinn/ros2_ws/install/px4_msgs/include/px4_msgs/px4_msgs/msg/open_drone_id_self_id.hpp
[391.063s] -- Symlinking: /home/dolphiinn/ros2_ws/install/px4_msgs/include/px4_msgs/px4_msgs/msg/open_drone_id_system.hpp
[391.069s] -- Symlinking: /home/dolphiinn/ros2_ws/install/px4_msgs/include/px4_msgs/px4_msgs/msg/orb_test.hpp
[391.075s] -- Symlinking: /home/dolphiinn/ros2_ws/install/px4_msgs/include/px4_msgs/px4_msgs/msg/orb_test_large.hpp
[391.080s] -- Symlinking: /home/dolphiinn/ros2_ws/install/px4_msgs/include/px4_msgs/px4_msgs/msg/orb_test_medium.hpp
[391.086s] -- Symlinking: /home/dolphiinn/ros2_ws/install/px4_msgs/include/px4_msgs/px4_msgs/msg/orbit_status.hpp
[391.092s] -- Symlinking: /home/dolphiinn/ros2_ws/install/px4_msgs/include/px4_msgs/px4_msgs/msg/parameter_reset_request.hpp
[391.098s] -- Symlinking: /home/dolphiinn/ros2_ws/install/px4_msgs/include/px4_msgs/px4_msgs/msg/parameter_set_used_request.hpp
[391.103s] -- Symlinking: /home/dolphiinn/ros2_ws/install/px4_msgs/include/px4_msgs/px4_msgs/msg/parameter_set_value_request.hpp
[391.109s] -- Symlinking: /home/dolphiinn/ros2_ws/install/px4_msgs/include/px4_msgs/px4_msgs/msg/parameter_set_value_response.hpp
[391.114s] -- Symlinking: /home/dolphiinn/ros2_ws/install/px4_msgs/include/px4_msgs/px4_msgs/msg/parameter_update.hpp
[391.120s] -- Symlinking: /home/dolphiinn/ros2_ws/install/px4_msgs/include/px4_msgs/px4_msgs/msg/ping.hpp
[391.126s] -- Symlinking: /home/dolphiinn/ros2_ws/install/px4_msgs/include/px4_msgs/px4_msgs/msg/position_controller_landing_status.hpp
[391.131s] -- Symlinking: /home/dolphiinn/ros2_ws/install/px4_msgs/include/px4_msgs/px4_msgs/msg/position_controller_status.hpp
[391.137s] -- Symlinking: /home/dolphiinn/ros2_ws/install/px4_msgs/include/px4_msgs/px4_msgs/msg/position_setpoint.hpp
[391.143s] -- Symlinking: /home/dolphiinn/ros2_ws/install/px4_msgs/include/px4_msgs/px4_msgs/msg/position_setpoint_triplet.hpp
[391.149s] -- Symlinking: /home/dolphiinn/ros2_ws/install/px4_msgs/include/px4_msgs/px4_msgs/msg/power_button_state.hpp
[391.155s] -- Symlinking: /home/dolphiinn/ros2_ws/install/px4_msgs/include/px4_msgs/px4_msgs/msg/power_monitor.hpp
[391.161s] -- Symlinking: /home/dolphiinn/ros2_ws/install/px4_msgs/include/px4_msgs/px4_msgs/msg/pps_capture.hpp
[391.166s] -- Symlinking: /home/dolphiinn/ros2_ws/install/px4_msgs/include/px4_msgs/px4_msgs/msg/pure_pursuit_status.hpp
[391.172s] -- Symlinking: /home/dolphiinn/ros2_ws/install/px4_msgs/include/px4_msgs/px4_msgs/msg/pwm_input.hpp
[391.178s] -- Symlinking: /home/dolphiinn/ros2_ws/install/px4_msgs/include/px4_msgs/px4_msgs/msg/px4io_status.hpp
[391.184s] -- Symlinking: /home/dolphiinn/ros2_ws/install/px4_msgs/include/px4_msgs/px4_msgs/msg/qshell_req.hpp
[391.189s] -- Symlinking: /home/dolphiinn/ros2_ws/install/px4_msgs/include/px4_msgs/px4_msgs/msg/qshell_retval.hpp
[391.195s] -- Symlinking: /home/dolphiinn/ros2_ws/install/px4_msgs/include/px4_msgs/px4_msgs/msg/radio_status.hpp
[391.201s] -- Symlinking: /home/dolphiinn/ros2_ws/install/px4_msgs/include/px4_msgs/px4_msgs/msg/rate_ctrl_status.hpp
[391.207s] -- Symlinking: /home/dolphiinn/ros2_ws/install/px4_msgs/include/px4_msgs/px4_msgs/msg/rc_channels.hpp
[391.212s] -- Symlinking: /home/dolphiinn/ros2_ws/install/px4_msgs/include/px4_msgs/px4_msgs/msg/rc_parameter_map.hpp
[391.218s] -- Symlinking: /home/dolphiinn/ros2_ws/install/px4_msgs/include/px4_msgs/px4_msgs/msg/register_ext_component_reply.hpp
[391.224s] -- Symlinking: /home/dolphiinn/ros2_ws/install/px4_msgs/include/px4_msgs/px4_msgs/msg/register_ext_component_request.hpp
[391.230s] -- Symlinking: /home/dolphiinn/ros2_ws/install/px4_msgs/include/px4_msgs/px4_msgs/msg/rosidl_generator_cpp__visibility_control.hpp
[391.236s] -- Symlinking: /home/dolphiinn/ros2_ws/install/px4_msgs/include/px4_msgs/px4_msgs/msg/rover_attitude_setpoint.hpp
[391.242s] -- Symlinking: /home/dolphiinn/ros2_ws/install/px4_msgs/include/px4_msgs/px4_msgs/msg/rover_attitude_status.hpp
[391.247s] -- Symlinking: /home/dolphiinn/ros2_ws/install/px4_msgs/include/px4_msgs/px4_msgs/msg/rover_position_setpoint.hpp
[391.253s] -- Symlinking: /home/dolphiinn/ros2_ws/install/px4_msgs/include/px4_msgs/px4_msgs/msg/rover_rate_setpoint.hpp
[391.259s] -- Symlinking: /home/dolphiinn/ros2_ws/install/px4_msgs/include/px4_msgs/px4_msgs/msg/rover_rate_status.hpp
[391.265s] -- Symlinking: /home/dolphiinn/ros2_ws/install/px4_msgs/include/px4_msgs/px4_msgs/msg/rover_speed_setpoint.hpp
[391.271s] -- Symlinking: /home/dolphiinn/ros2_ws/install/px4_msgs/include/px4_msgs/px4_msgs/msg/rover_speed_status.hpp
[391.277s] -- Symlinking: /home/dolphiinn/ros2_ws/install/px4_msgs/include/px4_msgs/px4_msgs/msg/rover_steering_setpoint.hpp
[391.282s] -- Symlinking: /home/dolphiinn/ros2_ws/install/px4_msgs/include/px4_msgs/px4_msgs/msg/rover_throttle_setpoint.hpp
[391.288s] -- Symlinking: /home/dolphiinn/ros2_ws/install/px4_msgs/include/px4_msgs/px4_msgs/msg/rpm.hpp
[391.294s] -- Symlinking: /home/dolphiinn/ros2_ws/install/px4_msgs/include/px4_msgs/px4_msgs/msg/rtl_status.hpp
[391.299s] -- Symlinking: /home/dolphiinn/ros2_ws/install/px4_msgs/include/px4_msgs/px4_msgs/msg/rtl_time_estimate.hpp
[391.305s] -- Symlinking: /home/dolphiinn/ros2_ws/install/px4_msgs/include/px4_msgs/px4_msgs/msg/satellite_info.hpp
[391.311s] -- Symlinking: /home/dolphiinn/ros2_ws/install/px4_msgs/include/px4_msgs/px4_msgs/msg/sensor_accel.hpp
[391.317s] -- Symlinking: /home/dolphiinn/ros2_ws/install/px4_msgs/include/px4_msgs/px4_msgs/msg/sensor_accel_fifo.hpp
[391.323s] -- Symlinking: /home/dolphiinn/ros2_ws/install/px4_msgs/include/px4_msgs/px4_msgs/msg/sensor_airflow.hpp
[391.329s] -- Symlinking: /home/dolphiinn/ros2_ws/install/px4_msgs/include/px4_msgs/px4_msgs/msg/sensor_baro.hpp
[391.334s] -- Symlinking: /home/dolphiinn/ros2_ws/install/px4_msgs/include/px4_msgs/px4_msgs/msg/sensor_combined.hpp
[391.340s] -- Symlinking: /home/dolphiinn/ros2_ws/install/px4_msgs/include/px4_msgs/px4_msgs/msg/sensor_correction.hpp
[391.346s] -- Symlinking: /home/dolphiinn/ros2_ws/install/px4_msgs/include/px4_msgs/px4_msgs/msg/sensor_gnss_relative.hpp
[391.352s] -- Symlinking: /home/dolphiinn/ros2_ws/install/px4_msgs/include/px4_msgs/px4_msgs/msg/sensor_gnss_status.hpp
[391.358s] -- Symlinking: /home/dolphiinn/ros2_ws/install/px4_msgs/include/px4_msgs/px4_msgs/msg/sensor_gps.hpp
[391.364s] -- Symlinking: /home/dolphiinn/ros2_ws/install/px4_msgs/include/px4_msgs/px4_msgs/msg/sensor_gyro.hpp
[391.370s] -- Symlinking: /home/dolphiinn/ros2_ws/install/px4_msgs/include/px4_msgs/px4_msgs/msg/sensor_gyro_fft.hpp
[391.376s] -- Symlinking: /home/dolphiinn/ros2_ws/install/px4_msgs/include/px4_msgs/px4_msgs/msg/sensor_gyro_fifo.hpp
[391.381s] -- Symlinking: /home/dolphiinn/ros2_ws/install/px4_msgs/include/px4_msgs/px4_msgs/msg/sensor_hygrometer.hpp
[391.387s] -- Symlinking: /home/dolphiinn/ros2_ws/install/px4_msgs/include/px4_msgs/px4_msgs/msg/sensor_mag.hpp
[391.393s] -- Symlinking: /home/dolphiinn/ros2_ws/install/px4_msgs/include/px4_msgs/px4_msgs/msg/sensor_optical_flow.hpp
[391.399s] -- Symlinking: /home/dolphiinn/ros2_ws/install/px4_msgs/include/px4_msgs/px4_msgs/msg/sensor_preflight_mag.hpp
[391.405s] -- Symlinking: /home/dolphiinn/ros2_ws/install/px4_msgs/include/px4_msgs/px4_msgs/msg/sensor_selection.hpp
[391.410s] -- Symlinking: /home/dolphiinn/ros2_ws/install/px4_msgs/include/px4_msgs/px4_msgs/msg/sensor_uwb.hpp
[391.416s] -- Symlinking: /home/dolphiinn/ros2_ws/install/px4_msgs/include/px4_msgs/px4_msgs/msg/sensors_status.hpp
[391.422s] -- Symlinking: /home/dolphiinn/ros2_ws/install/px4_msgs/include/px4_msgs/px4_msgs/msg/sensors_status_imu.hpp
[391.438s] -- Symlinking: /home/dolphiinn/ros2_ws/install/px4_msgs/include/px4_msgs/px4_msgs/msg/system_power.hpp
[391.445s] -- Symlinking: /home/dolphiinn/ros2_ws/install/px4_msgs/include/px4_msgs/px4_msgs/msg/takeoff_status.hpp
[391.453s] -- Symlinking: /home/dolphiinn/ros2_ws/install/px4_msgs/include/px4_msgs/px4_msgs/msg/task_stack_info.hpp
[391.460s] -- Symlinking: /home/dolphiinn/ros2_ws/install/px4_msgs/include/px4_msgs/px4_msgs/msg/tecs_status.hpp
[391.468s] -- Symlinking: /home/dolphiinn/ros2_ws/install/px4_msgs/include/px4_msgs/px4_msgs/msg/telemetry_status.hpp
[391.474s] -- Symlinking: /home/dolphiinn/ros2_ws/install/px4_msgs/include/px4_msgs/px4_msgs/msg/tiltrotor_extra_controls.hpp
[391.479s] -- Symlinking: /home/dolphiinn/ros2_ws/install/px4_msgs/include/px4_msgs/px4_msgs/msg/timesync_status.hpp
[391.485s] -- Symlinking: /home/dolphiinn/ros2_ws/install/px4_msgs/include/px4_msgs/px4_msgs/msg/trajectory_setpoint.hpp
[391.491s] -- Symlinking: /home/dolphiinn/ros2_ws/install/px4_msgs/include/px4_msgs/px4_msgs/msg/trajectory_setpoint6dof.hpp
[391.497s] -- Symlinking: /home/dolphiinn/ros2_ws/install/px4_msgs/include/px4_msgs/px4_msgs/msg/transponder_report.hpp
[391.503s] -- Symlinking: /home/dolphiinn/ros2_ws/install/px4_msgs/include/px4_msgs/px4_msgs/msg/tune_control.hpp
[391.509s] -- Symlinking: /home/dolphiinn/ros2_ws/install/px4_msgs/include/px4_msgs/px4_msgs/msg/uavcan_parameter_request.hpp
[391.514s] -- Symlinking: /home/dolphiinn/ros2_ws/install/px4_msgs/include/px4_msgs/px4_msgs/msg/uavcan_parameter_value.hpp
[391.520s] -- Symlinking: /home/dolphiinn/ros2_ws/install/px4_msgs/include/px4_msgs/px4_msgs/msg/ulog_stream.hpp
[391.526s] -- Symlinking: /home/dolphiinn/ros2_ws/install/px4_msgs/include/px4_msgs/px4_msgs/msg/ulog_stream_ack.hpp
[391.532s] -- Symlinking: /home/dolphiinn/ros2_ws/install/px4_msgs/include/px4_msgs/px4_msgs/msg/unregister_ext_component.hpp
[391.538s] -- Symlinking: /home/dolphiinn/ros2_ws/install/px4_msgs/include/px4_msgs/px4_msgs/msg/vehicle_acceleration.hpp
[391.545s] -- Symlinking: /home/dolphiinn/ros2_ws/install/px4_msgs/include/px4_msgs/px4_msgs/msg/vehicle_air_data.hpp
[391.550s] -- Symlinking: /home/dolphiinn/ros2_ws/install/px4_msgs/include/px4_msgs/px4_msgs/msg/vehicle_angular_acceleration_setpoint.hpp
[391.556s] -- Symlinking: /home/dolphiinn/ros2_ws/install/px4_msgs/include/px4_msgs/px4_msgs/msg/vehicle_angular_velocity.hpp
[391.562s] -- Symlinking: /home/dolphiinn/ros2_ws/install/px4_msgs/include/px4_msgs/px4_msgs/msg/vehicle_attitude.hpp
[391.567s] -- Symlinking: /home/dolphiinn/ros2_ws/install/px4_msgs/include/px4_msgs/px4_msgs/msg/vehicle_attitude_setpoint.hpp
[391.573s] -- Symlinking: /home/dolphiinn/ros2_ws/install/px4_msgs/include/px4_msgs/px4_msgs/msg/vehicle_command.hpp
[391.579s] -- Symlinking: /home/dolphiinn/ros2_ws/install/px4_msgs/include/px4_msgs/px4_msgs/msg/vehicle_command_ack.hpp
[391.585s] -- Symlinking: /home/dolphiinn/ros2_ws/install/px4_msgs/include/px4_msgs/px4_msgs/msg/vehicle_constraints.hpp
[391.590s] -- Symlinking: /home/dolphiinn/ros2_ws/install/px4_msgs/include/px4_msgs/px4_msgs/msg/vehicle_control_mode.hpp
[391.596s] -- Symlinking: /home/dolphiinn/ros2_ws/install/px4_msgs/include/px4_msgs/px4_msgs/msg/vehicle_global_position.hpp
[391.602s] -- Symlinking: /home/dolphiinn/ros2_ws/install/px4_msgs/include/px4_msgs/px4_msgs/msg/vehicle_imu.hpp
[391.608s] -- Symlinking: /home/dolphiinn/ros2_ws/install/px4_msgs/include/px4_msgs/px4_msgs/msg/vehicle_imu_status.hpp
[391.614s] -- Symlinking: /home/dolphiinn/ros2_ws/install/px4_msgs/include/px4_msgs/px4_msgs/msg/vehicle_land_detected.hpp
[391.619s] -- Symlinking: /home/dolphiinn/ros2_ws/install/px4_msgs/include/px4_msgs/px4_msgs/msg/vehicle_local_position.hpp
[391.628s] -- Symlinking: /home/dolphiinn/ros2_ws/install/px4_msgs/include/px4_msgs/px4_msgs/msg/vehicle_local_position_setpoint.hpp
[391.639s] -- Symlinking: /home/dolphiinn/ros2_ws/install/px4_msgs/include/px4_msgs/px4_msgs/msg/vehicle_magnetometer.hpp
[391.646s] -- Symlinking: /home/dolphiinn/ros2_ws/install/px4_msgs/include/px4_msgs/px4_msgs/msg/vehicle_odometry.hpp
[391.651s] -- Symlinking: /home/dolphiinn/ros2_ws/install/px4_msgs/include/px4_msgs/px4_msgs/msg/vehicle_optical_flow.hpp
[391.657s] -- Symlinking: /home/dolphiinn/ros2_ws/install/px4_msgs/include/px4_msgs/px4_msgs/msg/vehicle_optical_flow_vel.hpp
[391.663s] -- Symlinking: /home/dolphiinn/ros2_ws/install/px4_msgs/include/px4_msgs/px4_msgs/msg/vehicle_rates_setpoint.hpp
[391.671s] -- Symlinking: /home/dolphiinn/ros2_ws/install/px4_msgs/include/px4_msgs/px4_msgs/msg/vehicle_roi.hpp
[391.677s] -- Symlinking: /home/dolphiinn/ros2_ws/install/px4_msgs/include/px4_msgs/px4_msgs/msg/vehicle_status.hpp
[391.684s] -- Symlinking: /home/dolphiinn/ros2_ws/install/px4_msgs/include/px4_msgs/px4_msgs/msg/vehicle_thrust_setpoint.hpp
[391.691s] -- Symlinking: /home/dolphiinn/ros2_ws/install/px4_msgs/include/px4_msgs/px4_msgs/msg/vehicle_torque_setpoint.hpp
[391.697s] -- Symlinking: /home/dolphiinn/ros2_ws/install/px4_msgs/include/px4_msgs/px4_msgs/msg/velocity_limits.hpp
[391.703s] -- Symlinking: /home/dolphiinn/ros2_ws/install/px4_msgs/include/px4_msgs/px4_msgs/msg/vtol_vehicle_status.hpp
[391.710s] -- Symlinking: /home/dolphiinn/ros2_ws/install/px4_msgs/include/px4_msgs/px4_msgs/msg/wheel_encoders.hpp
[391.715s] -- Symlinking: /home/dolphiinn/ros2_ws/install/px4_msgs/include/px4_msgs/px4_msgs/msg/wind.hpp
[391.721s] -- Symlinking: /home/dolphiinn/ros2_ws/install/px4_msgs/include/px4_msgs/px4_msgs/msg/yaw_estimator_status.hpp
[391.727s] -- Symlinking: /home/dolphiinn/ros2_ws/install/px4_msgs/include/px4_msgs/px4_msgs/srv/detail/vehicle_command__builder.hpp
[391.733s] -- Symlinking: /home/dolphiinn/ros2_ws/install/px4_msgs/include/px4_msgs/px4_msgs/srv/detail/vehicle_command__struct.hpp
[391.738s] -- Symlinking: /home/dolphiinn/ros2_ws/install/px4_msgs/include/px4_msgs/px4_msgs/srv/detail/vehicle_command__traits.hpp
[391.744s] -- Symlinking: /home/dolphiinn/ros2_ws/install/px4_msgs/include/px4_msgs/px4_msgs/srv/detail/vehicle_command__type_support.hpp
[391.750s] -- Symlinking: /home/dolphiinn/ros2_ws/install/px4_msgs/include/px4_msgs/px4_msgs/srv/vehicle_command.hpp
[391.760s] -- Symlinking: /home/dolphiinn/ros2_ws/install/px4_msgs/include/px4_msgs/px4_msgs/msg/detail/action_request__rosidl_typesupport_fastrtps_cpp.hpp
[391.766s] -- Symlinking: /home/dolphiinn/ros2_ws/install/px4_msgs/include/px4_msgs/px4_msgs/msg/detail/actuator_armed__rosidl_typesupport_fastrtps_cpp.hpp
[391.771s] -- Symlinking: /home/dolphiinn/ros2_ws/install/px4_msgs/include/px4_msgs/px4_msgs/msg/detail/actuator_controls_status__rosidl_typesupport_fastrtps_cpp.hpp
[391.777s] -- Symlinking: /home/dolphiinn/ros2_ws/install/px4_msgs/include/px4_msgs/px4_msgs/msg/detail/actuator_motors__rosidl_typesupport_fastrtps_cpp.hpp
[391.783s] -- Symlinking: /home/dolphiinn/ros2_ws/install/px4_msgs/include/px4_msgs/px4_msgs/msg/detail/actuator_outputs__rosidl_typesupport_fastrtps_cpp.hpp
[391.789s] -- Symlinking: /home/dolphiinn/ros2_ws/install/px4_msgs/include/px4_msgs/px4_msgs/msg/detail/actuator_servos__rosidl_typesupport_fastrtps_cpp.hpp
[391.795s] -- Symlinking: /home/dolphiinn/ros2_ws/install/px4_msgs/include/px4_msgs/px4_msgs/msg/detail/actuator_servos_trim__rosidl_typesupport_fastrtps_cpp.hpp
[391.800s] -- Symlinking: /home/dolphiinn/ros2_ws/install/px4_msgs/include/px4_msgs/px4_msgs/msg/detail/actuator_test__rosidl_typesupport_fastrtps_cpp.hpp
[391.806s] -- Symlinking: /home/dolphiinn/ros2_ws/install/px4_msgs/include/px4_msgs/px4_msgs/msg/detail/adc_report__rosidl_typesupport_fastrtps_cpp.hpp
[391.811s] -- Symlinking: /home/dolphiinn/ros2_ws/install/px4_msgs/include/px4_msgs/px4_msgs/msg/detail/airspeed__rosidl_typesupport_fastrtps_cpp.hpp
[391.817s] -- Symlinking: /home/dolphiinn/ros2_ws/install/px4_msgs/include/px4_msgs/px4_msgs/msg/detail/airspeed_validated__rosidl_typesupport_fastrtps_cpp.hpp
[391.823s] -- Symlinking: /home/dolphiinn/ros2_ws/install/px4_msgs/include/px4_msgs/px4_msgs/msg/detail/airspeed_wind__rosidl_typesupport_fastrtps_cpp.hpp
[391.829s] -- Symlinking: /home/dolphiinn/ros2_ws/install/px4_msgs/include/px4_msgs/px4_msgs/msg/detail/arming_check_reply__rosidl_typesupport_fastrtps_cpp.hpp
[391.838s] -- Symlinking: /home/dolphiinn/ros2_ws/install/px4_msgs/include/px4_msgs/px4_msgs/msg/detail/arming_check_request__rosidl_typesupport_fastrtps_cpp.hpp
[391.846s] -- Symlinking: /home/dolphiinn/ros2_ws/install/px4_msgs/include/px4_msgs/px4_msgs/msg/detail/autotune_attitude_control_status__rosidl_typesupport_fastrtps_cpp.hpp
[391.853s] -- Symlinking: /home/dolphiinn/ros2_ws/install/px4_msgs/include/px4_msgs/px4_msgs/msg/detail/battery_info__rosidl_typesupport_fastrtps_cpp.hpp
[391.858s] -- Symlinking: /home/dolphiinn/ros2_ws/install/px4_msgs/include/px4_msgs/px4_msgs/msg/detail/battery_status__rosidl_typesupport_fastrtps_cpp.hpp
[391.865s] -- Symlinking: /home/dolphiinn/ros2_ws/install/px4_msgs/include/px4_msgs/px4_msgs/msg/detail/button_event__rosidl_typesupport_fastrtps_cpp.hpp
[391.871s] -- Symlinking: /home/dolphiinn/ros2_ws/install/px4_msgs/include/px4_msgs/px4_msgs/msg/detail/camera_capture__rosidl_typesupport_fastrtps_cpp.hpp
[391.876s] -- Symlinking: /home/dolphiinn/ros2_ws/install/px4_msgs/include/px4_msgs/px4_msgs/msg/detail/camera_status__rosidl_typesupport_fastrtps_cpp.hpp
[391.882s] -- Symlinking: /home/dolphiinn/ros2_ws/install/px4_msgs/include/px4_msgs/px4_msgs/msg/detail/camera_trigger__rosidl_typesupport_fastrtps_cpp.hpp
[391.888s] -- Symlinking: /home/dolphiinn/ros2_ws/install/px4_msgs/include/px4_msgs/px4_msgs/msg/detail/can_interface_status__rosidl_typesupport_fastrtps_cpp.hpp
[391.895s] -- Symlinking: /home/dolphiinn/ros2_ws/install/px4_msgs/include/px4_msgs/px4_msgs/msg/detail/cellular_status__rosidl_typesupport_fastrtps_cpp.hpp
[391.904s] -- Symlinking: /home/dolphiinn/ros2_ws/install/px4_msgs/include/px4_msgs/px4_msgs/msg/detail/collision_constraints__rosidl_typesupport_fastrtps_cpp.hpp
[391.911s] -- Symlinking: /home/dolphiinn/ros2_ws/install/px4_msgs/include/px4_msgs/px4_msgs/msg/detail/config_overrides__rosidl_typesupport_fastrtps_cpp.hpp
[391.919s] -- Symlinking: /home/dolphiinn/ros2_ws/install/px4_msgs/include/px4_msgs/px4_msgs/msg/detail/control_allocator_status__rosidl_typesupport_fastrtps_cpp.hpp
[391.925s] -- Symlinking: /home/dolphiinn/ros2_ws/install/px4_msgs/include/px4_msgs/px4_msgs/msg/detail/cpuload__rosidl_typesupport_fastrtps_cpp.hpp
[391.930s] -- Symlinking: /home/dolphiinn/ros2_ws/install/px4_msgs/include/px4_msgs/px4_msgs/msg/detail/dataman_request__rosidl_typesupport_fastrtps_cpp.hpp
[391.936s] -- Symlinking: /home/dolphiinn/ros2_ws/install/px4_msgs/include/px4_msgs/px4_msgs/msg/detail/dataman_response__rosidl_typesupport_fastrtps_cpp.hpp
[391.942s] -- Symlinking: /home/dolphiinn/ros2_ws/install/px4_msgs/include/px4_msgs/px4_msgs/msg/detail/debug_array__rosidl_typesupport_fastrtps_cpp.hpp
[391.948s] -- Symlinking: /home/dolphiinn/ros2_ws/install/px4_msgs/include/px4_msgs/px4_msgs/msg/detail/debug_key_value__rosidl_typesupport_fastrtps_cpp.hpp
[391.954s] -- Symlinking: /home/dolphiinn/ros2_ws/install/px4_msgs/include/px4_msgs/px4_msgs/msg/detail/debug_value__rosidl_typesupport_fastrtps_cpp.hpp
[391.959s] -- Symlinking: /home/dolphiinn/ros2_ws/install/px4_msgs/include/px4_msgs/px4_msgs/msg/detail/debug_vect__rosidl_typesupport_fastrtps_cpp.hpp
[391.965s] -- Symlinking: /home/dolphiinn/ros2_ws/install/px4_msgs/include/px4_msgs/px4_msgs/msg/detail/differential_pressure__rosidl_typesupport_fastrtps_cpp.hpp
[391.971s] -- Symlinking: /home/dolphiinn/ros2_ws/install/px4_msgs/include/px4_msgs/px4_msgs/msg/detail/distance_sensor__rosidl_typesupport_fastrtps_cpp.hpp
[391.977s] -- Symlinking: /home/dolphiinn/ros2_ws/install/px4_msgs/include/px4_msgs/px4_msgs/msg/detail/distance_sensor_mode_change_request__rosidl_typesupport_fastrtps_cpp.hpp
[391.982s] -- Symlinking: /home/dolphiinn/ros2_ws/install/px4_msgs/include/px4_msgs/px4_msgs/msg/detail/dronecan_node_status__rosidl_typesupport_fastrtps_cpp.hpp
[391.988s] -- Symlinking: /home/dolphiinn/ros2_ws/install/px4_msgs/include/px4_msgs/px4_msgs/msg/detail/ekf2_timestamps__rosidl_typesupport_fastrtps_cpp.hpp
[391.994s] -- Symlinking: /home/dolphiinn/ros2_ws/install/px4_msgs/include/px4_msgs/px4_msgs/msg/detail/esc_report__rosidl_typesupport_fastrtps_cpp.hpp
[392.000s] -- Symlinking: /home/dolphiinn/ros2_ws/install/px4_msgs/include/px4_msgs/px4_msgs/msg/detail/esc_status__rosidl_typesupport_fastrtps_cpp.hpp
[392.005s] -- Symlinking: /home/dolphiinn/ros2_ws/install/px4_msgs/include/px4_msgs/px4_msgs/msg/detail/estimator_aid_source1d__rosidl_typesupport_fastrtps_cpp.hpp
[392.011s] -- Symlinking: /home/dolphiinn/ros2_ws/install/px4_msgs/include/px4_msgs/px4_msgs/msg/detail/estimator_aid_source2d__rosidl_typesupport_fastrtps_cpp.hpp
[392.017s] -- Symlinking: /home/dolphiinn/ros2_ws/install/px4_msgs/include/px4_msgs/px4_msgs/msg/detail/estimator_aid_source3d__rosidl_typesupport_fastrtps_cpp.hpp
[392.022s] -- Symlinking: /home/dolphiinn/ros2_ws/install/px4_msgs/include/px4_msgs/px4_msgs/msg/detail/estimator_bias3d__rosidl_typesupport_fastrtps_cpp.hpp
[392.028s] -- Symlinking: /home/dolphiinn/ros2_ws/install/px4_msgs/include/px4_msgs/px4_msgs/msg/detail/estimator_bias__rosidl_typesupport_fastrtps_cpp.hpp
[392.034s] -- Symlinking: /home/dolphiinn/ros2_ws/install/px4_msgs/include/px4_msgs/px4_msgs/msg/detail/estimator_event_flags__rosidl_typesupport_fastrtps_cpp.hpp
[392.040s] -- Symlinking: /home/dolphiinn/ros2_ws/install/px4_msgs/include/px4_msgs/px4_msgs/msg/detail/estimator_gps_status__rosidl_typesupport_fastrtps_cpp.hpp
[392.046s] -- Symlinking: /home/dolphiinn/ros2_ws/install/px4_msgs/include/px4_msgs/px4_msgs/msg/detail/estimator_innovations__rosidl_typesupport_fastrtps_cpp.hpp
[392.052s] -- Symlinking: /home/dolphiinn/ros2_ws/install/px4_msgs/include/px4_msgs/px4_msgs/msg/detail/estimator_selector_status__rosidl_typesupport_fastrtps_cpp.hpp
[392.058s] -- Symlinking: /home/dolphiinn/ros2_ws/install/px4_msgs/include/px4_msgs/px4_msgs/msg/detail/estimator_sensor_bias__rosidl_typesupport_fastrtps_cpp.hpp
[392.064s] -- Symlinking: /home/dolphiinn/ros2_ws/install/px4_msgs/include/px4_msgs/px4_msgs/msg/detail/estimator_states__rosidl_typesupport_fastrtps_cpp.hpp
[392.070s] -- Symlinking: /home/dolphiinn/ros2_ws/install/px4_msgs/include/px4_msgs/px4_msgs/msg/detail/estimator_status__rosidl_typesupport_fastrtps_cpp.hpp
[392.076s] -- Symlinking: /home/dolphiinn/ros2_ws/install/px4_msgs/include/px4_msgs/px4_msgs/msg/detail/estimator_status_flags__rosidl_typesupport_fastrtps_cpp.hpp
[392.082s] -- Symlinking: /home/dolphiinn/ros2_ws/install/px4_msgs/include/px4_msgs/px4_msgs/msg/detail/event__rosidl_typesupport_fastrtps_cpp.hpp
[392.087s] -- Symlinking: /home/dolphiinn/ros2_ws/install/px4_msgs/include/px4_msgs/px4_msgs/msg/detail/failsafe_flags__rosidl_typesupport_fastrtps_cpp.hpp
[392.093s] -- Symlinking: /home/dolphiinn/ros2_ws/install/px4_msgs/include/px4_msgs/px4_msgs/msg/detail/failure_detector_status__rosidl_typesupport_fastrtps_cpp.hpp
[392.099s] -- Symlinking: /home/dolphiinn/ros2_ws/install/px4_msgs/include/px4_msgs/px4_msgs/msg/detail/figure_eight_status__rosidl_typesupport_fastrtps_cpp.hpp
[392.105s] -- Symlinking: /home/dolphiinn/ros2_ws/install/px4_msgs/include/px4_msgs/px4_msgs/msg/detail/fixed_wing_lateral_guidance_status__rosidl_typesupport_fastrtps_cpp.hpp
[392.111s] -- Symlinking: /home/dolphiinn/ros2_ws/install/px4_msgs/include/px4_msgs/px4_msgs/msg/detail/fixed_wing_lateral_setpoint__rosidl_typesupport_fastrtps_cpp.hpp
[392.116s] -- Symlinking: /home/dolphiinn/ros2_ws/install/px4_msgs/include/px4_msgs/px4_msgs/msg/detail/fixed_wing_lateral_status__rosidl_typesupport_fastrtps_cpp.hpp
[392.122s] -- Symlinking: /home/dolphiinn/ros2_ws/install/px4_msgs/include/px4_msgs/px4_msgs/msg/detail/fixed_wing_longitudinal_setpoint__rosidl_typesupport_fastrtps_cpp.hpp
[392.128s] -- Symlinking: /home/dolphiinn/ros2_ws/install/px4_msgs/include/px4_msgs/px4_msgs/msg/detail/fixed_wing_runway_control__rosidl_typesupport_fastrtps_cpp.hpp
[392.134s] -- Symlinking: /home/dolphiinn/ros2_ws/install/px4_msgs/include/px4_msgs/px4_msgs/msg/detail/flight_phase_estimation__rosidl_typesupport_fastrtps_cpp.hpp
[392.140s] -- Symlinking: /home/dolphiinn/ros2_ws/install/px4_msgs/include/px4_msgs/px4_msgs/msg/detail/follow_target__rosidl_typesupport_fastrtps_cpp.hpp
[392.145s] -- Symlinking: /home/dolphiinn/ros2_ws/install/px4_msgs/include/px4_msgs/px4_msgs/msg/detail/follow_target_estimator__rosidl_typesupport_fastrtps_cpp.hpp
[392.151s] -- Symlinking: /home/dolphiinn/ros2_ws/install/px4_msgs/include/px4_msgs/px4_msgs/msg/detail/follow_target_status__rosidl_typesupport_fastrtps_cpp.hpp
[392.157s] -- Symlinking: /home/dolphiinn/ros2_ws/install/px4_msgs/include/px4_msgs/px4_msgs/msg/detail/fuel_tank_status__rosidl_typesupport_fastrtps_cpp.hpp
[392.163s] -- Symlinking: /home/dolphiinn/ros2_ws/install/px4_msgs/include/px4_msgs/px4_msgs/msg/detail/generator_status__rosidl_typesupport_fastrtps_cpp.hpp
[392.169s] -- Symlinking: /home/dolphiinn/ros2_ws/install/px4_msgs/include/px4_msgs/px4_msgs/msg/detail/geofence_result__rosidl_typesupport_fastrtps_cpp.hpp
[392.175s] -- Symlinking: /home/dolphiinn/ros2_ws/install/px4_msgs/include/px4_msgs/px4_msgs/msg/detail/geofence_status__rosidl_typesupport_fastrtps_cpp.hpp
[392.181s] -- Symlinking: /home/dolphiinn/ros2_ws/install/px4_msgs/include/px4_msgs/px4_msgs/msg/detail/gimbal_controls__rosidl_typesupport_fastrtps_cpp.hpp
[392.186s] -- Symlinking: /home/dolphiinn/ros2_ws/install/px4_msgs/include/px4_msgs/px4_msgs/msg/detail/gimbal_device_attitude_status__rosidl_typesupport_fastrtps_cpp.hpp
[392.192s] -- Symlinking: /home/dolphiinn/ros2_ws/install/px4_msgs/include/px4_msgs/px4_msgs/msg/detail/gimbal_device_information__rosidl_typesupport_fastrtps_cpp.hpp
[392.197s] -- Symlinking: /home/dolphiinn/ros2_ws/install/px4_msgs/include/px4_msgs/px4_msgs/msg/detail/gimbal_device_set_attitude__rosidl_typesupport_fastrtps_cpp.hpp
[392.203s] -- Symlinking: /home/dolphiinn/ros2_ws/install/px4_msgs/include/px4_msgs/px4_msgs/msg/detail/gimbal_manager_information__rosidl_typesupport_fastrtps_cpp.hpp
[392.209s] -- Symlinking: /home/dolphiinn/ros2_ws/install/px4_msgs/include/px4_msgs/px4_msgs/msg/detail/gimbal_manager_set_attitude__rosidl_typesupport_fastrtps_cpp.hpp
[392.215s] -- Symlinking: /home/dolphiinn/ros2_ws/install/px4_msgs/include/px4_msgs/px4_msgs/msg/detail/gimbal_manager_set_manual_control__rosidl_typesupport_fastrtps_cpp.hpp
[392.221s] -- Symlinking: /home/dolphiinn/ros2_ws/install/px4_msgs/include/px4_msgs/px4_msgs/msg/detail/gimbal_manager_status__rosidl_typesupport_fastrtps_cpp.hpp
[392.226s] -- Symlinking: /home/dolphiinn/ros2_ws/install/px4_msgs/include/px4_msgs/px4_msgs/msg/detail/goto_setpoint__rosidl_typesupport_fastrtps_cpp.hpp
[392.232s] -- Symlinking: /home/dolphiinn/ros2_ws/install/px4_msgs/include/px4_msgs/px4_msgs/msg/detail/gpio_config__rosidl_typesupport_fastrtps_cpp.hpp
[392.237s] -- Symlinking: /home/dolphiinn/ros2_ws/install/px4_msgs/include/px4_msgs/px4_msgs/msg/detail/gpio_in__rosidl_typesupport_fastrtps_cpp.hpp
[392.243s] -- Symlinking: /home/dolphiinn/ros2_ws/install/px4_msgs/include/px4_msgs/px4_msgs/msg/detail/gpio_out__rosidl_typesupport_fastrtps_cpp.hpp
[392.249s] -- Symlinking: /home/dolphiinn/ros2_ws/install/px4_msgs/include/px4_msgs/px4_msgs/msg/detail/gpio_request__rosidl_typesupport_fastrtps_cpp.hpp
[392.255s] -- Symlinking: /home/dolphiinn/ros2_ws/install/px4_msgs/include/px4_msgs/px4_msgs/msg/detail/gps_dump__rosidl_typesupport_fastrtps_cpp.hpp
[392.260s] -- Symlinking: /home/dolphiinn/ros2_ws/install/px4_msgs/include/px4_msgs/px4_msgs/msg/detail/gps_inject_data__rosidl_typesupport_fastrtps_cpp.hpp
[392.266s] -- Symlinking: /home/dolphiinn/ros2_ws/install/px4_msgs/include/px4_msgs/px4_msgs/msg/detail/gripper__rosidl_typesupport_fastrtps_cpp.hpp
[392.272s] -- Symlinking: /home/dolphiinn/ros2_ws/install/px4_msgs/include/px4_msgs/px4_msgs/msg/detail/health_report__rosidl_typesupport_fastrtps_cpp.hpp
[392.277s] -- Symlinking: /home/dolphiinn/ros2_ws/install/px4_msgs/include/px4_msgs/px4_msgs/msg/detail/heater_status__rosidl_typesupport_fastrtps_cpp.hpp
[392.283s] -- Symlinking: /home/dolphiinn/ros2_ws/install/px4_msgs/include/px4_msgs/px4_msgs/msg/detail/home_position__rosidl_typesupport_fastrtps_cpp.hpp
[392.289s] -- Symlinking: /home/dolphiinn/ros2_ws/install/px4_msgs/include/px4_msgs/px4_msgs/msg/detail/hover_thrust_estimate__rosidl_typesupport_fastrtps_cpp.hpp
[392.294s] -- Symlinking: /home/dolphiinn/ros2_ws/install/px4_msgs/include/px4_msgs/px4_msgs/msg/detail/input_rc__rosidl_typesupport_fastrtps_cpp.hpp
[392.300s] -- Symlinking: /home/dolphiinn/ros2_ws/install/px4_msgs/include/px4_msgs/px4_msgs/msg/detail/internal_combustion_engine_control__rosidl_typesupport_fastrtps_cpp.hpp
[392.305s] -- Symlinking: /home/dolphiinn/ros2_ws/install/px4_msgs/include/px4_msgs/px4_msgs/msg/detail/internal_combustion_engine_status__rosidl_typesupport_fastrtps_cpp.hpp
[392.311s] -- Symlinking: /home/dolphiinn/ros2_ws/install/px4_msgs/include/px4_msgs/px4_msgs/msg/detail/iridiumsbd_status__rosidl_typesupport_fastrtps_cpp.hpp
[392.317s] -- Symlinking: /home/dolphiinn/ros2_ws/install/px4_msgs/include/px4_msgs/px4_msgs/msg/detail/irlock_report__rosidl_typesupport_fastrtps_cpp.hpp
[392.323s] -- Symlinking: /home/dolphiinn/ros2_ws/install/px4_msgs/include/px4_msgs/px4_msgs/msg/detail/landing_gear__rosidl_typesupport_fastrtps_cpp.hpp
[392.328s] -- Symlinking: /home/dolphiinn/ros2_ws/install/px4_msgs/include/px4_msgs/px4_msgs/msg/detail/landing_gear_wheel__rosidl_typesupport_fastrtps_cpp.hpp
[392.334s] -- Symlinking: /home/dolphiinn/ros2_ws/install/px4_msgs/include/px4_msgs/px4_msgs/msg/detail/landing_target_innovations__rosidl_typesupport_fastrtps_cpp.hpp
[392.340s] -- Symlinking: /home/dolphiinn/ros2_ws/install/px4_msgs/include/px4_msgs/px4_msgs/msg/detail/landing_target_pose__rosidl_typesupport_fastrtps_cpp.hpp
[392.346s] -- Symlinking: /home/dolphiinn/ros2_ws/install/px4_msgs/include/px4_msgs/px4_msgs/msg/detail/lateral_control_configuration__rosidl_typesupport_fastrtps_cpp.hpp
[392.352s] -- Symlinking: /home/dolphiinn/ros2_ws/install/px4_msgs/include/px4_msgs/px4_msgs/msg/detail/launch_detection_status__rosidl_typesupport_fastrtps_cpp.hpp
[392.358s] -- Symlinking: /home/dolphiinn/ros2_ws/install/px4_msgs/include/px4_msgs/px4_msgs/msg/detail/led_control__rosidl_typesupport_fastrtps_cpp.hpp
[392.364s] -- Symlinking: /home/dolphiinn/ros2_ws/install/px4_msgs/include/px4_msgs/px4_msgs/msg/detail/log_message__rosidl_typesupport_fastrtps_cpp.hpp
[392.370s] -- Symlinking: /home/dolphiinn/ros2_ws/install/px4_msgs/include/px4_msgs/px4_msgs/msg/detail/logger_status__rosidl_typesupport_fastrtps_cpp.hpp
[392.375s] -- Symlinking: /home/dolphiinn/ros2_ws/install/px4_msgs/include/px4_msgs/px4_msgs/msg/detail/longitudinal_control_configuration__rosidl_typesupport_fastrtps_cpp.hpp
[392.381s] -- Symlinking: /home/dolphiinn/ros2_ws/install/px4_msgs/include/px4_msgs/px4_msgs/msg/detail/mag_worker_data__rosidl_typesupport_fastrtps_cpp.hpp
[392.387s] -- Symlinking: /home/dolphiinn/ros2_ws/install/px4_msgs/include/px4_msgs/px4_msgs/msg/detail/magnetometer_bias_estimate__rosidl_typesupport_fastrtps_cpp.hpp
[392.393s] -- Symlinking: /home/dolphiinn/ros2_ws/install/px4_msgs/include/px4_msgs/px4_msgs/msg/detail/manual_control_setpoint__rosidl_typesupport_fastrtps_cpp.hpp
[392.401s] -- Symlinking: /home/dolphiinn/ros2_ws/install/px4_msgs/include/px4_msgs/px4_msgs/msg/detail/manual_control_switches__rosidl_typesupport_fastrtps_cpp.hpp
[392.407s] -- Symlinking: /home/dolphiinn/ros2_ws/install/px4_msgs/include/px4_msgs/px4_msgs/msg/detail/mavlink_log__rosidl_typesupport_fastrtps_cpp.hpp
[392.413s] -- Symlinking: /home/dolphiinn/ros2_ws/install/px4_msgs/include/px4_msgs/px4_msgs/msg/detail/mavlink_tunnel__rosidl_typesupport_fastrtps_cpp.hpp
[392.418s] -- Symlinking: /home/dolphiinn/ros2_ws/install/px4_msgs/include/px4_msgs/px4_msgs/msg/detail/message_format_request__rosidl_typesupport_fastrtps_cpp.hpp
[392.424s] -- Symlinking: /home/dolphiinn/ros2_ws/install/px4_msgs/include/px4_msgs/px4_msgs/msg/detail/message_format_response__rosidl_typesupport_fastrtps_cpp.hpp
[392.430s] -- Symlinking: /home/dolphiinn/ros2_ws/install/px4_msgs/include/px4_msgs/px4_msgs/msg/detail/mission__rosidl_typesupport_fastrtps_cpp.hpp
[392.436s] -- Symlinking: /home/dolphiinn/ros2_ws/install/px4_msgs/include/px4_msgs/px4_msgs/msg/detail/mission_result__rosidl_typesupport_fastrtps_cpp.hpp
[392.442s] -- Symlinking: /home/dolphiinn/ros2_ws/install/px4_msgs/include/px4_msgs/px4_msgs/msg/detail/mode_completed__rosidl_typesupport_fastrtps_cpp.hpp
[392.448s] -- Symlinking: /home/dolphiinn/ros2_ws/install/px4_msgs/include/px4_msgs/px4_msgs/msg/detail/mount_orientation__rosidl_typesupport_fastrtps_cpp.hpp
[392.453s] -- Symlinking: /home/dolphiinn/ros2_ws/install/px4_msgs/include/px4_msgs/px4_msgs/msg/detail/navigator_mission_item__rosidl_typesupport_fastrtps_cpp.hpp
[392.459s] -- Symlinking: /home/dolphiinn/ros2_ws/install/px4_msgs/include/px4_msgs/px4_msgs/msg/detail/navigator_status__rosidl_typesupport_fastrtps_cpp.hpp
[392.466s] -- Symlinking: /home/dolphiinn/ros2_ws/install/px4_msgs/include/px4_msgs/px4_msgs/msg/detail/neural_control__rosidl_typesupport_fastrtps_cpp.hpp
[392.471s] -- Symlinking: /home/dolphiinn/ros2_ws/install/px4_msgs/include/px4_msgs/px4_msgs/msg/detail/normalized_unsigned_setpoint__rosidl_typesupport_fastrtps_cpp.hpp
[392.477s] -- Symlinking: /home/dolphiinn/ros2_ws/install/px4_msgs/include/px4_msgs/px4_msgs/msg/detail/obstacle_distance__rosidl_typesupport_fastrtps_cpp.hpp
[392.483s] -- Symlinking: /home/dolphiinn/ros2_ws/install/px4_msgs/include/px4_msgs/px4_msgs/msg/detail/offboard_control_mode__rosidl_typesupport_fastrtps_cpp.hpp
[392.489s] -- Symlinking: /home/dolphiinn/ros2_ws/install/px4_msgs/include/px4_msgs/px4_msgs/msg/detail/onboard_computer_status__rosidl_typesupport_fastrtps_cpp.hpp
[392.495s] -- Symlinking: /home/dolphiinn/ros2_ws/install/px4_msgs/include/px4_msgs/px4_msgs/msg/detail/open_drone_id_arm_status__rosidl_typesupport_fastrtps_cpp.hpp
[392.501s] -- Symlinking: /home/dolphiinn/ros2_ws/install/px4_msgs/include/px4_msgs/px4_msgs/msg/detail/open_drone_id_operator_id__rosidl_typesupport_fastrtps_cpp.hpp
[392.507s] -- Symlinking: /home/dolphiinn/ros2_ws/install/px4_msgs/include/px4_msgs/px4_msgs/msg/detail/open_drone_id_self_id__rosidl_typesupport_fastrtps_cpp.hpp
[392.512s] -- Symlinking: /home/dolphiinn/ros2_ws/install/px4_msgs/include/px4_msgs/px4_msgs/msg/detail/open_drone_id_system__rosidl_typesupport_fastrtps_cpp.hpp
[392.518s] -- Symlinking: /home/dolphiinn/ros2_ws/install/px4_msgs/include/px4_msgs/px4_msgs/msg/detail/orb_test__rosidl_typesupport_fastrtps_cpp.hpp
[392.524s] -- Symlinking: /home/dolphiinn/ros2_ws/install/px4_msgs/include/px4_msgs/px4_msgs/msg/detail/orb_test_large__rosidl_typesupport_fastrtps_cpp.hpp
[392.530s] -- Symlinking: /home/dolphiinn/ros2_ws/install/px4_msgs/include/px4_msgs/px4_msgs/msg/detail/orb_test_medium__rosidl_typesupport_fastrtps_cpp.hpp
[392.536s] -- Symlinking: /home/dolphiinn/ros2_ws/install/px4_msgs/include/px4_msgs/px4_msgs/msg/detail/orbit_status__rosidl_typesupport_fastrtps_cpp.hpp
[392.542s] -- Symlinking: /home/dolphiinn/ros2_ws/install/px4_msgs/include/px4_msgs/px4_msgs/msg/detail/parameter_reset_request__rosidl_typesupport_fastrtps_cpp.hpp
[392.550s] -- Symlinking: /home/dolphiinn/ros2_ws/install/px4_msgs/include/px4_msgs/px4_msgs/msg/detail/parameter_set_used_request__rosidl_typesupport_fastrtps_cpp.hpp
[392.557s] -- Symlinking: /home/dolphiinn/ros2_ws/install/px4_msgs/include/px4_msgs/px4_msgs/msg/detail/parameter_set_value_request__rosidl_typesupport_fastrtps_cpp.hpp
[392.565s] -- Symlinking: /home/dolphiinn/ros2_ws/install/px4_msgs/include/px4_msgs/px4_msgs/msg/detail/parameter_set_value_response__rosidl_typesupport_fastrtps_cpp.hpp
[392.571s] -- Symlinking: /home/dolphiinn/ros2_ws/install/px4_msgs/include/px4_msgs/px4_msgs/msg/detail/parameter_update__rosidl_typesupport_fastrtps_cpp.hpp
[392.577s] -- Symlinking: /home/dolphiinn/ros2_ws/install/px4_msgs/include/px4_msgs/px4_msgs/msg/detail/ping__rosidl_typesupport_fastrtps_cpp.hpp
[392.583s] -- Symlinking: /home/dolphiinn/ros2_ws/install/px4_msgs/include/px4_msgs/px4_msgs/msg/detail/position_controller_landing_status__rosidl_typesupport_fastrtps_cpp.hpp
[392.588s] -- Symlinking: /home/dolphiinn/ros2_ws/install/px4_msgs/include/px4_msgs/px4_msgs/msg/detail/position_controller_status__rosidl_typesupport_fastrtps_cpp.hpp
[392.595s] -- Symlinking: /home/dolphiinn/ros2_ws/install/px4_msgs/include/px4_msgs/px4_msgs/msg/detail/position_setpoint__rosidl_typesupport_fastrtps_cpp.hpp
[392.601s] -- Symlinking: /home/dolphiinn/ros2_ws/install/px4_msgs/include/px4_msgs/px4_msgs/msg/detail/position_setpoint_triplet__rosidl_typesupport_fastrtps_cpp.hpp
[392.606s] -- Symlinking: /home/dolphiinn/ros2_ws/install/px4_msgs/include/px4_msgs/px4_msgs/msg/detail/power_button_state__rosidl_typesupport_fastrtps_cpp.hpp
[392.612s] -- Symlinking: /home/dolphiinn/ros2_ws/install/px4_msgs/include/px4_msgs/px4_msgs/msg/detail/power_monitor__rosidl_typesupport_fastrtps_cpp.hpp
[392.618s] -- Symlinking: /home/dolphiinn/ros2_ws/install/px4_msgs/include/px4_msgs/px4_msgs/msg/detail/pps_capture__rosidl_typesupport_fastrtps_cpp.hpp
[392.624s] -- Symlinking: /home/dolphiinn/ros2_ws/install/px4_msgs/include/px4_msgs/px4_msgs/msg/detail/pure_pursuit_status__rosidl_typesupport_fastrtps_cpp.hpp
[392.629s] -- Symlinking: /home/dolphiinn/ros2_ws/install/px4_msgs/include/px4_msgs/px4_msgs/msg/detail/pwm_input__rosidl_typesupport_fastrtps_cpp.hpp
[392.635s] -- Symlinking: /home/dolphiinn/ros2_ws/install/px4_msgs/include/px4_msgs/px4_msgs/msg/detail/px4io_status__rosidl_typesupport_fastrtps_cpp.hpp
[392.642s] -- Symlinking: /home/dolphiinn/ros2_ws/install/px4_msgs/include/px4_msgs/px4_msgs/msg/detail/qshell_req__rosidl_typesupport_fastrtps_cpp.hpp
[392.648s] -- Symlinking: /home/dolphiinn/ros2_ws/install/px4_msgs/include/px4_msgs/px4_msgs/msg/detail/qshell_retval__rosidl_typesupport_fastrtps_cpp.hpp
[392.654s] -- Symlinking: /home/dolphiinn/ros2_ws/install/px4_msgs/include/px4_msgs/px4_msgs/msg/detail/radio_status__rosidl_typesupport_fastrtps_cpp.hpp
[392.660s] -- Symlinking: /home/dolphiinn/ros2_ws/install/px4_msgs/include/px4_msgs/px4_msgs/msg/detail/rate_ctrl_status__rosidl_typesupport_fastrtps_cpp.hpp
[392.666s] -- Symlinking: /home/dolphiinn/ros2_ws/install/px4_msgs/include/px4_msgs/px4_msgs/msg/detail/rc_channels__rosidl_typesupport_fastrtps_cpp.hpp
[392.672s] -- Symlinking: /home/dolphiinn/ros2_ws/install/px4_msgs/include/px4_msgs/px4_msgs/msg/detail/rc_parameter_map__rosidl_typesupport_fastrtps_cpp.hpp
[392.678s] -- Symlinking: /home/dolphiinn/ros2_ws/install/px4_msgs/include/px4_msgs/px4_msgs/msg/detail/register_ext_component_reply__rosidl_typesupport_fastrtps_cpp.hpp
[392.684s] -- Symlinking: /home/dolphiinn/ros2_ws/install/px4_msgs/include/px4_msgs/px4_msgs/msg/detail/register_ext_component_request__rosidl_typesupport_fastrtps_cpp.hpp
[392.689s] -- Symlinking: /home/dolphiinn/ros2_ws/install/px4_msgs/include/px4_msgs/px4_msgs/msg/detail/rover_attitude_setpoint__rosidl_typesupport_fastrtps_cpp.hpp
[392.696s] -- Symlinking: /home/dolphiinn/ros2_ws/install/px4_msgs/include/px4_msgs/px4_msgs/msg/detail/rover_attitude_status__rosidl_typesupport_fastrtps_cpp.hpp
[392.701s] -- Symlinking: /home/dolphiinn/ros2_ws/install/px4_msgs/include/px4_msgs/px4_msgs/msg/detail/rover_position_setpoint__rosidl_typesupport_fastrtps_cpp.hpp
[392.707s] -- Symlinking: /home/dolphiinn/ros2_ws/install/px4_msgs/include/px4_msgs/px4_msgs/msg/detail/rover_rate_setpoint__rosidl_typesupport_fastrtps_cpp.hpp
[392.713s] -- Symlinking: /home/dolphiinn/ros2_ws/install/px4_msgs/include/px4_msgs/px4_msgs/msg/detail/rover_rate_status__rosidl_typesupport_fastrtps_cpp.hpp
[392.719s] -- Symlinking: /home/dolphiinn/ros2_ws/install/px4_msgs/include/px4_msgs/px4_msgs/msg/detail/rover_speed_setpoint__rosidl_typesupport_fastrtps_cpp.hpp
[392.725s] -- Symlinking: /home/dolphiinn/ros2_ws/install/px4_msgs/include/px4_msgs/px4_msgs/msg/detail/rover_speed_status__rosidl_typesupport_fastrtps_cpp.hpp
[392.730s] -- Symlinking: /home/dolphiinn/ros2_ws/install/px4_msgs/include/px4_msgs/px4_msgs/msg/detail/rover_steering_setpoint__rosidl_typesupport_fastrtps_cpp.hpp
[392.736s] -- Symlinking: /home/dolphiinn/ros2_ws/install/px4_msgs/include/px4_msgs/px4_msgs/msg/detail/rover_throttle_setpoint__rosidl_typesupport_fastrtps_cpp.hpp
[392.742s] -- Symlinking: /home/dolphiinn/ros2_ws/install/px4_msgs/include/px4_msgs/px4_msgs/msg/detail/rpm__rosidl_typesupport_fastrtps_cpp.hpp
[392.748s] -- Symlinking: /home/dolphiinn/ros2_ws/install/px4_msgs/include/px4_msgs/px4_msgs/msg/detail/rtl_status__rosidl_typesupport_fastrtps_cpp.hpp
[392.754s] -- Symlinking: /home/dolphiinn/ros2_ws/install/px4_msgs/include/px4_msgs/px4_msgs/msg/detail/rtl_time_estimate__rosidl_typesupport_fastrtps_cpp.hpp
[392.760s] -- Symlinking: /home/dolphiinn/ros2_ws/install/px4_msgs/include/px4_msgs/px4_msgs/msg/detail/satellite_info__rosidl_typesupport_fastrtps_cpp.hpp
[392.766s] -- Symlinking: /home/dolphiinn/ros2_ws/install/px4_msgs/include/px4_msgs/px4_msgs/msg/detail/sensor_accel__rosidl_typesupport_fastrtps_cpp.hpp
[392.771s] -- Symlinking: /home/dolphiinn/ros2_ws/install/px4_msgs/include/px4_msgs/px4_msgs/msg/detail/sensor_accel_fifo__rosidl_typesupport_fastrtps_cpp.hpp
[392.777s] -- Symlinking: /home/dolphiinn/ros2_ws/install/px4_msgs/include/px4_msgs/px4_msgs/msg/detail/sensor_airflow__rosidl_typesupport_fastrtps_cpp.hpp
[392.783s] -- Symlinking: /home/dolphiinn/ros2_ws/install/px4_msgs/include/px4_msgs/px4_msgs/msg/detail/sensor_baro__rosidl_typesupport_fastrtps_cpp.hpp
[392.789s] -- Symlinking: /home/dolphiinn/ros2_ws/install/px4_msgs/include/px4_msgs/px4_msgs/msg/detail/sensor_combined__rosidl_typesupport_fastrtps_cpp.hpp
[392.795s] -- Symlinking: /home/dolphiinn/ros2_ws/install/px4_msgs/include/px4_msgs/px4_msgs/msg/detail/sensor_correction__rosidl_typesupport_fastrtps_cpp.hpp
[392.800s] -- Symlinking: /home/dolphiinn/ros2_ws/install/px4_msgs/include/px4_msgs/px4_msgs/msg/detail/sensor_gnss_relative__rosidl_typesupport_fastrtps_cpp.hpp
[392.806s] -- Symlinking: /home/dolphiinn/ros2_ws/install/px4_msgs/include/px4_msgs/px4_msgs/msg/detail/sensor_gnss_status__rosidl_typesupport_fastrtps_cpp.hpp
[392.812s] -- Symlinking: /home/dolphiinn/ros2_ws/install/px4_msgs/include/px4_msgs/px4_msgs/msg/detail/sensor_gps__rosidl_typesupport_fastrtps_cpp.hpp
[392.818s] -- Symlinking: /home/dolphiinn/ros2_ws/install/px4_msgs/include/px4_msgs/px4_msgs/msg/detail/sensor_gyro__rosidl_typesupport_fastrtps_cpp.hpp
[392.823s] -- Symlinking: /home/dolphiinn/ros2_ws/install/px4_msgs/include/px4_msgs/px4_msgs/msg/detail/sensor_gyro_fft__rosidl_typesupport_fastrtps_cpp.hpp
[392.829s] -- Symlinking: /home/dolphiinn/ros2_ws/install/px4_msgs/include/px4_msgs/px4_msgs/msg/detail/sensor_gyro_fifo__rosidl_typesupport_fastrtps_cpp.hpp
[392.835s] -- Symlinking: /home/dolphiinn/ros2_ws/install/px4_msgs/include/px4_msgs/px4_msgs/msg/detail/sensor_hygrometer__rosidl_typesupport_fastrtps_cpp.hpp
[392.840s] -- Symlinking: /home/dolphiinn/ros2_ws/install/px4_msgs/include/px4_msgs/px4_msgs/msg/detail/sensor_mag__rosidl_typesupport_fastrtps_cpp.hpp
[392.846s] -- Symlinking: /home/dolphiinn/ros2_ws/install/px4_msgs/include/px4_msgs/px4_msgs/msg/detail/sensor_optical_flow__rosidl_typesupport_fastrtps_cpp.hpp
[392.852s] -- Symlinking: /home/dolphiinn/ros2_ws/install/px4_msgs/include/px4_msgs/px4_msgs/msg/detail/sensor_preflight_mag__rosidl_typesupport_fastrtps_cpp.hpp
[392.858s] -- Symlinking: /home/dolphiinn/ros2_ws/install/px4_msgs/include/px4_msgs/px4_msgs/msg/detail/sensor_selection__rosidl_typesupport_fastrtps_cpp.hpp
[392.864s] -- Symlinking: /home/dolphiinn/ros2_ws/install/px4_msgs/include/px4_msgs/px4_msgs/msg/detail/sensor_uwb__rosidl_typesupport_fastrtps_cpp.hpp
[392.869s] -- Symlinking: /home/dolphiinn/ros2_ws/install/px4_msgs/include/px4_msgs/px4_msgs/msg/detail/sensors_status__rosidl_typesupport_fastrtps_cpp.hpp
[392.875s] -- Symlinking: /home/dolphiinn/ros2_ws/install/px4_msgs/include/px4_msgs/px4_msgs/msg/detail/sensors_status_imu__rosidl_typesupport_fastrtps_cpp.hpp
[392.881s] -- Symlinking: /home/dolphiinn/ros2_ws/install/px4_msgs/include/px4_msgs/px4_msgs/msg/detail/system_power__rosidl_typesupport_fastrtps_cpp.hpp
[392.887s] -- Symlinking: /home/dolphiinn/ros2_ws/install/px4_msgs/include/px4_msgs/px4_msgs/msg/detail/takeoff_status__rosidl_typesupport_fastrtps_cpp.hpp
[392.892s] -- Symlinking: /home/dolphiinn/ros2_ws/install/px4_msgs/include/px4_msgs/px4_msgs/msg/detail/task_stack_info__rosidl_typesupport_fastrtps_cpp.hpp
[392.898s] -- Symlinking: /home/dolphiinn/ros2_ws/install/px4_msgs/include/px4_msgs/px4_msgs/msg/detail/tecs_status__rosidl_typesupport_fastrtps_cpp.hpp
[392.904s] -- Symlinking: /home/dolphiinn/ros2_ws/install/px4_msgs/include/px4_msgs/px4_msgs/msg/detail/telemetry_status__rosidl_typesupport_fastrtps_cpp.hpp
[392.909s] -- Symlinking: /home/dolphiinn/ros2_ws/install/px4_msgs/include/px4_msgs/px4_msgs/msg/detail/tiltrotor_extra_controls__rosidl_typesupport_fastrtps_cpp.hpp
[392.915s] -- Symlinking: /home/dolphiinn/ros2_ws/install/px4_msgs/include/px4_msgs/px4_msgs/msg/detail/timesync_status__rosidl_typesupport_fastrtps_cpp.hpp
[392.921s] -- Symlinking: /home/dolphiinn/ros2_ws/install/px4_msgs/include/px4_msgs/px4_msgs/msg/detail/trajectory_setpoint6dof__rosidl_typesupport_fastrtps_cpp.hpp
[392.927s] -- Symlinking: /home/dolphiinn/ros2_ws/install/px4_msgs/include/px4_msgs/px4_msgs/msg/detail/trajectory_setpoint__rosidl_typesupport_fastrtps_cpp.hpp
[392.932s] -- Symlinking: /home/dolphiinn/ros2_ws/install/px4_msgs/include/px4_msgs/px4_msgs/msg/detail/transponder_report__rosidl_typesupport_fastrtps_cpp.hpp
[392.938s] -- Symlinking: /home/dolphiinn/ros2_ws/install/px4_msgs/include/px4_msgs/px4_msgs/msg/detail/tune_control__rosidl_typesupport_fastrtps_cpp.hpp
[392.944s] -- Symlinking: /home/dolphiinn/ros2_ws/install/px4_msgs/include/px4_msgs/px4_msgs/msg/detail/uavcan_parameter_request__rosidl_typesupport_fastrtps_cpp.hpp
[392.950s] -- Symlinking: /home/dolphiinn/ros2_ws/install/px4_msgs/include/px4_msgs/px4_msgs/msg/detail/uavcan_parameter_value__rosidl_typesupport_fastrtps_cpp.hpp
[392.955s] -- Symlinking: /home/dolphiinn/ros2_ws/install/px4_msgs/include/px4_msgs/px4_msgs/msg/detail/ulog_stream__rosidl_typesupport_fastrtps_cpp.hpp
[392.961s] -- Symlinking: /home/dolphiinn/ros2_ws/install/px4_msgs/include/px4_msgs/px4_msgs/msg/detail/ulog_stream_ack__rosidl_typesupport_fastrtps_cpp.hpp
[392.967s] -- Symlinking: /home/dolphiinn/ros2_ws/install/px4_msgs/include/px4_msgs/px4_msgs/msg/detail/unregister_ext_component__rosidl_typesupport_fastrtps_cpp.hpp
[392.973s] -- Symlinking: /home/dolphiinn/ros2_ws/install/px4_msgs/include/px4_msgs/px4_msgs/msg/detail/vehicle_acceleration__rosidl_typesupport_fastrtps_cpp.hpp
[392.978s] -- Symlinking: /home/dolphiinn/ros2_ws/install/px4_msgs/include/px4_msgs/px4_msgs/msg/detail/vehicle_air_data__rosidl_typesupport_fastrtps_cpp.hpp
[392.985s] -- Symlinking: /home/dolphiinn/ros2_ws/install/px4_msgs/include/px4_msgs/px4_msgs/msg/detail/vehicle_angular_acceleration_setpoint__rosidl_typesupport_fastrtps_cpp.hpp
[392.990s] -- Symlinking: /home/dolphiinn/ros2_ws/install/px4_msgs/include/px4_msgs/px4_msgs/msg/detail/vehicle_angular_velocity__rosidl_typesupport_fastrtps_cpp.hpp
[392.996s] -- Symlinking: /home/dolphiinn/ros2_ws/install/px4_msgs/include/px4_msgs/px4_msgs/msg/detail/vehicle_attitude__rosidl_typesupport_fastrtps_cpp.hpp
[393.002s] -- Symlinking: /home/dolphiinn/ros2_ws/install/px4_msgs/include/px4_msgs/px4_msgs/msg/detail/vehicle_attitude_setpoint__rosidl_typesupport_fastrtps_cpp.hpp
[393.007s] -- Symlinking: /home/dolphiinn/ros2_ws/install/px4_msgs/include/px4_msgs/px4_msgs/msg/detail/vehicle_command__rosidl_typesupport_fastrtps_cpp.hpp
[393.013s] -- Symlinking: /home/dolphiinn/ros2_ws/install/px4_msgs/include/px4_msgs/px4_msgs/msg/detail/vehicle_command_ack__rosidl_typesupport_fastrtps_cpp.hpp
[393.019s] -- Symlinking: /home/dolphiinn/ros2_ws/install/px4_msgs/include/px4_msgs/px4_msgs/msg/detail/vehicle_constraints__rosidl_typesupport_fastrtps_cpp.hpp
[393.025s] -- Symlinking: /home/dolphiinn/ros2_ws/install/px4_msgs/include/px4_msgs/px4_msgs/msg/detail/vehicle_control_mode__rosidl_typesupport_fastrtps_cpp.hpp
[393.031s] -- Symlinking: /home/dolphiinn/ros2_ws/install/px4_msgs/include/px4_msgs/px4_msgs/msg/detail/vehicle_global_position__rosidl_typesupport_fastrtps_cpp.hpp
[393.037s] -- Symlinking: /home/dolphiinn/ros2_ws/install/px4_msgs/include/px4_msgs/px4_msgs/msg/detail/vehicle_imu__rosidl_typesupport_fastrtps_cpp.hpp
[393.043s] -- Symlinking: /home/dolphiinn/ros2_ws/install/px4_msgs/include/px4_msgs/px4_msgs/msg/detail/vehicle_imu_status__rosidl_typesupport_fastrtps_cpp.hpp
[393.049s] -- Symlinking: /home/dolphiinn/ros2_ws/install/px4_msgs/include/px4_msgs/px4_msgs/msg/detail/vehicle_land_detected__rosidl_typesupport_fastrtps_cpp.hpp
[393.054s] -- Symlinking: /home/dolphiinn/ros2_ws/install/px4_msgs/include/px4_msgs/px4_msgs/msg/detail/vehicle_local_position__rosidl_typesupport_fastrtps_cpp.hpp
[393.060s] -- Symlinking: /home/dolphiinn/ros2_ws/install/px4_msgs/include/px4_msgs/px4_msgs/msg/detail/vehicle_local_position_setpoint__rosidl_typesupport_fastrtps_cpp.hpp
[393.066s] -- Symlinking: /home/dolphiinn/ros2_ws/install/px4_msgs/include/px4_msgs/px4_msgs/msg/detail/vehicle_magnetometer__rosidl_typesupport_fastrtps_cpp.hpp
[393.072s] -- Symlinking: /home/dolphiinn/ros2_ws/install/px4_msgs/include/px4_msgs/px4_msgs/msg/detail/vehicle_odometry__rosidl_typesupport_fastrtps_cpp.hpp
[393.078s] -- Symlinking: /home/dolphiinn/ros2_ws/install/px4_msgs/include/px4_msgs/px4_msgs/msg/detail/vehicle_optical_flow__rosidl_typesupport_fastrtps_cpp.hpp
[393.084s] -- Symlinking: /home/dolphiinn/ros2_ws/install/px4_msgs/include/px4_msgs/px4_msgs/msg/detail/vehicle_optical_flow_vel__rosidl_typesupport_fastrtps_cpp.hpp
[393.089s] -- Symlinking: /home/dolphiinn/ros2_ws/install/px4_msgs/include/px4_msgs/px4_msgs/msg/detail/vehicle_rates_setpoint__rosidl_typesupport_fastrtps_cpp.hpp
[393.095s] -- Symlinking: /home/dolphiinn/ros2_ws/install/px4_msgs/include/px4_msgs/px4_msgs/msg/detail/vehicle_roi__rosidl_typesupport_fastrtps_cpp.hpp
[393.101s] -- Symlinking: /home/dolphiinn/ros2_ws/install/px4_msgs/include/px4_msgs/px4_msgs/msg/detail/vehicle_status__rosidl_typesupport_fastrtps_cpp.hpp
[393.107s] -- Symlinking: /home/dolphiinn/ros2_ws/install/px4_msgs/include/px4_msgs/px4_msgs/msg/detail/vehicle_thrust_setpoint__rosidl_typesupport_fastrtps_cpp.hpp
[393.113s] -- Symlinking: /home/dolphiinn/ros2_ws/install/px4_msgs/include/px4_msgs/px4_msgs/msg/detail/vehicle_torque_setpoint__rosidl_typesupport_fastrtps_cpp.hpp
[393.119s] -- Symlinking: /home/dolphiinn/ros2_ws/install/px4_msgs/include/px4_msgs/px4_msgs/msg/detail/velocity_limits__rosidl_typesupport_fastrtps_cpp.hpp
[393.125s] -- Symlinking: /home/dolphiinn/ros2_ws/install/px4_msgs/include/px4_msgs/px4_msgs/msg/detail/vtol_vehicle_status__rosidl_typesupport_fastrtps_cpp.hpp
[393.130s] -- Symlinking: /home/dolphiinn/ros2_ws/install/px4_msgs/include/px4_msgs/px4_msgs/msg/detail/wheel_encoders__rosidl_typesupport_fastrtps_cpp.hpp
[393.136s] -- Symlinking: /home/dolphiinn/ros2_ws/install/px4_msgs/include/px4_msgs/px4_msgs/msg/detail/wind__rosidl_typesupport_fastrtps_cpp.hpp
[393.141s] -- Symlinking: /home/dolphiinn/ros2_ws/install/px4_msgs/include/px4_msgs/px4_msgs/msg/detail/yaw_estimator_status__rosidl_typesupport_fastrtps_cpp.hpp
[393.148s] -- Symlinking: /home/dolphiinn/ros2_ws/install/px4_msgs/include/px4_msgs/px4_msgs/msg/rosidl_typesupport_fastrtps_cpp__visibility_control.h
[393.154s] -- Symlinking: /home/dolphiinn/ros2_ws/install/px4_msgs/include/px4_msgs/px4_msgs/srv/detail/vehicle_command__rosidl_typesupport_fastrtps_cpp.hpp
[393.161s] -- Symlinking: /home/dolphiinn/ros2_ws/install/px4_msgs/include/px4_msgs/px4_msgs/msg/detail/action_request__rosidl_typesupport_introspection_c.h
[393.167s] -- Symlinking: /home/dolphiinn/ros2_ws/install/px4_msgs/include/px4_msgs/px4_msgs/msg/detail/actuator_armed__rosidl_typesupport_introspection_c.h
[393.173s] -- Symlinking: /home/dolphiinn/ros2_ws/install/px4_msgs/include/px4_msgs/px4_msgs/msg/detail/actuator_controls_status__rosidl_typesupport_introspection_c.h
[393.179s] -- Symlinking: /home/dolphiinn/ros2_ws/install/px4_msgs/include/px4_msgs/px4_msgs/msg/detail/actuator_motors__rosidl_typesupport_introspection_c.h
[393.185s] -- Symlinking: /home/dolphiinn/ros2_ws/install/px4_msgs/include/px4_msgs/px4_msgs/msg/detail/actuator_outputs__rosidl_typesupport_introspection_c.h
[393.191s] -- Symlinking: /home/dolphiinn/ros2_ws/install/px4_msgs/include/px4_msgs/px4_msgs/msg/detail/actuator_servos__rosidl_typesupport_introspection_c.h
[393.197s] -- Symlinking: /home/dolphiinn/ros2_ws/install/px4_msgs/include/px4_msgs/px4_msgs/msg/detail/actuator_servos_trim__rosidl_typesupport_introspection_c.h
[393.203s] -- Symlinking: /home/dolphiinn/ros2_ws/install/px4_msgs/include/px4_msgs/px4_msgs/msg/detail/actuator_test__rosidl_typesupport_introspection_c.h
[393.209s] -- Symlinking: /home/dolphiinn/ros2_ws/install/px4_msgs/include/px4_msgs/px4_msgs/msg/detail/adc_report__rosidl_typesupport_introspection_c.h
[393.214s] -- Symlinking: /home/dolphiinn/ros2_ws/install/px4_msgs/include/px4_msgs/px4_msgs/msg/detail/airspeed__rosidl_typesupport_introspection_c.h
[393.220s] -- Symlinking: /home/dolphiinn/ros2_ws/install/px4_msgs/include/px4_msgs/px4_msgs/msg/detail/airspeed_validated__rosidl_typesupport_introspection_c.h
[393.226s] -- Symlinking: /home/dolphiinn/ros2_ws/install/px4_msgs/include/px4_msgs/px4_msgs/msg/detail/airspeed_wind__rosidl_typesupport_introspection_c.h
[393.232s] -- Symlinking: /home/dolphiinn/ros2_ws/install/px4_msgs/include/px4_msgs/px4_msgs/msg/detail/arming_check_reply__rosidl_typesupport_introspection_c.h
[393.238s] -- Symlinking: /home/dolphiinn/ros2_ws/install/px4_msgs/include/px4_msgs/px4_msgs/msg/detail/arming_check_request__rosidl_typesupport_introspection_c.h
[393.244s] -- Symlinking: /home/dolphiinn/ros2_ws/install/px4_msgs/include/px4_msgs/px4_msgs/msg/detail/autotune_attitude_control_status__rosidl_typesupport_introspection_c.h
[393.250s] -- Symlinking: /home/dolphiinn/ros2_ws/install/px4_msgs/include/px4_msgs/px4_msgs/msg/detail/battery_info__rosidl_typesupport_introspection_c.h
[393.256s] -- Symlinking: /home/dolphiinn/ros2_ws/install/px4_msgs/include/px4_msgs/px4_msgs/msg/detail/battery_status__rosidl_typesupport_introspection_c.h
[393.273s] -- Symlinking: /home/dolphiinn/ros2_ws/install/px4_msgs/include/px4_msgs/px4_msgs/msg/detail/button_event__rosidl_typesupport_introspection_c.h
[393.282s] -- Symlinking: /home/dolphiinn/ros2_ws/install/px4_msgs/include/px4_msgs/px4_msgs/msg/detail/camera_capture__rosidl_typesupport_introspection_c.h
[393.289s] -- Symlinking: /home/dolphiinn/ros2_ws/install/px4_msgs/include/px4_msgs/px4_msgs/msg/detail/camera_status__rosidl_typesupport_introspection_c.h
[393.296s] -- Symlinking: /home/dolphiinn/ros2_ws/install/px4_msgs/include/px4_msgs/px4_msgs/msg/detail/camera_trigger__rosidl_typesupport_introspection_c.h
[393.302s] -- Symlinking: /home/dolphiinn/ros2_ws/install/px4_msgs/include/px4_msgs/px4_msgs/msg/detail/can_interface_status__rosidl_typesupport_introspection_c.h
[393.309s] -- Symlinking: /home/dolphiinn/ros2_ws/install/px4_msgs/include/px4_msgs/px4_msgs/msg/detail/cellular_status__rosidl_typesupport_introspection_c.h
[393.315s] -- Symlinking: /home/dolphiinn/ros2_ws/install/px4_msgs/include/px4_msgs/px4_msgs/msg/detail/collision_constraints__rosidl_typesupport_introspection_c.h
[393.321s] -- Symlinking: /home/dolphiinn/ros2_ws/install/px4_msgs/include/px4_msgs/px4_msgs/msg/detail/config_overrides__rosidl_typesupport_introspection_c.h
[393.328s] -- Symlinking: /home/dolphiinn/ros2_ws/install/px4_msgs/include/px4_msgs/px4_msgs/msg/detail/control_allocator_status__rosidl_typesupport_introspection_c.h
[393.334s] -- Symlinking: /home/dolphiinn/ros2_ws/install/px4_msgs/include/px4_msgs/px4_msgs/msg/detail/cpuload__rosidl_typesupport_introspection_c.h
[393.340s] -- Symlinking: /home/dolphiinn/ros2_ws/install/px4_msgs/include/px4_msgs/px4_msgs/msg/detail/dataman_request__rosidl_typesupport_introspection_c.h
[393.346s] -- Symlinking: /home/dolphiinn/ros2_ws/install/px4_msgs/include/px4_msgs/px4_msgs/msg/detail/dataman_response__rosidl_typesupport_introspection_c.h
[393.352s] -- Symlinking: /home/dolphiinn/ros2_ws/install/px4_msgs/include/px4_msgs/px4_msgs/msg/detail/debug_array__rosidl_typesupport_introspection_c.h
[393.357s] -- Symlinking: /home/dolphiinn/ros2_ws/install/px4_msgs/include/px4_msgs/px4_msgs/msg/detail/debug_key_value__rosidl_typesupport_introspection_c.h
[393.363s] -- Symlinking: /home/dolphiinn/ros2_ws/install/px4_msgs/include/px4_msgs/px4_msgs/msg/detail/debug_value__rosidl_typesupport_introspection_c.h
[393.369s] -- Symlinking: /home/dolphiinn/ros2_ws/install/px4_msgs/include/px4_msgs/px4_msgs/msg/detail/debug_vect__rosidl_typesupport_introspection_c.h
[393.375s] -- Symlinking: /home/dolphiinn/ros2_ws/install/px4_msgs/include/px4_msgs/px4_msgs/msg/detail/differential_pressure__rosidl_typesupport_introspection_c.h
[393.380s] -- Symlinking: /home/dolphiinn/ros2_ws/install/px4_msgs/include/px4_msgs/px4_msgs/msg/detail/distance_sensor__rosidl_typesupport_introspection_c.h
[393.386s] -- Symlinking: /home/dolphiinn/ros2_ws/install/px4_msgs/include/px4_msgs/px4_msgs/msg/detail/distance_sensor_mode_change_request__rosidl_typesupport_introspection_c.h
[393.392s] -- Symlinking: /home/dolphiinn/ros2_ws/install/px4_msgs/include/px4_msgs/px4_msgs/msg/detail/dronecan_node_status__rosidl_typesupport_introspection_c.h
[393.398s] -- Symlinking: /home/dolphiinn/ros2_ws/install/px4_msgs/include/px4_msgs/px4_msgs/msg/detail/ekf2_timestamps__rosidl_typesupport_introspection_c.h
[393.403s] -- Symlinking: /home/dolphiinn/ros2_ws/install/px4_msgs/include/px4_msgs/px4_msgs/msg/detail/esc_report__rosidl_typesupport_introspection_c.h
[393.409s] -- Symlinking: /home/dolphiinn/ros2_ws/install/px4_msgs/include/px4_msgs/px4_msgs/msg/detail/esc_status__rosidl_typesupport_introspection_c.h
[393.415s] -- Symlinking: /home/dolphiinn/ros2_ws/install/px4_msgs/include/px4_msgs/px4_msgs/msg/detail/estimator_aid_source1d__rosidl_typesupport_introspection_c.h
[393.421s] -- Symlinking: /home/dolphiinn/ros2_ws/install/px4_msgs/include/px4_msgs/px4_msgs/msg/detail/estimator_aid_source2d__rosidl_typesupport_introspection_c.h
[393.426s] -- Symlinking: /home/dolphiinn/ros2_ws/install/px4_msgs/include/px4_msgs/px4_msgs/msg/detail/estimator_aid_source3d__rosidl_typesupport_introspection_c.h
[393.432s] -- Symlinking: /home/dolphiinn/ros2_ws/install/px4_msgs/include/px4_msgs/px4_msgs/msg/detail/estimator_bias3d__rosidl_typesupport_introspection_c.h
[393.438s] -- Symlinking: /home/dolphiinn/ros2_ws/install/px4_msgs/include/px4_msgs/px4_msgs/msg/detail/estimator_bias__rosidl_typesupport_introspection_c.h
[393.444s] -- Symlinking: /home/dolphiinn/ros2_ws/install/px4_msgs/include/px4_msgs/px4_msgs/msg/detail/estimator_event_flags__rosidl_typesupport_introspection_c.h
[393.450s] -- Symlinking: /home/dolphiinn/ros2_ws/install/px4_msgs/include/px4_msgs/px4_msgs/msg/detail/estimator_gps_status__rosidl_typesupport_introspection_c.h
[393.456s] -- Symlinking: /home/dolphiinn/ros2_ws/install/px4_msgs/include/px4_msgs/px4_msgs/msg/detail/estimator_innovations__rosidl_typesupport_introspection_c.h
[393.461s] -- Symlinking: /home/dolphiinn/ros2_ws/install/px4_msgs/include/px4_msgs/px4_msgs/msg/detail/estimator_selector_status__rosidl_typesupport_introspection_c.h
[393.467s] -- Symlinking: /home/dolphiinn/ros2_ws/install/px4_msgs/include/px4_msgs/px4_msgs/msg/detail/estimator_sensor_bias__rosidl_typesupport_introspection_c.h
[393.473s] -- Symlinking: /home/dolphiinn/ros2_ws/install/px4_msgs/include/px4_msgs/px4_msgs/msg/detail/estimator_states__rosidl_typesupport_introspection_c.h
[393.480s] -- Symlinking: /home/dolphiinn/ros2_ws/install/px4_msgs/include/px4_msgs/px4_msgs/msg/detail/estimator_status__rosidl_typesupport_introspection_c.h
[393.486s] -- Symlinking: /home/dolphiinn/ros2_ws/install/px4_msgs/include/px4_msgs/px4_msgs/msg/detail/estimator_status_flags__rosidl_typesupport_introspection_c.h
[393.491s] -- Symlinking: /home/dolphiinn/ros2_ws/install/px4_msgs/include/px4_msgs/px4_msgs/msg/detail/event__rosidl_typesupport_introspection_c.h
[393.497s] -- Symlinking: /home/dolphiinn/ros2_ws/install/px4_msgs/include/px4_msgs/px4_msgs/msg/detail/failsafe_flags__rosidl_typesupport_introspection_c.h
[393.503s] -- Symlinking: /home/dolphiinn/ros2_ws/install/px4_msgs/include/px4_msgs/px4_msgs/msg/detail/failure_detector_status__rosidl_typesupport_introspection_c.h
[393.509s] -- Symlinking: /home/dolphiinn/ros2_ws/install/px4_msgs/include/px4_msgs/px4_msgs/msg/detail/figure_eight_status__rosidl_typesupport_introspection_c.h
[393.515s] -- Symlinking: /home/dolphiinn/ros2_ws/install/px4_msgs/include/px4_msgs/px4_msgs/msg/detail/fixed_wing_lateral_guidance_status__rosidl_typesupport_introspection_c.h
[393.521s] -- Symlinking: /home/dolphiinn/ros2_ws/install/px4_msgs/include/px4_msgs/px4_msgs/msg/detail/fixed_wing_lateral_setpoint__rosidl_typesupport_introspection_c.h
[393.527s] -- Symlinking: /home/dolphiinn/ros2_ws/install/px4_msgs/include/px4_msgs/px4_msgs/msg/detail/fixed_wing_lateral_status__rosidl_typesupport_introspection_c.h
[393.533s] -- Symlinking: /home/dolphiinn/ros2_ws/install/px4_msgs/include/px4_msgs/px4_msgs/msg/detail/fixed_wing_longitudinal_setpoint__rosidl_typesupport_introspection_c.h
[393.539s] -- Symlinking: /home/dolphiinn/ros2_ws/install/px4_msgs/include/px4_msgs/px4_msgs/msg/detail/fixed_wing_runway_control__rosidl_typesupport_introspection_c.h
[393.545s] -- Symlinking: /home/dolphiinn/ros2_ws/install/px4_msgs/include/px4_msgs/px4_msgs/msg/detail/flight_phase_estimation__rosidl_typesupport_introspection_c.h
[393.551s] -- Symlinking: /home/dolphiinn/ros2_ws/install/px4_msgs/include/px4_msgs/px4_msgs/msg/detail/follow_target__rosidl_typesupport_introspection_c.h
[393.557s] -- Symlinking: /home/dolphiinn/ros2_ws/install/px4_msgs/include/px4_msgs/px4_msgs/msg/detail/follow_target_estimator__rosidl_typesupport_introspection_c.h
[393.563s] -- Symlinking: /home/dolphiinn/ros2_ws/install/px4_msgs/include/px4_msgs/px4_msgs/msg/detail/follow_target_status__rosidl_typesupport_introspection_c.h
[393.569s] -- Symlinking: /home/dolphiinn/ros2_ws/install/px4_msgs/include/px4_msgs/px4_msgs/msg/detail/fuel_tank_status__rosidl_typesupport_introspection_c.h
[393.574s] -- Symlinking: /home/dolphiinn/ros2_ws/install/px4_msgs/include/px4_msgs/px4_msgs/msg/detail/generator_status__rosidl_typesupport_introspection_c.h
[393.580s] -- Symlinking: /home/dolphiinn/ros2_ws/install/px4_msgs/include/px4_msgs/px4_msgs/msg/detail/geofence_result__rosidl_typesupport_introspection_c.h
[393.586s] -- Symlinking: /home/dolphiinn/ros2_ws/install/px4_msgs/include/px4_msgs/px4_msgs/msg/detail/geofence_status__rosidl_typesupport_introspection_c.h
[393.592s] -- Symlinking: /home/dolphiinn/ros2_ws/install/px4_msgs/include/px4_msgs/px4_msgs/msg/detail/gimbal_controls__rosidl_typesupport_introspection_c.h
[393.598s] -- Symlinking: /home/dolphiinn/ros2_ws/install/px4_msgs/include/px4_msgs/px4_msgs/msg/detail/gimbal_device_attitude_status__rosidl_typesupport_introspection_c.h
[393.604s] -- Symlinking: /home/dolphiinn/ros2_ws/install/px4_msgs/include/px4_msgs/px4_msgs/msg/detail/gimbal_device_information__rosidl_typesupport_introspection_c.h
[393.610s] -- Symlinking: /home/dolphiinn/ros2_ws/install/px4_msgs/include/px4_msgs/px4_msgs/msg/detail/gimbal_device_set_attitude__rosidl_typesupport_introspection_c.h
[393.615s] -- Symlinking: /home/dolphiinn/ros2_ws/install/px4_msgs/include/px4_msgs/px4_msgs/msg/detail/gimbal_manager_information__rosidl_typesupport_introspection_c.h
[393.621s] -- Symlinking: /home/dolphiinn/ros2_ws/install/px4_msgs/include/px4_msgs/px4_msgs/msg/detail/gimbal_manager_set_attitude__rosidl_typesupport_introspection_c.h
[393.627s] -- Symlinking: /home/dolphiinn/ros2_ws/install/px4_msgs/include/px4_msgs/px4_msgs/msg/detail/gimbal_manager_set_manual_control__rosidl_typesupport_introspection_c.h
[393.633s] -- Symlinking: /home/dolphiinn/ros2_ws/install/px4_msgs/include/px4_msgs/px4_msgs/msg/detail/gimbal_manager_status__rosidl_typesupport_introspection_c.h
[393.638s] -- Symlinking: /home/dolphiinn/ros2_ws/install/px4_msgs/include/px4_msgs/px4_msgs/msg/detail/goto_setpoint__rosidl_typesupport_introspection_c.h
[393.644s] -- Symlinking: /home/dolphiinn/ros2_ws/install/px4_msgs/include/px4_msgs/px4_msgs/msg/detail/gpio_config__rosidl_typesupport_introspection_c.h
[393.650s] -- Symlinking: /home/dolphiinn/ros2_ws/install/px4_msgs/include/px4_msgs/px4_msgs/msg/detail/gpio_in__rosidl_typesupport_introspection_c.h
[393.657s] -- Symlinking: /home/dolphiinn/ros2_ws/install/px4_msgs/include/px4_msgs/px4_msgs/msg/detail/gpio_out__rosidl_typesupport_introspection_c.h
[393.663s] -- Symlinking: /home/dolphiinn/ros2_ws/install/px4_msgs/include/px4_msgs/px4_msgs/msg/detail/gpio_request__rosidl_typesupport_introspection_c.h
[393.669s] -- Symlinking: /home/dolphiinn/ros2_ws/install/px4_msgs/include/px4_msgs/px4_msgs/msg/detail/gps_dump__rosidl_typesupport_introspection_c.h
[393.675s] -- Symlinking: /home/dolphiinn/ros2_ws/install/px4_msgs/include/px4_msgs/px4_msgs/msg/detail/gps_inject_data__rosidl_typesupport_introspection_c.h
[393.680s] -- Symlinking: /home/dolphiinn/ros2_ws/install/px4_msgs/include/px4_msgs/px4_msgs/msg/detail/gripper__rosidl_typesupport_introspection_c.h
[393.686s] -- Symlinking: /home/dolphiinn/ros2_ws/install/px4_msgs/include/px4_msgs/px4_msgs/msg/detail/health_report__rosidl_typesupport_introspection_c.h
[393.692s] -- Symlinking: /home/dolphiinn/ros2_ws/install/px4_msgs/include/px4_msgs/px4_msgs/msg/detail/heater_status__rosidl_typesupport_introspection_c.h
[393.698s] -- Symlinking: /home/dolphiinn/ros2_ws/install/px4_msgs/include/px4_msgs/px4_msgs/msg/detail/home_position__rosidl_typesupport_introspection_c.h
[393.704s] -- Symlinking: /home/dolphiinn/ros2_ws/install/px4_msgs/include/px4_msgs/px4_msgs/msg/detail/hover_thrust_estimate__rosidl_typesupport_introspection_c.h
[393.710s] -- Symlinking: /home/dolphiinn/ros2_ws/install/px4_msgs/include/px4_msgs/px4_msgs/msg/detail/input_rc__rosidl_typesupport_introspection_c.h
[393.716s] -- Symlinking: /home/dolphiinn/ros2_ws/install/px4_msgs/include/px4_msgs/px4_msgs/msg/detail/internal_combustion_engine_control__rosidl_typesupport_introspection_c.h
[393.721s] -- Symlinking: /home/dolphiinn/ros2_ws/install/px4_msgs/include/px4_msgs/px4_msgs/msg/detail/internal_combustion_engine_status__rosidl_typesupport_introspection_c.h
[393.727s] -- Symlinking: /home/dolphiinn/ros2_ws/install/px4_msgs/include/px4_msgs/px4_msgs/msg/detail/iridiumsbd_status__rosidl_typesupport_introspection_c.h
[393.733s] -- Symlinking: /home/dolphiinn/ros2_ws/install/px4_msgs/include/px4_msgs/px4_msgs/msg/detail/irlock_report__rosidl_typesupport_introspection_c.h
[393.739s] -- Symlinking: /home/dolphiinn/ros2_ws/install/px4_msgs/include/px4_msgs/px4_msgs/msg/detail/landing_gear__rosidl_typesupport_introspection_c.h
[393.744s] -- Symlinking: /home/dolphiinn/ros2_ws/install/px4_msgs/include/px4_msgs/px4_msgs/msg/detail/landing_gear_wheel__rosidl_typesupport_introspection_c.h
[393.750s] -- Symlinking: /home/dolphiinn/ros2_ws/install/px4_msgs/include/px4_msgs/px4_msgs/msg/detail/landing_target_innovations__rosidl_typesupport_introspection_c.h
[393.756s] -- Symlinking: /home/dolphiinn/ros2_ws/install/px4_msgs/include/px4_msgs/px4_msgs/msg/detail/landing_target_pose__rosidl_typesupport_introspection_c.h
[393.762s] -- Symlinking: /home/dolphiinn/ros2_ws/install/px4_msgs/include/px4_msgs/px4_msgs/msg/detail/lateral_control_configuration__rosidl_typesupport_introspection_c.h
[393.768s] -- Symlinking: /home/dolphiinn/ros2_ws/install/px4_msgs/include/px4_msgs/px4_msgs/msg/detail/launch_detection_status__rosidl_typesupport_introspection_c.h
[393.774s] -- Symlinking: /home/dolphiinn/ros2_ws/install/px4_msgs/include/px4_msgs/px4_msgs/msg/detail/led_control__rosidl_typesupport_introspection_c.h
[393.779s] -- Symlinking: /home/dolphiinn/ros2_ws/install/px4_msgs/include/px4_msgs/px4_msgs/msg/detail/log_message__rosidl_typesupport_introspection_c.h
[393.785s] -- Symlinking: /home/dolphiinn/ros2_ws/install/px4_msgs/include/px4_msgs/px4_msgs/msg/detail/logger_status__rosidl_typesupport_introspection_c.h
[393.791s] -- Symlinking: /home/dolphiinn/ros2_ws/install/px4_msgs/include/px4_msgs/px4_msgs/msg/detail/longitudinal_control_configuration__rosidl_typesupport_introspection_c.h
[393.797s] -- Symlinking: /home/dolphiinn/ros2_ws/install/px4_msgs/include/px4_msgs/px4_msgs/msg/detail/mag_worker_data__rosidl_typesupport_introspection_c.h
[393.803s] -- Symlinking: /home/dolphiinn/ros2_ws/install/px4_msgs/include/px4_msgs/px4_msgs/msg/detail/magnetometer_bias_estimate__rosidl_typesupport_introspection_c.h
[393.808s] -- Symlinking: /home/dolphiinn/ros2_ws/install/px4_msgs/include/px4_msgs/px4_msgs/msg/detail/manual_control_setpoint__rosidl_typesupport_introspection_c.h
[393.814s] -- Symlinking: /home/dolphiinn/ros2_ws/install/px4_msgs/include/px4_msgs/px4_msgs/msg/detail/manual_control_switches__rosidl_typesupport_introspection_c.h
[393.820s] -- Symlinking: /home/dolphiinn/ros2_ws/install/px4_msgs/include/px4_msgs/px4_msgs/msg/detail/mavlink_log__rosidl_typesupport_introspection_c.h
[393.826s] -- Symlinking: /home/dolphiinn/ros2_ws/install/px4_msgs/include/px4_msgs/px4_msgs/msg/detail/mavlink_tunnel__rosidl_typesupport_introspection_c.h
[393.832s] -- Symlinking: /home/dolphiinn/ros2_ws/install/px4_msgs/include/px4_msgs/px4_msgs/msg/detail/message_format_request__rosidl_typesupport_introspection_c.h
[393.837s] -- Symlinking: /home/dolphiinn/ros2_ws/install/px4_msgs/include/px4_msgs/px4_msgs/msg/detail/message_format_response__rosidl_typesupport_introspection_c.h
[393.843s] -- Symlinking: /home/dolphiinn/ros2_ws/install/px4_msgs/include/px4_msgs/px4_msgs/msg/detail/mission__rosidl_typesupport_introspection_c.h
[393.849s] -- Symlinking: /home/dolphiinn/ros2_ws/install/px4_msgs/include/px4_msgs/px4_msgs/msg/detail/mission_result__rosidl_typesupport_introspection_c.h
[393.855s] -- Symlinking: /home/dolphiinn/ros2_ws/install/px4_msgs/include/px4_msgs/px4_msgs/msg/detail/mode_completed__rosidl_typesupport_introspection_c.h
[393.861s] -- Symlinking: /home/dolphiinn/ros2_ws/install/px4_msgs/include/px4_msgs/px4_msgs/msg/detail/mount_orientation__rosidl_typesupport_introspection_c.h
[393.866s] -- Symlinking: /home/dolphiinn/ros2_ws/install/px4_msgs/include/px4_msgs/px4_msgs/msg/detail/navigator_mission_item__rosidl_typesupport_introspection_c.h
[393.872s] -- Symlinking: /home/dolphiinn/ros2_ws/install/px4_msgs/include/px4_msgs/px4_msgs/msg/detail/navigator_status__rosidl_typesupport_introspection_c.h
[393.878s] -- Symlinking: /home/dolphiinn/ros2_ws/install/px4_msgs/include/px4_msgs/px4_msgs/msg/detail/neural_control__rosidl_typesupport_introspection_c.h
[393.884s] -- Symlinking: /home/dolphiinn/ros2_ws/install/px4_msgs/include/px4_msgs/px4_msgs/msg/detail/normalized_unsigned_setpoint__rosidl_typesupport_introspection_c.h
[393.890s] -- Symlinking: /home/dolphiinn/ros2_ws/install/px4_msgs/include/px4_msgs/px4_msgs/msg/detail/obstacle_distance__rosidl_typesupport_introspection_c.h
[393.896s] -- Symlinking: /home/dolphiinn/ros2_ws/install/px4_msgs/include/px4_msgs/px4_msgs/msg/detail/offboard_control_mode__rosidl_typesupport_introspection_c.h
[393.902s] -- Symlinking: /home/dolphiinn/ros2_ws/install/px4_msgs/include/px4_msgs/px4_msgs/msg/detail/onboard_computer_status__rosidl_typesupport_introspection_c.h
[393.908s] -- Symlinking: /home/dolphiinn/ros2_ws/install/px4_msgs/include/px4_msgs/px4_msgs/msg/detail/open_drone_id_arm_status__rosidl_typesupport_introspection_c.h
[393.913s] -- Symlinking: /home/dolphiinn/ros2_ws/install/px4_msgs/include/px4_msgs/px4_msgs/msg/detail/open_drone_id_operator_id__rosidl_typesupport_introspection_c.h
[393.919s] -- Symlinking: /home/dolphiinn/ros2_ws/install/px4_msgs/include/px4_msgs/px4_msgs/msg/detail/open_drone_id_self_id__rosidl_typesupport_introspection_c.h
[393.925s] -- Symlinking: /home/dolphiinn/ros2_ws/install/px4_msgs/include/px4_msgs/px4_msgs/msg/detail/open_drone_id_system__rosidl_typesupport_introspection_c.h
[393.931s] -- Symlinking: /home/dolphiinn/ros2_ws/install/px4_msgs/include/px4_msgs/px4_msgs/msg/detail/orb_test__rosidl_typesupport_introspection_c.h
[393.937s] -- Symlinking: /home/dolphiinn/ros2_ws/install/px4_msgs/include/px4_msgs/px4_msgs/msg/detail/orb_test_large__rosidl_typesupport_introspection_c.h
[393.943s] -- Symlinking: /home/dolphiinn/ros2_ws/install/px4_msgs/include/px4_msgs/px4_msgs/msg/detail/orb_test_medium__rosidl_typesupport_introspection_c.h
[393.949s] -- Symlinking: /home/dolphiinn/ros2_ws/install/px4_msgs/include/px4_msgs/px4_msgs/msg/detail/orbit_status__rosidl_typesupport_introspection_c.h
[393.954s] -- Symlinking: /home/dolphiinn/ros2_ws/install/px4_msgs/include/px4_msgs/px4_msgs/msg/detail/parameter_reset_request__rosidl_typesupport_introspection_c.h
[393.960s] -- Symlinking: /home/dolphiinn/ros2_ws/install/px4_msgs/include/px4_msgs/px4_msgs/msg/detail/parameter_set_used_request__rosidl_typesupport_introspection_c.h
[393.965s] -- Symlinking: /home/dolphiinn/ros2_ws/install/px4_msgs/include/px4_msgs/px4_msgs/msg/detail/parameter_set_value_request__rosidl_typesupport_introspection_c.h
[393.971s] -- Symlinking: /home/dolphiinn/ros2_ws/install/px4_msgs/include/px4_msgs/px4_msgs/msg/detail/parameter_set_value_response__rosidl_typesupport_introspection_c.h
[393.977s] -- Symlinking: /home/dolphiinn/ros2_ws/install/px4_msgs/include/px4_msgs/px4_msgs/msg/detail/parameter_update__rosidl_typesupport_introspection_c.h
[393.983s] -- Symlinking: /home/dolphiinn/ros2_ws/install/px4_msgs/include/px4_msgs/px4_msgs/msg/detail/ping__rosidl_typesupport_introspection_c.h
[393.989s] -- Symlinking: /home/dolphiinn/ros2_ws/install/px4_msgs/include/px4_msgs/px4_msgs/msg/detail/position_controller_landing_status__rosidl_typesupport_introspection_c.h
[393.994s] -- Symlinking: /home/dolphiinn/ros2_ws/install/px4_msgs/include/px4_msgs/px4_msgs/msg/detail/position_controller_status__rosidl_typesupport_introspection_c.h
[394.000s] -- Symlinking: /home/dolphiinn/ros2_ws/install/px4_msgs/include/px4_msgs/px4_msgs/msg/detail/position_setpoint__rosidl_typesupport_introspection_c.h
[394.006s] -- Symlinking: /home/dolphiinn/ros2_ws/install/px4_msgs/include/px4_msgs/px4_msgs/msg/detail/position_setpoint_triplet__rosidl_typesupport_introspection_c.h
[394.012s] -- Symlinking: /home/dolphiinn/ros2_ws/install/px4_msgs/include/px4_msgs/px4_msgs/msg/detail/power_button_state__rosidl_typesupport_introspection_c.h
[394.018s] -- Symlinking: /home/dolphiinn/ros2_ws/install/px4_msgs/include/px4_msgs/px4_msgs/msg/detail/power_monitor__rosidl_typesupport_introspection_c.h
[394.025s] -- Symlinking: /home/dolphiinn/ros2_ws/install/px4_msgs/include/px4_msgs/px4_msgs/msg/detail/pps_capture__rosidl_typesupport_introspection_c.h
[394.030s] -- Symlinking: /home/dolphiinn/ros2_ws/install/px4_msgs/include/px4_msgs/px4_msgs/msg/detail/pure_pursuit_status__rosidl_typesupport_introspection_c.h
[394.036s] -- Symlinking: /home/dolphiinn/ros2_ws/install/px4_msgs/include/px4_msgs/px4_msgs/msg/detail/pwm_input__rosidl_typesupport_introspection_c.h
[394.042s] -- Symlinking: /home/dolphiinn/ros2_ws/install/px4_msgs/include/px4_msgs/px4_msgs/msg/detail/px4io_status__rosidl_typesupport_introspection_c.h
[394.048s] -- Symlinking: /home/dolphiinn/ros2_ws/install/px4_msgs/include/px4_msgs/px4_msgs/msg/detail/qshell_req__rosidl_typesupport_introspection_c.h
[394.054s] -- Symlinking: /home/dolphiinn/ros2_ws/install/px4_msgs/include/px4_msgs/px4_msgs/msg/detail/qshell_retval__rosidl_typesupport_introspection_c.h
[394.059s] -- Symlinking: /home/dolphiinn/ros2_ws/install/px4_msgs/include/px4_msgs/px4_msgs/msg/detail/radio_status__rosidl_typesupport_introspection_c.h
[394.066s] -- Symlinking: /home/dolphiinn/ros2_ws/install/px4_msgs/include/px4_msgs/px4_msgs/msg/detail/rate_ctrl_status__rosidl_typesupport_introspection_c.h
[394.071s] -- Symlinking: /home/dolphiinn/ros2_ws/install/px4_msgs/include/px4_msgs/px4_msgs/msg/detail/rc_channels__rosidl_typesupport_introspection_c.h
[394.077s] -- Symlinking: /home/dolphiinn/ros2_ws/install/px4_msgs/include/px4_msgs/px4_msgs/msg/detail/rc_parameter_map__rosidl_typesupport_introspection_c.h
[394.083s] -- Symlinking: /home/dolphiinn/ros2_ws/install/px4_msgs/include/px4_msgs/px4_msgs/msg/detail/register_ext_component_reply__rosidl_typesupport_introspection_c.h
[394.089s] -- Symlinking: /home/dolphiinn/ros2_ws/install/px4_msgs/include/px4_msgs/px4_msgs/msg/detail/register_ext_component_request__rosidl_typesupport_introspection_c.h
[394.095s] -- Symlinking: /home/dolphiinn/ros2_ws/install/px4_msgs/include/px4_msgs/px4_msgs/msg/detail/rover_attitude_setpoint__rosidl_typesupport_introspection_c.h
[394.100s] -- Symlinking: /home/dolphiinn/ros2_ws/install/px4_msgs/include/px4_msgs/px4_msgs/msg/detail/rover_attitude_status__rosidl_typesupport_introspection_c.h
[394.106s] -- Symlinking: /home/dolphiinn/ros2_ws/install/px4_msgs/include/px4_msgs/px4_msgs/msg/detail/rover_position_setpoint__rosidl_typesupport_introspection_c.h
[394.112s] -- Symlinking: /home/dolphiinn/ros2_ws/install/px4_msgs/include/px4_msgs/px4_msgs/msg/detail/rover_rate_setpoint__rosidl_typesupport_introspection_c.h
[394.118s] -- Symlinking: /home/dolphiinn/ros2_ws/install/px4_msgs/include/px4_msgs/px4_msgs/msg/detail/rover_rate_status__rosidl_typesupport_introspection_c.h
[394.123s] -- Symlinking: /home/dolphiinn/ros2_ws/install/px4_msgs/include/px4_msgs/px4_msgs/msg/detail/rover_speed_setpoint__rosidl_typesupport_introspection_c.h
[394.130s] -- Symlinking: /home/dolphiinn/ros2_ws/install/px4_msgs/include/px4_msgs/px4_msgs/msg/detail/rover_speed_status__rosidl_typesupport_introspection_c.h
[394.135s] -- Symlinking: /home/dolphiinn/ros2_ws/install/px4_msgs/include/px4_msgs/px4_msgs/msg/detail/rover_steering_setpoint__rosidl_typesupport_introspection_c.h
[394.141s] -- Symlinking: /home/dolphiinn/ros2_ws/install/px4_msgs/include/px4_msgs/px4_msgs/msg/detail/rover_throttle_setpoint__rosidl_typesupport_introspection_c.h
[394.147s] -- Symlinking: /home/dolphiinn/ros2_ws/install/px4_msgs/include/px4_msgs/px4_msgs/msg/detail/rpm__rosidl_typesupport_introspection_c.h
[394.152s] -- Symlinking: /home/dolphiinn/ros2_ws/install/px4_msgs/include/px4_msgs/px4_msgs/msg/detail/rtl_status__rosidl_typesupport_introspection_c.h
[394.158s] -- Symlinking: /home/dolphiinn/ros2_ws/install/px4_msgs/include/px4_msgs/px4_msgs/msg/detail/rtl_time_estimate__rosidl_typesupport_introspection_c.h
[394.164s] -- Symlinking: /home/dolphiinn/ros2_ws/install/px4_msgs/include/px4_msgs/px4_msgs/msg/detail/satellite_info__rosidl_typesupport_introspection_c.h
[394.170s] -- Symlinking: /home/dolphiinn/ros2_ws/install/px4_msgs/include/px4_msgs/px4_msgs/msg/detail/sensor_accel__rosidl_typesupport_introspection_c.h
[394.176s] -- Symlinking: /home/dolphiinn/ros2_ws/install/px4_msgs/include/px4_msgs/px4_msgs/msg/detail/sensor_accel_fifo__rosidl_typesupport_introspection_c.h
[394.181s] -- Symlinking: /home/dolphiinn/ros2_ws/install/px4_msgs/include/px4_msgs/px4_msgs/msg/detail/sensor_airflow__rosidl_typesupport_introspection_c.h
[394.187s] -- Symlinking: /home/dolphiinn/ros2_ws/install/px4_msgs/include/px4_msgs/px4_msgs/msg/detail/sensor_baro__rosidl_typesupport_introspection_c.h
[394.193s] -- Symlinking: /home/dolphiinn/ros2_ws/install/px4_msgs/include/px4_msgs/px4_msgs/msg/detail/sensor_combined__rosidl_typesupport_introspection_c.h
[394.199s] -- Symlinking: /home/dolphiinn/ros2_ws/install/px4_msgs/include/px4_msgs/px4_msgs/msg/detail/sensor_correction__rosidl_typesupport_introspection_c.h
[394.205s] -- Symlinking: /home/dolphiinn/ros2_ws/install/px4_msgs/include/px4_msgs/px4_msgs/msg/detail/sensor_gnss_relative__rosidl_typesupport_introspection_c.h
[394.210s] -- Symlinking: /home/dolphiinn/ros2_ws/install/px4_msgs/include/px4_msgs/px4_msgs/msg/detail/sensor_gnss_status__rosidl_typesupport_introspection_c.h
[394.216s] -- Symlinking: /home/dolphiinn/ros2_ws/install/px4_msgs/include/px4_msgs/px4_msgs/msg/detail/sensor_gps__rosidl_typesupport_introspection_c.h
[394.222s] -- Symlinking: /home/dolphiinn/ros2_ws/install/px4_msgs/include/px4_msgs/px4_msgs/msg/detail/sensor_gyro__rosidl_typesupport_introspection_c.h
[394.228s] -- Symlinking: /home/dolphiinn/ros2_ws/install/px4_msgs/include/px4_msgs/px4_msgs/msg/detail/sensor_gyro_fft__rosidl_typesupport_introspection_c.h
[394.234s] -- Symlinking: /home/dolphiinn/ros2_ws/install/px4_msgs/include/px4_msgs/px4_msgs/msg/detail/sensor_gyro_fifo__rosidl_typesupport_introspection_c.h
[394.240s] -- Symlinking: /home/dolphiinn/ros2_ws/install/px4_msgs/include/px4_msgs/px4_msgs/msg/detail/sensor_hygrometer__rosidl_typesupport_introspection_c.h
[394.245s] -- Symlinking: /home/dolphiinn/ros2_ws/install/px4_msgs/include/px4_msgs/px4_msgs/msg/detail/sensor_mag__rosidl_typesupport_introspection_c.h
[394.262s] -- Symlinking: /home/dolphiinn/ros2_ws/install/px4_msgs/include/px4_msgs/px4_msgs/msg/detail/sensor_optical_flow__rosidl_typesupport_introspection_c.h
[394.271s] -- Symlinking: /home/dolphiinn/ros2_ws/install/px4_msgs/include/px4_msgs/px4_msgs/msg/detail/sensor_preflight_mag__rosidl_typesupport_introspection_c.h
[394.277s] -- Symlinking: /home/dolphiinn/ros2_ws/install/px4_msgs/include/px4_msgs/px4_msgs/msg/detail/sensor_selection__rosidl_typesupport_introspection_c.h
[394.283s] -- Symlinking: /home/dolphiinn/ros2_ws/install/px4_msgs/include/px4_msgs/px4_msgs/msg/detail/sensor_uwb__rosidl_typesupport_introspection_c.h
[394.289s] -- Symlinking: /home/dolphiinn/ros2_ws/install/px4_msgs/include/px4_msgs/px4_msgs/msg/detail/sensors_status__rosidl_typesupport_introspection_c.h
[394.294s] -- Symlinking: /home/dolphiinn/ros2_ws/install/px4_msgs/include/px4_msgs/px4_msgs/msg/detail/sensors_status_imu__rosidl_typesupport_introspection_c.h
[394.300s] -- Symlinking: /home/dolphiinn/ros2_ws/install/px4_msgs/include/px4_msgs/px4_msgs/msg/detail/system_power__rosidl_typesupport_introspection_c.h
[394.306s] -- Symlinking: /home/dolphiinn/ros2_ws/install/px4_msgs/include/px4_msgs/px4_msgs/msg/detail/takeoff_status__rosidl_typesupport_introspection_c.h
[394.312s] -- Symlinking: /home/dolphiinn/ros2_ws/install/px4_msgs/include/px4_msgs/px4_msgs/msg/detail/task_stack_info__rosidl_typesupport_introspection_c.h
[394.318s] -- Symlinking: /home/dolphiinn/ros2_ws/install/px4_msgs/include/px4_msgs/px4_msgs/msg/detail/tecs_status__rosidl_typesupport_introspection_c.h
[394.324s] -- Symlinking: /home/dolphiinn/ros2_ws/install/px4_msgs/include/px4_msgs/px4_msgs/msg/detail/telemetry_status__rosidl_typesupport_introspection_c.h
[394.330s] -- Symlinking: /home/dolphiinn/ros2_ws/install/px4_msgs/include/px4_msgs/px4_msgs/msg/detail/tiltrotor_extra_controls__rosidl_typesupport_introspection_c.h
[394.336s] -- Symlinking: /home/dolphiinn/ros2_ws/install/px4_msgs/include/px4_msgs/px4_msgs/msg/detail/timesync_status__rosidl_typesupport_introspection_c.h
[394.342s] -- Symlinking: /home/dolphiinn/ros2_ws/install/px4_msgs/include/px4_msgs/px4_msgs/msg/detail/trajectory_setpoint6dof__rosidl_typesupport_introspection_c.h
[394.348s] -- Symlinking: /home/dolphiinn/ros2_ws/install/px4_msgs/include/px4_msgs/px4_msgs/msg/detail/trajectory_setpoint__rosidl_typesupport_introspection_c.h
[394.354s] -- Symlinking: /home/dolphiinn/ros2_ws/install/px4_msgs/include/px4_msgs/px4_msgs/msg/detail/transponder_report__rosidl_typesupport_introspection_c.h
[394.359s] -- Symlinking: /home/dolphiinn/ros2_ws/install/px4_msgs/include/px4_msgs/px4_msgs/msg/detail/tune_control__rosidl_typesupport_introspection_c.h
[394.365s] -- Symlinking: /home/dolphiinn/ros2_ws/install/px4_msgs/include/px4_msgs/px4_msgs/msg/detail/uavcan_parameter_request__rosidl_typesupport_introspection_c.h
[394.371s] -- Symlinking: /home/dolphiinn/ros2_ws/install/px4_msgs/include/px4_msgs/px4_msgs/msg/detail/uavcan_parameter_value__rosidl_typesupport_introspection_c.h
[394.376s] -- Symlinking: /home/dolphiinn/ros2_ws/install/px4_msgs/include/px4_msgs/px4_msgs/msg/detail/ulog_stream__rosidl_typesupport_introspection_c.h
[394.382s] -- Symlinking: /home/dolphiinn/ros2_ws/install/px4_msgs/include/px4_msgs/px4_msgs/msg/detail/ulog_stream_ack__rosidl_typesupport_introspection_c.h
[394.388s] -- Symlinking: /home/dolphiinn/ros2_ws/install/px4_msgs/include/px4_msgs/px4_msgs/msg/detail/unregister_ext_component__rosidl_typesupport_introspection_c.h
[394.394s] -- Symlinking: /home/dolphiinn/ros2_ws/install/px4_msgs/include/px4_msgs/px4_msgs/msg/detail/vehicle_acceleration__rosidl_typesupport_introspection_c.h
[394.399s] -- Symlinking: /home/dolphiinn/ros2_ws/install/px4_msgs/include/px4_msgs/px4_msgs/msg/detail/vehicle_air_data__rosidl_typesupport_introspection_c.h
[394.405s] -- Symlinking: /home/dolphiinn/ros2_ws/install/px4_msgs/include/px4_msgs/px4_msgs/msg/detail/vehicle_angular_acceleration_setpoint__rosidl_typesupport_introspection_c.h
[394.411s] -- Symlinking: /home/dolphiinn/ros2_ws/install/px4_msgs/include/px4_msgs/px4_msgs/msg/detail/vehicle_angular_velocity__rosidl_typesupport_introspection_c.h
[394.417s] -- Symlinking: /home/dolphiinn/ros2_ws/install/px4_msgs/include/px4_msgs/px4_msgs/msg/detail/vehicle_attitude__rosidl_typesupport_introspection_c.h
[394.423s] -- Symlinking: /home/dolphiinn/ros2_ws/install/px4_msgs/include/px4_msgs/px4_msgs/msg/detail/vehicle_attitude_setpoint__rosidl_typesupport_introspection_c.h
[394.428s] -- Symlinking: /home/dolphiinn/ros2_ws/install/px4_msgs/include/px4_msgs/px4_msgs/msg/detail/vehicle_command__rosidl_typesupport_introspection_c.h
[394.434s] -- Symlinking: /home/dolphiinn/ros2_ws/install/px4_msgs/include/px4_msgs/px4_msgs/msg/detail/vehicle_command_ack__rosidl_typesupport_introspection_c.h
[394.440s] -- Symlinking: /home/dolphiinn/ros2_ws/install/px4_msgs/include/px4_msgs/px4_msgs/msg/detail/vehicle_constraints__rosidl_typesupport_introspection_c.h
[394.445s] -- Symlinking: /home/dolphiinn/ros2_ws/install/px4_msgs/include/px4_msgs/px4_msgs/msg/detail/vehicle_control_mode__rosidl_typesupport_introspection_c.h
[394.451s] -- Symlinking: /home/dolphiinn/ros2_ws/install/px4_msgs/include/px4_msgs/px4_msgs/msg/detail/vehicle_global_position__rosidl_typesupport_introspection_c.h
[394.457s] -- Symlinking: /home/dolphiinn/ros2_ws/install/px4_msgs/include/px4_msgs/px4_msgs/msg/detail/vehicle_imu__rosidl_typesupport_introspection_c.h
[394.463s] -- Symlinking: /home/dolphiinn/ros2_ws/install/px4_msgs/include/px4_msgs/px4_msgs/msg/detail/vehicle_imu_status__rosidl_typesupport_introspection_c.h
[394.469s] -- Symlinking: /home/dolphiinn/ros2_ws/install/px4_msgs/include/px4_msgs/px4_msgs/msg/detail/vehicle_land_detected__rosidl_typesupport_introspection_c.h
[394.474s] -- Symlinking: /home/dolphiinn/ros2_ws/install/px4_msgs/include/px4_msgs/px4_msgs/msg/detail/vehicle_local_position__rosidl_typesupport_introspection_c.h
[394.481s] -- Symlinking: /home/dolphiinn/ros2_ws/install/px4_msgs/include/px4_msgs/px4_msgs/msg/detail/vehicle_local_position_setpoint__rosidl_typesupport_introspection_c.h
[394.486s] -- Symlinking: /home/dolphiinn/ros2_ws/install/px4_msgs/include/px4_msgs/px4_msgs/msg/detail/vehicle_magnetometer__rosidl_typesupport_introspection_c.h
[394.493s] -- Symlinking: /home/dolphiinn/ros2_ws/install/px4_msgs/include/px4_msgs/px4_msgs/msg/detail/vehicle_odometry__rosidl_typesupport_introspection_c.h
[394.498s] -- Symlinking: /home/dolphiinn/ros2_ws/install/px4_msgs/include/px4_msgs/px4_msgs/msg/detail/vehicle_optical_flow__rosidl_typesupport_introspection_c.h
[394.504s] -- Symlinking: /home/dolphiinn/ros2_ws/install/px4_msgs/include/px4_msgs/px4_msgs/msg/detail/vehicle_optical_flow_vel__rosidl_typesupport_introspection_c.h
[394.521s] -- Symlinking: /home/dolphiinn/ros2_ws/install/px4_msgs/include/px4_msgs/px4_msgs/msg/detail/vehicle_rates_setpoint__rosidl_typesupport_introspection_c.h
[394.529s] -- Symlinking: /home/dolphiinn/ros2_ws/install/px4_msgs/include/px4_msgs/px4_msgs/msg/detail/vehicle_roi__rosidl_typesupport_introspection_c.h
[394.537s] -- Symlinking: /home/dolphiinn/ros2_ws/install/px4_msgs/include/px4_msgs/px4_msgs/msg/detail/vehicle_status__rosidl_typesupport_introspection_c.h
[394.544s] -- Symlinking: /home/dolphiinn/ros2_ws/install/px4_msgs/include/px4_msgs/px4_msgs/msg/detail/vehicle_thrust_setpoint__rosidl_typesupport_introspection_c.h
[394.550s] -- Symlinking: /home/dolphiinn/ros2_ws/install/px4_msgs/include/px4_msgs/px4_msgs/msg/detail/vehicle_torque_setpoint__rosidl_typesupport_introspection_c.h
[394.556s] -- Symlinking: /home/dolphiinn/ros2_ws/install/px4_msgs/include/px4_msgs/px4_msgs/msg/detail/velocity_limits__rosidl_typesupport_introspection_c.h
[394.561s] -- Symlinking: /home/dolphiinn/ros2_ws/install/px4_msgs/include/px4_msgs/px4_msgs/msg/detail/vtol_vehicle_status__rosidl_typesupport_introspection_c.h
[394.567s] -- Symlinking: /home/dolphiinn/ros2_ws/install/px4_msgs/include/px4_msgs/px4_msgs/msg/detail/wheel_encoders__rosidl_typesupport_introspection_c.h
[394.574s] -- Symlinking: /home/dolphiinn/ros2_ws/install/px4_msgs/include/px4_msgs/px4_msgs/msg/detail/wind__rosidl_typesupport_introspection_c.h
[394.580s] -- Symlinking: /home/dolphiinn/ros2_ws/install/px4_msgs/include/px4_msgs/px4_msgs/msg/detail/yaw_estimator_status__rosidl_typesupport_introspection_c.h
[394.586s] -- Symlinking: /home/dolphiinn/ros2_ws/install/px4_msgs/include/px4_msgs/px4_msgs/msg/rosidl_typesupport_introspection_c__visibility_control.h
[394.593s] -- Symlinking: /home/dolphiinn/ros2_ws/install/px4_msgs/include/px4_msgs/px4_msgs/srv/detail/vehicle_command__rosidl_typesupport_introspection_c.h
[394.600s] -- Symlinking: /home/dolphiinn/ros2_ws/install/px4_msgs/include/px4_msgs/px4_msgs/msg/detail/action_request__rosidl_typesupport_introspection_cpp.hpp
[394.606s] -- Symlinking: /home/dolphiinn/ros2_ws/install/px4_msgs/include/px4_msgs/px4_msgs/msg/detail/actuator_armed__rosidl_typesupport_introspection_cpp.hpp
[394.611s] -- Symlinking: /home/dolphiinn/ros2_ws/install/px4_msgs/include/px4_msgs/px4_msgs/msg/detail/actuator_controls_status__rosidl_typesupport_introspection_cpp.hpp
[394.617s] -- Symlinking: /home/dolphiinn/ros2_ws/install/px4_msgs/include/px4_msgs/px4_msgs/msg/detail/actuator_motors__rosidl_typesupport_introspection_cpp.hpp
[394.622s] -- Symlinking: /home/dolphiinn/ros2_ws/install/px4_msgs/include/px4_msgs/px4_msgs/msg/detail/actuator_outputs__rosidl_typesupport_introspection_cpp.hpp
[394.628s] -- Symlinking: /home/dolphiinn/ros2_ws/install/px4_msgs/include/px4_msgs/px4_msgs/msg/detail/actuator_servos__rosidl_typesupport_introspection_cpp.hpp
[394.634s] -- Symlinking: /home/dolphiinn/ros2_ws/install/px4_msgs/include/px4_msgs/px4_msgs/msg/detail/actuator_servos_trim__rosidl_typesupport_introspection_cpp.hpp
[394.640s] -- Symlinking: /home/dolphiinn/ros2_ws/install/px4_msgs/include/px4_msgs/px4_msgs/msg/detail/actuator_test__rosidl_typesupport_introspection_cpp.hpp
[394.646s] -- Symlinking: /home/dolphiinn/ros2_ws/install/px4_msgs/include/px4_msgs/px4_msgs/msg/detail/adc_report__rosidl_typesupport_introspection_cpp.hpp
[394.652s] -- Symlinking: /home/dolphiinn/ros2_ws/install/px4_msgs/include/px4_msgs/px4_msgs/msg/detail/airspeed__rosidl_typesupport_introspection_cpp.hpp
[394.658s] -- Symlinking: /home/dolphiinn/ros2_ws/install/px4_msgs/include/px4_msgs/px4_msgs/msg/detail/airspeed_validated__rosidl_typesupport_introspection_cpp.hpp
[394.663s] -- Symlinking: /home/dolphiinn/ros2_ws/install/px4_msgs/include/px4_msgs/px4_msgs/msg/detail/airspeed_wind__rosidl_typesupport_introspection_cpp.hpp
[394.669s] -- Symlinking: /home/dolphiinn/ros2_ws/install/px4_msgs/include/px4_msgs/px4_msgs/msg/detail/arming_check_reply__rosidl_typesupport_introspection_cpp.hpp
[394.682s] -- Symlinking: /home/dolphiinn/ros2_ws/install/px4_msgs/include/px4_msgs/px4_msgs/msg/detail/arming_check_request__rosidl_typesupport_introspection_cpp.hpp
[394.687s] -- Symlinking: /home/dolphiinn/ros2_ws/install/px4_msgs/include/px4_msgs/px4_msgs/msg/detail/autotune_attitude_control_status__rosidl_typesupport_introspection_cpp.hpp
[394.693s] -- Symlinking: /home/dolphiinn/ros2_ws/install/px4_msgs/include/px4_msgs/px4_msgs/msg/detail/battery_info__rosidl_typesupport_introspection_cpp.hpp
[394.699s] -- Symlinking: /home/dolphiinn/ros2_ws/install/px4_msgs/include/px4_msgs/px4_msgs/msg/detail/battery_status__rosidl_typesupport_introspection_cpp.hpp
[394.705s] -- Symlinking: /home/dolphiinn/ros2_ws/install/px4_msgs/include/px4_msgs/px4_msgs/msg/detail/button_event__rosidl_typesupport_introspection_cpp.hpp
[394.711s] -- Symlinking: /home/dolphiinn/ros2_ws/install/px4_msgs/include/px4_msgs/px4_msgs/msg/detail/camera_capture__rosidl_typesupport_introspection_cpp.hpp
[394.717s] -- Symlinking: /home/dolphiinn/ros2_ws/install/px4_msgs/include/px4_msgs/px4_msgs/msg/detail/camera_status__rosidl_typesupport_introspection_cpp.hpp
[394.722s] -- Symlinking: /home/dolphiinn/ros2_ws/install/px4_msgs/include/px4_msgs/px4_msgs/msg/detail/camera_trigger__rosidl_typesupport_introspection_cpp.hpp
[394.728s] -- Symlinking: /home/dolphiinn/ros2_ws/install/px4_msgs/include/px4_msgs/px4_msgs/msg/detail/can_interface_status__rosidl_typesupport_introspection_cpp.hpp
[394.733s] -- Symlinking: /home/dolphiinn/ros2_ws/install/px4_msgs/include/px4_msgs/px4_msgs/msg/detail/cellular_status__rosidl_typesupport_introspection_cpp.hpp
[394.739s] -- Symlinking: /home/dolphiinn/ros2_ws/install/px4_msgs/include/px4_msgs/px4_msgs/msg/detail/collision_constraints__rosidl_typesupport_introspection_cpp.hpp
[394.745s] -- Symlinking: /home/dolphiinn/ros2_ws/install/px4_msgs/include/px4_msgs/px4_msgs/msg/detail/config_overrides__rosidl_typesupport_introspection_cpp.hpp
[394.751s] -- Symlinking: /home/dolphiinn/ros2_ws/install/px4_msgs/include/px4_msgs/px4_msgs/msg/detail/control_allocator_status__rosidl_typesupport_introspection_cpp.hpp
[394.767s] -- Symlinking: /home/dolphiinn/ros2_ws/install/px4_msgs/include/px4_msgs/px4_msgs/msg/detail/cpuload__rosidl_typesupport_introspection_cpp.hpp
[394.775s] -- Symlinking: /home/dolphiinn/ros2_ws/install/px4_msgs/include/px4_msgs/px4_msgs/msg/detail/dataman_request__rosidl_typesupport_introspection_cpp.hpp
[394.782s] -- Symlinking: /home/dolphiinn/ros2_ws/install/px4_msgs/include/px4_msgs/px4_msgs/msg/detail/dataman_response__rosidl_typesupport_introspection_cpp.hpp
[394.788s] -- Symlinking: /home/dolphiinn/ros2_ws/install/px4_msgs/include/px4_msgs/px4_msgs/msg/detail/debug_array__rosidl_typesupport_introspection_cpp.hpp
[394.794s] -- Symlinking: /home/dolphiinn/ros2_ws/install/px4_msgs/include/px4_msgs/px4_msgs/msg/detail/debug_key_value__rosidl_typesupport_introspection_cpp.hpp
[394.800s] -- Symlinking: /home/dolphiinn/ros2_ws/install/px4_msgs/include/px4_msgs/px4_msgs/msg/detail/debug_value__rosidl_typesupport_introspection_cpp.hpp
[394.807s] -- Symlinking: /home/dolphiinn/ros2_ws/install/px4_msgs/include/px4_msgs/px4_msgs/msg/detail/debug_vect__rosidl_typesupport_introspection_cpp.hpp
[394.813s] -- Symlinking: /home/dolphiinn/ros2_ws/install/px4_msgs/include/px4_msgs/px4_msgs/msg/detail/differential_pressure__rosidl_typesupport_introspection_cpp.hpp
[394.819s] -- Symlinking: /home/dolphiinn/ros2_ws/install/px4_msgs/include/px4_msgs/px4_msgs/msg/detail/distance_sensor__rosidl_typesupport_introspection_cpp.hpp
[394.825s] -- Symlinking: /home/dolphiinn/ros2_ws/install/px4_msgs/include/px4_msgs/px4_msgs/msg/detail/distance_sensor_mode_change_request__rosidl_typesupport_introspection_cpp.hpp
[394.830s] -- Symlinking: /home/dolphiinn/ros2_ws/install/px4_msgs/include/px4_msgs/px4_msgs/msg/detail/dronecan_node_status__rosidl_typesupport_introspection_cpp.hpp
[394.836s] -- Symlinking: /home/dolphiinn/ros2_ws/install/px4_msgs/include/px4_msgs/px4_msgs/msg/detail/ekf2_timestamps__rosidl_typesupport_introspection_cpp.hpp
[394.842s] -- Symlinking: /home/dolphiinn/ros2_ws/install/px4_msgs/include/px4_msgs/px4_msgs/msg/detail/esc_report__rosidl_typesupport_introspection_cpp.hpp
[394.848s] -- Symlinking: /home/dolphiinn/ros2_ws/install/px4_msgs/include/px4_msgs/px4_msgs/msg/detail/esc_status__rosidl_typesupport_introspection_cpp.hpp
[394.854s] -- Symlinking: /home/dolphiinn/ros2_ws/install/px4_msgs/include/px4_msgs/px4_msgs/msg/detail/estimator_aid_source1d__rosidl_typesupport_introspection_cpp.hpp
[394.860s] -- Symlinking: /home/dolphiinn/ros2_ws/install/px4_msgs/include/px4_msgs/px4_msgs/msg/detail/estimator_aid_source2d__rosidl_typesupport_introspection_cpp.hpp
[394.865s] -- Symlinking: /home/dolphiinn/ros2_ws/install/px4_msgs/include/px4_msgs/px4_msgs/msg/detail/estimator_aid_source3d__rosidl_typesupport_introspection_cpp.hpp
[394.871s] -- Symlinking: /home/dolphiinn/ros2_ws/install/px4_msgs/include/px4_msgs/px4_msgs/msg/detail/estimator_bias3d__rosidl_typesupport_introspection_cpp.hpp
[394.877s] -- Symlinking: /home/dolphiinn/ros2_ws/install/px4_msgs/include/px4_msgs/px4_msgs/msg/detail/estimator_bias__rosidl_typesupport_introspection_cpp.hpp
[394.883s] -- Symlinking: /home/dolphiinn/ros2_ws/install/px4_msgs/include/px4_msgs/px4_msgs/msg/detail/estimator_event_flags__rosidl_typesupport_introspection_cpp.hpp
[394.889s] -- Symlinking: /home/dolphiinn/ros2_ws/install/px4_msgs/include/px4_msgs/px4_msgs/msg/detail/estimator_gps_status__rosidl_typesupport_introspection_cpp.hpp
[394.895s] -- Symlinking: /home/dolphiinn/ros2_ws/install/px4_msgs/include/px4_msgs/px4_msgs/msg/detail/estimator_innovations__rosidl_typesupport_introspection_cpp.hpp
[394.900s] -- Symlinking: /home/dolphiinn/ros2_ws/install/px4_msgs/include/px4_msgs/px4_msgs/msg/detail/estimator_selector_status__rosidl_typesupport_introspection_cpp.hpp
[394.906s] -- Symlinking: /home/dolphiinn/ros2_ws/install/px4_msgs/include/px4_msgs/px4_msgs/msg/detail/estimator_sensor_bias__rosidl_typesupport_introspection_cpp.hpp
[394.912s] -- Symlinking: /home/dolphiinn/ros2_ws/install/px4_msgs/include/px4_msgs/px4_msgs/msg/detail/estimator_states__rosidl_typesupport_introspection_cpp.hpp
[394.918s] -- Symlinking: /home/dolphiinn/ros2_ws/install/px4_msgs/include/px4_msgs/px4_msgs/msg/detail/estimator_status__rosidl_typesupport_introspection_cpp.hpp
[394.924s] -- Symlinking: /home/dolphiinn/ros2_ws/install/px4_msgs/include/px4_msgs/px4_msgs/msg/detail/estimator_status_flags__rosidl_typesupport_introspection_cpp.hpp
[394.930s] -- Symlinking: /home/dolphiinn/ros2_ws/install/px4_msgs/include/px4_msgs/px4_msgs/msg/detail/event__rosidl_typesupport_introspection_cpp.hpp
[394.936s] -- Symlinking: /home/dolphiinn/ros2_ws/install/px4_msgs/include/px4_msgs/px4_msgs/msg/detail/failsafe_flags__rosidl_typesupport_introspection_cpp.hpp
[394.941s] -- Symlinking: /home/dolphiinn/ros2_ws/install/px4_msgs/include/px4_msgs/px4_msgs/msg/detail/failure_detector_status__rosidl_typesupport_introspection_cpp.hpp
[394.947s] -- Symlinking: /home/dolphiinn/ros2_ws/install/px4_msgs/include/px4_msgs/px4_msgs/msg/detail/figure_eight_status__rosidl_typesupport_introspection_cpp.hpp
[394.953s] -- Symlinking: /home/dolphiinn/ros2_ws/install/px4_msgs/include/px4_msgs/px4_msgs/msg/detail/fixed_wing_lateral_guidance_status__rosidl_typesupport_introspection_cpp.hpp
[394.959s] -- Symlinking: /home/dolphiinn/ros2_ws/install/px4_msgs/include/px4_msgs/px4_msgs/msg/detail/fixed_wing_lateral_setpoint__rosidl_typesupport_introspection_cpp.hpp
[394.965s] -- Symlinking: /home/dolphiinn/ros2_ws/install/px4_msgs/include/px4_msgs/px4_msgs/msg/detail/fixed_wing_lateral_status__rosidl_typesupport_introspection_cpp.hpp
[394.970s] -- Symlinking: /home/dolphiinn/ros2_ws/install/px4_msgs/include/px4_msgs/px4_msgs/msg/detail/fixed_wing_longitudinal_setpoint__rosidl_typesupport_introspection_cpp.hpp
[394.976s] -- Symlinking: /home/dolphiinn/ros2_ws/install/px4_msgs/include/px4_msgs/px4_msgs/msg/detail/fixed_wing_runway_control__rosidl_typesupport_introspection_cpp.hpp
[394.982s] -- Symlinking: /home/dolphiinn/ros2_ws/install/px4_msgs/include/px4_msgs/px4_msgs/msg/detail/flight_phase_estimation__rosidl_typesupport_introspection_cpp.hpp
[394.988s] -- Symlinking: /home/dolphiinn/ros2_ws/install/px4_msgs/include/px4_msgs/px4_msgs/msg/detail/follow_target__rosidl_typesupport_introspection_cpp.hpp
[394.993s] -- Symlinking: /home/dolphiinn/ros2_ws/install/px4_msgs/include/px4_msgs/px4_msgs/msg/detail/follow_target_estimator__rosidl_typesupport_introspection_cpp.hpp
[394.999s] -- Symlinking: /home/dolphiinn/ros2_ws/install/px4_msgs/include/px4_msgs/px4_msgs/msg/detail/follow_target_status__rosidl_typesupport_introspection_cpp.hpp
[395.005s] -- Symlinking: /home/dolphiinn/ros2_ws/install/px4_msgs/include/px4_msgs/px4_msgs/msg/detail/fuel_tank_status__rosidl_typesupport_introspection_cpp.hpp
[395.011s] -- Symlinking: /home/dolphiinn/ros2_ws/install/px4_msgs/include/px4_msgs/px4_msgs/msg/detail/generator_status__rosidl_typesupport_introspection_cpp.hpp
[395.016s] -- Symlinking: /home/dolphiinn/ros2_ws/install/px4_msgs/include/px4_msgs/px4_msgs/msg/detail/geofence_result__rosidl_typesupport_introspection_cpp.hpp
[395.022s] -- Symlinking: /home/dolphiinn/ros2_ws/install/px4_msgs/include/px4_msgs/px4_msgs/msg/detail/geofence_status__rosidl_typesupport_introspection_cpp.hpp
[395.028s] -- Symlinking: /home/dolphiinn/ros2_ws/install/px4_msgs/include/px4_msgs/px4_msgs/msg/detail/gimbal_controls__rosidl_typesupport_introspection_cpp.hpp
[395.034s] -- Symlinking: /home/dolphiinn/ros2_ws/install/px4_msgs/include/px4_msgs/px4_msgs/msg/detail/gimbal_device_attitude_status__rosidl_typesupport_introspection_cpp.hpp
[395.040s] -- Symlinking: /home/dolphiinn/ros2_ws/install/px4_msgs/include/px4_msgs/px4_msgs/msg/detail/gimbal_device_information__rosidl_typesupport_introspection_cpp.hpp
[395.046s] -- Symlinking: /home/dolphiinn/ros2_ws/install/px4_msgs/include/px4_msgs/px4_msgs/msg/detail/gimbal_device_set_attitude__rosidl_typesupport_introspection_cpp.hpp
[395.052s] -- Symlinking: /home/dolphiinn/ros2_ws/install/px4_msgs/include/px4_msgs/px4_msgs/msg/detail/gimbal_manager_information__rosidl_typesupport_introspection_cpp.hpp
[395.057s] -- Symlinking: /home/dolphiinn/ros2_ws/install/px4_msgs/include/px4_msgs/px4_msgs/msg/detail/gimbal_manager_set_attitude__rosidl_typesupport_introspection_cpp.hpp
[395.063s] -- Symlinking: /home/dolphiinn/ros2_ws/install/px4_msgs/include/px4_msgs/px4_msgs/msg/detail/gimbal_manager_set_manual_control__rosidl_typesupport_introspection_cpp.hpp
[395.069s] -- Symlinking: /home/dolphiinn/ros2_ws/install/px4_msgs/include/px4_msgs/px4_msgs/msg/detail/gimbal_manager_status__rosidl_typesupport_introspection_cpp.hpp
[395.074s] -- Symlinking: /home/dolphiinn/ros2_ws/install/px4_msgs/include/px4_msgs/px4_msgs/msg/detail/goto_setpoint__rosidl_typesupport_introspection_cpp.hpp
[395.080s] -- Symlinking: /home/dolphiinn/ros2_ws/install/px4_msgs/include/px4_msgs/px4_msgs/msg/detail/gpio_config__rosidl_typesupport_introspection_cpp.hpp
[395.086s] -- Symlinking: /home/dolphiinn/ros2_ws/install/px4_msgs/include/px4_msgs/px4_msgs/msg/detail/gpio_in__rosidl_typesupport_introspection_cpp.hpp
[395.092s] -- Symlinking: /home/dolphiinn/ros2_ws/install/px4_msgs/include/px4_msgs/px4_msgs/msg/detail/gpio_out__rosidl_typesupport_introspection_cpp.hpp
[395.098s] -- Symlinking: /home/dolphiinn/ros2_ws/install/px4_msgs/include/px4_msgs/px4_msgs/msg/detail/gpio_request__rosidl_typesupport_introspection_cpp.hpp
[395.103s] -- Symlinking: /home/dolphiinn/ros2_ws/install/px4_msgs/include/px4_msgs/px4_msgs/msg/detail/gps_dump__rosidl_typesupport_introspection_cpp.hpp
[395.109s] -- Symlinking: /home/dolphiinn/ros2_ws/install/px4_msgs/include/px4_msgs/px4_msgs/msg/detail/gps_inject_data__rosidl_typesupport_introspection_cpp.hpp
[395.115s] -- Symlinking: /home/dolphiinn/ros2_ws/install/px4_msgs/include/px4_msgs/px4_msgs/msg/detail/gripper__rosidl_typesupport_introspection_cpp.hpp
[395.120s] -- Symlinking: /home/dolphiinn/ros2_ws/install/px4_msgs/include/px4_msgs/px4_msgs/msg/detail/health_report__rosidl_typesupport_introspection_cpp.hpp
[395.125s] -- Symlinking: /home/dolphiinn/ros2_ws/install/px4_msgs/include/px4_msgs/px4_msgs/msg/detail/heater_status__rosidl_typesupport_introspection_cpp.hpp
[395.131s] -- Symlinking: /home/dolphiinn/ros2_ws/install/px4_msgs/include/px4_msgs/px4_msgs/msg/detail/home_position__rosidl_typesupport_introspection_cpp.hpp
[395.137s] -- Symlinking: /home/dolphiinn/ros2_ws/install/px4_msgs/include/px4_msgs/px4_msgs/msg/detail/hover_thrust_estimate__rosidl_typesupport_introspection_cpp.hpp
[395.142s] -- Symlinking: /home/dolphiinn/ros2_ws/install/px4_msgs/include/px4_msgs/px4_msgs/msg/detail/input_rc__rosidl_typesupport_introspection_cpp.hpp
[395.148s] -- Symlinking: /home/dolphiinn/ros2_ws/install/px4_msgs/include/px4_msgs/px4_msgs/msg/detail/internal_combustion_engine_control__rosidl_typesupport_introspection_cpp.hpp
[395.153s] -- Symlinking: /home/dolphiinn/ros2_ws/install/px4_msgs/include/px4_msgs/px4_msgs/msg/detail/internal_combustion_engine_status__rosidl_typesupport_introspection_cpp.hpp
[395.159s] -- Symlinking: /home/dolphiinn/ros2_ws/install/px4_msgs/include/px4_msgs/px4_msgs/msg/detail/iridiumsbd_status__rosidl_typesupport_introspection_cpp.hpp
[395.165s] -- Symlinking: /home/dolphiinn/ros2_ws/install/px4_msgs/include/px4_msgs/px4_msgs/msg/detail/irlock_report__rosidl_typesupport_introspection_cpp.hpp
[395.171s] -- Symlinking: /home/dolphiinn/ros2_ws/install/px4_msgs/include/px4_msgs/px4_msgs/msg/detail/landing_gear__rosidl_typesupport_introspection_cpp.hpp
[395.177s] -- Symlinking: /home/dolphiinn/ros2_ws/install/px4_msgs/include/px4_msgs/px4_msgs/msg/detail/landing_gear_wheel__rosidl_typesupport_introspection_cpp.hpp
[395.182s] -- Symlinking: /home/dolphiinn/ros2_ws/install/px4_msgs/include/px4_msgs/px4_msgs/msg/detail/landing_target_innovations__rosidl_typesupport_introspection_cpp.hpp
[395.188s] -- Symlinking: /home/dolphiinn/ros2_ws/install/px4_msgs/include/px4_msgs/px4_msgs/msg/detail/landing_target_pose__rosidl_typesupport_introspection_cpp.hpp
[395.194s] -- Symlinking: /home/dolphiinn/ros2_ws/install/px4_msgs/include/px4_msgs/px4_msgs/msg/detail/lateral_control_configuration__rosidl_typesupport_introspection_cpp.hpp
[395.199s] -- Symlinking: /home/dolphiinn/ros2_ws/install/px4_msgs/include/px4_msgs/px4_msgs/msg/detail/launch_detection_status__rosidl_typesupport_introspection_cpp.hpp
[395.205s] -- Symlinking: /home/dolphiinn/ros2_ws/install/px4_msgs/include/px4_msgs/px4_msgs/msg/detail/led_control__rosidl_typesupport_introspection_cpp.hpp
[395.211s] -- Symlinking: /home/dolphiinn/ros2_ws/install/px4_msgs/include/px4_msgs/px4_msgs/msg/detail/log_message__rosidl_typesupport_introspection_cpp.hpp
[395.217s] -- Symlinking: /home/dolphiinn/ros2_ws/install/px4_msgs/include/px4_msgs/px4_msgs/msg/detail/logger_status__rosidl_typesupport_introspection_cpp.hpp
[395.223s] -- Symlinking: /home/dolphiinn/ros2_ws/install/px4_msgs/include/px4_msgs/px4_msgs/msg/detail/longitudinal_control_configuration__rosidl_typesupport_introspection_cpp.hpp
[395.229s] -- Symlinking: /home/dolphiinn/ros2_ws/install/px4_msgs/include/px4_msgs/px4_msgs/msg/detail/mag_worker_data__rosidl_typesupport_introspection_cpp.hpp
[395.234s] -- Symlinking: /home/dolphiinn/ros2_ws/install/px4_msgs/include/px4_msgs/px4_msgs/msg/detail/magnetometer_bias_estimate__rosidl_typesupport_introspection_cpp.hpp
[395.240s] -- Symlinking: /home/dolphiinn/ros2_ws/install/px4_msgs/include/px4_msgs/px4_msgs/msg/detail/manual_control_setpoint__rosidl_typesupport_introspection_cpp.hpp
[395.246s] -- Symlinking: /home/dolphiinn/ros2_ws/install/px4_msgs/include/px4_msgs/px4_msgs/msg/detail/manual_control_switches__rosidl_typesupport_introspection_cpp.hpp
[395.252s] -- Symlinking: /home/dolphiinn/ros2_ws/install/px4_msgs/include/px4_msgs/px4_msgs/msg/detail/mavlink_log__rosidl_typesupport_introspection_cpp.hpp
[395.258s] -- Symlinking: /home/dolphiinn/ros2_ws/install/px4_msgs/include/px4_msgs/px4_msgs/msg/detail/mavlink_tunnel__rosidl_typesupport_introspection_cpp.hpp
[395.263s] -- Symlinking: /home/dolphiinn/ros2_ws/install/px4_msgs/include/px4_msgs/px4_msgs/msg/detail/message_format_request__rosidl_typesupport_introspection_cpp.hpp
[395.269s] -- Symlinking: /home/dolphiinn/ros2_ws/install/px4_msgs/include/px4_msgs/px4_msgs/msg/detail/message_format_response__rosidl_typesupport_introspection_cpp.hpp
[395.275s] -- Symlinking: /home/dolphiinn/ros2_ws/install/px4_msgs/include/px4_msgs/px4_msgs/msg/detail/mission__rosidl_typesupport_introspection_cpp.hpp
[395.281s] -- Symlinking: /home/dolphiinn/ros2_ws/install/px4_msgs/include/px4_msgs/px4_msgs/msg/detail/mission_result__rosidl_typesupport_introspection_cpp.hpp
[395.287s] -- Symlinking: /home/dolphiinn/ros2_ws/install/px4_msgs/include/px4_msgs/px4_msgs/msg/detail/mode_completed__rosidl_typesupport_introspection_cpp.hpp
[395.292s] -- Symlinking: /home/dolphiinn/ros2_ws/install/px4_msgs/include/px4_msgs/px4_msgs/msg/detail/mount_orientation__rosidl_typesupport_introspection_cpp.hpp
[395.298s] -- Symlinking: /home/dolphiinn/ros2_ws/install/px4_msgs/include/px4_msgs/px4_msgs/msg/detail/navigator_mission_item__rosidl_typesupport_introspection_cpp.hpp
[395.303s] -- Symlinking: /home/dolphiinn/ros2_ws/install/px4_msgs/include/px4_msgs/px4_msgs/msg/detail/navigator_status__rosidl_typesupport_introspection_cpp.hpp
[395.309s] -- Symlinking: /home/dolphiinn/ros2_ws/install/px4_msgs/include/px4_msgs/px4_msgs/msg/detail/neural_control__rosidl_typesupport_introspection_cpp.hpp
[395.315s] -- Symlinking: /home/dolphiinn/ros2_ws/install/px4_msgs/include/px4_msgs/px4_msgs/msg/detail/normalized_unsigned_setpoint__rosidl_typesupport_introspection_cpp.hpp
[395.321s] -- Symlinking: /home/dolphiinn/ros2_ws/install/px4_msgs/include/px4_msgs/px4_msgs/msg/detail/obstacle_distance__rosidl_typesupport_introspection_cpp.hpp
[395.326s] -- Symlinking: /home/dolphiinn/ros2_ws/install/px4_msgs/include/px4_msgs/px4_msgs/msg/detail/offboard_control_mode__rosidl_typesupport_introspection_cpp.hpp
[395.332s] -- Symlinking: /home/dolphiinn/ros2_ws/install/px4_msgs/include/px4_msgs/px4_msgs/msg/detail/onboard_computer_status__rosidl_typesupport_introspection_cpp.hpp
[395.338s] -- Symlinking: /home/dolphiinn/ros2_ws/install/px4_msgs/include/px4_msgs/px4_msgs/msg/detail/open_drone_id_arm_status__rosidl_typesupport_introspection_cpp.hpp
[395.343s] -- Symlinking: /home/dolphiinn/ros2_ws/install/px4_msgs/include/px4_msgs/px4_msgs/msg/detail/open_drone_id_operator_id__rosidl_typesupport_introspection_cpp.hpp
[395.349s] -- Symlinking: /home/dolphiinn/ros2_ws/install/px4_msgs/include/px4_msgs/px4_msgs/msg/detail/open_drone_id_self_id__rosidl_typesupport_introspection_cpp.hpp
[395.355s] -- Symlinking: /home/dolphiinn/ros2_ws/install/px4_msgs/include/px4_msgs/px4_msgs/msg/detail/open_drone_id_system__rosidl_typesupport_introspection_cpp.hpp
[395.361s] -- Symlinking: /home/dolphiinn/ros2_ws/install/px4_msgs/include/px4_msgs/px4_msgs/msg/detail/orb_test__rosidl_typesupport_introspection_cpp.hpp
[395.366s] -- Symlinking: /home/dolphiinn/ros2_ws/install/px4_msgs/include/px4_msgs/px4_msgs/msg/detail/orb_test_large__rosidl_typesupport_introspection_cpp.hpp
[395.372s] -- Symlinking: /home/dolphiinn/ros2_ws/install/px4_msgs/include/px4_msgs/px4_msgs/msg/detail/orb_test_medium__rosidl_typesupport_introspection_cpp.hpp
[395.378s] -- Symlinking: /home/dolphiinn/ros2_ws/install/px4_msgs/include/px4_msgs/px4_msgs/msg/detail/orbit_status__rosidl_typesupport_introspection_cpp.hpp
[395.384s] -- Symlinking: /home/dolphiinn/ros2_ws/install/px4_msgs/include/px4_msgs/px4_msgs/msg/detail/parameter_reset_request__rosidl_typesupport_introspection_cpp.hpp
[395.389s] -- Symlinking: /home/dolphiinn/ros2_ws/install/px4_msgs/include/px4_msgs/px4_msgs/msg/detail/parameter_set_used_request__rosidl_typesupport_introspection_cpp.hpp
[395.395s] -- Symlinking: /home/dolphiinn/ros2_ws/install/px4_msgs/include/px4_msgs/px4_msgs/msg/detail/parameter_set_value_request__rosidl_typesupport_introspection_cpp.hpp
[395.401s] -- Symlinking: /home/dolphiinn/ros2_ws/install/px4_msgs/include/px4_msgs/px4_msgs/msg/detail/parameter_set_value_response__rosidl_typesupport_introspection_cpp.hpp
[395.406s] -- Symlinking: /home/dolphiinn/ros2_ws/install/px4_msgs/include/px4_msgs/px4_msgs/msg/detail/parameter_update__rosidl_typesupport_introspection_cpp.hpp
[395.412s] -- Symlinking: /home/dolphiinn/ros2_ws/install/px4_msgs/include/px4_msgs/px4_msgs/msg/detail/ping__rosidl_typesupport_introspection_cpp.hpp
[395.418s] -- Symlinking: /home/dolphiinn/ros2_ws/install/px4_msgs/include/px4_msgs/px4_msgs/msg/detail/position_controller_landing_status__rosidl_typesupport_introspection_cpp.hpp
[395.424s] -- Symlinking: /home/dolphiinn/ros2_ws/install/px4_msgs/include/px4_msgs/px4_msgs/msg/detail/position_controller_status__rosidl_typesupport_introspection_cpp.hpp
[395.429s] -- Symlinking: /home/dolphiinn/ros2_ws/install/px4_msgs/include/px4_msgs/px4_msgs/msg/detail/position_setpoint__rosidl_typesupport_introspection_cpp.hpp
[395.435s] -- Symlinking: /home/dolphiinn/ros2_ws/install/px4_msgs/include/px4_msgs/px4_msgs/msg/detail/position_setpoint_triplet__rosidl_typesupport_introspection_cpp.hpp
[395.441s] -- Symlinking: /home/dolphiinn/ros2_ws/install/px4_msgs/include/px4_msgs/px4_msgs/msg/detail/power_button_state__rosidl_typesupport_introspection_cpp.hpp
[395.447s] -- Symlinking: /home/dolphiinn/ros2_ws/install/px4_msgs/include/px4_msgs/px4_msgs/msg/detail/power_monitor__rosidl_typesupport_introspection_cpp.hpp
[395.452s] -- Symlinking: /home/dolphiinn/ros2_ws/install/px4_msgs/include/px4_msgs/px4_msgs/msg/detail/pps_capture__rosidl_typesupport_introspection_cpp.hpp
[395.458s] -- Symlinking: /home/dolphiinn/ros2_ws/install/px4_msgs/include/px4_msgs/px4_msgs/msg/detail/pure_pursuit_status__rosidl_typesupport_introspection_cpp.hpp
[395.464s] -- Symlinking: /home/dolphiinn/ros2_ws/install/px4_msgs/include/px4_msgs/px4_msgs/msg/detail/pwm_input__rosidl_typesupport_introspection_cpp.hpp
[395.470s] -- Symlinking: /home/dolphiinn/ros2_ws/install/px4_msgs/include/px4_msgs/px4_msgs/msg/detail/px4io_status__rosidl_typesupport_introspection_cpp.hpp
[395.476s] -- Symlinking: /home/dolphiinn/ros2_ws/install/px4_msgs/include/px4_msgs/px4_msgs/msg/detail/qshell_req__rosidl_typesupport_introspection_cpp.hpp
[395.481s] -- Symlinking: /home/dolphiinn/ros2_ws/install/px4_msgs/include/px4_msgs/px4_msgs/msg/detail/qshell_retval__rosidl_typesupport_introspection_cpp.hpp
[395.487s] -- Symlinking: /home/dolphiinn/ros2_ws/install/px4_msgs/include/px4_msgs/px4_msgs/msg/detail/radio_status__rosidl_typesupport_introspection_cpp.hpp
[395.493s] -- Symlinking: /home/dolphiinn/ros2_ws/install/px4_msgs/include/px4_msgs/px4_msgs/msg/detail/rate_ctrl_status__rosidl_typesupport_introspection_cpp.hpp
[395.499s] -- Symlinking: /home/dolphiinn/ros2_ws/install/px4_msgs/include/px4_msgs/px4_msgs/msg/detail/rc_channels__rosidl_typesupport_introspection_cpp.hpp
[395.505s] -- Symlinking: /home/dolphiinn/ros2_ws/install/px4_msgs/include/px4_msgs/px4_msgs/msg/detail/rc_parameter_map__rosidl_typesupport_introspection_cpp.hpp
[395.511s] -- Symlinking: /home/dolphiinn/ros2_ws/install/px4_msgs/include/px4_msgs/px4_msgs/msg/detail/register_ext_component_reply__rosidl_typesupport_introspection_cpp.hpp
[395.517s] -- Symlinking: /home/dolphiinn/ros2_ws/install/px4_msgs/include/px4_msgs/px4_msgs/msg/detail/register_ext_component_request__rosidl_typesupport_introspection_cpp.hpp
[395.523s] -- Symlinking: /home/dolphiinn/ros2_ws/install/px4_msgs/include/px4_msgs/px4_msgs/msg/detail/rover_attitude_setpoint__rosidl_typesupport_introspection_cpp.hpp
[395.528s] -- Symlinking: /home/dolphiinn/ros2_ws/install/px4_msgs/include/px4_msgs/px4_msgs/msg/detail/rover_attitude_status__rosidl_typesupport_introspection_cpp.hpp
[395.534s] -- Symlinking: /home/dolphiinn/ros2_ws/install/px4_msgs/include/px4_msgs/px4_msgs/msg/detail/rover_position_setpoint__rosidl_typesupport_introspection_cpp.hpp
[395.540s] -- Symlinking: /home/dolphiinn/ros2_ws/install/px4_msgs/include/px4_msgs/px4_msgs/msg/detail/rover_rate_setpoint__rosidl_typesupport_introspection_cpp.hpp
[395.546s] -- Symlinking: /home/dolphiinn/ros2_ws/install/px4_msgs/include/px4_msgs/px4_msgs/msg/detail/rover_rate_status__rosidl_typesupport_introspection_cpp.hpp
[395.553s] -- Symlinking: /home/dolphiinn/ros2_ws/install/px4_msgs/include/px4_msgs/px4_msgs/msg/detail/rover_speed_setpoint__rosidl_typesupport_introspection_cpp.hpp
[395.559s] -- Symlinking: /home/dolphiinn/ros2_ws/install/px4_msgs/include/px4_msgs/px4_msgs/msg/detail/rover_speed_status__rosidl_typesupport_introspection_cpp.hpp
[395.565s] -- Symlinking: /home/dolphiinn/ros2_ws/install/px4_msgs/include/px4_msgs/px4_msgs/msg/detail/rover_steering_setpoint__rosidl_typesupport_introspection_cpp.hpp
[395.571s] -- Symlinking: /home/dolphiinn/ros2_ws/install/px4_msgs/include/px4_msgs/px4_msgs/msg/detail/rover_throttle_setpoint__rosidl_typesupport_introspection_cpp.hpp
[395.577s] -- Symlinking: /home/dolphiinn/ros2_ws/install/px4_msgs/include/px4_msgs/px4_msgs/msg/detail/rpm__rosidl_typesupport_introspection_cpp.hpp
[395.583s] -- Symlinking: /home/dolphiinn/ros2_ws/install/px4_msgs/include/px4_msgs/px4_msgs/msg/detail/rtl_status__rosidl_typesupport_introspection_cpp.hpp
[395.588s] -- Symlinking: /home/dolphiinn/ros2_ws/install/px4_msgs/include/px4_msgs/px4_msgs/msg/detail/rtl_time_estimate__rosidl_typesupport_introspection_cpp.hpp
[395.594s] -- Symlinking: /home/dolphiinn/ros2_ws/install/px4_msgs/include/px4_msgs/px4_msgs/msg/detail/satellite_info__rosidl_typesupport_introspection_cpp.hpp
[395.600s] -- Symlinking: /home/dolphiinn/ros2_ws/install/px4_msgs/include/px4_msgs/px4_msgs/msg/detail/sensor_accel__rosidl_typesupport_introspection_cpp.hpp
[395.605s] -- Symlinking: /home/dolphiinn/ros2_ws/install/px4_msgs/include/px4_msgs/px4_msgs/msg/detail/sensor_accel_fifo__rosidl_typesupport_introspection_cpp.hpp
[395.611s] -- Symlinking: /home/dolphiinn/ros2_ws/install/px4_msgs/include/px4_msgs/px4_msgs/msg/detail/sensor_airflow__rosidl_typesupport_introspection_cpp.hpp
[395.617s] -- Symlinking: /home/dolphiinn/ros2_ws/install/px4_msgs/include/px4_msgs/px4_msgs/msg/detail/sensor_baro__rosidl_typesupport_introspection_cpp.hpp
[395.623s] -- Symlinking: /home/dolphiinn/ros2_ws/install/px4_msgs/include/px4_msgs/px4_msgs/msg/detail/sensor_combined__rosidl_typesupport_introspection_cpp.hpp
[395.628s] -- Symlinking: /home/dolphiinn/ros2_ws/install/px4_msgs/include/px4_msgs/px4_msgs/msg/detail/sensor_correction__rosidl_typesupport_introspection_cpp.hpp
[395.634s] -- Symlinking: /home/dolphiinn/ros2_ws/install/px4_msgs/include/px4_msgs/px4_msgs/msg/detail/sensor_gnss_relative__rosidl_typesupport_introspection_cpp.hpp
[395.639s] -- Symlinking: /home/dolphiinn/ros2_ws/install/px4_msgs/include/px4_msgs/px4_msgs/msg/detail/sensor_gnss_status__rosidl_typesupport_introspection_cpp.hpp
[395.645s] -- Symlinking: /home/dolphiinn/ros2_ws/install/px4_msgs/include/px4_msgs/px4_msgs/msg/detail/sensor_gps__rosidl_typesupport_introspection_cpp.hpp
[395.651s] -- Symlinking: /home/dolphiinn/ros2_ws/install/px4_msgs/include/px4_msgs/px4_msgs/msg/detail/sensor_gyro__rosidl_typesupport_introspection_cpp.hpp
[395.657s] -- Symlinking: /home/dolphiinn/ros2_ws/install/px4_msgs/include/px4_msgs/px4_msgs/msg/detail/sensor_gyro_fft__rosidl_typesupport_introspection_cpp.hpp
[395.663s] -- Symlinking: /home/dolphiinn/ros2_ws/install/px4_msgs/include/px4_msgs/px4_msgs/msg/detail/sensor_gyro_fifo__rosidl_typesupport_introspection_cpp.hpp
[395.669s] -- Symlinking: /home/dolphiinn/ros2_ws/install/px4_msgs/include/px4_msgs/px4_msgs/msg/detail/sensor_hygrometer__rosidl_typesupport_introspection_cpp.hpp
[395.675s] -- Symlinking: /home/dolphiinn/ros2_ws/install/px4_msgs/include/px4_msgs/px4_msgs/msg/detail/sensor_mag__rosidl_typesupport_introspection_cpp.hpp
[395.687s] -- Symlinking: /home/dolphiinn/ros2_ws/install/px4_msgs/include/px4_msgs/px4_msgs/msg/detail/sensor_optical_flow__rosidl_typesupport_introspection_cpp.hpp
[395.695s] -- Symlinking: /home/dolphiinn/ros2_ws/install/px4_msgs/include/px4_msgs/px4_msgs/msg/detail/sensor_preflight_mag__rosidl_typesupport_introspection_cpp.hpp
[395.701s] -- Symlinking: /home/dolphiinn/ros2_ws/install/px4_msgs/include/px4_msgs/px4_msgs/msg/detail/sensor_selection__rosidl_typesupport_introspection_cpp.hpp
[395.707s] -- Symlinking: /home/dolphiinn/ros2_ws/install/px4_msgs/include/px4_msgs/px4_msgs/msg/detail/sensor_uwb__rosidl_typesupport_introspection_cpp.hpp
[395.713s] -- Symlinking: /home/dolphiinn/ros2_ws/install/px4_msgs/include/px4_msgs/px4_msgs/msg/detail/sensors_status__rosidl_typesupport_introspection_cpp.hpp
[395.718s] -- Symlinking: /home/dolphiinn/ros2_ws/install/px4_msgs/include/px4_msgs/px4_msgs/msg/detail/sensors_status_imu__rosidl_typesupport_introspection_cpp.hpp
[395.724s] -- Symlinking: /home/dolphiinn/ros2_ws/install/px4_msgs/include/px4_msgs/px4_msgs/msg/detail/system_power__rosidl_typesupport_introspection_cpp.hpp
[395.730s] -- Symlinking: /home/dolphiinn/ros2_ws/install/px4_msgs/include/px4_msgs/px4_msgs/msg/detail/takeoff_status__rosidl_typesupport_introspection_cpp.hpp
[395.736s] -- Symlinking: /home/dolphiinn/ros2_ws/install/px4_msgs/include/px4_msgs/px4_msgs/msg/detail/task_stack_info__rosidl_typesupport_introspection_cpp.hpp
[395.742s] -- Symlinking: /home/dolphiinn/ros2_ws/install/px4_msgs/include/px4_msgs/px4_msgs/msg/detail/tecs_status__rosidl_typesupport_introspection_cpp.hpp
[395.748s] -- Symlinking: /home/dolphiinn/ros2_ws/install/px4_msgs/include/px4_msgs/px4_msgs/msg/detail/telemetry_status__rosidl_typesupport_introspection_cpp.hpp
[395.754s] -- Symlinking: /home/dolphiinn/ros2_ws/install/px4_msgs/include/px4_msgs/px4_msgs/msg/detail/tiltrotor_extra_controls__rosidl_typesupport_introspection_cpp.hpp
[395.759s] -- Symlinking: /home/dolphiinn/ros2_ws/install/px4_msgs/include/px4_msgs/px4_msgs/msg/detail/timesync_status__rosidl_typesupport_introspection_cpp.hpp
[395.765s] -- Symlinking: /home/dolphiinn/ros2_ws/install/px4_msgs/include/px4_msgs/px4_msgs/msg/detail/trajectory_setpoint6dof__rosidl_typesupport_introspection_cpp.hpp
[395.771s] -- Symlinking: /home/dolphiinn/ros2_ws/install/px4_msgs/include/px4_msgs/px4_msgs/msg/detail/trajectory_setpoint__rosidl_typesupport_introspection_cpp.hpp
[395.776s] -- Symlinking: /home/dolphiinn/ros2_ws/install/px4_msgs/include/px4_msgs/px4_msgs/msg/detail/transponder_report__rosidl_typesupport_introspection_cpp.hpp
[395.782s] -- Symlinking: /home/dolphiinn/ros2_ws/install/px4_msgs/include/px4_msgs/px4_msgs/msg/detail/tune_control__rosidl_typesupport_introspection_cpp.hpp
[395.788s] -- Symlinking: /home/dolphiinn/ros2_ws/install/px4_msgs/include/px4_msgs/px4_msgs/msg/detail/uavcan_parameter_request__rosidl_typesupport_introspection_cpp.hpp
[395.794s] -- Symlinking: /home/dolphiinn/ros2_ws/install/px4_msgs/include/px4_msgs/px4_msgs/msg/detail/uavcan_parameter_value__rosidl_typesupport_introspection_cpp.hpp
[395.799s] -- Symlinking: /home/dolphiinn/ros2_ws/install/px4_msgs/include/px4_msgs/px4_msgs/msg/detail/ulog_stream__rosidl_typesupport_introspection_cpp.hpp
[395.805s] -- Symlinking: /home/dolphiinn/ros2_ws/install/px4_msgs/include/px4_msgs/px4_msgs/msg/detail/ulog_stream_ack__rosidl_typesupport_introspection_cpp.hpp
[395.811s] -- Symlinking: /home/dolphiinn/ros2_ws/install/px4_msgs/include/px4_msgs/px4_msgs/msg/detail/unregister_ext_component__rosidl_typesupport_introspection_cpp.hpp
[395.817s] -- Symlinking: /home/dolphiinn/ros2_ws/install/px4_msgs/include/px4_msgs/px4_msgs/msg/detail/vehicle_acceleration__rosidl_typesupport_introspection_cpp.hpp
[395.822s] -- Symlinking: /home/dolphiinn/ros2_ws/install/px4_msgs/include/px4_msgs/px4_msgs/msg/detail/vehicle_air_data__rosidl_typesupport_introspection_cpp.hpp
[395.828s] -- Symlinking: /home/dolphiinn/ros2_ws/install/px4_msgs/include/px4_msgs/px4_msgs/msg/detail/vehicle_angular_acceleration_setpoint__rosidl_typesupport_introspection_cpp.hpp
[395.834s] -- Symlinking: /home/dolphiinn/ros2_ws/install/px4_msgs/include/px4_msgs/px4_msgs/msg/detail/vehicle_angular_velocity__rosidl_typesupport_introspection_cpp.hpp
[395.840s] -- Symlinking: /home/dolphiinn/ros2_ws/install/px4_msgs/include/px4_msgs/px4_msgs/msg/detail/vehicle_attitude__rosidl_typesupport_introspection_cpp.hpp
[395.845s] -- Symlinking: /home/dolphiinn/ros2_ws/install/px4_msgs/include/px4_msgs/px4_msgs/msg/detail/vehicle_attitude_setpoint__rosidl_typesupport_introspection_cpp.hpp
[395.851s] -- Symlinking: /home/dolphiinn/ros2_ws/install/px4_msgs/include/px4_msgs/px4_msgs/msg/detail/vehicle_command__rosidl_typesupport_introspection_cpp.hpp
[395.857s] -- Symlinking: /home/dolphiinn/ros2_ws/install/px4_msgs/include/px4_msgs/px4_msgs/msg/detail/vehicle_command_ack__rosidl_typesupport_introspection_cpp.hpp
[395.863s] -- Symlinking: /home/dolphiinn/ros2_ws/install/px4_msgs/include/px4_msgs/px4_msgs/msg/detail/vehicle_constraints__rosidl_typesupport_introspection_cpp.hpp
[395.868s] -- Symlinking: /home/dolphiinn/ros2_ws/install/px4_msgs/include/px4_msgs/px4_msgs/msg/detail/vehicle_control_mode__rosidl_typesupport_introspection_cpp.hpp
[395.874s] -- Symlinking: /home/dolphiinn/ros2_ws/install/px4_msgs/include/px4_msgs/px4_msgs/msg/detail/vehicle_global_position__rosidl_typesupport_introspection_cpp.hpp
[395.880s] -- Symlinking: /home/dolphiinn/ros2_ws/install/px4_msgs/include/px4_msgs/px4_msgs/msg/detail/vehicle_imu__rosidl_typesupport_introspection_cpp.hpp
[395.885s] -- Symlinking: /home/dolphiinn/ros2_ws/install/px4_msgs/include/px4_msgs/px4_msgs/msg/detail/vehicle_imu_status__rosidl_typesupport_introspection_cpp.hpp
[395.891s] -- Symlinking: /home/dolphiinn/ros2_ws/install/px4_msgs/include/px4_msgs/px4_msgs/msg/detail/vehicle_land_detected__rosidl_typesupport_introspection_cpp.hpp
[395.897s] -- Symlinking: /home/dolphiinn/ros2_ws/install/px4_msgs/include/px4_msgs/px4_msgs/msg/detail/vehicle_local_position__rosidl_typesupport_introspection_cpp.hpp
[395.903s] -- Symlinking: /home/dolphiinn/ros2_ws/install/px4_msgs/include/px4_msgs/px4_msgs/msg/detail/vehicle_local_position_setpoint__rosidl_typesupport_introspection_cpp.hpp
[395.908s] -- Symlinking: /home/dolphiinn/ros2_ws/install/px4_msgs/include/px4_msgs/px4_msgs/msg/detail/vehicle_magnetometer__rosidl_typesupport_introspection_cpp.hpp
[395.914s] -- Symlinking: /home/dolphiinn/ros2_ws/install/px4_msgs/include/px4_msgs/px4_msgs/msg/detail/vehicle_odometry__rosidl_typesupport_introspection_cpp.hpp
[395.920s] -- Symlinking: /home/dolphiinn/ros2_ws/install/px4_msgs/include/px4_msgs/px4_msgs/msg/detail/vehicle_optical_flow__rosidl_typesupport_introspection_cpp.hpp
[395.926s] -- Symlinking: /home/dolphiinn/ros2_ws/install/px4_msgs/include/px4_msgs/px4_msgs/msg/detail/vehicle_optical_flow_vel__rosidl_typesupport_introspection_cpp.hpp
[395.932s] -- Symlinking: /home/dolphiinn/ros2_ws/install/px4_msgs/include/px4_msgs/px4_msgs/msg/detail/vehicle_rates_setpoint__rosidl_typesupport_introspection_cpp.hpp
[395.937s] -- Symlinking: /home/dolphiinn/ros2_ws/install/px4_msgs/include/px4_msgs/px4_msgs/msg/detail/vehicle_roi__rosidl_typesupport_introspection_cpp.hpp
[395.943s] -- Symlinking: /home/dolphiinn/ros2_ws/install/px4_msgs/include/px4_msgs/px4_msgs/msg/detail/vehicle_status__rosidl_typesupport_introspection_cpp.hpp
[395.949s] -- Symlinking: /home/dolphiinn/ros2_ws/install/px4_msgs/include/px4_msgs/px4_msgs/msg/detail/vehicle_thrust_setpoint__rosidl_typesupport_introspection_cpp.hpp
[395.955s] -- Symlinking: /home/dolphiinn/ros2_ws/install/px4_msgs/include/px4_msgs/px4_msgs/msg/detail/vehicle_torque_setpoint__rosidl_typesupport_introspection_cpp.hpp
[395.960s] -- Symlinking: /home/dolphiinn/ros2_ws/install/px4_msgs/include/px4_msgs/px4_msgs/msg/detail/velocity_limits__rosidl_typesupport_introspection_cpp.hpp
[395.966s] -- Symlinking: /home/dolphiinn/ros2_ws/install/px4_msgs/include/px4_msgs/px4_msgs/msg/detail/vtol_vehicle_status__rosidl_typesupport_introspection_cpp.hpp
[395.972s] -- Symlinking: /home/dolphiinn/ros2_ws/install/px4_msgs/include/px4_msgs/px4_msgs/msg/detail/wheel_encoders__rosidl_typesupport_introspection_cpp.hpp
[395.978s] -- Symlinking: /home/dolphiinn/ros2_ws/install/px4_msgs/include/px4_msgs/px4_msgs/msg/detail/wind__rosidl_typesupport_introspection_cpp.hpp
[395.983s] -- Symlinking: /home/dolphiinn/ros2_ws/install/px4_msgs/include/px4_msgs/px4_msgs/msg/detail/yaw_estimator_status__rosidl_typesupport_introspection_cpp.hpp
[395.989s] -- Symlinking: /home/dolphiinn/ros2_ws/install/px4_msgs/include/px4_msgs/px4_msgs/srv/detail/vehicle_command__rosidl_typesupport_introspection_cpp.hpp
[395.995s] -- Symlinking: /home/dolphiinn/ros2_ws/install/px4_msgs/share/px4_msgs/environment/pythonpath.sh
[396.000s] -- Symlinking: /home/dolphiinn/ros2_ws/install/px4_msgs/share/px4_msgs/environment/pythonpath.dsv
[396.007s] -- Symlinking: /home/dolphiinn/ros2_ws/install/px4_msgs/local/lib/python3.10/dist-packages/px4_msgs-2.0.1-py3.10.egg-info/PKG-INFO
[396.012s] -- Symlinking: /home/dolphiinn/ros2_ws/install/px4_msgs/local/lib/python3.10/dist-packages/px4_msgs-2.0.1-py3.10.egg-info/SOURCES.txt
[396.018s] -- Symlinking: /home/dolphiinn/ros2_ws/install/px4_msgs/local/lib/python3.10/dist-packages/px4_msgs-2.0.1-py3.10.egg-info/dependency_links.txt
[396.024s] -- Symlinking: /home/dolphiinn/ros2_ws/install/px4_msgs/local/lib/python3.10/dist-packages/px4_msgs-2.0.1-py3.10.egg-info/top_level.txt
[396.034s] -- Symlinking: /home/dolphiinn/ros2_ws/install/px4_msgs/local/lib/python3.10/dist-packages/px4_msgs/__init__.py
[396.039s] -- Symlinking: /home/dolphiinn/ros2_ws/install/px4_msgs/local/lib/python3.10/dist-packages/px4_msgs/_px4_msgs_s.ep.rosidl_typesupport_c.c
[396.045s] -- Symlinking: /home/dolphiinn/ros2_ws/install/px4_msgs/local/lib/python3.10/dist-packages/px4_msgs/_px4_msgs_s.ep.rosidl_typesupport_fastrtps_c.c
[396.051s] -- Symlinking: /home/dolphiinn/ros2_ws/install/px4_msgs/local/lib/python3.10/dist-packages/px4_msgs/_px4_msgs_s.ep.rosidl_typesupport_introspection_c.c
[396.057s] -- Symlinking: /home/dolphiinn/ros2_ws/install/px4_msgs/local/lib/python3.10/dist-packages/px4_msgs/libpx4_msgs__rosidl_generator_py.so
[396.063s] -- Symlinking: /home/dolphiinn/ros2_ws/install/px4_msgs/local/lib/python3.10/dist-packages/px4_msgs/msg/__init__.py
[396.068s] -- Symlinking: /home/dolphiinn/ros2_ws/install/px4_msgs/local/lib/python3.10/dist-packages/px4_msgs/msg/_action_request.py
[396.074s] -- Symlinking: /home/dolphiinn/ros2_ws/install/px4_msgs/local/lib/python3.10/dist-packages/px4_msgs/msg/_action_request_s.c
[396.080s] -- Symlinking: /home/dolphiinn/ros2_ws/install/px4_msgs/local/lib/python3.10/dist-packages/px4_msgs/msg/_actuator_armed.py
[396.085s] -- Symlinking: /home/dolphiinn/ros2_ws/install/px4_msgs/local/lib/python3.10/dist-packages/px4_msgs/msg/_actuator_armed_s.c
[396.091s] -- Symlinking: /home/dolphiinn/ros2_ws/install/px4_msgs/local/lib/python3.10/dist-packages/px4_msgs/msg/_actuator_controls_status.py
[396.097s] -- Symlinking: /home/dolphiinn/ros2_ws/install/px4_msgs/local/lib/python3.10/dist-packages/px4_msgs/msg/_actuator_controls_status_s.c
[396.103s] -- Symlinking: /home/dolphiinn/ros2_ws/install/px4_msgs/local/lib/python3.10/dist-packages/px4_msgs/msg/_actuator_motors.py
[396.108s] -- Symlinking: /home/dolphiinn/ros2_ws/install/px4_msgs/local/lib/python3.10/dist-packages/px4_msgs/msg/_actuator_motors_s.c
[396.114s] -- Symlinking: /home/dolphiinn/ros2_ws/install/px4_msgs/local/lib/python3.10/dist-packages/px4_msgs/msg/_actuator_outputs.py
[396.120s] -- Symlinking: /home/dolphiinn/ros2_ws/install/px4_msgs/local/lib/python3.10/dist-packages/px4_msgs/msg/_actuator_outputs_s.c
[396.125s] -- Symlinking: /home/dolphiinn/ros2_ws/install/px4_msgs/local/lib/python3.10/dist-packages/px4_msgs/msg/_actuator_servos.py
[396.131s] -- Symlinking: /home/dolphiinn/ros2_ws/install/px4_msgs/local/lib/python3.10/dist-packages/px4_msgs/msg/_actuator_servos_s.c
[396.137s] -- Symlinking: /home/dolphiinn/ros2_ws/install/px4_msgs/local/lib/python3.10/dist-packages/px4_msgs/msg/_actuator_servos_trim.py
[396.143s] -- Symlinking: /home/dolphiinn/ros2_ws/install/px4_msgs/local/lib/python3.10/dist-packages/px4_msgs/msg/_actuator_servos_trim_s.c
[396.148s] -- Symlinking: /home/dolphiinn/ros2_ws/install/px4_msgs/local/lib/python3.10/dist-packages/px4_msgs/msg/_actuator_test.py
[396.154s] -- Symlinking: /home/dolphiinn/ros2_ws/install/px4_msgs/local/lib/python3.10/dist-packages/px4_msgs/msg/_actuator_test_s.c
[396.160s] -- Symlinking: /home/dolphiinn/ros2_ws/install/px4_msgs/local/lib/python3.10/dist-packages/px4_msgs/msg/_adc_report.py
[396.166s] -- Symlinking: /home/dolphiinn/ros2_ws/install/px4_msgs/local/lib/python3.10/dist-packages/px4_msgs/msg/_adc_report_s.c
[396.171s] -- Symlinking: /home/dolphiinn/ros2_ws/install/px4_msgs/local/lib/python3.10/dist-packages/px4_msgs/msg/_airspeed.py
[396.177s] -- Symlinking: /home/dolphiinn/ros2_ws/install/px4_msgs/local/lib/python3.10/dist-packages/px4_msgs/msg/_airspeed_s.c
[396.183s] -- Symlinking: /home/dolphiinn/ros2_ws/install/px4_msgs/local/lib/python3.10/dist-packages/px4_msgs/msg/_airspeed_validated.py
[396.189s] -- Symlinking: /home/dolphiinn/ros2_ws/install/px4_msgs/local/lib/python3.10/dist-packages/px4_msgs/msg/_airspeed_validated_s.c
[396.194s] -- Symlinking: /home/dolphiinn/ros2_ws/install/px4_msgs/local/lib/python3.10/dist-packages/px4_msgs/msg/_airspeed_wind.py
[396.200s] -- Symlinking: /home/dolphiinn/ros2_ws/install/px4_msgs/local/lib/python3.10/dist-packages/px4_msgs/msg/_airspeed_wind_s.c
[396.206s] -- Symlinking: /home/dolphiinn/ros2_ws/install/px4_msgs/local/lib/python3.10/dist-packages/px4_msgs/msg/_arming_check_reply.py
[396.212s] -- Symlinking: /home/dolphiinn/ros2_ws/install/px4_msgs/local/lib/python3.10/dist-packages/px4_msgs/msg/_arming_check_reply_s.c
[396.218s] -- Symlinking: /home/dolphiinn/ros2_ws/install/px4_msgs/local/lib/python3.10/dist-packages/px4_msgs/msg/_arming_check_request.py
[396.223s] -- Symlinking: /home/dolphiinn/ros2_ws/install/px4_msgs/local/lib/python3.10/dist-packages/px4_msgs/msg/_arming_check_request_s.c
[396.229s] -- Symlinking: /home/dolphiinn/ros2_ws/install/px4_msgs/local/lib/python3.10/dist-packages/px4_msgs/msg/_autotune_attitude_control_status.py
[396.235s] -- Symlinking: /home/dolphiinn/ros2_ws/install/px4_msgs/local/lib/python3.10/dist-packages/px4_msgs/msg/_autotune_attitude_control_status_s.c
[396.241s] -- Symlinking: /home/dolphiinn/ros2_ws/install/px4_msgs/local/lib/python3.10/dist-packages/px4_msgs/msg/_battery_info.py
[396.246s] -- Symlinking: /home/dolphiinn/ros2_ws/install/px4_msgs/local/lib/python3.10/dist-packages/px4_msgs/msg/_battery_info_s.c
[396.252s] -- Symlinking: /home/dolphiinn/ros2_ws/install/px4_msgs/local/lib/python3.10/dist-packages/px4_msgs/msg/_battery_status.py
[396.257s] -- Symlinking: /home/dolphiinn/ros2_ws/install/px4_msgs/local/lib/python3.10/dist-packages/px4_msgs/msg/_battery_status_s.c
[396.263s] -- Symlinking: /home/dolphiinn/ros2_ws/install/px4_msgs/local/lib/python3.10/dist-packages/px4_msgs/msg/_button_event.py
[396.269s] -- Symlinking: /home/dolphiinn/ros2_ws/install/px4_msgs/local/lib/python3.10/dist-packages/px4_msgs/msg/_button_event_s.c
[396.274s] -- Symlinking: /home/dolphiinn/ros2_ws/install/px4_msgs/local/lib/python3.10/dist-packages/px4_msgs/msg/_camera_capture.py
[396.280s] -- Symlinking: /home/dolphiinn/ros2_ws/install/px4_msgs/local/lib/python3.10/dist-packages/px4_msgs/msg/_camera_capture_s.c
[396.286s] -- Symlinking: /home/dolphiinn/ros2_ws/install/px4_msgs/local/lib/python3.10/dist-packages/px4_msgs/msg/_camera_status.py
[396.291s] -- Symlinking: /home/dolphiinn/ros2_ws/install/px4_msgs/local/lib/python3.10/dist-packages/px4_msgs/msg/_camera_status_s.c
[396.297s] -- Symlinking: /home/dolphiinn/ros2_ws/install/px4_msgs/local/lib/python3.10/dist-packages/px4_msgs/msg/_camera_trigger.py
[396.303s] -- Symlinking: /home/dolphiinn/ros2_ws/install/px4_msgs/local/lib/python3.10/dist-packages/px4_msgs/msg/_camera_trigger_s.c
[396.309s] -- Symlinking: /home/dolphiinn/ros2_ws/install/px4_msgs/local/lib/python3.10/dist-packages/px4_msgs/msg/_can_interface_status.py
[396.314s] -- Symlinking: /home/dolphiinn/ros2_ws/install/px4_msgs/local/lib/python3.10/dist-packages/px4_msgs/msg/_can_interface_status_s.c
[396.320s] -- Symlinking: /home/dolphiinn/ros2_ws/install/px4_msgs/local/lib/python3.10/dist-packages/px4_msgs/msg/_cellular_status.py
[396.326s] -- Symlinking: /home/dolphiinn/ros2_ws/install/px4_msgs/local/lib/python3.10/dist-packages/px4_msgs/msg/_cellular_status_s.c
[396.332s] -- Symlinking: /home/dolphiinn/ros2_ws/install/px4_msgs/local/lib/python3.10/dist-packages/px4_msgs/msg/_collision_constraints.py
[396.338s] -- Symlinking: /home/dolphiinn/ros2_ws/install/px4_msgs/local/lib/python3.10/dist-packages/px4_msgs/msg/_collision_constraints_s.c
[396.344s] -- Symlinking: /home/dolphiinn/ros2_ws/install/px4_msgs/local/lib/python3.10/dist-packages/px4_msgs/msg/_config_overrides.py
[396.350s] -- Symlinking: /home/dolphiinn/ros2_ws/install/px4_msgs/local/lib/python3.10/dist-packages/px4_msgs/msg/_config_overrides_s.c
[396.355s] -- Symlinking: /home/dolphiinn/ros2_ws/install/px4_msgs/local/lib/python3.10/dist-packages/px4_msgs/msg/_control_allocator_status.py
[396.362s] -- Symlinking: /home/dolphiinn/ros2_ws/install/px4_msgs/local/lib/python3.10/dist-packages/px4_msgs/msg/_control_allocator_status_s.c
[396.368s] -- Symlinking: /home/dolphiinn/ros2_ws/install/px4_msgs/local/lib/python3.10/dist-packages/px4_msgs/msg/_cpuload.py
[396.375s] -- Symlinking: /home/dolphiinn/ros2_ws/install/px4_msgs/local/lib/python3.10/dist-packages/px4_msgs/msg/_cpuload_s.c
[396.381s] -- Symlinking: /home/dolphiinn/ros2_ws/install/px4_msgs/local/lib/python3.10/dist-packages/px4_msgs/msg/_dataman_request.py
[396.387s] -- Symlinking: /home/dolphiinn/ros2_ws/install/px4_msgs/local/lib/python3.10/dist-packages/px4_msgs/msg/_dataman_request_s.c
[396.392s] -- Symlinking: /home/dolphiinn/ros2_ws/install/px4_msgs/local/lib/python3.10/dist-packages/px4_msgs/msg/_dataman_response.py
[396.398s] -- Symlinking: /home/dolphiinn/ros2_ws/install/px4_msgs/local/lib/python3.10/dist-packages/px4_msgs/msg/_dataman_response_s.c
[396.404s] -- Symlinking: /home/dolphiinn/ros2_ws/install/px4_msgs/local/lib/python3.10/dist-packages/px4_msgs/msg/_debug_array.py
[396.409s] -- Symlinking: /home/dolphiinn/ros2_ws/install/px4_msgs/local/lib/python3.10/dist-packages/px4_msgs/msg/_debug_array_s.c
[396.415s] -- Symlinking: /home/dolphiinn/ros2_ws/install/px4_msgs/local/lib/python3.10/dist-packages/px4_msgs/msg/_debug_key_value.py
[396.421s] -- Symlinking: /home/dolphiinn/ros2_ws/install/px4_msgs/local/lib/python3.10/dist-packages/px4_msgs/msg/_debug_key_value_s.c
[396.438s] -- Symlinking: /home/dolphiinn/ros2_ws/install/px4_msgs/local/lib/python3.10/dist-packages/px4_msgs/msg/_debug_value.py
[396.440s] -- Symlinking: /home/dolphiinn/ros2_ws/install/px4_msgs/local/lib/python3.10/dist-packages/px4_msgs/msg/_debug_value_s.c
[396.447s] -- Symlinking: /home/dolphiinn/ros2_ws/install/px4_msgs/local/lib/python3.10/dist-packages/px4_msgs/msg/_debug_vect.py
[396.455s] -- Symlinking: /home/dolphiinn/ros2_ws/install/px4_msgs/local/lib/python3.10/dist-packages/px4_msgs/msg/_debug_vect_s.c
[396.462s] -- Symlinking: /home/dolphiinn/ros2_ws/install/px4_msgs/local/lib/python3.10/dist-packages/px4_msgs/msg/_differential_pressure.py
[396.469s] -- Symlinking: /home/dolphiinn/ros2_ws/install/px4_msgs/local/lib/python3.10/dist-packages/px4_msgs/msg/_differential_pressure_s.c
[396.475s] -- Symlinking: /home/dolphiinn/ros2_ws/install/px4_msgs/local/lib/python3.10/dist-packages/px4_msgs/msg/_distance_sensor.py
[396.481s] -- Symlinking: /home/dolphiinn/ros2_ws/install/px4_msgs/local/lib/python3.10/dist-packages/px4_msgs/msg/_distance_sensor_mode_change_request.py
[396.486s] -- Symlinking: /home/dolphiinn/ros2_ws/install/px4_msgs/local/lib/python3.10/dist-packages/px4_msgs/msg/_distance_sensor_mode_change_request_s.c
[396.492s] -- Symlinking: /home/dolphiinn/ros2_ws/install/px4_msgs/local/lib/python3.10/dist-packages/px4_msgs/msg/_distance_sensor_s.c
[396.498s] -- Symlinking: /home/dolphiinn/ros2_ws/install/px4_msgs/local/lib/python3.10/dist-packages/px4_msgs/msg/_dronecan_node_status.py
[396.504s] -- Symlinking: /home/dolphiinn/ros2_ws/install/px4_msgs/local/lib/python3.10/dist-packages/px4_msgs/msg/_dronecan_node_status_s.c
[396.510s] -- Symlinking: /home/dolphiinn/ros2_ws/install/px4_msgs/local/lib/python3.10/dist-packages/px4_msgs/msg/_ekf2_timestamps.py
[396.515s] -- Symlinking: /home/dolphiinn/ros2_ws/install/px4_msgs/local/lib/python3.10/dist-packages/px4_msgs/msg/_ekf2_timestamps_s.c
[396.521s] -- Symlinking: /home/dolphiinn/ros2_ws/install/px4_msgs/local/lib/python3.10/dist-packages/px4_msgs/msg/_esc_report.py
[396.527s] -- Symlinking: /home/dolphiinn/ros2_ws/install/px4_msgs/local/lib/python3.10/dist-packages/px4_msgs/msg/_esc_report_s.c
[396.533s] -- Symlinking: /home/dolphiinn/ros2_ws/install/px4_msgs/local/lib/python3.10/dist-packages/px4_msgs/msg/_esc_status.py
[396.538s] -- Symlinking: /home/dolphiinn/ros2_ws/install/px4_msgs/local/lib/python3.10/dist-packages/px4_msgs/msg/_esc_status_s.c
[396.544s] -- Symlinking: /home/dolphiinn/ros2_ws/install/px4_msgs/local/lib/python3.10/dist-packages/px4_msgs/msg/_estimator_aid_source1d.py
[396.550s] -- Symlinking: /home/dolphiinn/ros2_ws/install/px4_msgs/local/lib/python3.10/dist-packages/px4_msgs/msg/_estimator_aid_source1d_s.c
[396.557s] -- Symlinking: /home/dolphiinn/ros2_ws/install/px4_msgs/local/lib/python3.10/dist-packages/px4_msgs/msg/_estimator_aid_source2d.py
[396.563s] -- Symlinking: /home/dolphiinn/ros2_ws/install/px4_msgs/local/lib/python3.10/dist-packages/px4_msgs/msg/_estimator_aid_source2d_s.c
[396.568s] -- Symlinking: /home/dolphiinn/ros2_ws/install/px4_msgs/local/lib/python3.10/dist-packages/px4_msgs/msg/_estimator_aid_source3d.py
[396.574s] -- Symlinking: /home/dolphiinn/ros2_ws/install/px4_msgs/local/lib/python3.10/dist-packages/px4_msgs/msg/_estimator_aid_source3d_s.c
[396.580s] -- Symlinking: /home/dolphiinn/ros2_ws/install/px4_msgs/local/lib/python3.10/dist-packages/px4_msgs/msg/_estimator_bias.py
[396.586s] -- Symlinking: /home/dolphiinn/ros2_ws/install/px4_msgs/local/lib/python3.10/dist-packages/px4_msgs/msg/_estimator_bias3d.py
[396.592s] -- Symlinking: /home/dolphiinn/ros2_ws/install/px4_msgs/local/lib/python3.10/dist-packages/px4_msgs/msg/_estimator_bias3d_s.c
[396.597s] -- Symlinking: /home/dolphiinn/ros2_ws/install/px4_msgs/local/lib/python3.10/dist-packages/px4_msgs/msg/_estimator_bias_s.c
[396.603s] -- Symlinking: /home/dolphiinn/ros2_ws/install/px4_msgs/local/lib/python3.10/dist-packages/px4_msgs/msg/_estimator_event_flags.py
[396.609s] -- Symlinking: /home/dolphiinn/ros2_ws/install/px4_msgs/local/lib/python3.10/dist-packages/px4_msgs/msg/_estimator_event_flags_s.c
[396.615s] -- Symlinking: /home/dolphiinn/ros2_ws/install/px4_msgs/local/lib/python3.10/dist-packages/px4_msgs/msg/_estimator_gps_status.py
[396.621s] -- Symlinking: /home/dolphiinn/ros2_ws/install/px4_msgs/local/lib/python3.10/dist-packages/px4_msgs/msg/_estimator_gps_status_s.c
[396.626s] -- Symlinking: /home/dolphiinn/ros2_ws/install/px4_msgs/local/lib/python3.10/dist-packages/px4_msgs/msg/_estimator_innovations.py
[396.632s] -- Symlinking: /home/dolphiinn/ros2_ws/install/px4_msgs/local/lib/python3.10/dist-packages/px4_msgs/msg/_estimator_innovations_s.c
[396.638s] -- Symlinking: /home/dolphiinn/ros2_ws/install/px4_msgs/local/lib/python3.10/dist-packages/px4_msgs/msg/_estimator_selector_status.py
[396.643s] -- Symlinking: /home/dolphiinn/ros2_ws/install/px4_msgs/local/lib/python3.10/dist-packages/px4_msgs/msg/_estimator_selector_status_s.c
[396.649s] -- Symlinking: /home/dolphiinn/ros2_ws/install/px4_msgs/local/lib/python3.10/dist-packages/px4_msgs/msg/_estimator_sensor_bias.py
[396.654s] -- Symlinking: /home/dolphiinn/ros2_ws/install/px4_msgs/local/lib/python3.10/dist-packages/px4_msgs/msg/_estimator_sensor_bias_s.c
[396.660s] -- Symlinking: /home/dolphiinn/ros2_ws/install/px4_msgs/local/lib/python3.10/dist-packages/px4_msgs/msg/_estimator_states.py
[396.666s] -- Symlinking: /home/dolphiinn/ros2_ws/install/px4_msgs/local/lib/python3.10/dist-packages/px4_msgs/msg/_estimator_states_s.c
[396.672s] -- Symlinking: /home/dolphiinn/ros2_ws/install/px4_msgs/local/lib/python3.10/dist-packages/px4_msgs/msg/_estimator_status.py
[396.678s] -- Symlinking: /home/dolphiinn/ros2_ws/install/px4_msgs/local/lib/python3.10/dist-packages/px4_msgs/msg/_estimator_status_flags.py
[396.683s] -- Symlinking: /home/dolphiinn/ros2_ws/install/px4_msgs/local/lib/python3.10/dist-packages/px4_msgs/msg/_estimator_status_flags_s.c
[396.689s] -- Symlinking: /home/dolphiinn/ros2_ws/install/px4_msgs/local/lib/python3.10/dist-packages/px4_msgs/msg/_estimator_status_s.c
[396.698s] -- Symlinking: /home/dolphiinn/ros2_ws/install/px4_msgs/local/lib/python3.10/dist-packages/px4_msgs/msg/_event.py
[396.703s] -- Symlinking: /home/dolphiinn/ros2_ws/install/px4_msgs/local/lib/python3.10/dist-packages/px4_msgs/msg/_event_s.c
[396.709s] -- Symlinking: /home/dolphiinn/ros2_ws/install/px4_msgs/local/lib/python3.10/dist-packages/px4_msgs/msg/_failsafe_flags.py
[396.715s] -- Symlinking: /home/dolphiinn/ros2_ws/install/px4_msgs/local/lib/python3.10/dist-packages/px4_msgs/msg/_failsafe_flags_s.c
[396.721s] -- Symlinking: /home/dolphiinn/ros2_ws/install/px4_msgs/local/lib/python3.10/dist-packages/px4_msgs/msg/_failure_detector_status.py
[396.727s] -- Symlinking: /home/dolphiinn/ros2_ws/install/px4_msgs/local/lib/python3.10/dist-packages/px4_msgs/msg/_failure_detector_status_s.c
[396.733s] -- Symlinking: /home/dolphiinn/ros2_ws/install/px4_msgs/local/lib/python3.10/dist-packages/px4_msgs/msg/_figure_eight_status.py
[396.739s] -- Symlinking: /home/dolphiinn/ros2_ws/install/px4_msgs/local/lib/python3.10/dist-packages/px4_msgs/msg/_figure_eight_status_s.c
[396.744s] -- Symlinking: /home/dolphiinn/ros2_ws/install/px4_msgs/local/lib/python3.10/dist-packages/px4_msgs/msg/_fixed_wing_lateral_guidance_status.py
[396.750s] -- Symlinking: /home/dolphiinn/ros2_ws/install/px4_msgs/local/lib/python3.10/dist-packages/px4_msgs/msg/_fixed_wing_lateral_guidance_status_s.c
[396.756s] -- Symlinking: /home/dolphiinn/ros2_ws/install/px4_msgs/local/lib/python3.10/dist-packages/px4_msgs/msg/_fixed_wing_lateral_setpoint.py
[396.762s] -- Symlinking: /home/dolphiinn/ros2_ws/install/px4_msgs/local/lib/python3.10/dist-packages/px4_msgs/msg/_fixed_wing_lateral_setpoint_s.c
[396.768s] -- Symlinking: /home/dolphiinn/ros2_ws/install/px4_msgs/local/lib/python3.10/dist-packages/px4_msgs/msg/_fixed_wing_lateral_status.py
[396.774s] -- Symlinking: /home/dolphiinn/ros2_ws/install/px4_msgs/local/lib/python3.10/dist-packages/px4_msgs/msg/_fixed_wing_lateral_status_s.c
[396.780s] -- Symlinking: /home/dolphiinn/ros2_ws/install/px4_msgs/local/lib/python3.10/dist-packages/px4_msgs/msg/_fixed_wing_longitudinal_setpoint.py
[396.786s] -- Symlinking: /home/dolphiinn/ros2_ws/install/px4_msgs/local/lib/python3.10/dist-packages/px4_msgs/msg/_fixed_wing_longitudinal_setpoint_s.c
[396.791s] -- Symlinking: /home/dolphiinn/ros2_ws/install/px4_msgs/local/lib/python3.10/dist-packages/px4_msgs/msg/_fixed_wing_runway_control.py
[396.797s] -- Symlinking: /home/dolphiinn/ros2_ws/install/px4_msgs/local/lib/python3.10/dist-packages/px4_msgs/msg/_fixed_wing_runway_control_s.c
[396.803s] -- Symlinking: /home/dolphiinn/ros2_ws/install/px4_msgs/local/lib/python3.10/dist-packages/px4_msgs/msg/_flight_phase_estimation.py
[396.809s] -- Symlinking: /home/dolphiinn/ros2_ws/install/px4_msgs/local/lib/python3.10/dist-packages/px4_msgs/msg/_flight_phase_estimation_s.c
[396.814s] -- Symlinking: /home/dolphiinn/ros2_ws/install/px4_msgs/local/lib/python3.10/dist-packages/px4_msgs/msg/_follow_target.py
[396.820s] -- Symlinking: /home/dolphiinn/ros2_ws/install/px4_msgs/local/lib/python3.10/dist-packages/px4_msgs/msg/_follow_target_estimator.py
[396.825s] -- Symlinking: /home/dolphiinn/ros2_ws/install/px4_msgs/local/lib/python3.10/dist-packages/px4_msgs/msg/_follow_target_estimator_s.c
[396.831s] -- Symlinking: /home/dolphiinn/ros2_ws/install/px4_msgs/local/lib/python3.10/dist-packages/px4_msgs/msg/_follow_target_s.c
[396.837s] -- Symlinking: /home/dolphiinn/ros2_ws/install/px4_msgs/local/lib/python3.10/dist-packages/px4_msgs/msg/_follow_target_status.py
[396.842s] -- Symlinking: /home/dolphiinn/ros2_ws/install/px4_msgs/local/lib/python3.10/dist-packages/px4_msgs/msg/_follow_target_status_s.c
[396.848s] -- Symlinking: /home/dolphiinn/ros2_ws/install/px4_msgs/local/lib/python3.10/dist-packages/px4_msgs/msg/_fuel_tank_status.py
[396.854s] -- Symlinking: /home/dolphiinn/ros2_ws/install/px4_msgs/local/lib/python3.10/dist-packages/px4_msgs/msg/_fuel_tank_status_s.c
[396.871s] -- Symlinking: /home/dolphiinn/ros2_ws/install/px4_msgs/local/lib/python3.10/dist-packages/px4_msgs/msg/_generator_status.py
[396.877s] -- Symlinking: /home/dolphiinn/ros2_ws/install/px4_msgs/local/lib/python3.10/dist-packages/px4_msgs/msg/_generator_status_s.c
[396.883s] -- Symlinking: /home/dolphiinn/ros2_ws/install/px4_msgs/local/lib/python3.10/dist-packages/px4_msgs/msg/_geofence_result.py
[396.888s] -- Symlinking: /home/dolphiinn/ros2_ws/install/px4_msgs/local/lib/python3.10/dist-packages/px4_msgs/msg/_geofence_result_s.c
[396.894s] -- Symlinking: /home/dolphiinn/ros2_ws/install/px4_msgs/local/lib/python3.10/dist-packages/px4_msgs/msg/_geofence_status.py
[396.900s] -- Symlinking: /home/dolphiinn/ros2_ws/install/px4_msgs/local/lib/python3.10/dist-packages/px4_msgs/msg/_geofence_status_s.c
[396.906s] -- Symlinking: /home/dolphiinn/ros2_ws/install/px4_msgs/local/lib/python3.10/dist-packages/px4_msgs/msg/_gimbal_controls.py
[396.912s] -- Symlinking: /home/dolphiinn/ros2_ws/install/px4_msgs/local/lib/python3.10/dist-packages/px4_msgs/msg/_gimbal_controls_s.c
[396.919s] -- Symlinking: /home/dolphiinn/ros2_ws/install/px4_msgs/local/lib/python3.10/dist-packages/px4_msgs/msg/_gimbal_device_attitude_status.py
[396.924s] -- Symlinking: /home/dolphiinn/ros2_ws/install/px4_msgs/local/lib/python3.10/dist-packages/px4_msgs/msg/_gimbal_device_attitude_status_s.c
[396.930s] -- Symlinking: /home/dolphiinn/ros2_ws/install/px4_msgs/local/lib/python3.10/dist-packages/px4_msgs/msg/_gimbal_device_information.py
[396.936s] -- Symlinking: /home/dolphiinn/ros2_ws/install/px4_msgs/local/lib/python3.10/dist-packages/px4_msgs/msg/_gimbal_device_information_s.c
[396.941s] -- Symlinking: /home/dolphiinn/ros2_ws/install/px4_msgs/local/lib/python3.10/dist-packages/px4_msgs/msg/_gimbal_device_set_attitude.py
[396.947s] -- Symlinking: /home/dolphiinn/ros2_ws/install/px4_msgs/local/lib/python3.10/dist-packages/px4_msgs/msg/_gimbal_device_set_attitude_s.c
[396.953s] -- Symlinking: /home/dolphiinn/ros2_ws/install/px4_msgs/local/lib/python3.10/dist-packages/px4_msgs/msg/_gimbal_manager_information.py
[396.958s] -- Symlinking: /home/dolphiinn/ros2_ws/install/px4_msgs/local/lib/python3.10/dist-packages/px4_msgs/msg/_gimbal_manager_information_s.c
[396.964s] -- Symlinking: /home/dolphiinn/ros2_ws/install/px4_msgs/local/lib/python3.10/dist-packages/px4_msgs/msg/_gimbal_manager_set_attitude.py
[396.970s] -- Symlinking: /home/dolphiinn/ros2_ws/install/px4_msgs/local/lib/python3.10/dist-packages/px4_msgs/msg/_gimbal_manager_set_attitude_s.c
[396.976s] -- Symlinking: /home/dolphiinn/ros2_ws/install/px4_msgs/local/lib/python3.10/dist-packages/px4_msgs/msg/_gimbal_manager_set_manual_control.py
[396.981s] -- Symlinking: /home/dolphiinn/ros2_ws/install/px4_msgs/local/lib/python3.10/dist-packages/px4_msgs/msg/_gimbal_manager_set_manual_control_s.c
[396.987s] -- Symlinking: /home/dolphiinn/ros2_ws/install/px4_msgs/local/lib/python3.10/dist-packages/px4_msgs/msg/_gimbal_manager_status.py
[396.993s] -- Symlinking: /home/dolphiinn/ros2_ws/install/px4_msgs/local/lib/python3.10/dist-packages/px4_msgs/msg/_gimbal_manager_status_s.c
[396.999s] -- Symlinking: /home/dolphiinn/ros2_ws/install/px4_msgs/local/lib/python3.10/dist-packages/px4_msgs/msg/_goto_setpoint.py
[397.004s] -- Symlinking: /home/dolphiinn/ros2_ws/install/px4_msgs/local/lib/python3.10/dist-packages/px4_msgs/msg/_goto_setpoint_s.c
[397.010s] -- Symlinking: /home/dolphiinn/ros2_ws/install/px4_msgs/local/lib/python3.10/dist-packages/px4_msgs/msg/_gpio_config.py
[397.016s] -- Symlinking: /home/dolphiinn/ros2_ws/install/px4_msgs/local/lib/python3.10/dist-packages/px4_msgs/msg/_gpio_config_s.c
[397.021s] -- Symlinking: /home/dolphiinn/ros2_ws/install/px4_msgs/local/lib/python3.10/dist-packages/px4_msgs/msg/_gpio_in.py
[397.027s] -- Symlinking: /home/dolphiinn/ros2_ws/install/px4_msgs/local/lib/python3.10/dist-packages/px4_msgs/msg/_gpio_in_s.c
[397.033s] -- Symlinking: /home/dolphiinn/ros2_ws/install/px4_msgs/local/lib/python3.10/dist-packages/px4_msgs/msg/_gpio_out.py
[397.039s] -- Symlinking: /home/dolphiinn/ros2_ws/install/px4_msgs/local/lib/python3.10/dist-packages/px4_msgs/msg/_gpio_out_s.c
[397.045s] -- Symlinking: /home/dolphiinn/ros2_ws/install/px4_msgs/local/lib/python3.10/dist-packages/px4_msgs/msg/_gpio_request.py
[397.050s] -- Symlinking: /home/dolphiinn/ros2_ws/install/px4_msgs/local/lib/python3.10/dist-packages/px4_msgs/msg/_gpio_request_s.c
[397.056s] -- Symlinking: /home/dolphiinn/ros2_ws/install/px4_msgs/local/lib/python3.10/dist-packages/px4_msgs/msg/_gps_dump.py
[397.062s] -- Symlinking: /home/dolphiinn/ros2_ws/install/px4_msgs/local/lib/python3.10/dist-packages/px4_msgs/msg/_gps_dump_s.c
[397.068s] -- Symlinking: /home/dolphiinn/ros2_ws/install/px4_msgs/local/lib/python3.10/dist-packages/px4_msgs/msg/_gps_inject_data.py
[397.073s] -- Symlinking: /home/dolphiinn/ros2_ws/install/px4_msgs/local/lib/python3.10/dist-packages/px4_msgs/msg/_gps_inject_data_s.c
[397.079s] -- Symlinking: /home/dolphiinn/ros2_ws/install/px4_msgs/local/lib/python3.10/dist-packages/px4_msgs/msg/_gripper.py
[397.085s] -- Symlinking: /home/dolphiinn/ros2_ws/install/px4_msgs/local/lib/python3.10/dist-packages/px4_msgs/msg/_gripper_s.c
[397.091s] -- Symlinking: /home/dolphiinn/ros2_ws/install/px4_msgs/local/lib/python3.10/dist-packages/px4_msgs/msg/_health_report.py
[397.097s] -- Symlinking: /home/dolphiinn/ros2_ws/install/px4_msgs/local/lib/python3.10/dist-packages/px4_msgs/msg/_health_report_s.c
[397.102s] -- Symlinking: /home/dolphiinn/ros2_ws/install/px4_msgs/local/lib/python3.10/dist-packages/px4_msgs/msg/_heater_status.py
[397.108s] -- Symlinking: /home/dolphiinn/ros2_ws/install/px4_msgs/local/lib/python3.10/dist-packages/px4_msgs/msg/_heater_status_s.c
[397.113s] -- Symlinking: /home/dolphiinn/ros2_ws/install/px4_msgs/local/lib/python3.10/dist-packages/px4_msgs/msg/_home_position.py
[397.119s] -- Symlinking: /home/dolphiinn/ros2_ws/install/px4_msgs/local/lib/python3.10/dist-packages/px4_msgs/msg/_home_position_s.c
[397.125s] -- Symlinking: /home/dolphiinn/ros2_ws/install/px4_msgs/local/lib/python3.10/dist-packages/px4_msgs/msg/_hover_thrust_estimate.py
[397.130s] -- Symlinking: /home/dolphiinn/ros2_ws/install/px4_msgs/local/lib/python3.10/dist-packages/px4_msgs/msg/_hover_thrust_estimate_s.c
[397.136s] -- Symlinking: /home/dolphiinn/ros2_ws/install/px4_msgs/local/lib/python3.10/dist-packages/px4_msgs/msg/_input_rc.py
[397.142s] -- Symlinking: /home/dolphiinn/ros2_ws/install/px4_msgs/local/lib/python3.10/dist-packages/px4_msgs/msg/_input_rc_s.c
[397.147s] -- Symlinking: /home/dolphiinn/ros2_ws/install/px4_msgs/local/lib/python3.10/dist-packages/px4_msgs/msg/_internal_combustion_engine_control.py
[397.153s] -- Symlinking: /home/dolphiinn/ros2_ws/install/px4_msgs/local/lib/python3.10/dist-packages/px4_msgs/msg/_internal_combustion_engine_control_s.c
[397.159s] -- Symlinking: /home/dolphiinn/ros2_ws/install/px4_msgs/local/lib/python3.10/dist-packages/px4_msgs/msg/_internal_combustion_engine_status.py
[397.165s] -- Symlinking: /home/dolphiinn/ros2_ws/install/px4_msgs/local/lib/python3.10/dist-packages/px4_msgs/msg/_internal_combustion_engine_status_s.c
[397.171s] -- Symlinking: /home/dolphiinn/ros2_ws/install/px4_msgs/local/lib/python3.10/dist-packages/px4_msgs/msg/_iridiumsbd_status.py
[397.176s] -- Symlinking: /home/dolphiinn/ros2_ws/install/px4_msgs/local/lib/python3.10/dist-packages/px4_msgs/msg/_iridiumsbd_status_s.c
[397.182s] -- Symlinking: /home/dolphiinn/ros2_ws/install/px4_msgs/local/lib/python3.10/dist-packages/px4_msgs/msg/_irlock_report.py
[397.188s] -- Symlinking: /home/dolphiinn/ros2_ws/install/px4_msgs/local/lib/python3.10/dist-packages/px4_msgs/msg/_irlock_report_s.c
[397.194s] -- Symlinking: /home/dolphiinn/ros2_ws/install/px4_msgs/local/lib/python3.10/dist-packages/px4_msgs/msg/_landing_gear.py
[397.199s] -- Symlinking: /home/dolphiinn/ros2_ws/install/px4_msgs/local/lib/python3.10/dist-packages/px4_msgs/msg/_landing_gear_s.c
[397.205s] -- Symlinking: /home/dolphiinn/ros2_ws/install/px4_msgs/local/lib/python3.10/dist-packages/px4_msgs/msg/_landing_gear_wheel.py
[397.210s] -- Symlinking: /home/dolphiinn/ros2_ws/install/px4_msgs/local/lib/python3.10/dist-packages/px4_msgs/msg/_landing_gear_wheel_s.c
[397.216s] -- Symlinking: /home/dolphiinn/ros2_ws/install/px4_msgs/local/lib/python3.10/dist-packages/px4_msgs/msg/_landing_target_innovations.py
[397.222s] -- Symlinking: /home/dolphiinn/ros2_ws/install/px4_msgs/local/lib/python3.10/dist-packages/px4_msgs/msg/_landing_target_innovations_s.c
[397.228s] -- Symlinking: /home/dolphiinn/ros2_ws/install/px4_msgs/local/lib/python3.10/dist-packages/px4_msgs/msg/_landing_target_pose.py
[397.233s] -- Symlinking: /home/dolphiinn/ros2_ws/install/px4_msgs/local/lib/python3.10/dist-packages/px4_msgs/msg/_landing_target_pose_s.c
[397.238s] -- Symlinking: /home/dolphiinn/ros2_ws/install/px4_msgs/local/lib/python3.10/dist-packages/px4_msgs/msg/_lateral_control_configuration.py
[397.244s] -- Symlinking: /home/dolphiinn/ros2_ws/install/px4_msgs/local/lib/python3.10/dist-packages/px4_msgs/msg/_lateral_control_configuration_s.c
[397.250s] -- Symlinking: /home/dolphiinn/ros2_ws/install/px4_msgs/local/lib/python3.10/dist-packages/px4_msgs/msg/_launch_detection_status.py
[397.256s] -- Symlinking: /home/dolphiinn/ros2_ws/install/px4_msgs/local/lib/python3.10/dist-packages/px4_msgs/msg/_launch_detection_status_s.c
[397.262s] -- Symlinking: /home/dolphiinn/ros2_ws/install/px4_msgs/local/lib/python3.10/dist-packages/px4_msgs/msg/_led_control.py
[397.268s] -- Symlinking: /home/dolphiinn/ros2_ws/install/px4_msgs/local/lib/python3.10/dist-packages/px4_msgs/msg/_led_control_s.c
[397.273s] -- Symlinking: /home/dolphiinn/ros2_ws/install/px4_msgs/local/lib/python3.10/dist-packages/px4_msgs/msg/_log_message.py
[397.279s] -- Symlinking: /home/dolphiinn/ros2_ws/install/px4_msgs/local/lib/python3.10/dist-packages/px4_msgs/msg/_log_message_s.c
[397.284s] -- Symlinking: /home/dolphiinn/ros2_ws/install/px4_msgs/local/lib/python3.10/dist-packages/px4_msgs/msg/_logger_status.py
[397.290s] -- Symlinking: /home/dolphiinn/ros2_ws/install/px4_msgs/local/lib/python3.10/dist-packages/px4_msgs/msg/_logger_status_s.c
[397.295s] -- Symlinking: /home/dolphiinn/ros2_ws/install/px4_msgs/local/lib/python3.10/dist-packages/px4_msgs/msg/_longitudinal_control_configuration.py
[397.301s] -- Symlinking: /home/dolphiinn/ros2_ws/install/px4_msgs/local/lib/python3.10/dist-packages/px4_msgs/msg/_longitudinal_control_configuration_s.c
[397.307s] -- Symlinking: /home/dolphiinn/ros2_ws/install/px4_msgs/local/lib/python3.10/dist-packages/px4_msgs/msg/_mag_worker_data.py
[397.313s] -- Symlinking: /home/dolphiinn/ros2_ws/install/px4_msgs/local/lib/python3.10/dist-packages/px4_msgs/msg/_mag_worker_data_s.c
[397.318s] -- Symlinking: /home/dolphiinn/ros2_ws/install/px4_msgs/local/lib/python3.10/dist-packages/px4_msgs/msg/_magnetometer_bias_estimate.py
[397.324s] -- Symlinking: /home/dolphiinn/ros2_ws/install/px4_msgs/local/lib/python3.10/dist-packages/px4_msgs/msg/_magnetometer_bias_estimate_s.c
[397.330s] -- Symlinking: /home/dolphiinn/ros2_ws/install/px4_msgs/local/lib/python3.10/dist-packages/px4_msgs/msg/_manual_control_setpoint.py
[397.335s] -- Symlinking: /home/dolphiinn/ros2_ws/install/px4_msgs/local/lib/python3.10/dist-packages/px4_msgs/msg/_manual_control_setpoint_s.c
[397.341s] -- Symlinking: /home/dolphiinn/ros2_ws/install/px4_msgs/local/lib/python3.10/dist-packages/px4_msgs/msg/_manual_control_switches.py
[397.347s] -- Symlinking: /home/dolphiinn/ros2_ws/install/px4_msgs/local/lib/python3.10/dist-packages/px4_msgs/msg/_manual_control_switches_s.c
[397.352s] -- Symlinking: /home/dolphiinn/ros2_ws/install/px4_msgs/local/lib/python3.10/dist-packages/px4_msgs/msg/_mavlink_log.py
[397.358s] -- Symlinking: /home/dolphiinn/ros2_ws/install/px4_msgs/local/lib/python3.10/dist-packages/px4_msgs/msg/_mavlink_log_s.c
[397.364s] -- Symlinking: /home/dolphiinn/ros2_ws/install/px4_msgs/local/lib/python3.10/dist-packages/px4_msgs/msg/_mavlink_tunnel.py
[397.370s] -- Symlinking: /home/dolphiinn/ros2_ws/install/px4_msgs/local/lib/python3.10/dist-packages/px4_msgs/msg/_mavlink_tunnel_s.c
[397.376s] -- Symlinking: /home/dolphiinn/ros2_ws/install/px4_msgs/local/lib/python3.10/dist-packages/px4_msgs/msg/_message_format_request.py
[397.382s] -- Symlinking: /home/dolphiinn/ros2_ws/install/px4_msgs/local/lib/python3.10/dist-packages/px4_msgs/msg/_message_format_request_s.c
[397.387s] -- Symlinking: /home/dolphiinn/ros2_ws/install/px4_msgs/local/lib/python3.10/dist-packages/px4_msgs/msg/_message_format_response.py
[397.393s] -- Symlinking: /home/dolphiinn/ros2_ws/install/px4_msgs/local/lib/python3.10/dist-packages/px4_msgs/msg/_message_format_response_s.c
[397.399s] -- Symlinking: /home/dolphiinn/ros2_ws/install/px4_msgs/local/lib/python3.10/dist-packages/px4_msgs/msg/_mission.py
[397.404s] -- Symlinking: /home/dolphiinn/ros2_ws/install/px4_msgs/local/lib/python3.10/dist-packages/px4_msgs/msg/_mission_result.py
[397.410s] -- Symlinking: /home/dolphiinn/ros2_ws/install/px4_msgs/local/lib/python3.10/dist-packages/px4_msgs/msg/_mission_result_s.c
[397.416s] -- Symlinking: /home/dolphiinn/ros2_ws/install/px4_msgs/local/lib/python3.10/dist-packages/px4_msgs/msg/_mission_s.c
[397.422s] -- Symlinking: /home/dolphiinn/ros2_ws/install/px4_msgs/local/lib/python3.10/dist-packages/px4_msgs/msg/_mode_completed.py
[397.428s] -- Symlinking: /home/dolphiinn/ros2_ws/install/px4_msgs/local/lib/python3.10/dist-packages/px4_msgs/msg/_mode_completed_s.c
[397.434s] -- Symlinking: /home/dolphiinn/ros2_ws/install/px4_msgs/local/lib/python3.10/dist-packages/px4_msgs/msg/_mount_orientation.py
[397.439s] -- Symlinking: /home/dolphiinn/ros2_ws/install/px4_msgs/local/lib/python3.10/dist-packages/px4_msgs/msg/_mount_orientation_s.c
[397.445s] -- Symlinking: /home/dolphiinn/ros2_ws/install/px4_msgs/local/lib/python3.10/dist-packages/px4_msgs/msg/_navigator_mission_item.py
[397.451s] -- Symlinking: /home/dolphiinn/ros2_ws/install/px4_msgs/local/lib/python3.10/dist-packages/px4_msgs/msg/_navigator_mission_item_s.c
[397.457s] -- Symlinking: /home/dolphiinn/ros2_ws/install/px4_msgs/local/lib/python3.10/dist-packages/px4_msgs/msg/_navigator_status.py
[397.463s] -- Symlinking: /home/dolphiinn/ros2_ws/install/px4_msgs/local/lib/python3.10/dist-packages/px4_msgs/msg/_navigator_status_s.c
[397.468s] -- Symlinking: /home/dolphiinn/ros2_ws/install/px4_msgs/local/lib/python3.10/dist-packages/px4_msgs/msg/_neural_control.py
[397.474s] -- Symlinking: /home/dolphiinn/ros2_ws/install/px4_msgs/local/lib/python3.10/dist-packages/px4_msgs/msg/_neural_control_s.c
[397.480s] -- Symlinking: /home/dolphiinn/ros2_ws/install/px4_msgs/local/lib/python3.10/dist-packages/px4_msgs/msg/_normalized_unsigned_setpoint.py
[397.486s] -- Symlinking: /home/dolphiinn/ros2_ws/install/px4_msgs/local/lib/python3.10/dist-packages/px4_msgs/msg/_normalized_unsigned_setpoint_s.c
[397.491s] -- Symlinking: /home/dolphiinn/ros2_ws/install/px4_msgs/local/lib/python3.10/dist-packages/px4_msgs/msg/_obstacle_distance.py
[397.497s] -- Symlinking: /home/dolphiinn/ros2_ws/install/px4_msgs/local/lib/python3.10/dist-packages/px4_msgs/msg/_obstacle_distance_s.c
[397.503s] -- Symlinking: /home/dolphiinn/ros2_ws/install/px4_msgs/local/lib/python3.10/dist-packages/px4_msgs/msg/_offboard_control_mode.py
[397.509s] -- Symlinking: /home/dolphiinn/ros2_ws/install/px4_msgs/local/lib/python3.10/dist-packages/px4_msgs/msg/_offboard_control_mode_s.c
[397.515s] -- Symlinking: /home/dolphiinn/ros2_ws/install/px4_msgs/local/lib/python3.10/dist-packages/px4_msgs/msg/_onboard_computer_status.py
[397.521s] -- Symlinking: /home/dolphiinn/ros2_ws/install/px4_msgs/local/lib/python3.10/dist-packages/px4_msgs/msg/_onboard_computer_status_s.c
[397.527s] -- Symlinking: /home/dolphiinn/ros2_ws/install/px4_msgs/local/lib/python3.10/dist-packages/px4_msgs/msg/_open_drone_id_arm_status.py
[397.533s] -- Symlinking: /home/dolphiinn/ros2_ws/install/px4_msgs/local/lib/python3.10/dist-packages/px4_msgs/msg/_open_drone_id_arm_status_s.c
[397.539s] -- Symlinking: /home/dolphiinn/ros2_ws/install/px4_msgs/local/lib/python3.10/dist-packages/px4_msgs/msg/_open_drone_id_operator_id.py
[397.545s] -- Symlinking: /home/dolphiinn/ros2_ws/install/px4_msgs/local/lib/python3.10/dist-packages/px4_msgs/msg/_open_drone_id_operator_id_s.c
[397.550s] -- Symlinking: /home/dolphiinn/ros2_ws/install/px4_msgs/local/lib/python3.10/dist-packages/px4_msgs/msg/_open_drone_id_self_id.py
[397.556s] -- Symlinking: /home/dolphiinn/ros2_ws/install/px4_msgs/local/lib/python3.10/dist-packages/px4_msgs/msg/_open_drone_id_self_id_s.c
[397.562s] -- Symlinking: /home/dolphiinn/ros2_ws/install/px4_msgs/local/lib/python3.10/dist-packages/px4_msgs/msg/_open_drone_id_system.py
[397.568s] -- Symlinking: /home/dolphiinn/ros2_ws/install/px4_msgs/local/lib/python3.10/dist-packages/px4_msgs/msg/_open_drone_id_system_s.c
[397.574s] -- Symlinking: /home/dolphiinn/ros2_ws/install/px4_msgs/local/lib/python3.10/dist-packages/px4_msgs/msg/_orb_test.py
[397.580s] -- Symlinking: /home/dolphiinn/ros2_ws/install/px4_msgs/local/lib/python3.10/dist-packages/px4_msgs/msg/_orb_test_large.py
[397.585s] -- Symlinking: /home/dolphiinn/ros2_ws/install/px4_msgs/local/lib/python3.10/dist-packages/px4_msgs/msg/_orb_test_large_s.c
[397.591s] -- Symlinking: /home/dolphiinn/ros2_ws/install/px4_msgs/local/lib/python3.10/dist-packages/px4_msgs/msg/_orb_test_medium.py
[397.597s] -- Symlinking: /home/dolphiinn/ros2_ws/install/px4_msgs/local/lib/python3.10/dist-packages/px4_msgs/msg/_orb_test_medium_s.c
[397.603s] -- Symlinking: /home/dolphiinn/ros2_ws/install/px4_msgs/local/lib/python3.10/dist-packages/px4_msgs/msg/_orb_test_s.c
[397.609s] -- Symlinking: /home/dolphiinn/ros2_ws/install/px4_msgs/local/lib/python3.10/dist-packages/px4_msgs/msg/_orbit_status.py
[397.614s] -- Symlinking: /home/dolphiinn/ros2_ws/install/px4_msgs/local/lib/python3.10/dist-packages/px4_msgs/msg/_orbit_status_s.c
[397.621s] -- Symlinking: /home/dolphiinn/ros2_ws/install/px4_msgs/local/lib/python3.10/dist-packages/px4_msgs/msg/_parameter_reset_request.py
[397.627s] -- Symlinking: /home/dolphiinn/ros2_ws/install/px4_msgs/local/lib/python3.10/dist-packages/px4_msgs/msg/_parameter_reset_request_s.c
[397.633s] -- Symlinking: /home/dolphiinn/ros2_ws/install/px4_msgs/local/lib/python3.10/dist-packages/px4_msgs/msg/_parameter_set_used_request.py
[397.638s] -- Symlinking: /home/dolphiinn/ros2_ws/install/px4_msgs/local/lib/python3.10/dist-packages/px4_msgs/msg/_parameter_set_used_request_s.c
[397.644s] -- Symlinking: /home/dolphiinn/ros2_ws/install/px4_msgs/local/lib/python3.10/dist-packages/px4_msgs/msg/_parameter_set_value_request.py
[397.650s] -- Symlinking: /home/dolphiinn/ros2_ws/install/px4_msgs/local/lib/python3.10/dist-packages/px4_msgs/msg/_parameter_set_value_request_s.c
[397.656s] -- Symlinking: /home/dolphiinn/ros2_ws/install/px4_msgs/local/lib/python3.10/dist-packages/px4_msgs/msg/_parameter_set_value_response.py
[397.662s] -- Symlinking: /home/dolphiinn/ros2_ws/install/px4_msgs/local/lib/python3.10/dist-packages/px4_msgs/msg/_parameter_set_value_response_s.c
[397.668s] -- Symlinking: /home/dolphiinn/ros2_ws/install/px4_msgs/local/lib/python3.10/dist-packages/px4_msgs/msg/_parameter_update.py
[397.674s] -- Symlinking: /home/dolphiinn/ros2_ws/install/px4_msgs/local/lib/python3.10/dist-packages/px4_msgs/msg/_parameter_update_s.c
[397.680s] -- Symlinking: /home/dolphiinn/ros2_ws/install/px4_msgs/local/lib/python3.10/dist-packages/px4_msgs/msg/_ping.py
[397.685s] -- Symlinking: /home/dolphiinn/ros2_ws/install/px4_msgs/local/lib/python3.10/dist-packages/px4_msgs/msg/_ping_s.c
[397.691s] -- Symlinking: /home/dolphiinn/ros2_ws/install/px4_msgs/local/lib/python3.10/dist-packages/px4_msgs/msg/_position_controller_landing_status.py
[397.697s] -- Symlinking: /home/dolphiinn/ros2_ws/install/px4_msgs/local/lib/python3.10/dist-packages/px4_msgs/msg/_position_controller_landing_status_s.c
[397.703s] -- Symlinking: /home/dolphiinn/ros2_ws/install/px4_msgs/local/lib/python3.10/dist-packages/px4_msgs/msg/_position_controller_status.py
[397.709s] -- Symlinking: /home/dolphiinn/ros2_ws/install/px4_msgs/local/lib/python3.10/dist-packages/px4_msgs/msg/_position_controller_status_s.c
[397.715s] -- Symlinking: /home/dolphiinn/ros2_ws/install/px4_msgs/local/lib/python3.10/dist-packages/px4_msgs/msg/_position_setpoint.py
[397.721s] -- Symlinking: /home/dolphiinn/ros2_ws/install/px4_msgs/local/lib/python3.10/dist-packages/px4_msgs/msg/_position_setpoint_s.c
[397.727s] -- Symlinking: /home/dolphiinn/ros2_ws/install/px4_msgs/local/lib/python3.10/dist-packages/px4_msgs/msg/_position_setpoint_triplet.py
[397.732s] -- Symlinking: /home/dolphiinn/ros2_ws/install/px4_msgs/local/lib/python3.10/dist-packages/px4_msgs/msg/_position_setpoint_triplet_s.c
[397.738s] -- Symlinking: /home/dolphiinn/ros2_ws/install/px4_msgs/local/lib/python3.10/dist-packages/px4_msgs/msg/_power_button_state.py
[397.744s] -- Symlinking: /home/dolphiinn/ros2_ws/install/px4_msgs/local/lib/python3.10/dist-packages/px4_msgs/msg/_power_button_state_s.c
[397.750s] -- Symlinking: /home/dolphiinn/ros2_ws/install/px4_msgs/local/lib/python3.10/dist-packages/px4_msgs/msg/_power_monitor.py
[397.756s] -- Symlinking: /home/dolphiinn/ros2_ws/install/px4_msgs/local/lib/python3.10/dist-packages/px4_msgs/msg/_power_monitor_s.c
[397.762s] -- Symlinking: /home/dolphiinn/ros2_ws/install/px4_msgs/local/lib/python3.10/dist-packages/px4_msgs/msg/_pps_capture.py
[397.768s] -- Symlinking: /home/dolphiinn/ros2_ws/install/px4_msgs/local/lib/python3.10/dist-packages/px4_msgs/msg/_pps_capture_s.c
[397.774s] -- Symlinking: /home/dolphiinn/ros2_ws/install/px4_msgs/local/lib/python3.10/dist-packages/px4_msgs/msg/_pure_pursuit_status.py
[397.780s] -- Symlinking: /home/dolphiinn/ros2_ws/install/px4_msgs/local/lib/python3.10/dist-packages/px4_msgs/msg/_pure_pursuit_status_s.c
[397.785s] -- Symlinking: /home/dolphiinn/ros2_ws/install/px4_msgs/local/lib/python3.10/dist-packages/px4_msgs/msg/_pwm_input.py
[397.791s] -- Symlinking: /home/dolphiinn/ros2_ws/install/px4_msgs/local/lib/python3.10/dist-packages/px4_msgs/msg/_pwm_input_s.c
[397.797s] -- Symlinking: /home/dolphiinn/ros2_ws/install/px4_msgs/local/lib/python3.10/dist-packages/px4_msgs/msg/_px4io_status.py
[397.803s] -- Symlinking: /home/dolphiinn/ros2_ws/install/px4_msgs/local/lib/python3.10/dist-packages/px4_msgs/msg/_px4io_status_s.c
[397.809s] -- Symlinking: /home/dolphiinn/ros2_ws/install/px4_msgs/local/lib/python3.10/dist-packages/px4_msgs/msg/_qshell_req.py
[397.814s] -- Symlinking: /home/dolphiinn/ros2_ws/install/px4_msgs/local/lib/python3.10/dist-packages/px4_msgs/msg/_qshell_req_s.c
[397.820s] -- Symlinking: /home/dolphiinn/ros2_ws/install/px4_msgs/local/lib/python3.10/dist-packages/px4_msgs/msg/_qshell_retval.py
[397.826s] -- Symlinking: /home/dolphiinn/ros2_ws/install/px4_msgs/local/lib/python3.10/dist-packages/px4_msgs/msg/_qshell_retval_s.c
[397.832s] -- Symlinking: /home/dolphiinn/ros2_ws/install/px4_msgs/local/lib/python3.10/dist-packages/px4_msgs/msg/_radio_status.py
[397.838s] -- Symlinking: /home/dolphiinn/ros2_ws/install/px4_msgs/local/lib/python3.10/dist-packages/px4_msgs/msg/_radio_status_s.c
[397.843s] -- Symlinking: /home/dolphiinn/ros2_ws/install/px4_msgs/local/lib/python3.10/dist-packages/px4_msgs/msg/_rate_ctrl_status.py
[397.849s] -- Symlinking: /home/dolphiinn/ros2_ws/install/px4_msgs/local/lib/python3.10/dist-packages/px4_msgs/msg/_rate_ctrl_status_s.c
[397.855s] -- Symlinking: /home/dolphiinn/ros2_ws/install/px4_msgs/local/lib/python3.10/dist-packages/px4_msgs/msg/_rc_channels.py
[397.860s] -- Symlinking: /home/dolphiinn/ros2_ws/install/px4_msgs/local/lib/python3.10/dist-packages/px4_msgs/msg/_rc_channels_s.c
[397.866s] -- Symlinking: /home/dolphiinn/ros2_ws/install/px4_msgs/local/lib/python3.10/dist-packages/px4_msgs/msg/_rc_parameter_map.py
[397.872s] -- Symlinking: /home/dolphiinn/ros2_ws/install/px4_msgs/local/lib/python3.10/dist-packages/px4_msgs/msg/_rc_parameter_map_s.c
[397.878s] -- Symlinking: /home/dolphiinn/ros2_ws/install/px4_msgs/local/lib/python3.10/dist-packages/px4_msgs/msg/_register_ext_component_reply.py
[397.884s] -- Symlinking: /home/dolphiinn/ros2_ws/install/px4_msgs/local/lib/python3.10/dist-packages/px4_msgs/msg/_register_ext_component_reply_s.c
[397.889s] -- Symlinking: /home/dolphiinn/ros2_ws/install/px4_msgs/local/lib/python3.10/dist-packages/px4_msgs/msg/_register_ext_component_request.py
[397.895s] -- Symlinking: /home/dolphiinn/ros2_ws/install/px4_msgs/local/lib/python3.10/dist-packages/px4_msgs/msg/_register_ext_component_request_s.c
[397.901s] -- Symlinking: /home/dolphiinn/ros2_ws/install/px4_msgs/local/lib/python3.10/dist-packages/px4_msgs/msg/_rover_attitude_setpoint.py
[397.907s] -- Symlinking: /home/dolphiinn/ros2_ws/install/px4_msgs/local/lib/python3.10/dist-packages/px4_msgs/msg/_rover_attitude_setpoint_s.c
[397.912s] -- Symlinking: /home/dolphiinn/ros2_ws/install/px4_msgs/local/lib/python3.10/dist-packages/px4_msgs/msg/_rover_attitude_status.py
[397.918s] -- Symlinking: /home/dolphiinn/ros2_ws/install/px4_msgs/local/lib/python3.10/dist-packages/px4_msgs/msg/_rover_attitude_status_s.c
[397.924s] -- Symlinking: /home/dolphiinn/ros2_ws/install/px4_msgs/local/lib/python3.10/dist-packages/px4_msgs/msg/_rover_position_setpoint.py
[397.929s] -- Symlinking: /home/dolphiinn/ros2_ws/install/px4_msgs/local/lib/python3.10/dist-packages/px4_msgs/msg/_rover_position_setpoint_s.c
[397.935s] -- Symlinking: /home/dolphiinn/ros2_ws/install/px4_msgs/local/lib/python3.10/dist-packages/px4_msgs/msg/_rover_rate_setpoint.py
[397.941s] -- Symlinking: /home/dolphiinn/ros2_ws/install/px4_msgs/local/lib/python3.10/dist-packages/px4_msgs/msg/_rover_rate_setpoint_s.c
[397.946s] -- Symlinking: /home/dolphiinn/ros2_ws/install/px4_msgs/local/lib/python3.10/dist-packages/px4_msgs/msg/_rover_rate_status.py
[397.952s] -- Symlinking: /home/dolphiinn/ros2_ws/install/px4_msgs/local/lib/python3.10/dist-packages/px4_msgs/msg/_rover_rate_status_s.c
[397.958s] -- Symlinking: /home/dolphiinn/ros2_ws/install/px4_msgs/local/lib/python3.10/dist-packages/px4_msgs/msg/_rover_speed_setpoint.py
[397.964s] -- Symlinking: /home/dolphiinn/ros2_ws/install/px4_msgs/local/lib/python3.10/dist-packages/px4_msgs/msg/_rover_speed_setpoint_s.c
[397.969s] -- Symlinking: /home/dolphiinn/ros2_ws/install/px4_msgs/local/lib/python3.10/dist-packages/px4_msgs/msg/_rover_speed_status.py
[397.975s] -- Symlinking: /home/dolphiinn/ros2_ws/install/px4_msgs/local/lib/python3.10/dist-packages/px4_msgs/msg/_rover_speed_status_s.c
[397.982s] -- Symlinking: /home/dolphiinn/ros2_ws/install/px4_msgs/local/lib/python3.10/dist-packages/px4_msgs/msg/_rover_steering_setpoint.py
[397.987s] -- Symlinking: /home/dolphiinn/ros2_ws/install/px4_msgs/local/lib/python3.10/dist-packages/px4_msgs/msg/_rover_steering_setpoint_s.c
[397.993s] -- Symlinking: /home/dolphiinn/ros2_ws/install/px4_msgs/local/lib/python3.10/dist-packages/px4_msgs/msg/_rover_throttle_setpoint.py
[397.999s] -- Symlinking: /home/dolphiinn/ros2_ws/install/px4_msgs/local/lib/python3.10/dist-packages/px4_msgs/msg/_rover_throttle_setpoint_s.c
[398.005s] -- Symlinking: /home/dolphiinn/ros2_ws/install/px4_msgs/local/lib/python3.10/dist-packages/px4_msgs/msg/_rpm.py
[398.012s] -- Symlinking: /home/dolphiinn/ros2_ws/install/px4_msgs/local/lib/python3.10/dist-packages/px4_msgs/msg/_rpm_s.c
[398.019s] -- Symlinking: /home/dolphiinn/ros2_ws/install/px4_msgs/local/lib/python3.10/dist-packages/px4_msgs/msg/_rtl_status.py
[398.026s] -- Symlinking: /home/dolphiinn/ros2_ws/install/px4_msgs/local/lib/python3.10/dist-packages/px4_msgs/msg/_rtl_status_s.c
[398.032s] -- Symlinking: /home/dolphiinn/ros2_ws/install/px4_msgs/local/lib/python3.10/dist-packages/px4_msgs/msg/_rtl_time_estimate.py
[398.038s] -- Symlinking: /home/dolphiinn/ros2_ws/install/px4_msgs/local/lib/python3.10/dist-packages/px4_msgs/msg/_rtl_time_estimate_s.c
[398.043s] -- Symlinking: /home/dolphiinn/ros2_ws/install/px4_msgs/local/lib/python3.10/dist-packages/px4_msgs/msg/_satellite_info.py
[398.049s] -- Symlinking: /home/dolphiinn/ros2_ws/install/px4_msgs/local/lib/python3.10/dist-packages/px4_msgs/msg/_satellite_info_s.c
[398.055s] -- Symlinking: /home/dolphiinn/ros2_ws/install/px4_msgs/local/lib/python3.10/dist-packages/px4_msgs/msg/_sensor_accel.py
[398.060s] -- Symlinking: /home/dolphiinn/ros2_ws/install/px4_msgs/local/lib/python3.10/dist-packages/px4_msgs/msg/_sensor_accel_fifo.py
[398.066s] -- Symlinking: /home/dolphiinn/ros2_ws/install/px4_msgs/local/lib/python3.10/dist-packages/px4_msgs/msg/_sensor_accel_fifo_s.c
[398.072s] -- Symlinking: /home/dolphiinn/ros2_ws/install/px4_msgs/local/lib/python3.10/dist-packages/px4_msgs/msg/_sensor_accel_s.c
[398.078s] -- Symlinking: /home/dolphiinn/ros2_ws/install/px4_msgs/local/lib/python3.10/dist-packages/px4_msgs/msg/_sensor_airflow.py
[398.083s] -- Symlinking: /home/dolphiinn/ros2_ws/install/px4_msgs/local/lib/python3.10/dist-packages/px4_msgs/msg/_sensor_airflow_s.c
[398.089s] -- Symlinking: /home/dolphiinn/ros2_ws/install/px4_msgs/local/lib/python3.10/dist-packages/px4_msgs/msg/_sensor_baro.py
[398.095s] -- Symlinking: /home/dolphiinn/ros2_ws/install/px4_msgs/local/lib/python3.10/dist-packages/px4_msgs/msg/_sensor_baro_s.c
[398.101s] -- Symlinking: /home/dolphiinn/ros2_ws/install/px4_msgs/local/lib/python3.10/dist-packages/px4_msgs/msg/_sensor_combined.py
[398.106s] -- Symlinking: /home/dolphiinn/ros2_ws/install/px4_msgs/local/lib/python3.10/dist-packages/px4_msgs/msg/_sensor_combined_s.c
[398.112s] -- Symlinking: /home/dolphiinn/ros2_ws/install/px4_msgs/local/lib/python3.10/dist-packages/px4_msgs/msg/_sensor_correction.py
[398.118s] -- Symlinking: /home/dolphiinn/ros2_ws/install/px4_msgs/local/lib/python3.10/dist-packages/px4_msgs/msg/_sensor_correction_s.c
[398.124s] -- Symlinking: /home/dolphiinn/ros2_ws/install/px4_msgs/local/lib/python3.10/dist-packages/px4_msgs/msg/_sensor_gnss_relative.py
[398.130s] -- Symlinking: /home/dolphiinn/ros2_ws/install/px4_msgs/local/lib/python3.10/dist-packages/px4_msgs/msg/_sensor_gnss_relative_s.c
[398.136s] -- Symlinking: /home/dolphiinn/ros2_ws/install/px4_msgs/local/lib/python3.10/dist-packages/px4_msgs/msg/_sensor_gnss_status.py
[398.141s] -- Symlinking: /home/dolphiinn/ros2_ws/install/px4_msgs/local/lib/python3.10/dist-packages/px4_msgs/msg/_sensor_gnss_status_s.c
[398.147s] -- Symlinking: /home/dolphiinn/ros2_ws/install/px4_msgs/local/lib/python3.10/dist-packages/px4_msgs/msg/_sensor_gps.py
[398.153s] -- Symlinking: /home/dolphiinn/ros2_ws/install/px4_msgs/local/lib/python3.10/dist-packages/px4_msgs/msg/_sensor_gps_s.c
[398.159s] -- Symlinking: /home/dolphiinn/ros2_ws/install/px4_msgs/local/lib/python3.10/dist-packages/px4_msgs/msg/_sensor_gyro.py
[398.165s] -- Symlinking: /home/dolphiinn/ros2_ws/install/px4_msgs/local/lib/python3.10/dist-packages/px4_msgs/msg/_sensor_gyro_fft.py
[398.171s] -- Symlinking: /home/dolphiinn/ros2_ws/install/px4_msgs/local/lib/python3.10/dist-packages/px4_msgs/msg/_sensor_gyro_fft_s.c
[398.176s] -- Symlinking: /home/dolphiinn/ros2_ws/install/px4_msgs/local/lib/python3.10/dist-packages/px4_msgs/msg/_sensor_gyro_fifo.py
[398.182s] -- Symlinking: /home/dolphiinn/ros2_ws/install/px4_msgs/local/lib/python3.10/dist-packages/px4_msgs/msg/_sensor_gyro_fifo_s.c
[398.188s] -- Symlinking: /home/dolphiinn/ros2_ws/install/px4_msgs/local/lib/python3.10/dist-packages/px4_msgs/msg/_sensor_gyro_s.c
[398.194s] -- Symlinking: /home/dolphiinn/ros2_ws/install/px4_msgs/local/lib/python3.10/dist-packages/px4_msgs/msg/_sensor_hygrometer.py
[398.200s] -- Symlinking: /home/dolphiinn/ros2_ws/install/px4_msgs/local/lib/python3.10/dist-packages/px4_msgs/msg/_sensor_hygrometer_s.c
[398.205s] -- Symlinking: /home/dolphiinn/ros2_ws/install/px4_msgs/local/lib/python3.10/dist-packages/px4_msgs/msg/_sensor_mag.py
[398.211s] -- Symlinking: /home/dolphiinn/ros2_ws/install/px4_msgs/local/lib/python3.10/dist-packages/px4_msgs/msg/_sensor_mag_s.c
[398.217s] -- Symlinking: /home/dolphiinn/ros2_ws/install/px4_msgs/local/lib/python3.10/dist-packages/px4_msgs/msg/_sensor_optical_flow.py
[398.222s] -- Symlinking: /home/dolphiinn/ros2_ws/install/px4_msgs/local/lib/python3.10/dist-packages/px4_msgs/msg/_sensor_optical_flow_s.c
[398.228s] -- Symlinking: /home/dolphiinn/ros2_ws/install/px4_msgs/local/lib/python3.10/dist-packages/px4_msgs/msg/_sensor_preflight_mag.py
[398.234s] -- Symlinking: /home/dolphiinn/ros2_ws/install/px4_msgs/local/lib/python3.10/dist-packages/px4_msgs/msg/_sensor_preflight_mag_s.c
[398.239s] -- Symlinking: /home/dolphiinn/ros2_ws/install/px4_msgs/local/lib/python3.10/dist-packages/px4_msgs/msg/_sensor_selection.py
[398.245s] -- Symlinking: /home/dolphiinn/ros2_ws/install/px4_msgs/local/lib/python3.10/dist-packages/px4_msgs/msg/_sensor_selection_s.c
[398.251s] -- Symlinking: /home/dolphiinn/ros2_ws/install/px4_msgs/local/lib/python3.10/dist-packages/px4_msgs/msg/_sensor_uwb.py
[398.257s] -- Symlinking: /home/dolphiinn/ros2_ws/install/px4_msgs/local/lib/python3.10/dist-packages/px4_msgs/msg/_sensor_uwb_s.c
[398.263s] -- Symlinking: /home/dolphiinn/ros2_ws/install/px4_msgs/local/lib/python3.10/dist-packages/px4_msgs/msg/_sensors_status.py
[398.268s] -- Symlinking: /home/dolphiinn/ros2_ws/install/px4_msgs/local/lib/python3.10/dist-packages/px4_msgs/msg/_sensors_status_imu.py
[398.274s] -- Symlinking: /home/dolphiinn/ros2_ws/install/px4_msgs/local/lib/python3.10/dist-packages/px4_msgs/msg/_sensors_status_imu_s.c
[398.280s] -- Symlinking: /home/dolphiinn/ros2_ws/install/px4_msgs/local/lib/python3.10/dist-packages/px4_msgs/msg/_sensors_status_s.c
[398.286s] -- Symlinking: /home/dolphiinn/ros2_ws/install/px4_msgs/local/lib/python3.10/dist-packages/px4_msgs/msg/_system_power.py
[398.291s] -- Symlinking: /home/dolphiinn/ros2_ws/install/px4_msgs/local/lib/python3.10/dist-packages/px4_msgs/msg/_system_power_s.c
[398.297s] -- Symlinking: /home/dolphiinn/ros2_ws/install/px4_msgs/local/lib/python3.10/dist-packages/px4_msgs/msg/_takeoff_status.py
[398.303s] -- Symlinking: /home/dolphiinn/ros2_ws/install/px4_msgs/local/lib/python3.10/dist-packages/px4_msgs/msg/_takeoff_status_s.c
[398.309s] -- Symlinking: /home/dolphiinn/ros2_ws/install/px4_msgs/local/lib/python3.10/dist-packages/px4_msgs/msg/_task_stack_info.py
[398.314s] -- Symlinking: /home/dolphiinn/ros2_ws/install/px4_msgs/local/lib/python3.10/dist-packages/px4_msgs/msg/_task_stack_info_s.c
[398.320s] -- Symlinking: /home/dolphiinn/ros2_ws/install/px4_msgs/local/lib/python3.10/dist-packages/px4_msgs/msg/_tecs_status.py
[398.336s] -- Symlinking: /home/dolphiinn/ros2_ws/install/px4_msgs/local/lib/python3.10/dist-packages/px4_msgs/msg/_tecs_status_s.c
[398.343s] -- Symlinking: /home/dolphiinn/ros2_ws/install/px4_msgs/local/lib/python3.10/dist-packages/px4_msgs/msg/_telemetry_status.py
[398.351s] -- Symlinking: /home/dolphiinn/ros2_ws/install/px4_msgs/local/lib/python3.10/dist-packages/px4_msgs/msg/_telemetry_status_s.c
[398.358s] -- Symlinking: /home/dolphiinn/ros2_ws/install/px4_msgs/local/lib/python3.10/dist-packages/px4_msgs/msg/_tiltrotor_extra_controls.py
[398.365s] -- Symlinking: /home/dolphiinn/ros2_ws/install/px4_msgs/local/lib/python3.10/dist-packages/px4_msgs/msg/_tiltrotor_extra_controls_s.c
[398.372s] -- Symlinking: /home/dolphiinn/ros2_ws/install/px4_msgs/local/lib/python3.10/dist-packages/px4_msgs/msg/_timesync_status.py
[398.378s] -- Symlinking: /home/dolphiinn/ros2_ws/install/px4_msgs/local/lib/python3.10/dist-packages/px4_msgs/msg/_timesync_status_s.c
[398.384s] -- Symlinking: /home/dolphiinn/ros2_ws/install/px4_msgs/local/lib/python3.10/dist-packages/px4_msgs/msg/_trajectory_setpoint.py
[398.390s] -- Symlinking: /home/dolphiinn/ros2_ws/install/px4_msgs/local/lib/python3.10/dist-packages/px4_msgs/msg/_trajectory_setpoint6dof.py
[398.396s] -- Symlinking: /home/dolphiinn/ros2_ws/install/px4_msgs/local/lib/python3.10/dist-packages/px4_msgs/msg/_trajectory_setpoint6dof_s.c
[398.402s] -- Symlinking: /home/dolphiinn/ros2_ws/install/px4_msgs/local/lib/python3.10/dist-packages/px4_msgs/msg/_trajectory_setpoint_s.c
[398.408s] -- Symlinking: /home/dolphiinn/ros2_ws/install/px4_msgs/local/lib/python3.10/dist-packages/px4_msgs/msg/_transponder_report.py
[398.413s] -- Symlinking: /home/dolphiinn/ros2_ws/install/px4_msgs/local/lib/python3.10/dist-packages/px4_msgs/msg/_transponder_report_s.c
[398.419s] -- Symlinking: /home/dolphiinn/ros2_ws/install/px4_msgs/local/lib/python3.10/dist-packages/px4_msgs/msg/_tune_control.py
[398.425s] -- Symlinking: /home/dolphiinn/ros2_ws/install/px4_msgs/local/lib/python3.10/dist-packages/px4_msgs/msg/_tune_control_s.c
[398.431s] -- Symlinking: /home/dolphiinn/ros2_ws/install/px4_msgs/local/lib/python3.10/dist-packages/px4_msgs/msg/_uavcan_parameter_request.py
[398.437s] -- Symlinking: /home/dolphiinn/ros2_ws/install/px4_msgs/local/lib/python3.10/dist-packages/px4_msgs/msg/_uavcan_parameter_request_s.c
[398.443s] -- Symlinking: /home/dolphiinn/ros2_ws/install/px4_msgs/local/lib/python3.10/dist-packages/px4_msgs/msg/_uavcan_parameter_value.py
[398.449s] -- Symlinking: /home/dolphiinn/ros2_ws/install/px4_msgs/local/lib/python3.10/dist-packages/px4_msgs/msg/_uavcan_parameter_value_s.c
[398.454s] -- Symlinking: /home/dolphiinn/ros2_ws/install/px4_msgs/local/lib/python3.10/dist-packages/px4_msgs/msg/_ulog_stream.py
[398.460s] -- Symlinking: /home/dolphiinn/ros2_ws/install/px4_msgs/local/lib/python3.10/dist-packages/px4_msgs/msg/_ulog_stream_ack.py
[398.466s] -- Symlinking: /home/dolphiinn/ros2_ws/install/px4_msgs/local/lib/python3.10/dist-packages/px4_msgs/msg/_ulog_stream_ack_s.c
[398.472s] -- Symlinking: /home/dolphiinn/ros2_ws/install/px4_msgs/local/lib/python3.10/dist-packages/px4_msgs/msg/_ulog_stream_s.c
[398.477s] -- Symlinking: /home/dolphiinn/ros2_ws/install/px4_msgs/local/lib/python3.10/dist-packages/px4_msgs/msg/_unregister_ext_component.py
[398.483s] -- Symlinking: /home/dolphiinn/ros2_ws/install/px4_msgs/local/lib/python3.10/dist-packages/px4_msgs/msg/_unregister_ext_component_s.c
[398.489s] -- Symlinking: /home/dolphiinn/ros2_ws/install/px4_msgs/local/lib/python3.10/dist-packages/px4_msgs/msg/_vehicle_acceleration.py
[398.495s] -- Symlinking: /home/dolphiinn/ros2_ws/install/px4_msgs/local/lib/python3.10/dist-packages/px4_msgs/msg/_vehicle_acceleration_s.c
[398.501s] -- Symlinking: /home/dolphiinn/ros2_ws/install/px4_msgs/local/lib/python3.10/dist-packages/px4_msgs/msg/_vehicle_air_data.py
[398.507s] -- Symlinking: /home/dolphiinn/ros2_ws/install/px4_msgs/local/lib/python3.10/dist-packages/px4_msgs/msg/_vehicle_air_data_s.c
[398.513s] -- Symlinking: /home/dolphiinn/ros2_ws/install/px4_msgs/local/lib/python3.10/dist-packages/px4_msgs/msg/_vehicle_angular_acceleration_setpoint.py
[398.518s] -- Symlinking: /home/dolphiinn/ros2_ws/install/px4_msgs/local/lib/python3.10/dist-packages/px4_msgs/msg/_vehicle_angular_acceleration_setpoint_s.c
[398.524s] -- Symlinking: /home/dolphiinn/ros2_ws/install/px4_msgs/local/lib/python3.10/dist-packages/px4_msgs/msg/_vehicle_angular_velocity.py
[398.530s] -- Symlinking: /home/dolphiinn/ros2_ws/install/px4_msgs/local/lib/python3.10/dist-packages/px4_msgs/msg/_vehicle_angular_velocity_s.c
[398.536s] -- Symlinking: /home/dolphiinn/ros2_ws/install/px4_msgs/local/lib/python3.10/dist-packages/px4_msgs/msg/_vehicle_attitude.py
[398.541s] -- Symlinking: /home/dolphiinn/ros2_ws/install/px4_msgs/local/lib/python3.10/dist-packages/px4_msgs/msg/_vehicle_attitude_s.c
[398.547s] -- Symlinking: /home/dolphiinn/ros2_ws/install/px4_msgs/local/lib/python3.10/dist-packages/px4_msgs/msg/_vehicle_attitude_setpoint.py
[398.553s] -- Symlinking: /home/dolphiinn/ros2_ws/install/px4_msgs/local/lib/python3.10/dist-packages/px4_msgs/msg/_vehicle_attitude_setpoint_s.c
[398.559s] -- Symlinking: /home/dolphiinn/ros2_ws/install/px4_msgs/local/lib/python3.10/dist-packages/px4_msgs/msg/_vehicle_command.py
[398.565s] -- Symlinking: /home/dolphiinn/ros2_ws/install/px4_msgs/local/lib/python3.10/dist-packages/px4_msgs/msg/_vehicle_command_ack.py
[398.570s] -- Symlinking: /home/dolphiinn/ros2_ws/install/px4_msgs/local/lib/python3.10/dist-packages/px4_msgs/msg/_vehicle_command_ack_s.c
[398.576s] -- Symlinking: /home/dolphiinn/ros2_ws/install/px4_msgs/local/lib/python3.10/dist-packages/px4_msgs/msg/_vehicle_command_s.c
[398.582s] -- Symlinking: /home/dolphiinn/ros2_ws/install/px4_msgs/local/lib/python3.10/dist-packages/px4_msgs/msg/_vehicle_constraints.py
[398.587s] -- Symlinking: /home/dolphiinn/ros2_ws/install/px4_msgs/local/lib/python3.10/dist-packages/px4_msgs/msg/_vehicle_constraints_s.c
[398.593s] -- Symlinking: /home/dolphiinn/ros2_ws/install/px4_msgs/local/lib/python3.10/dist-packages/px4_msgs/msg/_vehicle_control_mode.py
[398.599s] -- Symlinking: /home/dolphiinn/ros2_ws/install/px4_msgs/local/lib/python3.10/dist-packages/px4_msgs/msg/_vehicle_control_mode_s.c
[398.604s] -- Symlinking: /home/dolphiinn/ros2_ws/install/px4_msgs/local/lib/python3.10/dist-packages/px4_msgs/msg/_vehicle_global_position.py
[398.610s] -- Symlinking: /home/dolphiinn/ros2_ws/install/px4_msgs/local/lib/python3.10/dist-packages/px4_msgs/msg/_vehicle_global_position_s.c
[398.616s] -- Symlinking: /home/dolphiinn/ros2_ws/install/px4_msgs/local/lib/python3.10/dist-packages/px4_msgs/msg/_vehicle_imu.py
[398.622s] -- Symlinking: /home/dolphiinn/ros2_ws/install/px4_msgs/local/lib/python3.10/dist-packages/px4_msgs/msg/_vehicle_imu_s.c
[398.627s] -- Symlinking: /home/dolphiinn/ros2_ws/install/px4_msgs/local/lib/python3.10/dist-packages/px4_msgs/msg/_vehicle_imu_status.py
[398.633s] -- Symlinking: /home/dolphiinn/ros2_ws/install/px4_msgs/local/lib/python3.10/dist-packages/px4_msgs/msg/_vehicle_imu_status_s.c
[398.639s] -- Symlinking: /home/dolphiinn/ros2_ws/install/px4_msgs/local/lib/python3.10/dist-packages/px4_msgs/msg/_vehicle_land_detected.py
[398.645s] -- Symlinking: /home/dolphiinn/ros2_ws/install/px4_msgs/local/lib/python3.10/dist-packages/px4_msgs/msg/_vehicle_land_detected_s.c
[398.650s] -- Symlinking: /home/dolphiinn/ros2_ws/install/px4_msgs/local/lib/python3.10/dist-packages/px4_msgs/msg/_vehicle_local_position.py
[398.656s] -- Symlinking: /home/dolphiinn/ros2_ws/install/px4_msgs/local/lib/python3.10/dist-packages/px4_msgs/msg/_vehicle_local_position_s.c
[398.662s] -- Symlinking: /home/dolphiinn/ros2_ws/install/px4_msgs/local/lib/python3.10/dist-packages/px4_msgs/msg/_vehicle_local_position_setpoint.py
[398.668s] -- Symlinking: /home/dolphiinn/ros2_ws/install/px4_msgs/local/lib/python3.10/dist-packages/px4_msgs/msg/_vehicle_local_position_setpoint_s.c
[398.674s] -- Symlinking: /home/dolphiinn/ros2_ws/install/px4_msgs/local/lib/python3.10/dist-packages/px4_msgs/msg/_vehicle_magnetometer.py
[398.680s] -- Symlinking: /home/dolphiinn/ros2_ws/install/px4_msgs/local/lib/python3.10/dist-packages/px4_msgs/msg/_vehicle_magnetometer_s.c
[398.685s] -- Symlinking: /home/dolphiinn/ros2_ws/install/px4_msgs/local/lib/python3.10/dist-packages/px4_msgs/msg/_vehicle_odometry.py
[398.691s] -- Symlinking: /home/dolphiinn/ros2_ws/install/px4_msgs/local/lib/python3.10/dist-packages/px4_msgs/msg/_vehicle_odometry_s.c
[398.697s] -- Symlinking: /home/dolphiinn/ros2_ws/install/px4_msgs/local/lib/python3.10/dist-packages/px4_msgs/msg/_vehicle_optical_flow.py
[398.703s] -- Symlinking: /home/dolphiinn/ros2_ws/install/px4_msgs/local/lib/python3.10/dist-packages/px4_msgs/msg/_vehicle_optical_flow_s.c
[398.709s] -- Symlinking: /home/dolphiinn/ros2_ws/install/px4_msgs/local/lib/python3.10/dist-packages/px4_msgs/msg/_vehicle_optical_flow_vel.py
[398.714s] -- Symlinking: /home/dolphiinn/ros2_ws/install/px4_msgs/local/lib/python3.10/dist-packages/px4_msgs/msg/_vehicle_optical_flow_vel_s.c
[398.720s] -- Symlinking: /home/dolphiinn/ros2_ws/install/px4_msgs/local/lib/python3.10/dist-packages/px4_msgs/msg/_vehicle_rates_setpoint.py
[398.726s] -- Symlinking: /home/dolphiinn/ros2_ws/install/px4_msgs/local/lib/python3.10/dist-packages/px4_msgs/msg/_vehicle_rates_setpoint_s.c
[398.732s] -- Symlinking: /home/dolphiinn/ros2_ws/install/px4_msgs/local/lib/python3.10/dist-packages/px4_msgs/msg/_vehicle_roi.py
[398.738s] -- Symlinking: /home/dolphiinn/ros2_ws/install/px4_msgs/local/lib/python3.10/dist-packages/px4_msgs/msg/_vehicle_roi_s.c
[398.744s] -- Symlinking: /home/dolphiinn/ros2_ws/install/px4_msgs/local/lib/python3.10/dist-packages/px4_msgs/msg/_vehicle_status.py
[398.749s] -- Symlinking: /home/dolphiinn/ros2_ws/install/px4_msgs/local/lib/python3.10/dist-packages/px4_msgs/msg/_vehicle_status_s.c
[398.755s] -- Symlinking: /home/dolphiinn/ros2_ws/install/px4_msgs/local/lib/python3.10/dist-packages/px4_msgs/msg/_vehicle_thrust_setpoint.py
[398.761s] -- Symlinking: /home/dolphiinn/ros2_ws/install/px4_msgs/local/lib/python3.10/dist-packages/px4_msgs/msg/_vehicle_thrust_setpoint_s.c
[398.767s] -- Symlinking: /home/dolphiinn/ros2_ws/install/px4_msgs/local/lib/python3.10/dist-packages/px4_msgs/msg/_vehicle_torque_setpoint.py
[398.772s] -- Symlinking: /home/dolphiinn/ros2_ws/install/px4_msgs/local/lib/python3.10/dist-packages/px4_msgs/msg/_vehicle_torque_setpoint_s.c
[398.778s] -- Symlinking: /home/dolphiinn/ros2_ws/install/px4_msgs/local/lib/python3.10/dist-packages/px4_msgs/msg/_velocity_limits.py
[398.784s] -- Symlinking: /home/dolphiinn/ros2_ws/install/px4_msgs/local/lib/python3.10/dist-packages/px4_msgs/msg/_velocity_limits_s.c
[398.790s] -- Symlinking: /home/dolphiinn/ros2_ws/install/px4_msgs/local/lib/python3.10/dist-packages/px4_msgs/msg/_vtol_vehicle_status.py
[398.795s] -- Symlinking: /home/dolphiinn/ros2_ws/install/px4_msgs/local/lib/python3.10/dist-packages/px4_msgs/msg/_vtol_vehicle_status_s.c
[398.801s] -- Symlinking: /home/dolphiinn/ros2_ws/install/px4_msgs/local/lib/python3.10/dist-packages/px4_msgs/msg/_wheel_encoders.py
[398.807s] -- Symlinking: /home/dolphiinn/ros2_ws/install/px4_msgs/local/lib/python3.10/dist-packages/px4_msgs/msg/_wheel_encoders_s.c
[398.813s] -- Symlinking: /home/dolphiinn/ros2_ws/install/px4_msgs/local/lib/python3.10/dist-packages/px4_msgs/msg/_wind.py
[398.818s] -- Symlinking: /home/dolphiinn/ros2_ws/install/px4_msgs/local/lib/python3.10/dist-packages/px4_msgs/msg/_wind_s.c
[398.824s] -- Symlinking: /home/dolphiinn/ros2_ws/install/px4_msgs/local/lib/python3.10/dist-packages/px4_msgs/msg/_yaw_estimator_status.py
[398.830s] -- Symlinking: /home/dolphiinn/ros2_ws/install/px4_msgs/local/lib/python3.10/dist-packages/px4_msgs/msg/_yaw_estimator_status_s.c
[398.836s] -- Symlinking: /home/dolphiinn/ros2_ws/install/px4_msgs/local/lib/python3.10/dist-packages/px4_msgs/px4_msgs_s__rosidl_typesupport_c.cpython-310-x86_64-linux-gnu.so
[398.841s] -- Symlinking: /home/dolphiinn/ros2_ws/install/px4_msgs/local/lib/python3.10/dist-packages/px4_msgs/px4_msgs_s__rosidl_typesupport_fastrtps_c.cpython-310-x86_64-linux-gnu.so
[398.847s] -- Symlinking: /home/dolphiinn/ros2_ws/install/px4_msgs/local/lib/python3.10/dist-packages/px4_msgs/px4_msgs_s__rosidl_typesupport_introspection_c.cpython-310-x86_64-linux-gnu.so
[398.853s] -- Symlinking: /home/dolphiinn/ros2_ws/install/px4_msgs/local/lib/python3.10/dist-packages/px4_msgs/srv/__init__.py
[398.859s] -- Symlinking: /home/dolphiinn/ros2_ws/install/px4_msgs/local/lib/python3.10/dist-packages/px4_msgs/srv/_vehicle_command.py
[398.864s] -- Symlinking: /home/dolphiinn/ros2_ws/install/px4_msgs/local/lib/python3.10/dist-packages/px4_msgs/srv/_vehicle_command_s.c
[398.870s] -- Up-to-date symlink: /home/dolphiinn/ros2_ws/install/px4_msgs/local/lib/python3.10/dist-packages/px4_msgs/px4_msgs_s__rosidl_typesupport_fastrtps_c.cpython-310-x86_64-linux-gnu.so
[398.870s] -- Up-to-date symlink: /home/dolphiinn/ros2_ws/install/px4_msgs/local/lib/python3.10/dist-packages/px4_msgs/px4_msgs_s__rosidl_typesupport_introspection_c.cpython-310-x86_64-linux-gnu.so
[398.870s] -- Up-to-date symlink: /home/dolphiinn/ros2_ws/install/px4_msgs/local/lib/python3.10/dist-packages/px4_msgs/px4_msgs_s__rosidl_typesupport_c.cpython-310-x86_64-linux-gnu.so
[398.870s] -- Symlinking: /home/dolphiinn/ros2_ws/install/px4_msgs/share/ament_index/resource_index/rust_packages/px4_msgs
[398.877s] -- Symlinking: /home/dolphiinn/ros2_ws/install/px4_msgs/share/px4_msgs/rust/Cargo.toml
[398.882s] -- Symlinking: /home/dolphiinn/ros2_ws/install/px4_msgs/share/px4_msgs/rust/build.rs
[398.888s] -- Symlinking: /home/dolphiinn/ros2_ws/install/px4_msgs/share/px4_msgs/rust/src/lib.rs
[398.894s] -- Symlinking: /home/dolphiinn/ros2_ws/install/px4_msgs/share/px4_msgs/rust/src/msg.rs
[398.900s] -- Symlinking: /home/dolphiinn/ros2_ws/install/px4_msgs/share/px4_msgs/rust/src/msg/rmw.rs
[398.905s] -- Symlinking: /home/dolphiinn/ros2_ws/install/px4_msgs/share/px4_msgs/rust/src/srv.rs
[398.911s] -- Symlinking: /home/dolphiinn/ros2_ws/install/px4_msgs/share/px4_msgs/rust/src/srv/rmw.rs
[398.917s] -- Symlinking: /home/dolphiinn/ros2_ws/install/px4_msgs/share/px4_msgs/msg/ActionRequest.idl
[398.923s] -- Symlinking: /home/dolphiinn/ros2_ws/install/px4_msgs/share/px4_msgs/msg/ActuatorArmed.idl
[398.929s] -- Symlinking: /home/dolphiinn/ros2_ws/install/px4_msgs/share/px4_msgs/msg/ActuatorControlsStatus.idl
[398.935s] -- Symlinking: /home/dolphiinn/ros2_ws/install/px4_msgs/share/px4_msgs/msg/ActuatorMotors.idl
[398.941s] -- Symlinking: /home/dolphiinn/ros2_ws/install/px4_msgs/share/px4_msgs/msg/ActuatorOutputs.idl
[398.946s] -- Symlinking: /home/dolphiinn/ros2_ws/install/px4_msgs/share/px4_msgs/msg/ActuatorServos.idl
[398.952s] -- Symlinking: /home/dolphiinn/ros2_ws/install/px4_msgs/share/px4_msgs/msg/ActuatorServosTrim.idl
[398.958s] -- Symlinking: /home/dolphiinn/ros2_ws/install/px4_msgs/share/px4_msgs/msg/ActuatorTest.idl
[398.964s] -- Symlinking: /home/dolphiinn/ros2_ws/install/px4_msgs/share/px4_msgs/msg/AdcReport.idl
[398.969s] -- Symlinking: /home/dolphiinn/ros2_ws/install/px4_msgs/share/px4_msgs/msg/Airspeed.idl
[398.975s] -- Symlinking: /home/dolphiinn/ros2_ws/install/px4_msgs/share/px4_msgs/msg/AirspeedValidated.idl
[398.981s] -- Symlinking: /home/dolphiinn/ros2_ws/install/px4_msgs/share/px4_msgs/msg/AirspeedWind.idl
[398.987s] -- Symlinking: /home/dolphiinn/ros2_ws/install/px4_msgs/share/px4_msgs/msg/ArmingCheckReply.idl
[398.993s] -- Symlinking: /home/dolphiinn/ros2_ws/install/px4_msgs/share/px4_msgs/msg/ArmingCheckRequest.idl
[398.999s] -- Symlinking: /home/dolphiinn/ros2_ws/install/px4_msgs/share/px4_msgs/msg/AutotuneAttitudeControlStatus.idl
[399.005s] -- Symlinking: /home/dolphiinn/ros2_ws/install/px4_msgs/share/px4_msgs/msg/BatteryInfo.idl
[399.011s] -- Symlinking: /home/dolphiinn/ros2_ws/install/px4_msgs/share/px4_msgs/msg/BatteryStatus.idl
[399.016s] -- Symlinking: /home/dolphiinn/ros2_ws/install/px4_msgs/share/px4_msgs/msg/ButtonEvent.idl
[399.022s] -- Symlinking: /home/dolphiinn/ros2_ws/install/px4_msgs/share/px4_msgs/msg/CameraCapture.idl
[399.028s] -- Symlinking: /home/dolphiinn/ros2_ws/install/px4_msgs/share/px4_msgs/msg/CameraStatus.idl
[399.033s] -- Symlinking: /home/dolphiinn/ros2_ws/install/px4_msgs/share/px4_msgs/msg/CameraTrigger.idl
[399.039s] -- Symlinking: /home/dolphiinn/ros2_ws/install/px4_msgs/share/px4_msgs/msg/CanInterfaceStatus.idl
[399.045s] -- Symlinking: /home/dolphiinn/ros2_ws/install/px4_msgs/share/px4_msgs/msg/CellularStatus.idl
[399.051s] -- Symlinking: /home/dolphiinn/ros2_ws/install/px4_msgs/share/px4_msgs/msg/CollisionConstraints.idl
[399.057s] -- Symlinking: /home/dolphiinn/ros2_ws/install/px4_msgs/share/px4_msgs/msg/ConfigOverrides.idl
[399.063s] -- Symlinking: /home/dolphiinn/ros2_ws/install/px4_msgs/share/px4_msgs/msg/ControlAllocatorStatus.idl
[399.068s] -- Symlinking: /home/dolphiinn/ros2_ws/install/px4_msgs/share/px4_msgs/msg/Cpuload.idl
[399.074s] -- Symlinking: /home/dolphiinn/ros2_ws/install/px4_msgs/share/px4_msgs/msg/DatamanRequest.idl
[399.080s] -- Symlinking: /home/dolphiinn/ros2_ws/install/px4_msgs/share/px4_msgs/msg/DatamanResponse.idl
[399.086s] -- Symlinking: /home/dolphiinn/ros2_ws/install/px4_msgs/share/px4_msgs/msg/DebugArray.idl
[399.091s] -- Symlinking: /home/dolphiinn/ros2_ws/install/px4_msgs/share/px4_msgs/msg/DebugKeyValue.idl
[399.097s] -- Symlinking: /home/dolphiinn/ros2_ws/install/px4_msgs/share/px4_msgs/msg/DebugValue.idl
[399.103s] -- Symlinking: /home/dolphiinn/ros2_ws/install/px4_msgs/share/px4_msgs/msg/DebugVect.idl
[399.109s] -- Symlinking: /home/dolphiinn/ros2_ws/install/px4_msgs/share/px4_msgs/msg/DifferentialPressure.idl
[399.114s] -- Symlinking: /home/dolphiinn/ros2_ws/install/px4_msgs/share/px4_msgs/msg/DistanceSensor.idl
[399.120s] -- Symlinking: /home/dolphiinn/ros2_ws/install/px4_msgs/share/px4_msgs/msg/DistanceSensorModeChangeRequest.idl
[399.126s] -- Symlinking: /home/dolphiinn/ros2_ws/install/px4_msgs/share/px4_msgs/msg/DronecanNodeStatus.idl
[399.132s] -- Symlinking: /home/dolphiinn/ros2_ws/install/px4_msgs/share/px4_msgs/msg/Ekf2Timestamps.idl
[399.137s] -- Symlinking: /home/dolphiinn/ros2_ws/install/px4_msgs/share/px4_msgs/msg/EscReport.idl
[399.143s] -- Symlinking: /home/dolphiinn/ros2_ws/install/px4_msgs/share/px4_msgs/msg/EscStatus.idl
[399.149s] -- Symlinking: /home/dolphiinn/ros2_ws/install/px4_msgs/share/px4_msgs/msg/EstimatorAidSource1d.idl
[399.155s] -- Symlinking: /home/dolphiinn/ros2_ws/install/px4_msgs/share/px4_msgs/msg/EstimatorAidSource2d.idl
[399.161s] -- Symlinking: /home/dolphiinn/ros2_ws/install/px4_msgs/share/px4_msgs/msg/EstimatorAidSource3d.idl
[399.167s] -- Symlinking: /home/dolphiinn/ros2_ws/install/px4_msgs/share/px4_msgs/msg/EstimatorBias.idl
[399.173s] -- Symlinking: /home/dolphiinn/ros2_ws/install/px4_msgs/share/px4_msgs/msg/EstimatorBias3d.idl
[399.178s] -- Symlinking: /home/dolphiinn/ros2_ws/install/px4_msgs/share/px4_msgs/msg/EstimatorEventFlags.idl
[399.184s] -- Symlinking: /home/dolphiinn/ros2_ws/install/px4_msgs/share/px4_msgs/msg/EstimatorGpsStatus.idl
[399.190s] -- Symlinking: /home/dolphiinn/ros2_ws/install/px4_msgs/share/px4_msgs/msg/EstimatorInnovations.idl
[399.196s] -- Symlinking: /home/dolphiinn/ros2_ws/install/px4_msgs/share/px4_msgs/msg/EstimatorSelectorStatus.idl
[399.202s] -- Symlinking: /home/dolphiinn/ros2_ws/install/px4_msgs/share/px4_msgs/msg/EstimatorSensorBias.idl
[399.208s] -- Symlinking: /home/dolphiinn/ros2_ws/install/px4_msgs/share/px4_msgs/msg/EstimatorStates.idl
[399.213s] -- Symlinking: /home/dolphiinn/ros2_ws/install/px4_msgs/share/px4_msgs/msg/EstimatorStatus.idl
[399.219s] -- Symlinking: /home/dolphiinn/ros2_ws/install/px4_msgs/share/px4_msgs/msg/EstimatorStatusFlags.idl
[399.225s] -- Symlinking: /home/dolphiinn/ros2_ws/install/px4_msgs/share/px4_msgs/msg/Event.idl
[399.231s] -- Symlinking: /home/dolphiinn/ros2_ws/install/px4_msgs/share/px4_msgs/msg/FailsafeFlags.idl
[399.237s] -- Symlinking: /home/dolphiinn/ros2_ws/install/px4_msgs/share/px4_msgs/msg/FailureDetectorStatus.idl
[399.242s] -- Symlinking: /home/dolphiinn/ros2_ws/install/px4_msgs/share/px4_msgs/msg/FigureEightStatus.idl
[399.248s] -- Symlinking: /home/dolphiinn/ros2_ws/install/px4_msgs/share/px4_msgs/msg/FixedWingLateralGuidanceStatus.idl
[399.254s] -- Symlinking: /home/dolphiinn/ros2_ws/install/px4_msgs/share/px4_msgs/msg/FixedWingLateralSetpoint.idl
[399.260s] -- Symlinking: /home/dolphiinn/ros2_ws/install/px4_msgs/share/px4_msgs/msg/FixedWingLateralStatus.idl
[399.266s] -- Symlinking: /home/dolphiinn/ros2_ws/install/px4_msgs/share/px4_msgs/msg/FixedWingLongitudinalSetpoint.idl
[399.272s] -- Symlinking: /home/dolphiinn/ros2_ws/install/px4_msgs/share/px4_msgs/msg/FixedWingRunwayControl.idl
[399.277s] -- Symlinking: /home/dolphiinn/ros2_ws/install/px4_msgs/share/px4_msgs/msg/FlightPhaseEstimation.idl
[399.283s] -- Symlinking: /home/dolphiinn/ros2_ws/install/px4_msgs/share/px4_msgs/msg/FollowTarget.idl
[399.288s] -- Symlinking: /home/dolphiinn/ros2_ws/install/px4_msgs/share/px4_msgs/msg/FollowTargetEstimator.idl
[399.294s] -- Symlinking: /home/dolphiinn/ros2_ws/install/px4_msgs/share/px4_msgs/msg/FollowTargetStatus.idl
[399.300s] -- Symlinking: /home/dolphiinn/ros2_ws/install/px4_msgs/share/px4_msgs/msg/FuelTankStatus.idl
[399.306s] -- Symlinking: /home/dolphiinn/ros2_ws/install/px4_msgs/share/px4_msgs/msg/GeneratorStatus.idl
[399.312s] -- Symlinking: /home/dolphiinn/ros2_ws/install/px4_msgs/share/px4_msgs/msg/GeofenceResult.idl
[399.317s] -- Symlinking: /home/dolphiinn/ros2_ws/install/px4_msgs/share/px4_msgs/msg/GeofenceStatus.idl
[399.323s] -- Symlinking: /home/dolphiinn/ros2_ws/install/px4_msgs/share/px4_msgs/msg/GimbalControls.idl
[399.329s] -- Symlinking: /home/dolphiinn/ros2_ws/install/px4_msgs/share/px4_msgs/msg/GimbalDeviceAttitudeStatus.idl
[399.335s] -- Symlinking: /home/dolphiinn/ros2_ws/install/px4_msgs/share/px4_msgs/msg/GimbalDeviceInformation.idl
[399.341s] -- Symlinking: /home/dolphiinn/ros2_ws/install/px4_msgs/share/px4_msgs/msg/GimbalDeviceSetAttitude.idl
[399.347s] -- Symlinking: /home/dolphiinn/ros2_ws/install/px4_msgs/share/px4_msgs/msg/GimbalManagerInformation.idl
[399.354s] -- Symlinking: /home/dolphiinn/ros2_ws/install/px4_msgs/share/px4_msgs/msg/GimbalManagerSetAttitude.idl
[399.359s] -- Symlinking: /home/dolphiinn/ros2_ws/install/px4_msgs/share/px4_msgs/msg/GimbalManagerSetManualControl.idl
[399.366s] -- Symlinking: /home/dolphiinn/ros2_ws/install/px4_msgs/share/px4_msgs/msg/GimbalManagerStatus.idl
[399.372s] -- Symlinking: /home/dolphiinn/ros2_ws/install/px4_msgs/share/px4_msgs/msg/GotoSetpoint.idl
[399.377s] -- Symlinking: /home/dolphiinn/ros2_ws/install/px4_msgs/share/px4_msgs/msg/GpioConfig.idl
[399.383s] -- Symlinking: /home/dolphiinn/ros2_ws/install/px4_msgs/share/px4_msgs/msg/GpioIn.idl
[399.389s] -- Symlinking: /home/dolphiinn/ros2_ws/install/px4_msgs/share/px4_msgs/msg/GpioOut.idl
[399.395s] -- Symlinking: /home/dolphiinn/ros2_ws/install/px4_msgs/share/px4_msgs/msg/GpioRequest.idl
[399.401s] -- Symlinking: /home/dolphiinn/ros2_ws/install/px4_msgs/share/px4_msgs/msg/GpsDump.idl
[399.407s] -- Symlinking: /home/dolphiinn/ros2_ws/install/px4_msgs/share/px4_msgs/msg/GpsInjectData.idl
[399.413s] -- Symlinking: /home/dolphiinn/ros2_ws/install/px4_msgs/share/px4_msgs/msg/Gripper.idl
[399.418s] -- Symlinking: /home/dolphiinn/ros2_ws/install/px4_msgs/share/px4_msgs/msg/HealthReport.idl
[399.424s] -- Symlinking: /home/dolphiinn/ros2_ws/install/px4_msgs/share/px4_msgs/msg/HeaterStatus.idl
[399.430s] -- Symlinking: /home/dolphiinn/ros2_ws/install/px4_msgs/share/px4_msgs/msg/HomePosition.idl
[399.436s] -- Symlinking: /home/dolphiinn/ros2_ws/install/px4_msgs/share/px4_msgs/msg/HoverThrustEstimate.idl
[399.442s] -- Symlinking: /home/dolphiinn/ros2_ws/install/px4_msgs/share/px4_msgs/msg/InputRc.idl
[399.448s] -- Symlinking: /home/dolphiinn/ros2_ws/install/px4_msgs/share/px4_msgs/msg/InternalCombustionEngineControl.idl
[399.454s] -- Symlinking: /home/dolphiinn/ros2_ws/install/px4_msgs/share/px4_msgs/msg/InternalCombustionEngineStatus.idl
[399.460s] -- Symlinking: /home/dolphiinn/ros2_ws/install/px4_msgs/share/px4_msgs/msg/IridiumsbdStatus.idl
[399.466s] -- Symlinking: /home/dolphiinn/ros2_ws/install/px4_msgs/share/px4_msgs/msg/IrlockReport.idl
[399.471s] -- Symlinking: /home/dolphiinn/ros2_ws/install/px4_msgs/share/px4_msgs/msg/LandingGear.idl
[399.477s] -- Symlinking: /home/dolphiinn/ros2_ws/install/px4_msgs/share/px4_msgs/msg/LandingGearWheel.idl
[399.483s] -- Symlinking: /home/dolphiinn/ros2_ws/install/px4_msgs/share/px4_msgs/msg/LandingTargetInnovations.idl
[399.489s] -- Symlinking: /home/dolphiinn/ros2_ws/install/px4_msgs/share/px4_msgs/msg/LandingTargetPose.idl
[399.495s] -- Symlinking: /home/dolphiinn/ros2_ws/install/px4_msgs/share/px4_msgs/msg/LateralControlConfiguration.idl
[399.501s] -- Symlinking: /home/dolphiinn/ros2_ws/install/px4_msgs/share/px4_msgs/msg/LaunchDetectionStatus.idl
[399.506s] -- Symlinking: /home/dolphiinn/ros2_ws/install/px4_msgs/share/px4_msgs/msg/LedControl.idl
[399.512s] -- Symlinking: /home/dolphiinn/ros2_ws/install/px4_msgs/share/px4_msgs/msg/LogMessage.idl
[399.518s] -- Symlinking: /home/dolphiinn/ros2_ws/install/px4_msgs/share/px4_msgs/msg/LoggerStatus.idl
[399.524s] -- Symlinking: /home/dolphiinn/ros2_ws/install/px4_msgs/share/px4_msgs/msg/LongitudinalControlConfiguration.idl
[399.530s] -- Symlinking: /home/dolphiinn/ros2_ws/install/px4_msgs/share/px4_msgs/msg/MagWorkerData.idl
[399.536s] -- Symlinking: /home/dolphiinn/ros2_ws/install/px4_msgs/share/px4_msgs/msg/MagnetometerBiasEstimate.idl
[399.542s] -- Symlinking: /home/dolphiinn/ros2_ws/install/px4_msgs/share/px4_msgs/msg/ManualControlSetpoint.idl
[399.547s] -- Symlinking: /home/dolphiinn/ros2_ws/install/px4_msgs/share/px4_msgs/msg/ManualControlSwitches.idl
[399.553s] -- Symlinking: /home/dolphiinn/ros2_ws/install/px4_msgs/share/px4_msgs/msg/MavlinkLog.idl
[399.559s] -- Symlinking: /home/dolphiinn/ros2_ws/install/px4_msgs/share/px4_msgs/msg/MavlinkTunnel.idl
[399.565s] -- Symlinking: /home/dolphiinn/ros2_ws/install/px4_msgs/share/px4_msgs/msg/MessageFormatRequest.idl
[399.571s] -- Symlinking: /home/dolphiinn/ros2_ws/install/px4_msgs/share/px4_msgs/msg/MessageFormatResponse.idl
[399.577s] -- Symlinking: /home/dolphiinn/ros2_ws/install/px4_msgs/share/px4_msgs/msg/Mission.idl
[399.583s] -- Symlinking: /home/dolphiinn/ros2_ws/install/px4_msgs/share/px4_msgs/msg/MissionResult.idl
[399.588s] -- Symlinking: /home/dolphiinn/ros2_ws/install/px4_msgs/share/px4_msgs/msg/ModeCompleted.idl
[399.594s] -- Symlinking: /home/dolphiinn/ros2_ws/install/px4_msgs/share/px4_msgs/msg/MountOrientation.idl
[399.600s] -- Symlinking: /home/dolphiinn/ros2_ws/install/px4_msgs/share/px4_msgs/msg/NavigatorMissionItem.idl
[399.605s] -- Symlinking: /home/dolphiinn/ros2_ws/install/px4_msgs/share/px4_msgs/msg/NavigatorStatus.idl
[399.611s] -- Symlinking: /home/dolphiinn/ros2_ws/install/px4_msgs/share/px4_msgs/msg/NeuralControl.idl
[399.617s] -- Symlinking: /home/dolphiinn/ros2_ws/install/px4_msgs/share/px4_msgs/msg/NormalizedUnsignedSetpoint.idl
[399.623s] -- Symlinking: /home/dolphiinn/ros2_ws/install/px4_msgs/share/px4_msgs/msg/ObstacleDistance.idl
[399.629s] -- Symlinking: /home/dolphiinn/ros2_ws/install/px4_msgs/share/px4_msgs/msg/OffboardControlMode.idl
[399.635s] -- Symlinking: /home/dolphiinn/ros2_ws/install/px4_msgs/share/px4_msgs/msg/OnboardComputerStatus.idl
[399.640s] -- Symlinking: /home/dolphiinn/ros2_ws/install/px4_msgs/share/px4_msgs/msg/OpenDroneIdArmStatus.idl
[399.646s] -- Symlinking: /home/dolphiinn/ros2_ws/install/px4_msgs/share/px4_msgs/msg/OpenDroneIdOperatorId.idl
[399.652s] -- Symlinking: /home/dolphiinn/ros2_ws/install/px4_msgs/share/px4_msgs/msg/OpenDroneIdSelfId.idl
[399.658s] -- Symlinking: /home/dolphiinn/ros2_ws/install/px4_msgs/share/px4_msgs/msg/OpenDroneIdSystem.idl
[399.664s] -- Symlinking: /home/dolphiinn/ros2_ws/install/px4_msgs/share/px4_msgs/msg/OrbTest.idl
[399.669s] -- Symlinking: /home/dolphiinn/ros2_ws/install/px4_msgs/share/px4_msgs/msg/OrbTestLarge.idl
[399.675s] -- Symlinking: /home/dolphiinn/ros2_ws/install/px4_msgs/share/px4_msgs/msg/OrbTestMedium.idl
[399.681s] -- Symlinking: /home/dolphiinn/ros2_ws/install/px4_msgs/share/px4_msgs/msg/OrbitStatus.idl
[399.687s] -- Symlinking: /home/dolphiinn/ros2_ws/install/px4_msgs/share/px4_msgs/msg/ParameterResetRequest.idl
[399.693s] -- Symlinking: /home/dolphiinn/ros2_ws/install/px4_msgs/share/px4_msgs/msg/ParameterSetUsedRequest.idl
[399.699s] -- Symlinking: /home/dolphiinn/ros2_ws/install/px4_msgs/share/px4_msgs/msg/ParameterSetValueRequest.idl
[399.704s] -- Symlinking: /home/dolphiinn/ros2_ws/install/px4_msgs/share/px4_msgs/msg/ParameterSetValueResponse.idl
[399.710s] -- Symlinking: /home/dolphiinn/ros2_ws/install/px4_msgs/share/px4_msgs/msg/ParameterUpdate.idl
[399.717s] -- Symlinking: /home/dolphiinn/ros2_ws/install/px4_msgs/share/px4_msgs/msg/Ping.idl
[399.722s] -- Symlinking: /home/dolphiinn/ros2_ws/install/px4_msgs/share/px4_msgs/msg/PositionControllerLandingStatus.idl
[399.728s] -- Symlinking: /home/dolphiinn/ros2_ws/install/px4_msgs/share/px4_msgs/msg/PositionControllerStatus.idl
[399.734s] -- Symlinking: /home/dolphiinn/ros2_ws/install/px4_msgs/share/px4_msgs/msg/PositionSetpoint.idl
[399.748s] -- Symlinking: /home/dolphiinn/ros2_ws/install/px4_msgs/share/px4_msgs/msg/PositionSetpointTriplet.idl
[399.754s] -- Symlinking: /home/dolphiinn/ros2_ws/install/px4_msgs/share/px4_msgs/msg/PowerButtonState.idl
[399.760s] -- Symlinking: /home/dolphiinn/ros2_ws/install/px4_msgs/share/px4_msgs/msg/PowerMonitor.idl
[399.766s] -- Symlinking: /home/dolphiinn/ros2_ws/install/px4_msgs/share/px4_msgs/msg/PpsCapture.idl
[399.772s] -- Symlinking: /home/dolphiinn/ros2_ws/install/px4_msgs/share/px4_msgs/msg/PurePursuitStatus.idl
[399.778s] -- Symlinking: /home/dolphiinn/ros2_ws/install/px4_msgs/share/px4_msgs/msg/PwmInput.idl
[399.783s] -- Symlinking: /home/dolphiinn/ros2_ws/install/px4_msgs/share/px4_msgs/msg/Px4ioStatus.idl
[399.789s] -- Symlinking: /home/dolphiinn/ros2_ws/install/px4_msgs/share/px4_msgs/msg/QshellReq.idl
[399.797s] -- Symlinking: /home/dolphiinn/ros2_ws/install/px4_msgs/share/px4_msgs/msg/QshellRetval.idl
[399.803s] -- Symlinking: /home/dolphiinn/ros2_ws/install/px4_msgs/share/px4_msgs/msg/RadioStatus.idl
[399.810s] -- Symlinking: /home/dolphiinn/ros2_ws/install/px4_msgs/share/px4_msgs/msg/RateCtrlStatus.idl
[399.816s] -- Symlinking: /home/dolphiinn/ros2_ws/install/px4_msgs/share/px4_msgs/msg/RcChannels.idl
[399.822s] -- Symlinking: /home/dolphiinn/ros2_ws/install/px4_msgs/share/px4_msgs/msg/RcParameterMap.idl
[399.828s] -- Symlinking: /home/dolphiinn/ros2_ws/install/px4_msgs/share/px4_msgs/msg/RegisterExtComponentReply.idl
[399.834s] -- Symlinking: /home/dolphiinn/ros2_ws/install/px4_msgs/share/px4_msgs/msg/RegisterExtComponentRequest.idl
[399.840s] -- Symlinking: /home/dolphiinn/ros2_ws/install/px4_msgs/share/px4_msgs/msg/RoverAttitudeSetpoint.idl
[399.846s] -- Symlinking: /home/dolphiinn/ros2_ws/install/px4_msgs/share/px4_msgs/msg/RoverAttitudeStatus.idl
[399.852s] -- Symlinking: /home/dolphiinn/ros2_ws/install/px4_msgs/share/px4_msgs/msg/RoverPositionSetpoint.idl
[399.858s] -- Symlinking: /home/dolphiinn/ros2_ws/install/px4_msgs/share/px4_msgs/msg/RoverRateSetpoint.idl
[399.864s] -- Symlinking: /home/dolphiinn/ros2_ws/install/px4_msgs/share/px4_msgs/msg/RoverRateStatus.idl
[399.869s] -- Symlinking: /home/dolphiinn/ros2_ws/install/px4_msgs/share/px4_msgs/msg/RoverSpeedSetpoint.idl
[399.875s] -- Symlinking: /home/dolphiinn/ros2_ws/install/px4_msgs/share/px4_msgs/msg/RoverSpeedStatus.idl
[399.881s] -- Symlinking: /home/dolphiinn/ros2_ws/install/px4_msgs/share/px4_msgs/msg/RoverSteeringSetpoint.idl
[399.886s] -- Symlinking: /home/dolphiinn/ros2_ws/install/px4_msgs/share/px4_msgs/msg/RoverThrottleSetpoint.idl
[399.892s] -- Symlinking: /home/dolphiinn/ros2_ws/install/px4_msgs/share/px4_msgs/msg/Rpm.idl
[399.898s] -- Symlinking: /home/dolphiinn/ros2_ws/install/px4_msgs/share/px4_msgs/msg/RtlStatus.idl
[399.904s] -- Symlinking: /home/dolphiinn/ros2_ws/install/px4_msgs/share/px4_msgs/msg/RtlTimeEstimate.idl
[399.910s] -- Symlinking: /home/dolphiinn/ros2_ws/install/px4_msgs/share/px4_msgs/msg/SatelliteInfo.idl
[399.915s] -- Symlinking: /home/dolphiinn/ros2_ws/install/px4_msgs/share/px4_msgs/msg/SensorAccel.idl
[399.921s] -- Symlinking: /home/dolphiinn/ros2_ws/install/px4_msgs/share/px4_msgs/msg/SensorAccelFifo.idl
[399.927s] -- Symlinking: /home/dolphiinn/ros2_ws/install/px4_msgs/share/px4_msgs/msg/SensorAirflow.idl
[399.933s] -- Symlinking: /home/dolphiinn/ros2_ws/install/px4_msgs/share/px4_msgs/msg/SensorBaro.idl
[399.950s] -- Symlinking: /home/dolphiinn/ros2_ws/install/px4_msgs/share/px4_msgs/msg/SensorCombined.idl
[399.957s] -- Symlinking: /home/dolphiinn/ros2_ws/install/px4_msgs/share/px4_msgs/msg/SensorCorrection.idl
[399.963s] -- Symlinking: /home/dolphiinn/ros2_ws/install/px4_msgs/share/px4_msgs/msg/SensorGnssRelative.idl
[399.968s] -- Symlinking: /home/dolphiinn/ros2_ws/install/px4_msgs/share/px4_msgs/msg/SensorGnssStatus.idl
[399.974s] -- Symlinking: /home/dolphiinn/ros2_ws/install/px4_msgs/share/px4_msgs/msg/SensorGps.idl
[399.980s] -- Symlinking: /home/dolphiinn/ros2_ws/install/px4_msgs/share/px4_msgs/msg/SensorGyro.idl
[399.986s] -- Symlinking: /home/dolphiinn/ros2_ws/install/px4_msgs/share/px4_msgs/msg/SensorGyroFft.idl
[399.992s] -- Symlinking: /home/dolphiinn/ros2_ws/install/px4_msgs/share/px4_msgs/msg/SensorGyroFifo.idl
[399.998s] -- Symlinking: /home/dolphiinn/ros2_ws/install/px4_msgs/share/px4_msgs/msg/SensorHygrometer.idl
[400.003s] -- Symlinking: /home/dolphiinn/ros2_ws/install/px4_msgs/share/px4_msgs/msg/SensorMag.idl
[400.009s] -- Symlinking: /home/dolphiinn/ros2_ws/install/px4_msgs/share/px4_msgs/msg/SensorOpticalFlow.idl
[400.015s] -- Symlinking: /home/dolphiinn/ros2_ws/install/px4_msgs/share/px4_msgs/msg/SensorPreflightMag.idl
[400.021s] -- Symlinking: /home/dolphiinn/ros2_ws/install/px4_msgs/share/px4_msgs/msg/SensorSelection.idl
[400.027s] -- Symlinking: /home/dolphiinn/ros2_ws/install/px4_msgs/share/px4_msgs/msg/SensorUwb.idl
[400.033s] -- Symlinking: /home/dolphiinn/ros2_ws/install/px4_msgs/share/px4_msgs/msg/SensorsStatus.idl
[400.038s] -- Symlinking: /home/dolphiinn/ros2_ws/install/px4_msgs/share/px4_msgs/msg/SensorsStatusImu.idl
[400.044s] -- Symlinking: /home/dolphiinn/ros2_ws/install/px4_msgs/share/px4_msgs/msg/SystemPower.idl
[400.050s] -- Symlinking: /home/dolphiinn/ros2_ws/install/px4_msgs/share/px4_msgs/msg/TakeoffStatus.idl
[400.056s] -- Symlinking: /home/dolphiinn/ros2_ws/install/px4_msgs/share/px4_msgs/msg/TaskStackInfo.idl
[400.062s] -- Symlinking: /home/dolphiinn/ros2_ws/install/px4_msgs/share/px4_msgs/msg/TecsStatus.idl
[400.068s] -- Symlinking: /home/dolphiinn/ros2_ws/install/px4_msgs/share/px4_msgs/msg/TelemetryStatus.idl
[400.073s] -- Symlinking: /home/dolphiinn/ros2_ws/install/px4_msgs/share/px4_msgs/msg/TiltrotorExtraControls.idl
[400.079s] -- Symlinking: /home/dolphiinn/ros2_ws/install/px4_msgs/share/px4_msgs/msg/TimesyncStatus.idl
[400.085s] -- Symlinking: /home/dolphiinn/ros2_ws/install/px4_msgs/share/px4_msgs/msg/TrajectorySetpoint.idl
[400.091s] -- Symlinking: /home/dolphiinn/ros2_ws/install/px4_msgs/share/px4_msgs/msg/TrajectorySetpoint6dof.idl
[400.097s] -- Symlinking: /home/dolphiinn/ros2_ws/install/px4_msgs/share/px4_msgs/msg/TransponderReport.idl
[400.103s] -- Symlinking: /home/dolphiinn/ros2_ws/install/px4_msgs/share/px4_msgs/msg/TuneControl.idl
[400.109s] -- Symlinking: /home/dolphiinn/ros2_ws/install/px4_msgs/share/px4_msgs/msg/UavcanParameterRequest.idl
[400.115s] -- Symlinking: /home/dolphiinn/ros2_ws/install/px4_msgs/share/px4_msgs/msg/UavcanParameterValue.idl
[400.121s] -- Symlinking: /home/dolphiinn/ros2_ws/install/px4_msgs/share/px4_msgs/msg/UlogStream.idl
[400.127s] -- Symlinking: /home/dolphiinn/ros2_ws/install/px4_msgs/share/px4_msgs/msg/UlogStreamAck.idl
[400.133s] -- Symlinking: /home/dolphiinn/ros2_ws/install/px4_msgs/share/px4_msgs/msg/UnregisterExtComponent.idl
[400.139s] -- Symlinking: /home/dolphiinn/ros2_ws/install/px4_msgs/share/px4_msgs/msg/VehicleAcceleration.idl
[400.145s] -- Symlinking: /home/dolphiinn/ros2_ws/install/px4_msgs/share/px4_msgs/msg/VehicleAirData.idl
[400.151s] -- Symlinking: /home/dolphiinn/ros2_ws/install/px4_msgs/share/px4_msgs/msg/VehicleAngularAccelerationSetpoint.idl
[400.157s] -- Symlinking: /home/dolphiinn/ros2_ws/install/px4_msgs/share/px4_msgs/msg/VehicleAngularVelocity.idl
[400.162s] -- Symlinking: /home/dolphiinn/ros2_ws/install/px4_msgs/share/px4_msgs/msg/VehicleAttitude.idl
[400.168s] -- Symlinking: /home/dolphiinn/ros2_ws/install/px4_msgs/share/px4_msgs/msg/VehicleAttitudeSetpoint.idl
[400.174s] -- Symlinking: /home/dolphiinn/ros2_ws/install/px4_msgs/share/px4_msgs/msg/VehicleCommand.idl
[400.180s] -- Symlinking: /home/dolphiinn/ros2_ws/install/px4_msgs/share/px4_msgs/msg/VehicleCommandAck.idl
[400.186s] -- Symlinking: /home/dolphiinn/ros2_ws/install/px4_msgs/share/px4_msgs/msg/VehicleConstraints.idl
[400.191s] -- Symlinking: /home/dolphiinn/ros2_ws/install/px4_msgs/share/px4_msgs/msg/VehicleControlMode.idl
[400.197s] -- Symlinking: /home/dolphiinn/ros2_ws/install/px4_msgs/share/px4_msgs/msg/VehicleGlobalPosition.idl
[400.203s] -- Symlinking: /home/dolphiinn/ros2_ws/install/px4_msgs/share/px4_msgs/msg/VehicleImu.idl
[400.209s] -- Symlinking: /home/dolphiinn/ros2_ws/install/px4_msgs/share/px4_msgs/msg/VehicleImuStatus.idl
[400.215s] -- Symlinking: /home/dolphiinn/ros2_ws/install/px4_msgs/share/px4_msgs/msg/VehicleLandDetected.idl
[400.221s] -- Symlinking: /home/dolphiinn/ros2_ws/install/px4_msgs/share/px4_msgs/msg/VehicleLocalPosition.idl
[400.226s] -- Symlinking: /home/dolphiinn/ros2_ws/install/px4_msgs/share/px4_msgs/msg/VehicleLocalPositionSetpoint.idl
[400.232s] -- Symlinking: /home/dolphiinn/ros2_ws/install/px4_msgs/share/px4_msgs/msg/VehicleMagnetometer.idl
[400.238s] -- Symlinking: /home/dolphiinn/ros2_ws/install/px4_msgs/share/px4_msgs/msg/VehicleOdometry.idl
[400.244s] -- Symlinking: /home/dolphiinn/ros2_ws/install/px4_msgs/share/px4_msgs/msg/VehicleOpticalFlow.idl
[400.250s] -- Symlinking: /home/dolphiinn/ros2_ws/install/px4_msgs/share/px4_msgs/msg/VehicleOpticalFlowVel.idl
[400.256s] -- Symlinking: /home/dolphiinn/ros2_ws/install/px4_msgs/share/px4_msgs/msg/VehicleRatesSetpoint.idl
[400.261s] -- Symlinking: /home/dolphiinn/ros2_ws/install/px4_msgs/share/px4_msgs/msg/VehicleRoi.idl
[400.267s] -- Symlinking: /home/dolphiinn/ros2_ws/install/px4_msgs/share/px4_msgs/msg/VehicleStatus.idl
[400.272s] -- Symlinking: /home/dolphiinn/ros2_ws/install/px4_msgs/share/px4_msgs/msg/VehicleThrustSetpoint.idl
[400.278s] -- Symlinking: /home/dolphiinn/ros2_ws/install/px4_msgs/share/px4_msgs/msg/VehicleTorqueSetpoint.idl
[400.284s] -- Symlinking: /home/dolphiinn/ros2_ws/install/px4_msgs/share/px4_msgs/msg/VelocityLimits.idl
[400.290s] -- Symlinking: /home/dolphiinn/ros2_ws/install/px4_msgs/share/px4_msgs/msg/VtolVehicleStatus.idl
[400.296s] -- Symlinking: /home/dolphiinn/ros2_ws/install/px4_msgs/share/px4_msgs/msg/WheelEncoders.idl
[400.301s] -- Symlinking: /home/dolphiinn/ros2_ws/install/px4_msgs/share/px4_msgs/msg/Wind.idl
[400.307s] -- Symlinking: /home/dolphiinn/ros2_ws/install/px4_msgs/share/px4_msgs/msg/YawEstimatorStatus.idl
[400.313s] -- Symlinking: /home/dolphiinn/ros2_ws/install/px4_msgs/share/px4_msgs/srv/VehicleCommand.idl
[400.319s] -- Symlinking: /home/dolphiinn/ros2_ws/install/px4_msgs/share/px4_msgs/msg/ActionRequest.msg
[400.324s] -- Symlinking: /home/dolphiinn/ros2_ws/install/px4_msgs/share/px4_msgs/msg/ActuatorArmed.msg
[400.330s] -- Symlinking: /home/dolphiinn/ros2_ws/install/px4_msgs/share/px4_msgs/msg/ActuatorControlsStatus.msg
[400.336s] -- Symlinking: /home/dolphiinn/ros2_ws/install/px4_msgs/share/px4_msgs/msg/ActuatorMotors.msg
[400.341s] -- Symlinking: /home/dolphiinn/ros2_ws/install/px4_msgs/share/px4_msgs/msg/ActuatorOutputs.msg
[400.347s] -- Symlinking: /home/dolphiinn/ros2_ws/install/px4_msgs/share/px4_msgs/msg/ActuatorServos.msg
[400.353s] -- Symlinking: /home/dolphiinn/ros2_ws/install/px4_msgs/share/px4_msgs/msg/ActuatorServosTrim.msg
[400.359s] -- Symlinking: /home/dolphiinn/ros2_ws/install/px4_msgs/share/px4_msgs/msg/ActuatorTest.msg
[400.365s] -- Symlinking: /home/dolphiinn/ros2_ws/install/px4_msgs/share/px4_msgs/msg/AdcReport.msg
[400.371s] -- Symlinking: /home/dolphiinn/ros2_ws/install/px4_msgs/share/px4_msgs/msg/Airspeed.msg
[400.377s] -- Symlinking: /home/dolphiinn/ros2_ws/install/px4_msgs/share/px4_msgs/msg/AirspeedValidated.msg
[400.383s] -- Symlinking: /home/dolphiinn/ros2_ws/install/px4_msgs/share/px4_msgs/msg/AirspeedWind.msg
[400.388s] -- Symlinking: /home/dolphiinn/ros2_ws/install/px4_msgs/share/px4_msgs/msg/ArmingCheckReply.msg
[400.394s] -- Symlinking: /home/dolphiinn/ros2_ws/install/px4_msgs/share/px4_msgs/msg/ArmingCheckRequest.msg
[400.400s] -- Symlinking: /home/dolphiinn/ros2_ws/install/px4_msgs/share/px4_msgs/msg/AutotuneAttitudeControlStatus.msg
[400.406s] -- Symlinking: /home/dolphiinn/ros2_ws/install/px4_msgs/share/px4_msgs/msg/BatteryInfo.msg
[400.412s] -- Symlinking: /home/dolphiinn/ros2_ws/install/px4_msgs/share/px4_msgs/msg/BatteryStatus.msg
[400.418s] -- Symlinking: /home/dolphiinn/ros2_ws/install/px4_msgs/share/px4_msgs/msg/ButtonEvent.msg
[400.424s] -- Symlinking: /home/dolphiinn/ros2_ws/install/px4_msgs/share/px4_msgs/msg/CameraCapture.msg
[400.430s] -- Symlinking: /home/dolphiinn/ros2_ws/install/px4_msgs/share/px4_msgs/msg/CameraStatus.msg
[400.435s] -- Symlinking: /home/dolphiinn/ros2_ws/install/px4_msgs/share/px4_msgs/msg/CameraTrigger.msg
[400.441s] -- Symlinking: /home/dolphiinn/ros2_ws/install/px4_msgs/share/px4_msgs/msg/CanInterfaceStatus.msg
[400.447s] -- Symlinking: /home/dolphiinn/ros2_ws/install/px4_msgs/share/px4_msgs/msg/CellularStatus.msg
[400.453s] -- Symlinking: /home/dolphiinn/ros2_ws/install/px4_msgs/share/px4_msgs/msg/CollisionConstraints.msg
[400.459s] -- Symlinking: /home/dolphiinn/ros2_ws/install/px4_msgs/share/px4_msgs/msg/ConfigOverrides.msg
[400.465s] -- Symlinking: /home/dolphiinn/ros2_ws/install/px4_msgs/share/px4_msgs/msg/ControlAllocatorStatus.msg
[400.470s] -- Symlinking: /home/dolphiinn/ros2_ws/install/px4_msgs/share/px4_msgs/msg/Cpuload.msg
[400.476s] -- Symlinking: /home/dolphiinn/ros2_ws/install/px4_msgs/share/px4_msgs/msg/DatamanRequest.msg
[400.482s] -- Symlinking: /home/dolphiinn/ros2_ws/install/px4_msgs/share/px4_msgs/msg/DatamanResponse.msg
[400.488s] -- Symlinking: /home/dolphiinn/ros2_ws/install/px4_msgs/share/px4_msgs/msg/DebugArray.msg
[400.494s] -- Symlinking: /home/dolphiinn/ros2_ws/install/px4_msgs/share/px4_msgs/msg/DebugKeyValue.msg
[400.499s] -- Symlinking: /home/dolphiinn/ros2_ws/install/px4_msgs/share/px4_msgs/msg/DebugValue.msg
[400.505s] -- Symlinking: /home/dolphiinn/ros2_ws/install/px4_msgs/share/px4_msgs/msg/DebugVect.msg
[400.511s] -- Symlinking: /home/dolphiinn/ros2_ws/install/px4_msgs/share/px4_msgs/msg/DifferentialPressure.msg
[400.517s] -- Symlinking: /home/dolphiinn/ros2_ws/install/px4_msgs/share/px4_msgs/msg/DistanceSensor.msg
[400.523s] -- Symlinking: /home/dolphiinn/ros2_ws/install/px4_msgs/share/px4_msgs/msg/DistanceSensorModeChangeRequest.msg
[400.529s] -- Symlinking: /home/dolphiinn/ros2_ws/install/px4_msgs/share/px4_msgs/msg/DronecanNodeStatus.msg
[400.535s] -- Symlinking: /home/dolphiinn/ros2_ws/install/px4_msgs/share/px4_msgs/msg/Ekf2Timestamps.msg
[400.540s] -- Symlinking: /home/dolphiinn/ros2_ws/install/px4_msgs/share/px4_msgs/msg/EscReport.msg
[400.546s] -- Symlinking: /home/dolphiinn/ros2_ws/install/px4_msgs/share/px4_msgs/msg/EscStatus.msg
[400.552s] -- Symlinking: /home/dolphiinn/ros2_ws/install/px4_msgs/share/px4_msgs/msg/EstimatorAidSource1d.msg
[400.558s] -- Symlinking: /home/dolphiinn/ros2_ws/install/px4_msgs/share/px4_msgs/msg/EstimatorAidSource2d.msg
[400.564s] -- Symlinking: /home/dolphiinn/ros2_ws/install/px4_msgs/share/px4_msgs/msg/EstimatorAidSource3d.msg
[400.570s] -- Symlinking: /home/dolphiinn/ros2_ws/install/px4_msgs/share/px4_msgs/msg/EstimatorBias.msg
[400.576s] -- Symlinking: /home/dolphiinn/ros2_ws/install/px4_msgs/share/px4_msgs/msg/EstimatorBias3d.msg
[400.582s] -- Symlinking: /home/dolphiinn/ros2_ws/install/px4_msgs/share/px4_msgs/msg/EstimatorEventFlags.msg
[400.588s] -- Symlinking: /home/dolphiinn/ros2_ws/install/px4_msgs/share/px4_msgs/msg/EstimatorGpsStatus.msg
[400.594s] -- Symlinking: /home/dolphiinn/ros2_ws/install/px4_msgs/share/px4_msgs/msg/EstimatorInnovations.msg
[400.600s] -- Symlinking: /home/dolphiinn/ros2_ws/install/px4_msgs/share/px4_msgs/msg/EstimatorSelectorStatus.msg
[400.606s] -- Symlinking: /home/dolphiinn/ros2_ws/install/px4_msgs/share/px4_msgs/msg/EstimatorSensorBias.msg
[400.611s] -- Symlinking: /home/dolphiinn/ros2_ws/install/px4_msgs/share/px4_msgs/msg/EstimatorStates.msg
[400.618s] -- Symlinking: /home/dolphiinn/ros2_ws/install/px4_msgs/share/px4_msgs/msg/EstimatorStatus.msg
[400.624s] -- Symlinking: /home/dolphiinn/ros2_ws/install/px4_msgs/share/px4_msgs/msg/EstimatorStatusFlags.msg
[400.630s] -- Symlinking: /home/dolphiinn/ros2_ws/install/px4_msgs/share/px4_msgs/msg/Event.msg
[400.636s] -- Symlinking: /home/dolphiinn/ros2_ws/install/px4_msgs/share/px4_msgs/msg/FailsafeFlags.msg
[400.641s] -- Symlinking: /home/dolphiinn/ros2_ws/install/px4_msgs/share/px4_msgs/msg/FailureDetectorStatus.msg
[400.647s] -- Symlinking: /home/dolphiinn/ros2_ws/install/px4_msgs/share/px4_msgs/msg/FigureEightStatus.msg
[400.653s] -- Symlinking: /home/dolphiinn/ros2_ws/install/px4_msgs/share/px4_msgs/msg/FixedWingLateralGuidanceStatus.msg
[400.659s] -- Symlinking: /home/dolphiinn/ros2_ws/install/px4_msgs/share/px4_msgs/msg/FixedWingLateralSetpoint.msg
[400.665s] -- Symlinking: /home/dolphiinn/ros2_ws/install/px4_msgs/share/px4_msgs/msg/FixedWingLateralStatus.msg
[400.671s] -- Symlinking: /home/dolphiinn/ros2_ws/install/px4_msgs/share/px4_msgs/msg/FixedWingLongitudinalSetpoint.msg
[400.676s] -- Symlinking: /home/dolphiinn/ros2_ws/install/px4_msgs/share/px4_msgs/msg/FixedWingRunwayControl.msg
[400.682s] -- Symlinking: /home/dolphiinn/ros2_ws/install/px4_msgs/share/px4_msgs/msg/FlightPhaseEstimation.msg
[400.688s] -- Symlinking: /home/dolphiinn/ros2_ws/install/px4_msgs/share/px4_msgs/msg/FollowTarget.msg
[400.694s] -- Symlinking: /home/dolphiinn/ros2_ws/install/px4_msgs/share/px4_msgs/msg/FollowTargetEstimator.msg
[400.700s] -- Symlinking: /home/dolphiinn/ros2_ws/install/px4_msgs/share/px4_msgs/msg/FollowTargetStatus.msg
[400.706s] -- Symlinking: /home/dolphiinn/ros2_ws/install/px4_msgs/share/px4_msgs/msg/FuelTankStatus.msg
[400.712s] -- Symlinking: /home/dolphiinn/ros2_ws/install/px4_msgs/share/px4_msgs/msg/GeneratorStatus.msg
[400.718s] -- Symlinking: /home/dolphiinn/ros2_ws/install/px4_msgs/share/px4_msgs/msg/GeofenceResult.msg
[400.724s] -- Symlinking: /home/dolphiinn/ros2_ws/install/px4_msgs/share/px4_msgs/msg/GeofenceStatus.msg
[400.730s] -- Symlinking: /home/dolphiinn/ros2_ws/install/px4_msgs/share/px4_msgs/msg/GimbalControls.msg
[400.735s] -- Symlinking: /home/dolphiinn/ros2_ws/install/px4_msgs/share/px4_msgs/msg/GimbalDeviceAttitudeStatus.msg
[400.741s] -- Symlinking: /home/dolphiinn/ros2_ws/install/px4_msgs/share/px4_msgs/msg/GimbalDeviceInformation.msg
[400.747s] -- Symlinking: /home/dolphiinn/ros2_ws/install/px4_msgs/share/px4_msgs/msg/GimbalDeviceSetAttitude.msg
[400.753s] -- Symlinking: /home/dolphiinn/ros2_ws/install/px4_msgs/share/px4_msgs/msg/GimbalManagerInformation.msg
[400.759s] -- Symlinking: /home/dolphiinn/ros2_ws/install/px4_msgs/share/px4_msgs/msg/GimbalManagerSetAttitude.msg
[400.765s] -- Symlinking: /home/dolphiinn/ros2_ws/install/px4_msgs/share/px4_msgs/msg/GimbalManagerSetManualControl.msg
[400.771s] -- Symlinking: /home/dolphiinn/ros2_ws/install/px4_msgs/share/px4_msgs/msg/GimbalManagerStatus.msg
[400.776s] -- Symlinking: /home/dolphiinn/ros2_ws/install/px4_msgs/share/px4_msgs/msg/GotoSetpoint.msg
[400.782s] -- Symlinking: /home/dolphiinn/ros2_ws/install/px4_msgs/share/px4_msgs/msg/GpioConfig.msg
[400.788s] -- Symlinking: /home/dolphiinn/ros2_ws/install/px4_msgs/share/px4_msgs/msg/GpioIn.msg
[400.794s] -- Symlinking: /home/dolphiinn/ros2_ws/install/px4_msgs/share/px4_msgs/msg/GpioOut.msg
[400.800s] -- Symlinking: /home/dolphiinn/ros2_ws/install/px4_msgs/share/px4_msgs/msg/GpioRequest.msg
[400.805s] -- Symlinking: /home/dolphiinn/ros2_ws/install/px4_msgs/share/px4_msgs/msg/GpsDump.msg
[400.811s] -- Symlinking: /home/dolphiinn/ros2_ws/install/px4_msgs/share/px4_msgs/msg/GpsInjectData.msg
[400.817s] -- Symlinking: /home/dolphiinn/ros2_ws/install/px4_msgs/share/px4_msgs/msg/Gripper.msg
[400.823s] -- Symlinking: /home/dolphiinn/ros2_ws/install/px4_msgs/share/px4_msgs/msg/HealthReport.msg
[400.828s] -- Symlinking: /home/dolphiinn/ros2_ws/install/px4_msgs/share/px4_msgs/msg/HeaterStatus.msg
[400.834s] -- Symlinking: /home/dolphiinn/ros2_ws/install/px4_msgs/share/px4_msgs/msg/HomePosition.msg
[400.840s] -- Symlinking: /home/dolphiinn/ros2_ws/install/px4_msgs/share/px4_msgs/msg/HoverThrustEstimate.msg
[400.846s] -- Symlinking: /home/dolphiinn/ros2_ws/install/px4_msgs/share/px4_msgs/msg/InputRc.msg
[400.852s] -- Symlinking: /home/dolphiinn/ros2_ws/install/px4_msgs/share/px4_msgs/msg/InternalCombustionEngineControl.msg
[400.858s] -- Symlinking: /home/dolphiinn/ros2_ws/install/px4_msgs/share/px4_msgs/msg/InternalCombustionEngineStatus.msg
[400.864s] -- Symlinking: /home/dolphiinn/ros2_ws/install/px4_msgs/share/px4_msgs/msg/IridiumsbdStatus.msg
[400.870s] -- Symlinking: /home/dolphiinn/ros2_ws/install/px4_msgs/share/px4_msgs/msg/IrlockReport.msg
[400.876s] -- Symlinking: /home/dolphiinn/ros2_ws/install/px4_msgs/share/px4_msgs/msg/LandingGear.msg
[400.882s] -- Symlinking: /home/dolphiinn/ros2_ws/install/px4_msgs/share/px4_msgs/msg/LandingGearWheel.msg
[400.888s] -- Symlinking: /home/dolphiinn/ros2_ws/install/px4_msgs/share/px4_msgs/msg/LandingTargetInnovations.msg
[400.894s] -- Symlinking: /home/dolphiinn/ros2_ws/install/px4_msgs/share/px4_msgs/msg/LandingTargetPose.msg
[400.899s] -- Symlinking: /home/dolphiinn/ros2_ws/install/px4_msgs/share/px4_msgs/msg/LateralControlConfiguration.msg
[400.905s] -- Symlinking: /home/dolphiinn/ros2_ws/install/px4_msgs/share/px4_msgs/msg/LaunchDetectionStatus.msg
[400.911s] -- Symlinking: /home/dolphiinn/ros2_ws/install/px4_msgs/share/px4_msgs/msg/LedControl.msg
[400.916s] -- Symlinking: /home/dolphiinn/ros2_ws/install/px4_msgs/share/px4_msgs/msg/LogMessage.msg
[400.922s] -- Symlinking: /home/dolphiinn/ros2_ws/install/px4_msgs/share/px4_msgs/msg/LoggerStatus.msg
[400.927s] -- Symlinking: /home/dolphiinn/ros2_ws/install/px4_msgs/share/px4_msgs/msg/LongitudinalControlConfiguration.msg
[400.933s] -- Symlinking: /home/dolphiinn/ros2_ws/install/px4_msgs/share/px4_msgs/msg/MagWorkerData.msg
[400.939s] -- Symlinking: /home/dolphiinn/ros2_ws/install/px4_msgs/share/px4_msgs/msg/MagnetometerBiasEstimate.msg
[400.945s] -- Symlinking: /home/dolphiinn/ros2_ws/install/px4_msgs/share/px4_msgs/msg/ManualControlSetpoint.msg
[400.950s] -- Symlinking: /home/dolphiinn/ros2_ws/install/px4_msgs/share/px4_msgs/msg/ManualControlSwitches.msg
[400.956s] -- Symlinking: /home/dolphiinn/ros2_ws/install/px4_msgs/share/px4_msgs/msg/MavlinkLog.msg
[400.962s] -- Symlinking: /home/dolphiinn/ros2_ws/install/px4_msgs/share/px4_msgs/msg/MavlinkTunnel.msg
[400.967s] -- Symlinking: /home/dolphiinn/ros2_ws/install/px4_msgs/share/px4_msgs/msg/MessageFormatRequest.msg
[400.973s] -- Symlinking: /home/dolphiinn/ros2_ws/install/px4_msgs/share/px4_msgs/msg/MessageFormatResponse.msg
[400.979s] -- Symlinking: /home/dolphiinn/ros2_ws/install/px4_msgs/share/px4_msgs/msg/Mission.msg
[400.984s] -- Symlinking: /home/dolphiinn/ros2_ws/install/px4_msgs/share/px4_msgs/msg/MissionResult.msg
[400.990s] -- Symlinking: /home/dolphiinn/ros2_ws/install/px4_msgs/share/px4_msgs/msg/ModeCompleted.msg
[400.995s] -- Symlinking: /home/dolphiinn/ros2_ws/install/px4_msgs/share/px4_msgs/msg/MountOrientation.msg
[401.001s] -- Symlinking: /home/dolphiinn/ros2_ws/install/px4_msgs/share/px4_msgs/msg/NavigatorMissionItem.msg
[401.007s] -- Symlinking: /home/dolphiinn/ros2_ws/install/px4_msgs/share/px4_msgs/msg/NavigatorStatus.msg
[401.012s] -- Symlinking: /home/dolphiinn/ros2_ws/install/px4_msgs/share/px4_msgs/msg/NeuralControl.msg
[401.018s] -- Symlinking: /home/dolphiinn/ros2_ws/install/px4_msgs/share/px4_msgs/msg/NormalizedUnsignedSetpoint.msg
[401.023s] -- Symlinking: /home/dolphiinn/ros2_ws/install/px4_msgs/share/px4_msgs/msg/ObstacleDistance.msg
[401.029s] -- Symlinking: /home/dolphiinn/ros2_ws/install/px4_msgs/share/px4_msgs/msg/OffboardControlMode.msg
[401.034s] -- Symlinking: /home/dolphiinn/ros2_ws/install/px4_msgs/share/px4_msgs/msg/OnboardComputerStatus.msg
[401.040s] -- Symlinking: /home/dolphiinn/ros2_ws/install/px4_msgs/share/px4_msgs/msg/OpenDroneIdArmStatus.msg
[401.046s] -- Symlinking: /home/dolphiinn/ros2_ws/install/px4_msgs/share/px4_msgs/msg/OpenDroneIdOperatorId.msg
[401.052s] -- Symlinking: /home/dolphiinn/ros2_ws/install/px4_msgs/share/px4_msgs/msg/OpenDroneIdSelfId.msg
[401.058s] -- Symlinking: /home/dolphiinn/ros2_ws/install/px4_msgs/share/px4_msgs/msg/OpenDroneIdSystem.msg
[401.063s] -- Symlinking: /home/dolphiinn/ros2_ws/install/px4_msgs/share/px4_msgs/msg/OrbTest.msg
[401.069s] -- Symlinking: /home/dolphiinn/ros2_ws/install/px4_msgs/share/px4_msgs/msg/OrbTestLarge.msg
[401.075s] -- Symlinking: /home/dolphiinn/ros2_ws/install/px4_msgs/share/px4_msgs/msg/OrbTestMedium.msg
[401.081s] -- Symlinking: /home/dolphiinn/ros2_ws/install/px4_msgs/share/px4_msgs/msg/OrbitStatus.msg
[401.086s] -- Symlinking: /home/dolphiinn/ros2_ws/install/px4_msgs/share/px4_msgs/msg/ParameterResetRequest.msg
[401.092s] -- Symlinking: /home/dolphiinn/ros2_ws/install/px4_msgs/share/px4_msgs/msg/ParameterSetUsedRequest.msg
[401.098s] -- Symlinking: /home/dolphiinn/ros2_ws/install/px4_msgs/share/px4_msgs/msg/ParameterSetValueRequest.msg
[401.104s] -- Symlinking: /home/dolphiinn/ros2_ws/install/px4_msgs/share/px4_msgs/msg/ParameterSetValueResponse.msg
[401.110s] -- Symlinking: /home/dolphiinn/ros2_ws/install/px4_msgs/share/px4_msgs/msg/ParameterUpdate.msg
[401.116s] -- Symlinking: /home/dolphiinn/ros2_ws/install/px4_msgs/share/px4_msgs/msg/Ping.msg
[401.122s] -- Symlinking: /home/dolphiinn/ros2_ws/install/px4_msgs/share/px4_msgs/msg/PositionControllerLandingStatus.msg
[401.127s] -- Symlinking: /home/dolphiinn/ros2_ws/install/px4_msgs/share/px4_msgs/msg/PositionControllerStatus.msg
[401.133s] -- Symlinking: /home/dolphiinn/ros2_ws/install/px4_msgs/share/px4_msgs/msg/PositionSetpoint.msg
[401.139s] -- Symlinking: /home/dolphiinn/ros2_ws/install/px4_msgs/share/px4_msgs/msg/PositionSetpointTriplet.msg
[401.144s] -- Symlinking: /home/dolphiinn/ros2_ws/install/px4_msgs/share/px4_msgs/msg/PowerButtonState.msg
[401.150s] -- Symlinking: /home/dolphiinn/ros2_ws/install/px4_msgs/share/px4_msgs/msg/PowerMonitor.msg
[401.156s] -- Symlinking: /home/dolphiinn/ros2_ws/install/px4_msgs/share/px4_msgs/msg/PpsCapture.msg
[401.162s] -- Symlinking: /home/dolphiinn/ros2_ws/install/px4_msgs/share/px4_msgs/msg/PurePursuitStatus.msg
[401.168s] -- Symlinking: /home/dolphiinn/ros2_ws/install/px4_msgs/share/px4_msgs/msg/PwmInput.msg
[401.174s] -- Symlinking: /home/dolphiinn/ros2_ws/install/px4_msgs/share/px4_msgs/msg/Px4ioStatus.msg
[401.179s] -- Symlinking: /home/dolphiinn/ros2_ws/install/px4_msgs/share/px4_msgs/msg/QshellReq.msg
[401.185s] -- Symlinking: /home/dolphiinn/ros2_ws/install/px4_msgs/share/px4_msgs/msg/QshellRetval.msg
[401.191s] -- Symlinking: /home/dolphiinn/ros2_ws/install/px4_msgs/share/px4_msgs/msg/RadioStatus.msg
[401.197s] -- Symlinking: /home/dolphiinn/ros2_ws/install/px4_msgs/share/px4_msgs/msg/RateCtrlStatus.msg
[401.203s] -- Symlinking: /home/dolphiinn/ros2_ws/install/px4_msgs/share/px4_msgs/msg/RcChannels.msg
[401.209s] -- Symlinking: /home/dolphiinn/ros2_ws/install/px4_msgs/share/px4_msgs/msg/RcParameterMap.msg
[401.214s] -- Symlinking: /home/dolphiinn/ros2_ws/install/px4_msgs/share/px4_msgs/msg/RegisterExtComponentReply.msg
[401.220s] -- Symlinking: /home/dolphiinn/ros2_ws/install/px4_msgs/share/px4_msgs/msg/RegisterExtComponentRequest.msg
[401.226s] -- Symlinking: /home/dolphiinn/ros2_ws/install/px4_msgs/share/px4_msgs/msg/RoverAttitudeSetpoint.msg
[401.232s] -- Symlinking: /home/dolphiinn/ros2_ws/install/px4_msgs/share/px4_msgs/msg/RoverAttitudeStatus.msg
[401.238s] -- Symlinking: /home/dolphiinn/ros2_ws/install/px4_msgs/share/px4_msgs/msg/RoverPositionSetpoint.msg
[401.244s] -- Symlinking: /home/dolphiinn/ros2_ws/install/px4_msgs/share/px4_msgs/msg/RoverRateSetpoint.msg
[401.249s] -- Symlinking: /home/dolphiinn/ros2_ws/install/px4_msgs/share/px4_msgs/msg/RoverRateStatus.msg
[401.255s] -- Symlinking: /home/dolphiinn/ros2_ws/install/px4_msgs/share/px4_msgs/msg/RoverSpeedSetpoint.msg
[401.261s] -- Symlinking: /home/dolphiinn/ros2_ws/install/px4_msgs/share/px4_msgs/msg/RoverSpeedStatus.msg
[401.267s] -- Symlinking: /home/dolphiinn/ros2_ws/install/px4_msgs/share/px4_msgs/msg/RoverSteeringSetpoint.msg
[401.273s] -- Symlinking: /home/dolphiinn/ros2_ws/install/px4_msgs/share/px4_msgs/msg/RoverThrottleSetpoint.msg
[401.279s] -- Symlinking: /home/dolphiinn/ros2_ws/install/px4_msgs/share/px4_msgs/msg/Rpm.msg
[401.285s] -- Symlinking: /home/dolphiinn/ros2_ws/install/px4_msgs/share/px4_msgs/msg/RtlStatus.msg
[401.291s] -- Symlinking: /home/dolphiinn/ros2_ws/install/px4_msgs/share/px4_msgs/msg/RtlTimeEstimate.msg
[401.297s] -- Symlinking: /home/dolphiinn/ros2_ws/install/px4_msgs/share/px4_msgs/msg/SatelliteInfo.msg
[401.302s] -- Symlinking: /home/dolphiinn/ros2_ws/install/px4_msgs/share/px4_msgs/msg/SensorAccel.msg
[401.308s] -- Symlinking: /home/dolphiinn/ros2_ws/install/px4_msgs/share/px4_msgs/msg/SensorAccelFifo.msg
[401.314s] -- Symlinking: /home/dolphiinn/ros2_ws/install/px4_msgs/share/px4_msgs/msg/SensorAirflow.msg
[401.320s] -- Symlinking: /home/dolphiinn/ros2_ws/install/px4_msgs/share/px4_msgs/msg/SensorBaro.msg
[401.326s] -- Symlinking: /home/dolphiinn/ros2_ws/install/px4_msgs/share/px4_msgs/msg/SensorCombined.msg
[401.332s] -- Symlinking: /home/dolphiinn/ros2_ws/install/px4_msgs/share/px4_msgs/msg/SensorCorrection.msg
[401.337s] -- Symlinking: /home/dolphiinn/ros2_ws/install/px4_msgs/share/px4_msgs/msg/SensorGnssRelative.msg
[401.343s] -- Symlinking: /home/dolphiinn/ros2_ws/install/px4_msgs/share/px4_msgs/msg/SensorGnssStatus.msg
[401.349s] -- Symlinking: /home/dolphiinn/ros2_ws/install/px4_msgs/share/px4_msgs/msg/SensorGps.msg
[401.355s] -- Symlinking: /home/dolphiinn/ros2_ws/install/px4_msgs/share/px4_msgs/msg/SensorGyro.msg
[401.361s] -- Symlinking: /home/dolphiinn/ros2_ws/install/px4_msgs/share/px4_msgs/msg/SensorGyroFft.msg
[401.367s] -- Symlinking: /home/dolphiinn/ros2_ws/install/px4_msgs/share/px4_msgs/msg/SensorGyroFifo.msg
[401.372s] -- Symlinking: /home/dolphiinn/ros2_ws/install/px4_msgs/share/px4_msgs/msg/SensorHygrometer.msg
[401.378s] -- Symlinking: /home/dolphiinn/ros2_ws/install/px4_msgs/share/px4_msgs/msg/SensorMag.msg
[401.384s] -- Symlinking: /home/dolphiinn/ros2_ws/install/px4_msgs/share/px4_msgs/msg/SensorOpticalFlow.msg
[401.390s] -- Symlinking: /home/dolphiinn/ros2_ws/install/px4_msgs/share/px4_msgs/msg/SensorPreflightMag.msg
[401.395s] -- Symlinking: /home/dolphiinn/ros2_ws/install/px4_msgs/share/px4_msgs/msg/SensorSelection.msg
[401.401s] -- Symlinking: /home/dolphiinn/ros2_ws/install/px4_msgs/share/px4_msgs/msg/SensorUwb.msg
[401.407s] -- Symlinking: /home/dolphiinn/ros2_ws/install/px4_msgs/share/px4_msgs/msg/SensorsStatus.msg
[401.413s] -- Symlinking: /home/dolphiinn/ros2_ws/install/px4_msgs/share/px4_msgs/msg/SensorsStatusImu.msg
[401.418s] -- Symlinking: /home/dolphiinn/ros2_ws/install/px4_msgs/share/px4_msgs/msg/SystemPower.msg
[401.424s] -- Symlinking: /home/dolphiinn/ros2_ws/install/px4_msgs/share/px4_msgs/msg/TakeoffStatus.msg
[401.440s] -- Symlinking: /home/dolphiinn/ros2_ws/install/px4_msgs/share/px4_msgs/msg/TaskStackInfo.msg
[401.447s] -- Symlinking: /home/dolphiinn/ros2_ws/install/px4_msgs/share/px4_msgs/msg/TecsStatus.msg
[401.453s] -- Symlinking: /home/dolphiinn/ros2_ws/install/px4_msgs/share/px4_msgs/msg/TelemetryStatus.msg
[401.459s] -- Symlinking: /home/dolphiinn/ros2_ws/install/px4_msgs/share/px4_msgs/msg/TiltrotorExtraControls.msg
[401.466s] -- Symlinking: /home/dolphiinn/ros2_ws/install/px4_msgs/share/px4_msgs/msg/TimesyncStatus.msg
[401.472s] -- Symlinking: /home/dolphiinn/ros2_ws/install/px4_msgs/share/px4_msgs/msg/TrajectorySetpoint.msg
[401.478s] -- Symlinking: /home/dolphiinn/ros2_ws/install/px4_msgs/share/px4_msgs/msg/TrajectorySetpoint6dof.msg
[401.484s] -- Symlinking: /home/dolphiinn/ros2_ws/install/px4_msgs/share/px4_msgs/msg/TransponderReport.msg
[401.490s] -- Symlinking: /home/dolphiinn/ros2_ws/install/px4_msgs/share/px4_msgs/msg/TuneControl.msg
[401.495s] -- Symlinking: /home/dolphiinn/ros2_ws/install/px4_msgs/share/px4_msgs/msg/UavcanParameterRequest.msg
[401.501s] -- Symlinking: /home/dolphiinn/ros2_ws/install/px4_msgs/share/px4_msgs/msg/UavcanParameterValue.msg
[401.507s] -- Symlinking: /home/dolphiinn/ros2_ws/install/px4_msgs/share/px4_msgs/msg/UlogStream.msg
[401.513s] -- Symlinking: /home/dolphiinn/ros2_ws/install/px4_msgs/share/px4_msgs/msg/UlogStreamAck.msg
[401.519s] -- Symlinking: /home/dolphiinn/ros2_ws/install/px4_msgs/share/px4_msgs/msg/UnregisterExtComponent.msg
[401.525s] -- Symlinking: /home/dolphiinn/ros2_ws/install/px4_msgs/share/px4_msgs/msg/VehicleAcceleration.msg
[401.530s] -- Symlinking: /home/dolphiinn/ros2_ws/install/px4_msgs/share/px4_msgs/msg/VehicleAirData.msg
[401.536s] -- Symlinking: /home/dolphiinn/ros2_ws/install/px4_msgs/share/px4_msgs/msg/VehicleAngularAccelerationSetpoint.msg
[401.543s] -- Symlinking: /home/dolphiinn/ros2_ws/install/px4_msgs/share/px4_msgs/msg/VehicleAngularVelocity.msg
[401.548s] -- Symlinking: /home/dolphiinn/ros2_ws/install/px4_msgs/share/px4_msgs/msg/VehicleAttitude.msg
[401.554s] -- Symlinking: /home/dolphiinn/ros2_ws/install/px4_msgs/share/px4_msgs/msg/VehicleAttitudeSetpoint.msg
[401.560s] -- Symlinking: /home/dolphiinn/ros2_ws/install/px4_msgs/share/px4_msgs/msg/VehicleCommand.msg
[401.567s] -- Symlinking: /home/dolphiinn/ros2_ws/install/px4_msgs/share/px4_msgs/msg/VehicleCommandAck.msg
[401.572s] -- Symlinking: /home/dolphiinn/ros2_ws/install/px4_msgs/share/px4_msgs/msg/VehicleConstraints.msg
[401.578s] -- Symlinking: /home/dolphiinn/ros2_ws/install/px4_msgs/share/px4_msgs/msg/VehicleControlMode.msg
[401.584s] -- Symlinking: /home/dolphiinn/ros2_ws/install/px4_msgs/share/px4_msgs/msg/VehicleGlobalPosition.msg
[401.590s] -- Symlinking: /home/dolphiinn/ros2_ws/install/px4_msgs/share/px4_msgs/msg/VehicleImu.msg
[401.596s] -- Symlinking: /home/dolphiinn/ros2_ws/install/px4_msgs/share/px4_msgs/msg/VehicleImuStatus.msg
[401.601s] -- Symlinking: /home/dolphiinn/ros2_ws/install/px4_msgs/share/px4_msgs/msg/VehicleLandDetected.msg
[401.607s] -- Symlinking: /home/dolphiinn/ros2_ws/install/px4_msgs/share/px4_msgs/msg/VehicleLocalPosition.msg
[401.613s] -- Symlinking: /home/dolphiinn/ros2_ws/install/px4_msgs/share/px4_msgs/msg/VehicleLocalPositionSetpoint.msg
[401.619s] -- Symlinking: /home/dolphiinn/ros2_ws/install/px4_msgs/share/px4_msgs/msg/VehicleMagnetometer.msg
[401.625s] -- Symlinking: /home/dolphiinn/ros2_ws/install/px4_msgs/share/px4_msgs/msg/VehicleOdometry.msg
[401.631s] -- Symlinking: /home/dolphiinn/ros2_ws/install/px4_msgs/share/px4_msgs/msg/VehicleOpticalFlow.msg
[401.639s] -- Symlinking: /home/dolphiinn/ros2_ws/install/px4_msgs/share/px4_msgs/msg/VehicleOpticalFlowVel.msg
[401.645s] -- Symlinking: /home/dolphiinn/ros2_ws/install/px4_msgs/share/px4_msgs/msg/VehicleRatesSetpoint.msg
[401.651s] -- Symlinking: /home/dolphiinn/ros2_ws/install/px4_msgs/share/px4_msgs/msg/VehicleRoi.msg
[401.657s] -- Symlinking: /home/dolphiinn/ros2_ws/install/px4_msgs/share/px4_msgs/msg/VehicleStatus.msg
[401.663s] -- Symlinking: /home/dolphiinn/ros2_ws/install/px4_msgs/share/px4_msgs/msg/VehicleThrustSetpoint.msg
[401.669s] -- Symlinking: /home/dolphiinn/ros2_ws/install/px4_msgs/share/px4_msgs/msg/VehicleTorqueSetpoint.msg
[401.674s] -- Symlinking: /home/dolphiinn/ros2_ws/install/px4_msgs/share/px4_msgs/msg/VelocityLimits.msg
[401.680s] -- Symlinking: /home/dolphiinn/ros2_ws/install/px4_msgs/share/px4_msgs/msg/VtolVehicleStatus.msg
[401.687s] -- Symlinking: /home/dolphiinn/ros2_ws/install/px4_msgs/share/px4_msgs/msg/WheelEncoders.msg
[401.693s] -- Symlinking: /home/dolphiinn/ros2_ws/install/px4_msgs/share/px4_msgs/msg/Wind.msg
[401.699s] -- Symlinking: /home/dolphiinn/ros2_ws/install/px4_msgs/share/px4_msgs/msg/YawEstimatorStatus.msg
[401.704s] -- Symlinking: /home/dolphiinn/ros2_ws/install/px4_msgs/share/px4_msgs/srv/VehicleCommand.srv
[401.710s] -- Symlinking: /home/dolphiinn/ros2_ws/install/px4_msgs/share/px4_msgs/srv/VehicleCommand_Request.msg
[401.716s] -- Symlinking: /home/dolphiinn/ros2_ws/install/px4_msgs/share/px4_msgs/srv/VehicleCommand_Response.msg
[401.722s] -- Symlinking: /home/dolphiinn/ros2_ws/install/px4_msgs/share/ament_index/resource_index/package_run_dependencies/px4_msgs
[401.728s] -- Symlinking: /home/dolphiinn/ros2_ws/install/px4_msgs/share/ament_index/resource_index/parent_prefix_path/px4_msgs
[401.734s] -- Symlinking: /home/dolphiinn/ros2_ws/install/px4_msgs/share/px4_msgs/environment/ament_prefix_path.sh
[401.740s] -- Symlinking: /home/dolphiinn/ros2_ws/install/px4_msgs/share/px4_msgs/environment/ament_prefix_path.dsv
[401.746s] -- Symlinking: /home/dolphiinn/ros2_ws/install/px4_msgs/share/px4_msgs/environment/path.sh
[401.752s] -- Symlinking: /home/dolphiinn/ros2_ws/install/px4_msgs/share/px4_msgs/environment/path.dsv
[401.758s] -- Symlinking: /home/dolphiinn/ros2_ws/install/px4_msgs/share/px4_msgs/local_setup.bash
[401.764s] -- Symlinking: /home/dolphiinn/ros2_ws/install/px4_msgs/share/px4_msgs/local_setup.sh
[401.770s] -- Symlinking: /home/dolphiinn/ros2_ws/install/px4_msgs/share/px4_msgs/local_setup.zsh
[401.776s] -- Symlinking: /home/dolphiinn/ros2_ws/install/px4_msgs/share/px4_msgs/local_setup.dsv
[401.782s] -- Symlinking: /home/dolphiinn/ros2_ws/install/px4_msgs/share/px4_msgs/package.dsv
[401.788s] -- Symlinking: /home/dolphiinn/ros2_ws/install/px4_msgs/share/ament_index/resource_index/packages/px4_msgs
[401.794s] -- Symlinking: /home/dolphiinn/ros2_ws/install/px4_msgs/share/px4_msgs/cmake/rosidl_cmake-extras.cmake
[401.800s] -- Symlinking: /home/dolphiinn/ros2_ws/install/px4_msgs/share/px4_msgs/cmake/ament_cmake_export_dependencies-extras.cmake
[401.806s] -- Symlinking: /home/dolphiinn/ros2_ws/install/px4_msgs/share/px4_msgs/cmake/ament_cmake_export_include_directories-extras.cmake
[401.811s] -- Symlinking: /home/dolphiinn/ros2_ws/install/px4_msgs/share/px4_msgs/cmake/ament_cmake_export_libraries-extras.cmake
[401.817s] -- Symlinking: /home/dolphiinn/ros2_ws/install/px4_msgs/share/px4_msgs/cmake/ament_cmake_export_targets-extras.cmake
[401.823s] -- Symlinking: /home/dolphiinn/ros2_ws/install/px4_msgs/share/px4_msgs/cmake/rosidl_cmake_export_typesupport_targets-extras.cmake
[401.830s] -- Symlinking: /home/dolphiinn/ros2_ws/install/px4_msgs/share/px4_msgs/cmake/rosidl_cmake_export_typesupport_libraries-extras.cmake
[401.837s] -- Symlinking: /home/dolphiinn/ros2_ws/install/px4_msgs/share/px4_msgs/cmake/rosidl_cmake_aggregate_target-extras.cmake
[401.843s] -- Symlinking: /home/dolphiinn/ros2_ws/install/px4_msgs/share/px4_msgs/cmake/px4_msgsConfig.cmake
[401.848s] -- Symlinking: /home/dolphiinn/ros2_ws/install/px4_msgs/share/px4_msgs/cmake/px4_msgsConfig-version.cmake
[401.854s] -- Symlinking: /home/dolphiinn/ros2_ws/install/px4_msgs/share/px4_msgs/package.xml
[401.860s] -- Installing: /home/dolphiinn/ros2_ws/install/px4_msgs/lib/libpx4_msgs__rosidl_generator_c.so
[401.861s] -- Set runtime path of "/home/dolphiinn/ros2_ws/install/px4_msgs/lib/libpx4_msgs__rosidl_generator_c.so" to ""
[401.861s] -- Installing: /home/dolphiinn/ros2_ws/install/px4_msgs/lib/libpx4_msgs__rosidl_typesupport_fastrtps_c.so
[401.862s] -- Set runtime path of "/home/dolphiinn/ros2_ws/install/px4_msgs/lib/libpx4_msgs__rosidl_typesupport_fastrtps_c.so" to ""
[401.862s] -- Installing: /home/dolphiinn/ros2_ws/install/px4_msgs/lib/libpx4_msgs__rosidl_typesupport_fastrtps_cpp.so
[401.863s] -- Set runtime path of "/home/dolphiinn/ros2_ws/install/px4_msgs/lib/libpx4_msgs__rosidl_typesupport_fastrtps_cpp.so" to ""
[401.863s] -- Installing: /home/dolphiinn/ros2_ws/install/px4_msgs/lib/libpx4_msgs__rosidl_typesupport_introspection_c.so
[401.864s] -- Set runtime path of "/home/dolphiinn/ros2_ws/install/px4_msgs/lib/libpx4_msgs__rosidl_typesupport_introspection_c.so" to ""
[401.864s] -- Installing: /home/dolphiinn/ros2_ws/install/px4_msgs/lib/libpx4_msgs__rosidl_typesupport_c.so
[401.865s] -- Set runtime path of "/home/dolphiinn/ros2_ws/install/px4_msgs/lib/libpx4_msgs__rosidl_typesupport_c.so" to ""
[401.865s] -- Installing: /home/dolphiinn/ros2_ws/install/px4_msgs/lib/libpx4_msgs__rosidl_typesupport_introspection_cpp.so
[401.866s] -- Set runtime path of "/home/dolphiinn/ros2_ws/install/px4_msgs/lib/libpx4_msgs__rosidl_typesupport_introspection_cpp.so" to ""
[401.866s] -- Installing: /home/dolphiinn/ros2_ws/install/px4_msgs/lib/libpx4_msgs__rosidl_typesupport_cpp.so
[401.866s] -- Set runtime path of "/home/dolphiinn/ros2_ws/install/px4_msgs/lib/libpx4_msgs__rosidl_typesupport_cpp.so" to ""
[401.979s] Listing '/home/dolphiinn/ros2_ws/install/px4_msgs/local/lib/python3.10/dist-packages/px4_msgs'...
[401.979s] Compiling '/home/dolphiinn/ros2_ws/install/px4_msgs/local/lib/python3.10/dist-packages/px4_msgs/__init__.py'...
[401.979s] Listing '/home/dolphiinn/ros2_ws/install/px4_msgs/local/lib/python3.10/dist-packages/px4_msgs/msg'...
[401.979s] Compiling '/home/dolphiinn/ros2_ws/install/px4_msgs/local/lib/python3.10/dist-packages/px4_msgs/msg/__init__.py'...
[401.979s] Compiling '/home/dolphiinn/ros2_ws/install/px4_msgs/local/lib/python3.10/dist-packages/px4_msgs/msg/_action_request.py'...
[401.979s] Compiling '/home/dolphiinn/ros2_ws/install/px4_msgs/local/lib/python3.10/dist-packages/px4_msgs/msg/_actuator_armed.py'...
[401.979s] Compiling '/home/dolphiinn/ros2_ws/install/px4_msgs/local/lib/python3.10/dist-packages/px4_msgs/msg/_actuator_controls_status.py'...
[401.979s] Compiling '/home/dolphiinn/ros2_ws/install/px4_msgs/local/lib/python3.10/dist-packages/px4_msgs/msg/_actuator_motors.py'...
[401.979s] Compiling '/home/dolphiinn/ros2_ws/install/px4_msgs/local/lib/python3.10/dist-packages/px4_msgs/msg/_actuator_outputs.py'...
[401.979s] Compiling '/home/dolphiinn/ros2_ws/install/px4_msgs/local/lib/python3.10/dist-packages/px4_msgs/msg/_actuator_servos.py'...
[401.979s] Compiling '/home/dolphiinn/ros2_ws/install/px4_msgs/local/lib/python3.10/dist-packages/px4_msgs/msg/_actuator_servos_trim.py'...
[401.979s] Compiling '/home/dolphiinn/ros2_ws/install/px4_msgs/local/lib/python3.10/dist-packages/px4_msgs/msg/_actuator_test.py'...
[401.979s] Compiling '/home/dolphiinn/ros2_ws/install/px4_msgs/local/lib/python3.10/dist-packages/px4_msgs/msg/_adc_report.py'...
[401.979s] Compiling '/home/dolphiinn/ros2_ws/install/px4_msgs/local/lib/python3.10/dist-packages/px4_msgs/msg/_airspeed.py'...
[401.979s] Compiling '/home/dolphiinn/ros2_ws/install/px4_msgs/local/lib/python3.10/dist-packages/px4_msgs/msg/_airspeed_validated.py'...
[401.979s] Compiling '/home/dolphiinn/ros2_ws/install/px4_msgs/local/lib/python3.10/dist-packages/px4_msgs/msg/_airspeed_wind.py'...
[401.979s] Compiling '/home/dolphiinn/ros2_ws/install/px4_msgs/local/lib/python3.10/dist-packages/px4_msgs/msg/_arming_check_reply.py'...
[401.979s] Compiling '/home/dolphiinn/ros2_ws/install/px4_msgs/local/lib/python3.10/dist-packages/px4_msgs/msg/_arming_check_request.py'...
[401.979s] Compiling '/home/dolphiinn/ros2_ws/install/px4_msgs/local/lib/python3.10/dist-packages/px4_msgs/msg/_autotune_attitude_control_status.py'...
[401.979s] Compiling '/home/dolphiinn/ros2_ws/install/px4_msgs/local/lib/python3.10/dist-packages/px4_msgs/msg/_battery_info.py'...
[401.979s] Compiling '/home/dolphiinn/ros2_ws/install/px4_msgs/local/lib/python3.10/dist-packages/px4_msgs/msg/_battery_status.py'...
[401.979s] Compiling '/home/dolphiinn/ros2_ws/install/px4_msgs/local/lib/python3.10/dist-packages/px4_msgs/msg/_button_event.py'...
[401.979s] Compiling '/home/dolphiinn/ros2_ws/install/px4_msgs/local/lib/python3.10/dist-packages/px4_msgs/msg/_camera_capture.py'...
[401.979s] Compiling '/home/dolphiinn/ros2_ws/install/px4_msgs/local/lib/python3.10/dist-packages/px4_msgs/msg/_camera_status.py'...
[401.979s] Compiling '/home/dolphiinn/ros2_ws/install/px4_msgs/local/lib/python3.10/dist-packages/px4_msgs/msg/_camera_trigger.py'...
[401.980s] Compiling '/home/dolphiinn/ros2_ws/install/px4_msgs/local/lib/python3.10/dist-packages/px4_msgs/msg/_can_interface_status.py'...
[401.980s] Compiling '/home/dolphiinn/ros2_ws/install/px4_msgs/local/lib/python3.10/dist-packages/px4_msgs/msg/_cellular_status.py'...
[401.980s] Compiling '/home/dolphiinn/ros2_ws/install/px4_msgs/local/lib/python3.10/dist-packages/px4_msgs/msg/_collision_constraints.py'...
[401.980s] Compiling '/home/dolphiinn/ros2_ws/install/px4_msgs/local/lib/python3.10/dist-packages/px4_msgs/msg/_config_overrides.py'...
[401.980s] Compiling '/home/dolphiinn/ros2_ws/install/px4_msgs/local/lib/python3.10/dist-packages/px4_msgs/msg/_control_allocator_status.py'...
[401.980s] Compiling '/home/dolphiinn/ros2_ws/install/px4_msgs/local/lib/python3.10/dist-packages/px4_msgs/msg/_cpuload.py'...
[401.980s] Compiling '/home/dolphiinn/ros2_ws/install/px4_msgs/local/lib/python3.10/dist-packages/px4_msgs/msg/_dataman_request.py'...
[401.980s] Compiling '/home/dolphiinn/ros2_ws/install/px4_msgs/local/lib/python3.10/dist-packages/px4_msgs/msg/_dataman_response.py'...
[401.980s] Compiling '/home/dolphiinn/ros2_ws/install/px4_msgs/local/lib/python3.10/dist-packages/px4_msgs/msg/_debug_array.py'...
[401.980s] Compiling '/home/dolphiinn/ros2_ws/install/px4_msgs/local/lib/python3.10/dist-packages/px4_msgs/msg/_debug_key_value.py'...
[401.980s] Compiling '/home/dolphiinn/ros2_ws/install/px4_msgs/local/lib/python3.10/dist-packages/px4_msgs/msg/_debug_value.py'...
[401.980s] Compiling '/home/dolphiinn/ros2_ws/install/px4_msgs/local/lib/python3.10/dist-packages/px4_msgs/msg/_debug_vect.py'...
[401.980s] Compiling '/home/dolphiinn/ros2_ws/install/px4_msgs/local/lib/python3.10/dist-packages/px4_msgs/msg/_differential_pressure.py'...
[401.980s] Compiling '/home/dolphiinn/ros2_ws/install/px4_msgs/local/lib/python3.10/dist-packages/px4_msgs/msg/_distance_sensor.py'...
[401.980s] Compiling '/home/dolphiinn/ros2_ws/install/px4_msgs/local/lib/python3.10/dist-packages/px4_msgs/msg/_distance_sensor_mode_change_request.py'...
[401.980s] Compiling '/home/dolphiinn/ros2_ws/install/px4_msgs/local/lib/python3.10/dist-packages/px4_msgs/msg/_dronecan_node_status.py'...
[401.980s] Compiling '/home/dolphiinn/ros2_ws/install/px4_msgs/local/lib/python3.10/dist-packages/px4_msgs/msg/_ekf2_timestamps.py'...
[401.980s] Compiling '/home/dolphiinn/ros2_ws/install/px4_msgs/local/lib/python3.10/dist-packages/px4_msgs/msg/_esc_report.py'...
[401.980s] Compiling '/home/dolphiinn/ros2_ws/install/px4_msgs/local/lib/python3.10/dist-packages/px4_msgs/msg/_esc_status.py'...
[401.980s] Compiling '/home/dolphiinn/ros2_ws/install/px4_msgs/local/lib/python3.10/dist-packages/px4_msgs/msg/_estimator_aid_source1d.py'...
[401.980s] Compiling '/home/dolphiinn/ros2_ws/install/px4_msgs/local/lib/python3.10/dist-packages/px4_msgs/msg/_estimator_aid_source2d.py'...
[401.980s] Compiling '/home/dolphiinn/ros2_ws/install/px4_msgs/local/lib/python3.10/dist-packages/px4_msgs/msg/_estimator_aid_source3d.py'...
[401.980s] Compiling '/home/dolphiinn/ros2_ws/install/px4_msgs/local/lib/python3.10/dist-packages/px4_msgs/msg/_estimator_bias.py'...
[401.980s] Compiling '/home/dolphiinn/ros2_ws/install/px4_msgs/local/lib/python3.10/dist-packages/px4_msgs/msg/_estimator_bias3d.py'...
[401.980s] Compiling '/home/dolphiinn/ros2_ws/install/px4_msgs/local/lib/python3.10/dist-packages/px4_msgs/msg/_estimator_event_flags.py'...
[401.980s] Compiling '/home/dolphiinn/ros2_ws/install/px4_msgs/local/lib/python3.10/dist-packages/px4_msgs/msg/_estimator_gps_status.py'...
[401.980s] Compiling '/home/dolphiinn/ros2_ws/install/px4_msgs/local/lib/python3.10/dist-packages/px4_msgs/msg/_estimator_innovations.py'...
[401.980s] Compiling '/home/dolphiinn/ros2_ws/install/px4_msgs/local/lib/python3.10/dist-packages/px4_msgs/msg/_estimator_selector_status.py'...
[401.980s] Compiling '/home/dolphiinn/ros2_ws/install/px4_msgs/local/lib/python3.10/dist-packages/px4_msgs/msg/_estimator_sensor_bias.py'...
[401.980s] Compiling '/home/dolphiinn/ros2_ws/install/px4_msgs/local/lib/python3.10/dist-packages/px4_msgs/msg/_estimator_states.py'...
[401.980s] Compiling '/home/dolphiinn/ros2_ws/install/px4_msgs/local/lib/python3.10/dist-packages/px4_msgs/msg/_estimator_status.py'...
[401.981s] Compiling '/home/dolphiinn/ros2_ws/install/px4_msgs/local/lib/python3.10/dist-packages/px4_msgs/msg/_estimator_status_flags.py'...
[401.981s] Compiling '/home/dolphiinn/ros2_ws/install/px4_msgs/local/lib/python3.10/dist-packages/px4_msgs/msg/_event.py'...
[401.981s] Compiling '/home/dolphiinn/ros2_ws/install/px4_msgs/local/lib/python3.10/dist-packages/px4_msgs/msg/_failsafe_flags.py'...
[401.981s] Compiling '/home/dolphiinn/ros2_ws/install/px4_msgs/local/lib/python3.10/dist-packages/px4_msgs/msg/_failure_detector_status.py'...
[401.981s] Compiling '/home/dolphiinn/ros2_ws/install/px4_msgs/local/lib/python3.10/dist-packages/px4_msgs/msg/_figure_eight_status.py'...
[401.981s] Compiling '/home/dolphiinn/ros2_ws/install/px4_msgs/local/lib/python3.10/dist-packages/px4_msgs/msg/_fixed_wing_lateral_guidance_status.py'...
[401.981s] Compiling '/home/dolphiinn/ros2_ws/install/px4_msgs/local/lib/python3.10/dist-packages/px4_msgs/msg/_fixed_wing_lateral_setpoint.py'...
[401.981s] Compiling '/home/dolphiinn/ros2_ws/install/px4_msgs/local/lib/python3.10/dist-packages/px4_msgs/msg/_fixed_wing_lateral_status.py'...
[401.981s] Compiling '/home/dolphiinn/ros2_ws/install/px4_msgs/local/lib/python3.10/dist-packages/px4_msgs/msg/_fixed_wing_longitudinal_setpoint.py'...
[402.043s] Compiling '/home/dolphiinn/ros2_ws/install/px4_msgs/local/lib/python3.10/dist-packages/px4_msgs/msg/_fixed_wing_runway_control.py'...
[402.043s] Compiling '/home/dolphiinn/ros2_ws/install/px4_msgs/local/lib/python3.10/dist-packages/px4_msgs/msg/_flight_phase_estimation.py'...
[402.043s] Compiling '/home/dolphiinn/ros2_ws/install/px4_msgs/local/lib/python3.10/dist-packages/px4_msgs/msg/_follow_target.py'...
[402.043s] Compiling '/home/dolphiinn/ros2_ws/install/px4_msgs/local/lib/python3.10/dist-packages/px4_msgs/msg/_follow_target_estimator.py'...
[402.043s] Compiling '/home/dolphiinn/ros2_ws/install/px4_msgs/local/lib/python3.10/dist-packages/px4_msgs/msg/_follow_target_status.py'...
[402.043s] Compiling '/home/dolphiinn/ros2_ws/install/px4_msgs/local/lib/python3.10/dist-packages/px4_msgs/msg/_fuel_tank_status.py'...
[402.043s] Compiling '/home/dolphiinn/ros2_ws/install/px4_msgs/local/lib/python3.10/dist-packages/px4_msgs/msg/_generator_status.py'...
[402.043s] Compiling '/home/dolphiinn/ros2_ws/install/px4_msgs/local/lib/python3.10/dist-packages/px4_msgs/msg/_geofence_result.py'...
[402.043s] Compiling '/home/dolphiinn/ros2_ws/install/px4_msgs/local/lib/python3.10/dist-packages/px4_msgs/msg/_geofence_status.py'...
[402.043s] Compiling '/home/dolphiinn/ros2_ws/install/px4_msgs/local/lib/python3.10/dist-packages/px4_msgs/msg/_gimbal_controls.py'...
[402.043s] Compiling '/home/dolphiinn/ros2_ws/install/px4_msgs/local/lib/python3.10/dist-packages/px4_msgs/msg/_gimbal_device_attitude_status.py'...
[402.043s] Compiling '/home/dolphiinn/ros2_ws/install/px4_msgs/local/lib/python3.10/dist-packages/px4_msgs/msg/_gimbal_device_information.py'...
[402.043s] Compiling '/home/dolphiinn/ros2_ws/install/px4_msgs/local/lib/python3.10/dist-packages/px4_msgs/msg/_gimbal_device_set_attitude.py'...
[402.043s] Compiling '/home/dolphiinn/ros2_ws/install/px4_msgs/local/lib/python3.10/dist-packages/px4_msgs/msg/_gimbal_manager_information.py'...
[402.043s] Compiling '/home/dolphiinn/ros2_ws/install/px4_msgs/local/lib/python3.10/dist-packages/px4_msgs/msg/_gimbal_manager_set_attitude.py'...
[402.044s] Compiling '/home/dolphiinn/ros2_ws/install/px4_msgs/local/lib/python3.10/dist-packages/px4_msgs/msg/_gimbal_manager_set_manual_control.py'...
[402.044s] Compiling '/home/dolphiinn/ros2_ws/install/px4_msgs/local/lib/python3.10/dist-packages/px4_msgs/msg/_gimbal_manager_status.py'...
[402.044s] Compiling '/home/dolphiinn/ros2_ws/install/px4_msgs/local/lib/python3.10/dist-packages/px4_msgs/msg/_goto_setpoint.py'...
[402.044s] Compiling '/home/dolphiinn/ros2_ws/install/px4_msgs/local/lib/python3.10/dist-packages/px4_msgs/msg/_gpio_config.py'...
[402.044s] Compiling '/home/dolphiinn/ros2_ws/install/px4_msgs/local/lib/python3.10/dist-packages/px4_msgs/msg/_gpio_in.py'...
[402.044s] Compiling '/home/dolphiinn/ros2_ws/install/px4_msgs/local/lib/python3.10/dist-packages/px4_msgs/msg/_gpio_out.py'...
[402.044s] Compiling '/home/dolphiinn/ros2_ws/install/px4_msgs/local/lib/python3.10/dist-packages/px4_msgs/msg/_gpio_request.py'...
[402.044s] Compiling '/home/dolphiinn/ros2_ws/install/px4_msgs/local/lib/python3.10/dist-packages/px4_msgs/msg/_gps_dump.py'...
[402.044s] Compiling '/home/dolphiinn/ros2_ws/install/px4_msgs/local/lib/python3.10/dist-packages/px4_msgs/msg/_gps_inject_data.py'...
[402.044s] Compiling '/home/dolphiinn/ros2_ws/install/px4_msgs/local/lib/python3.10/dist-packages/px4_msgs/msg/_gripper.py'...
[402.044s] Compiling '/home/dolphiinn/ros2_ws/install/px4_msgs/local/lib/python3.10/dist-packages/px4_msgs/msg/_health_report.py'...
[402.044s] Compiling '/home/dolphiinn/ros2_ws/install/px4_msgs/local/lib/python3.10/dist-packages/px4_msgs/msg/_heater_status.py'...
[402.044s] Compiling '/home/dolphiinn/ros2_ws/install/px4_msgs/local/lib/python3.10/dist-packages/px4_msgs/msg/_home_position.py'...
[402.044s] Compiling '/home/dolphiinn/ros2_ws/install/px4_msgs/local/lib/python3.10/dist-packages/px4_msgs/msg/_hover_thrust_estimate.py'...
[402.044s] Compiling '/home/dolphiinn/ros2_ws/install/px4_msgs/local/lib/python3.10/dist-packages/px4_msgs/msg/_input_rc.py'...
[402.044s] Compiling '/home/dolphiinn/ros2_ws/install/px4_msgs/local/lib/python3.10/dist-packages/px4_msgs/msg/_internal_combustion_engine_control.py'...
[402.044s] Compiling '/home/dolphiinn/ros2_ws/install/px4_msgs/local/lib/python3.10/dist-packages/px4_msgs/msg/_internal_combustion_engine_status.py'...
[402.044s] Compiling '/home/dolphiinn/ros2_ws/install/px4_msgs/local/lib/python3.10/dist-packages/px4_msgs/msg/_iridiumsbd_status.py'...
[402.044s] Compiling '/home/dolphiinn/ros2_ws/install/px4_msgs/local/lib/python3.10/dist-packages/px4_msgs/msg/_irlock_report.py'...
[402.044s] Compiling '/home/dolphiinn/ros2_ws/install/px4_msgs/local/lib/python3.10/dist-packages/px4_msgs/msg/_landing_gear.py'...
[402.044s] Compiling '/home/dolphiinn/ros2_ws/install/px4_msgs/local/lib/python3.10/dist-packages/px4_msgs/msg/_landing_gear_wheel.py'...
[402.044s] Compiling '/home/dolphiinn/ros2_ws/install/px4_msgs/local/lib/python3.10/dist-packages/px4_msgs/msg/_landing_target_innovations.py'...
[402.044s] Compiling '/home/dolphiinn/ros2_ws/install/px4_msgs/local/lib/python3.10/dist-packages/px4_msgs/msg/_landing_target_pose.py'...
[402.044s] Compiling '/home/dolphiinn/ros2_ws/install/px4_msgs/local/lib/python3.10/dist-packages/px4_msgs/msg/_lateral_control_configuration.py'...
[402.044s] Compiling '/home/dolphiinn/ros2_ws/install/px4_msgs/local/lib/python3.10/dist-packages/px4_msgs/msg/_launch_detection_status.py'...
[402.044s] Compiling '/home/dolphiinn/ros2_ws/install/px4_msgs/local/lib/python3.10/dist-packages/px4_msgs/msg/_led_control.py'...
[402.044s] Compiling '/home/dolphiinn/ros2_ws/install/px4_msgs/local/lib/python3.10/dist-packages/px4_msgs/msg/_log_message.py'...
[402.044s] Compiling '/home/dolphiinn/ros2_ws/install/px4_msgs/local/lib/python3.10/dist-packages/px4_msgs/msg/_logger_status.py'...
[402.044s] Compiling '/home/dolphiinn/ros2_ws/install/px4_msgs/local/lib/python3.10/dist-packages/px4_msgs/msg/_longitudinal_control_configuration.py'...
[402.044s] Compiling '/home/dolphiinn/ros2_ws/install/px4_msgs/local/lib/python3.10/dist-packages/px4_msgs/msg/_mag_worker_data.py'...
[402.045s] Compiling '/home/dolphiinn/ros2_ws/install/px4_msgs/local/lib/python3.10/dist-packages/px4_msgs/msg/_magnetometer_bias_estimate.py'...
[402.045s] Compiling '/home/dolphiinn/ros2_ws/install/px4_msgs/local/lib/python3.10/dist-packages/px4_msgs/msg/_manual_control_setpoint.py'...
[402.045s] Compiling '/home/dolphiinn/ros2_ws/install/px4_msgs/local/lib/python3.10/dist-packages/px4_msgs/msg/_manual_control_switches.py'...
[402.045s] Compiling '/home/dolphiinn/ros2_ws/install/px4_msgs/local/lib/python3.10/dist-packages/px4_msgs/msg/_mavlink_log.py'...
[402.045s] Compiling '/home/dolphiinn/ros2_ws/install/px4_msgs/local/lib/python3.10/dist-packages/px4_msgs/msg/_mavlink_tunnel.py'...
[402.045s] Compiling '/home/dolphiinn/ros2_ws/install/px4_msgs/local/lib/python3.10/dist-packages/px4_msgs/msg/_message_format_request.py'...
[402.045s] Compiling '/home/dolphiinn/ros2_ws/install/px4_msgs/local/lib/python3.10/dist-packages/px4_msgs/msg/_message_format_response.py'...
[402.045s] Compiling '/home/dolphiinn/ros2_ws/install/px4_msgs/local/lib/python3.10/dist-packages/px4_msgs/msg/_mission.py'...
[402.045s] Compiling '/home/dolphiinn/ros2_ws/install/px4_msgs/local/lib/python3.10/dist-packages/px4_msgs/msg/_mission_result.py'...
[402.045s] Compiling '/home/dolphiinn/ros2_ws/install/px4_msgs/local/lib/python3.10/dist-packages/px4_msgs/msg/_mode_completed.py'...
[402.045s] Compiling '/home/dolphiinn/ros2_ws/install/px4_msgs/local/lib/python3.10/dist-packages/px4_msgs/msg/_mount_orientation.py'...
[402.045s] Compiling '/home/dolphiinn/ros2_ws/install/px4_msgs/local/lib/python3.10/dist-packages/px4_msgs/msg/_navigator_mission_item.py'...
[402.045s] Compiling '/home/dolphiinn/ros2_ws/install/px4_msgs/local/lib/python3.10/dist-packages/px4_msgs/msg/_navigator_status.py'...
[402.045s] Compiling '/home/dolphiinn/ros2_ws/install/px4_msgs/local/lib/python3.10/dist-packages/px4_msgs/msg/_neural_control.py'...
[402.045s] Compiling '/home/dolphiinn/ros2_ws/install/px4_msgs/local/lib/python3.10/dist-packages/px4_msgs/msg/_normalized_unsigned_setpoint.py'...
[402.045s] Compiling '/home/dolphiinn/ros2_ws/install/px4_msgs/local/lib/python3.10/dist-packages/px4_msgs/msg/_obstacle_distance.py'...
[402.045s] Compiling '/home/dolphiinn/ros2_ws/install/px4_msgs/local/lib/python3.10/dist-packages/px4_msgs/msg/_offboard_control_mode.py'...
[402.045s] Compiling '/home/dolphiinn/ros2_ws/install/px4_msgs/local/lib/python3.10/dist-packages/px4_msgs/msg/_onboard_computer_status.py'...
[402.045s] Compiling '/home/dolphiinn/ros2_ws/install/px4_msgs/local/lib/python3.10/dist-packages/px4_msgs/msg/_open_drone_id_arm_status.py'...
[402.110s] Compiling '/home/dolphiinn/ros2_ws/install/px4_msgs/local/lib/python3.10/dist-packages/px4_msgs/msg/_open_drone_id_operator_id.py'...
[402.111s] Compiling '/home/dolphiinn/ros2_ws/install/px4_msgs/local/lib/python3.10/dist-packages/px4_msgs/msg/_open_drone_id_self_id.py'...
[402.111s] Compiling '/home/dolphiinn/ros2_ws/install/px4_msgs/local/lib/python3.10/dist-packages/px4_msgs/msg/_open_drone_id_system.py'...
[402.111s] Compiling '/home/dolphiinn/ros2_ws/install/px4_msgs/local/lib/python3.10/dist-packages/px4_msgs/msg/_orb_test.py'...
[402.111s] Compiling '/home/dolphiinn/ros2_ws/install/px4_msgs/local/lib/python3.10/dist-packages/px4_msgs/msg/_orb_test_large.py'...
[402.111s] Compiling '/home/dolphiinn/ros2_ws/install/px4_msgs/local/lib/python3.10/dist-packages/px4_msgs/msg/_orb_test_medium.py'...
[402.111s] Compiling '/home/dolphiinn/ros2_ws/install/px4_msgs/local/lib/python3.10/dist-packages/px4_msgs/msg/_orbit_status.py'...
[402.111s] Compiling '/home/dolphiinn/ros2_ws/install/px4_msgs/local/lib/python3.10/dist-packages/px4_msgs/msg/_parameter_reset_request.py'...
[402.111s] Compiling '/home/dolphiinn/ros2_ws/install/px4_msgs/local/lib/python3.10/dist-packages/px4_msgs/msg/_parameter_set_used_request.py'...
[402.111s] Compiling '/home/dolphiinn/ros2_ws/install/px4_msgs/local/lib/python3.10/dist-packages/px4_msgs/msg/_parameter_set_value_request.py'...
[402.111s] Compiling '/home/dolphiinn/ros2_ws/install/px4_msgs/local/lib/python3.10/dist-packages/px4_msgs/msg/_parameter_set_value_response.py'...
[402.111s] Compiling '/home/dolphiinn/ros2_ws/install/px4_msgs/local/lib/python3.10/dist-packages/px4_msgs/msg/_parameter_update.py'...
[402.111s] Compiling '/home/dolphiinn/ros2_ws/install/px4_msgs/local/lib/python3.10/dist-packages/px4_msgs/msg/_ping.py'...
[402.111s] Compiling '/home/dolphiinn/ros2_ws/install/px4_msgs/local/lib/python3.10/dist-packages/px4_msgs/msg/_position_controller_landing_status.py'...
[402.111s] Compiling '/home/dolphiinn/ros2_ws/install/px4_msgs/local/lib/python3.10/dist-packages/px4_msgs/msg/_position_controller_status.py'...
[402.111s] Compiling '/home/dolphiinn/ros2_ws/install/px4_msgs/local/lib/python3.10/dist-packages/px4_msgs/msg/_position_setpoint.py'...
[402.111s] Compiling '/home/dolphiinn/ros2_ws/install/px4_msgs/local/lib/python3.10/dist-packages/px4_msgs/msg/_position_setpoint_triplet.py'...
[402.111s] Compiling '/home/dolphiinn/ros2_ws/install/px4_msgs/local/lib/python3.10/dist-packages/px4_msgs/msg/_power_button_state.py'...
[402.111s] Compiling '/home/dolphiinn/ros2_ws/install/px4_msgs/local/lib/python3.10/dist-packages/px4_msgs/msg/_power_monitor.py'...
[402.111s] Compiling '/home/dolphiinn/ros2_ws/install/px4_msgs/local/lib/python3.10/dist-packages/px4_msgs/msg/_pps_capture.py'...
[402.111s] Compiling '/home/dolphiinn/ros2_ws/install/px4_msgs/local/lib/python3.10/dist-packages/px4_msgs/msg/_pure_pursuit_status.py'...
[402.111s] Compiling '/home/dolphiinn/ros2_ws/install/px4_msgs/local/lib/python3.10/dist-packages/px4_msgs/msg/_pwm_input.py'...
[402.111s] Compiling '/home/dolphiinn/ros2_ws/install/px4_msgs/local/lib/python3.10/dist-packages/px4_msgs/msg/_px4io_status.py'...
[402.111s] Compiling '/home/dolphiinn/ros2_ws/install/px4_msgs/local/lib/python3.10/dist-packages/px4_msgs/msg/_qshell_req.py'...
[402.111s] Compiling '/home/dolphiinn/ros2_ws/install/px4_msgs/local/lib/python3.10/dist-packages/px4_msgs/msg/_qshell_retval.py'...
[402.111s] Compiling '/home/dolphiinn/ros2_ws/install/px4_msgs/local/lib/python3.10/dist-packages/px4_msgs/msg/_radio_status.py'...
[402.111s] Compiling '/home/dolphiinn/ros2_ws/install/px4_msgs/local/lib/python3.10/dist-packages/px4_msgs/msg/_rate_ctrl_status.py'...
[402.111s] Compiling '/home/dolphiinn/ros2_ws/install/px4_msgs/local/lib/python3.10/dist-packages/px4_msgs/msg/_rc_channels.py'...
[402.111s] Compiling '/home/dolphiinn/ros2_ws/install/px4_msgs/local/lib/python3.10/dist-packages/px4_msgs/msg/_rc_parameter_map.py'...
[402.112s] Compiling '/home/dolphiinn/ros2_ws/install/px4_msgs/local/lib/python3.10/dist-packages/px4_msgs/msg/_register_ext_component_reply.py'...
[402.112s] Compiling '/home/dolphiinn/ros2_ws/install/px4_msgs/local/lib/python3.10/dist-packages/px4_msgs/msg/_register_ext_component_request.py'...
[402.112s] Compiling '/home/dolphiinn/ros2_ws/install/px4_msgs/local/lib/python3.10/dist-packages/px4_msgs/msg/_rover_attitude_setpoint.py'...
[402.112s] Compiling '/home/dolphiinn/ros2_ws/install/px4_msgs/local/lib/python3.10/dist-packages/px4_msgs/msg/_rover_attitude_status.py'...
[402.112s] Compiling '/home/dolphiinn/ros2_ws/install/px4_msgs/local/lib/python3.10/dist-packages/px4_msgs/msg/_rover_position_setpoint.py'...
[402.112s] Compiling '/home/dolphiinn/ros2_ws/install/px4_msgs/local/lib/python3.10/dist-packages/px4_msgs/msg/_rover_rate_setpoint.py'...
[402.112s] Compiling '/home/dolphiinn/ros2_ws/install/px4_msgs/local/lib/python3.10/dist-packages/px4_msgs/msg/_rover_rate_status.py'...
[402.112s] Compiling '/home/dolphiinn/ros2_ws/install/px4_msgs/local/lib/python3.10/dist-packages/px4_msgs/msg/_rover_speed_setpoint.py'...
[402.112s] Compiling '/home/dolphiinn/ros2_ws/install/px4_msgs/local/lib/python3.10/dist-packages/px4_msgs/msg/_rover_speed_status.py'...
[402.112s] Compiling '/home/dolphiinn/ros2_ws/install/px4_msgs/local/lib/python3.10/dist-packages/px4_msgs/msg/_rover_steering_setpoint.py'...
[402.112s] Compiling '/home/dolphiinn/ros2_ws/install/px4_msgs/local/lib/python3.10/dist-packages/px4_msgs/msg/_rover_throttle_setpoint.py'...
[402.112s] Compiling '/home/dolphiinn/ros2_ws/install/px4_msgs/local/lib/python3.10/dist-packages/px4_msgs/msg/_rpm.py'...
[402.112s] Compiling '/home/dolphiinn/ros2_ws/install/px4_msgs/local/lib/python3.10/dist-packages/px4_msgs/msg/_rtl_status.py'...
[402.112s] Compiling '/home/dolphiinn/ros2_ws/install/px4_msgs/local/lib/python3.10/dist-packages/px4_msgs/msg/_rtl_time_estimate.py'...
[402.112s] Compiling '/home/dolphiinn/ros2_ws/install/px4_msgs/local/lib/python3.10/dist-packages/px4_msgs/msg/_satellite_info.py'...
[402.112s] Compiling '/home/dolphiinn/ros2_ws/install/px4_msgs/local/lib/python3.10/dist-packages/px4_msgs/msg/_sensor_accel.py'...
[402.112s] Compiling '/home/dolphiinn/ros2_ws/install/px4_msgs/local/lib/python3.10/dist-packages/px4_msgs/msg/_sensor_accel_fifo.py'...
[402.112s] Compiling '/home/dolphiinn/ros2_ws/install/px4_msgs/local/lib/python3.10/dist-packages/px4_msgs/msg/_sensor_airflow.py'...
[402.112s] Compiling '/home/dolphiinn/ros2_ws/install/px4_msgs/local/lib/python3.10/dist-packages/px4_msgs/msg/_sensor_baro.py'...
[402.112s] Compiling '/home/dolphiinn/ros2_ws/install/px4_msgs/local/lib/python3.10/dist-packages/px4_msgs/msg/_sensor_combined.py'...
[402.112s] Compiling '/home/dolphiinn/ros2_ws/install/px4_msgs/local/lib/python3.10/dist-packages/px4_msgs/msg/_sensor_correction.py'...
[402.112s] Compiling '/home/dolphiinn/ros2_ws/install/px4_msgs/local/lib/python3.10/dist-packages/px4_msgs/msg/_sensor_gnss_relative.py'...
[402.112s] Compiling '/home/dolphiinn/ros2_ws/install/px4_msgs/local/lib/python3.10/dist-packages/px4_msgs/msg/_sensor_gnss_status.py'...
[402.112s] Compiling '/home/dolphiinn/ros2_ws/install/px4_msgs/local/lib/python3.10/dist-packages/px4_msgs/msg/_sensor_gps.py'...
[402.112s] Compiling '/home/dolphiinn/ros2_ws/install/px4_msgs/local/lib/python3.10/dist-packages/px4_msgs/msg/_sensor_gyro.py'...
[402.112s] Compiling '/home/dolphiinn/ros2_ws/install/px4_msgs/local/lib/python3.10/dist-packages/px4_msgs/msg/_sensor_gyro_fft.py'...
[402.112s] Compiling '/home/dolphiinn/ros2_ws/install/px4_msgs/local/lib/python3.10/dist-packages/px4_msgs/msg/_sensor_gyro_fifo.py'...
[402.112s] Compiling '/home/dolphiinn/ros2_ws/install/px4_msgs/local/lib/python3.10/dist-packages/px4_msgs/msg/_sensor_hygrometer.py'...
[402.113s] Compiling '/home/dolphiinn/ros2_ws/install/px4_msgs/local/lib/python3.10/dist-packages/px4_msgs/msg/_sensor_mag.py'...
[402.113s] Compiling '/home/dolphiinn/ros2_ws/install/px4_msgs/local/lib/python3.10/dist-packages/px4_msgs/msg/_sensor_optical_flow.py'...
[402.113s] Compiling '/home/dolphiinn/ros2_ws/install/px4_msgs/local/lib/python3.10/dist-packages/px4_msgs/msg/_sensor_preflight_mag.py'...
[402.113s] Compiling '/home/dolphiinn/ros2_ws/install/px4_msgs/local/lib/python3.10/dist-packages/px4_msgs/msg/_sensor_selection.py'...
[402.113s] Compiling '/home/dolphiinn/ros2_ws/install/px4_msgs/local/lib/python3.10/dist-packages/px4_msgs/msg/_sensor_uwb.py'...
[402.113s] Compiling '/home/dolphiinn/ros2_ws/install/px4_msgs/local/lib/python3.10/dist-packages/px4_msgs/msg/_sensors_status.py'...
[402.113s] Compiling '/home/dolphiinn/ros2_ws/install/px4_msgs/local/lib/python3.10/dist-packages/px4_msgs/msg/_sensors_status_imu.py'...
[402.113s] Compiling '/home/dolphiinn/ros2_ws/install/px4_msgs/local/lib/python3.10/dist-packages/px4_msgs/msg/_system_power.py'...
[402.170s] Compiling '/home/dolphiinn/ros2_ws/install/px4_msgs/local/lib/python3.10/dist-packages/px4_msgs/msg/_takeoff_status.py'...
[402.170s] Compiling '/home/dolphiinn/ros2_ws/install/px4_msgs/local/lib/python3.10/dist-packages/px4_msgs/msg/_task_stack_info.py'...
[402.170s] Compiling '/home/dolphiinn/ros2_ws/install/px4_msgs/local/lib/python3.10/dist-packages/px4_msgs/msg/_tecs_status.py'...
[402.170s] Compiling '/home/dolphiinn/ros2_ws/install/px4_msgs/local/lib/python3.10/dist-packages/px4_msgs/msg/_telemetry_status.py'...
[402.170s] Compiling '/home/dolphiinn/ros2_ws/install/px4_msgs/local/lib/python3.10/dist-packages/px4_msgs/msg/_tiltrotor_extra_controls.py'...
[402.170s] Compiling '/home/dolphiinn/ros2_ws/install/px4_msgs/local/lib/python3.10/dist-packages/px4_msgs/msg/_timesync_status.py'...
[402.170s] Compiling '/home/dolphiinn/ros2_ws/install/px4_msgs/local/lib/python3.10/dist-packages/px4_msgs/msg/_trajectory_setpoint.py'...
[402.170s] Compiling '/home/dolphiinn/ros2_ws/install/px4_msgs/local/lib/python3.10/dist-packages/px4_msgs/msg/_trajectory_setpoint6dof.py'...
[402.170s] Compiling '/home/dolphiinn/ros2_ws/install/px4_msgs/local/lib/python3.10/dist-packages/px4_msgs/msg/_transponder_report.py'...
[402.170s] Compiling '/home/dolphiinn/ros2_ws/install/px4_msgs/local/lib/python3.10/dist-packages/px4_msgs/msg/_tune_control.py'...
[402.170s] Compiling '/home/dolphiinn/ros2_ws/install/px4_msgs/local/lib/python3.10/dist-packages/px4_msgs/msg/_uavcan_parameter_request.py'...
[402.170s] Compiling '/home/dolphiinn/ros2_ws/install/px4_msgs/local/lib/python3.10/dist-packages/px4_msgs/msg/_uavcan_parameter_value.py'...
[402.170s] Compiling '/home/dolphiinn/ros2_ws/install/px4_msgs/local/lib/python3.10/dist-packages/px4_msgs/msg/_ulog_stream.py'...
[402.170s] Compiling '/home/dolphiinn/ros2_ws/install/px4_msgs/local/lib/python3.10/dist-packages/px4_msgs/msg/_ulog_stream_ack.py'...
[402.170s] Compiling '/home/dolphiinn/ros2_ws/install/px4_msgs/local/lib/python3.10/dist-packages/px4_msgs/msg/_unregister_ext_component.py'...
[402.170s] Compiling '/home/dolphiinn/ros2_ws/install/px4_msgs/local/lib/python3.10/dist-packages/px4_msgs/msg/_vehicle_acceleration.py'...
[402.170s] Compiling '/home/dolphiinn/ros2_ws/install/px4_msgs/local/lib/python3.10/dist-packages/px4_msgs/msg/_vehicle_air_data.py'...
[402.170s] Compiling '/home/dolphiinn/ros2_ws/install/px4_msgs/local/lib/python3.10/dist-packages/px4_msgs/msg/_vehicle_angular_acceleration_setpoint.py'...
[402.170s] Compiling '/home/dolphiinn/ros2_ws/install/px4_msgs/local/lib/python3.10/dist-packages/px4_msgs/msg/_vehicle_angular_velocity.py'...
[402.171s] Compiling '/home/dolphiinn/ros2_ws/install/px4_msgs/local/lib/python3.10/dist-packages/px4_msgs/msg/_vehicle_attitude.py'...
[402.171s] Compiling '/home/dolphiinn/ros2_ws/install/px4_msgs/local/lib/python3.10/dist-packages/px4_msgs/msg/_vehicle_attitude_setpoint.py'...
[402.171s] Compiling '/home/dolphiinn/ros2_ws/install/px4_msgs/local/lib/python3.10/dist-packages/px4_msgs/msg/_vehicle_command.py'...
[402.171s] Compiling '/home/dolphiinn/ros2_ws/install/px4_msgs/local/lib/python3.10/dist-packages/px4_msgs/msg/_vehicle_command_ack.py'...
[402.171s] Compiling '/home/dolphiinn/ros2_ws/install/px4_msgs/local/lib/python3.10/dist-packages/px4_msgs/msg/_vehicle_constraints.py'...
[402.171s] Compiling '/home/dolphiinn/ros2_ws/install/px4_msgs/local/lib/python3.10/dist-packages/px4_msgs/msg/_vehicle_control_mode.py'...
[402.171s] Compiling '/home/dolphiinn/ros2_ws/install/px4_msgs/local/lib/python3.10/dist-packages/px4_msgs/msg/_vehicle_global_position.py'...
[402.171s] Compiling '/home/dolphiinn/ros2_ws/install/px4_msgs/local/lib/python3.10/dist-packages/px4_msgs/msg/_vehicle_imu.py'...
[402.171s] Compiling '/home/dolphiinn/ros2_ws/install/px4_msgs/local/lib/python3.10/dist-packages/px4_msgs/msg/_vehicle_imu_status.py'...
[402.171s] Compiling '/home/dolphiinn/ros2_ws/install/px4_msgs/local/lib/python3.10/dist-packages/px4_msgs/msg/_vehicle_land_detected.py'...
[402.171s] Compiling '/home/dolphiinn/ros2_ws/install/px4_msgs/local/lib/python3.10/dist-packages/px4_msgs/msg/_vehicle_local_position.py'...
[402.171s] Compiling '/home/dolphiinn/ros2_ws/install/px4_msgs/local/lib/python3.10/dist-packages/px4_msgs/msg/_vehicle_local_position_setpoint.py'...
[402.171s] Compiling '/home/dolphiinn/ros2_ws/install/px4_msgs/local/lib/python3.10/dist-packages/px4_msgs/msg/_vehicle_magnetometer.py'...
[402.171s] Compiling '/home/dolphiinn/ros2_ws/install/px4_msgs/local/lib/python3.10/dist-packages/px4_msgs/msg/_vehicle_odometry.py'...
[402.171s] Compiling '/home/dolphiinn/ros2_ws/install/px4_msgs/local/lib/python3.10/dist-packages/px4_msgs/msg/_vehicle_optical_flow.py'...
[402.171s] Compiling '/home/dolphiinn/ros2_ws/install/px4_msgs/local/lib/python3.10/dist-packages/px4_msgs/msg/_vehicle_optical_flow_vel.py'...
[402.171s] Compiling '/home/dolphiinn/ros2_ws/install/px4_msgs/local/lib/python3.10/dist-packages/px4_msgs/msg/_vehicle_rates_setpoint.py'...
[402.171s] Compiling '/home/dolphiinn/ros2_ws/install/px4_msgs/local/lib/python3.10/dist-packages/px4_msgs/msg/_vehicle_roi.py'...
[402.171s] Compiling '/home/dolphiinn/ros2_ws/install/px4_msgs/local/lib/python3.10/dist-packages/px4_msgs/msg/_vehicle_status.py'...
[402.171s] Compiling '/home/dolphiinn/ros2_ws/install/px4_msgs/local/lib/python3.10/dist-packages/px4_msgs/msg/_vehicle_thrust_setpoint.py'...
[402.171s] Compiling '/home/dolphiinn/ros2_ws/install/px4_msgs/local/lib/python3.10/dist-packages/px4_msgs/msg/_vehicle_torque_setpoint.py'...
[402.171s] Compiling '/home/dolphiinn/ros2_ws/install/px4_msgs/local/lib/python3.10/dist-packages/px4_msgs/msg/_velocity_limits.py'...
[402.171s] Compiling '/home/dolphiinn/ros2_ws/install/px4_msgs/local/lib/python3.10/dist-packages/px4_msgs/msg/_vtol_vehicle_status.py'...
[402.171s] Compiling '/home/dolphiinn/ros2_ws/install/px4_msgs/local/lib/python3.10/dist-packages/px4_msgs/msg/_wheel_encoders.py'...
[402.171s] Compiling '/home/dolphiinn/ros2_ws/install/px4_msgs/local/lib/python3.10/dist-packages/px4_msgs/msg/_wind.py'...
[402.171s] Compiling '/home/dolphiinn/ros2_ws/install/px4_msgs/local/lib/python3.10/dist-packages/px4_msgs/msg/_yaw_estimator_status.py'...
[402.171s] Listing '/home/dolphiinn/ros2_ws/install/px4_msgs/local/lib/python3.10/dist-packages/px4_msgs/srv'...
[402.171s] Compiling '/home/dolphiinn/ros2_ws/install/px4_msgs/local/lib/python3.10/dist-packages/px4_msgs/srv/__init__.py'...
[402.171s] Compiling '/home/dolphiinn/ros2_ws/install/px4_msgs/local/lib/python3.10/dist-packages/px4_msgs/srv/_vehicle_command.py'...
[402.174s] -- Installing: /home/dolphiinn/ros2_ws/install/px4_msgs/lib/libpx4_msgs__rosidl_generator_py.so
[402.175s] -- Set runtime path of "/home/dolphiinn/ros2_ws/install/px4_msgs/lib/libpx4_msgs__rosidl_generator_py.so" to ""
[402.175s] -- Installing: /home/dolphiinn/ros2_ws/install/px4_msgs/share/px4_msgs/cmake/export_px4_msgs__rosidl_generator_cExport.cmake
[402.175s] -- Installing: /home/dolphiinn/ros2_ws/install/px4_msgs/share/px4_msgs/cmake/export_px4_msgs__rosidl_generator_cExport-noconfig.cmake
[402.175s] -- Installing: /home/dolphiinn/ros2_ws/install/px4_msgs/share/px4_msgs/cmake/export_px4_msgs__rosidl_typesupport_fastrtps_cExport.cmake
[402.175s] -- Installing: /home/dolphiinn/ros2_ws/install/px4_msgs/share/px4_msgs/cmake/export_px4_msgs__rosidl_typesupport_fastrtps_cExport-noconfig.cmake
[402.175s] -- Installing: /home/dolphiinn/ros2_ws/install/px4_msgs/share/px4_msgs/cmake/export_px4_msgs__rosidl_generator_cppExport.cmake
[402.175s] -- Installing: /home/dolphiinn/ros2_ws/install/px4_msgs/share/px4_msgs/cmake/export_px4_msgs__rosidl_typesupport_fastrtps_cppExport.cmake
[402.175s] -- Installing: /home/dolphiinn/ros2_ws/install/px4_msgs/share/px4_msgs/cmake/export_px4_msgs__rosidl_typesupport_fastrtps_cppExport-noconfig.cmake
[402.175s] -- Installing: /home/dolphiinn/ros2_ws/install/px4_msgs/share/px4_msgs/cmake/px4_msgs__rosidl_typesupport_introspection_cExport.cmake
[402.176s] -- Installing: /home/dolphiinn/ros2_ws/install/px4_msgs/share/px4_msgs/cmake/px4_msgs__rosidl_typesupport_introspection_cExport-noconfig.cmake
[402.176s] -- Installing: /home/dolphiinn/ros2_ws/install/px4_msgs/share/px4_msgs/cmake/px4_msgs__rosidl_typesupport_cExport.cmake
[402.176s] -- Installing: /home/dolphiinn/ros2_ws/install/px4_msgs/share/px4_msgs/cmake/px4_msgs__rosidl_typesupport_cExport-noconfig.cmake
[402.176s] -- Installing: /home/dolphiinn/ros2_ws/install/px4_msgs/share/px4_msgs/cmake/px4_msgs__rosidl_typesupport_introspection_cppExport.cmake
[402.176s] -- Installing: /home/dolphiinn/ros2_ws/install/px4_msgs/share/px4_msgs/cmake/px4_msgs__rosidl_typesupport_introspection_cppExport-noconfig.cmake
[402.176s] -- Installing: /home/dolphiinn/ros2_ws/install/px4_msgs/share/px4_msgs/cmake/px4_msgs__rosidl_typesupport_cppExport.cmake
[402.176s] -- Installing: /home/dolphiinn/ros2_ws/install/px4_msgs/share/px4_msgs/cmake/px4_msgs__rosidl_typesupport_cppExport-noconfig.cmake
[402.176s] -- Installing: /home/dolphiinn/ros2_ws/install/px4_msgs/share/px4_msgs/cmake/export_px4_msgs__rosidl_generator_pyExport.cmake
[402.176s] -- Installing: /home/dolphiinn/ros2_ws/install/px4_msgs/share/px4_msgs/cmake/export_px4_msgs__rosidl_generator_pyExport-noconfig.cmake
[402.178s] Invoked command in '/home/dolphiinn/ros2_ws/build/px4_msgs' returned '0': CMAKE_PREFIX_PATH=/opt/ros/humble /usr/bin/cmake --install /home/dolphiinn/ros2_ws/build/px4_msgs
