[0.000000] (-) TimerEvent: {}
[0.000243] (px4_msgs) JobQueued: {'identifier': 'px4_msgs', 'dependencies': OrderedDict()}
[0.000295] (px4_msgs) JobStarted: {'identifier': 'px4_msgs'}
[0.013057] (px4_msgs) JobProgress: {'identifier': 'px4_msgs', 'progress': 'cmake'}
[0.014661] (px4_msgs) JobProgress: {'identifier': 'px4_msgs', 'progress': 'build'}
[0.015825] (px4_msgs) Command: {'cmd': ['/usr/bin/cmake', '--build', '/home/dolphiinn/ros2_ws/build/px4_msgs', '--', '-j8', '-l8'], 'cwd': '/home/dolphiinn/ros2_ws/build/px4_msgs', 'env': OrderedDict([('LESSOPEN', '| /usr/bin/lesspipe %s'), ('USER', 'dolphiinn'), ('LC_TIME', 'en_US.UTF-8'), ('XDG_SESSION_TYPE', 'wayland'), ('SHLVL', '1'), ('LD_LIBRARY_PATH', '/home/dolphiinn/ros2_ws/install/px4_msgs/lib:/opt/ros/humble/opt/rviz_ogre_vendor/lib:/opt/ros/humble/lib/x86_64-linux-gnu:/opt/ros/humble/lib'), ('HOME', '/home/dolphiinn'), ('OLDPWD', '/home/dolphiinn/ros2_ws/src/px4_msgs'), ('DESKTOP_SESSION', 'ubuntu'), ('ROS_PYTHON_VERSION', '3'), ('GNOME_SHELL_SESSION_MODE', 'ubuntu'), ('GTK_MODULES', 'gail:atk-bridge'), ('LC_MONETARY', 'en_US.UTF-8'), ('SYSTEMD_EXEC_PID', '1724'), ('DBUS_SESSION_BUS_ADDRESS', 'unix:path=/run/user/1000/bus'), ('COLORTERM', 'truecolor'), ('IM_CONFIG_PHASE', '1'), ('WAYLAND_DISPLAY', 'wayland-0'), ('COLCON_PREFIX_PATH', '/home/dolphiinn/ros2_ws/install'), ('ROS_DISTRO', 'humble'), ('LOGNAME', 'dolphiinn'), ('_', '/usr/bin/colcon'), ('ROS_VERSION', '2'), ('XDG_SESSION_CLASS', 'user'), ('USERNAME', 'dolphiinn'), ('TERM', 'xterm-256color'), ('GNOME_DESKTOP_SESSION_ID', 'this-is-deprecated'), ('ROS_LOCALHOST_ONLY', '0'), ('PATH', '/opt/ros/humble/bin:/home/dolphiinn/.local/bin:/usr/lib/ccache:/home/dolphiinn/ardupilot/Tools/autotest:/opt/gcc-arm-none-eabi-10-2020-q4-major/bin:/home/dolphiinn/.local/bin:/usr/local/sbin:/usr/local/bin:/usr/sbin:/usr/bin:/sbin:/bin:/usr/games:/usr/local/games:/snap/bin:/snap/bin:/opt/xtensa-esp-elf/bin/'), ('SESSION_MANAGER', 'local/dolphiinn:@/tmp/.ICE-unix/1545,unix/dolphiinn:/tmp/.ICE-unix/1545'), ('PAPERSIZE', 'letter'), ('XDG_MENU_PREFIX', 'gnome-'), ('LC_ADDRESS', 'en_US.UTF-8'), ('GNOME_TERMINAL_SCREEN', '/org/gnome/Terminal/screen/8c2c0df3_2e04_4655_83c3_60a73825dbcf'), ('GNOME_SETUP_DISPLAY', ':1'), ('XDG_RUNTIME_DIR', '/run/user/1000'), ('DISPLAY', ':0'), ('LANG', 'en_US.UTF-8'), ('XDG_CURRENT_DESKTOP', 'ubuntu:GNOME'), ('LC_TELEPHONE', 'en_US.UTF-8'), ('XMODIFIERS', '@im=ibus'), ('XDG_SESSION_DESKTOP', 'ubuntu'), ('XAUTHORITY', '/run/user/1000/.mutter-Xwaylandauth.5U1YS3'), ('LS_COLORS', 'rs=0:di=01;34:ln=01;36:mh=00:pi=40;33:so=01;35:do=01;35:bd=40;33;01:cd=40;33;01:or=40;31;01:mi=00:su=37;41:sg=30;43:ca=30;41:tw=30;42:ow=34;42:st=37;44:ex=01;32:*.tar=01;31:*.tgz=01;31:*.arc=01;31:*.arj=01;31:*.taz=01;31:*.lha=01;31:*.lz4=01;31:*.lzh=01;31:*.lzma=01;31:*.tlz=01;31:*.txz=01;31:*.tzo=01;31:*.t7z=01;31:*.zip=01;31:*.z=01;31:*.dz=01;31:*.gz=01;31:*.lrz=01;31:*.lz=01;31:*.lzo=01;31:*.xz=01;31:*.zst=01;31:*.tzst=01;31:*.bz2=01;31:*.bz=01;31:*.tbz=01;31:*.tbz2=01;31:*.tz=01;31:*.deb=01;31:*.rpm=01;31:*.jar=01;31:*.war=01;31:*.ear=01;31:*.sar=01;31:*.rar=01;31:*.alz=01;31:*.ace=01;31:*.zoo=01;31:*.cpio=01;31:*.7z=01;31:*.rz=01;31:*.cab=01;31:*.wim=01;31:*.swm=01;31:*.dwm=01;31:*.esd=01;31:*.jpg=01;35:*.jpeg=01;35:*.mjpg=01;35:*.mjpeg=01;35:*.gif=01;35:*.bmp=01;35:*.pbm=01;35:*.pgm=01;35:*.ppm=01;35:*.tga=01;35:*.xbm=01;35:*.xpm=01;35:*.tif=01;35:*.tiff=01;35:*.png=01;35:*.svg=01;35:*.svgz=01;35:*.mng=01;35:*.pcx=01;35:*.mov=01;35:*.mpg=01;35:*.mpeg=01;35:*.m2v=01;35:*.mkv=01;35:*.webm=01;35:*.webp=01;35:*.ogm=01;35:*.mp4=01;35:*.m4v=01;35:*.mp4v=01;35:*.vob=01;35:*.qt=01;35:*.nuv=01;35:*.wmv=01;35:*.asf=01;35:*.rm=01;35:*.rmvb=01;35:*.flc=01;35:*.avi=01;35:*.fli=01;35:*.flv=01;35:*.gl=01;35:*.dl=01;35:*.xcf=01;35:*.xwd=01;35:*.yuv=01;35:*.cgm=01;35:*.emf=01;35:*.ogv=01;35:*.ogx=01;35:*.aac=00;36:*.au=00;36:*.flac=00;36:*.m4a=00;36:*.mid=00;36:*.midi=00;36:*.mka=00;36:*.mp3=00;36:*.mpc=00;36:*.ogg=00;36:*.ra=00;36:*.wav=00;36:*.oga=00;36:*.opus=00;36:*.spx=00;36:*.xspf=00;36:'), ('GNOME_TERMINAL_SERVICE', ':1.159'), ('SSH_AGENT_LAUNCHER', 'gnome-keyring'), ('SSH_AUTH_SOCK', '/run/user/1000/keyring/ssh'), ('AMENT_PREFIX_PATH', '/home/dolphiinn/ros2_ws/install/px4_msgs:/opt/ros/humble'), ('SHELL', '/bin/bash'), ('LC_NAME', 'en_US.UTF-8'), ('QT_ACCESSIBILITY', '1'), ('GDMSESSION', 'ubuntu'), ('LESSCLOSE', '/usr/bin/lesspipe %s %s'), ('LC_MEASUREMENT', 'en_US.UTF-8'), ('LC_IDENTIFICATION', 'en_US.UTF-8'), ('QT_IM_MODULE', 'ibus'), ('PWD', '/home/dolphiinn/ros2_ws/build/px4_msgs'), ('LC_ALL', 'en_US.UTF-8'), ('XDG_CONFIG_DIRS', '/etc/xdg/xdg-ubuntu:/etc/xdg'), ('XDG_DATA_DIRS', '/usr/share/ubuntu:/usr/local/share/:/usr/share/:/var/lib/snapd/desktop'), ('PYTHONPATH', '/home/dolphiinn/ros2_ws/install/px4_msgs/local/lib/python3.10/dist-packages:/opt/ros/humble/lib/python3.10/site-packages:/opt/ros/humble/local/lib/python3.10/dist-packages'), ('LC_NUMERIC', 'en_US.UTF-8'), ('LC_PAPER', 'en_US.UTF-8'), ('COLCON', '1'), ('VTE_VERSION', '6800'), ('CMAKE_PREFIX_PATH', '/home/dolphiinn/ros2_ws/install/px4_msgs:/opt/ros/humble')]), 'shell': False}
[0.096867] (-) TimerEvent: {}
[0.197739] (-) TimerEvent: {}
[0.298108] (-) TimerEvent: {}
[0.398547] (-) TimerEvent: {}
[0.498933] (-) TimerEvent: {}
[0.599291] (-) TimerEvent: {}
[0.699672] (-) TimerEvent: {}
[0.800076] (-) TimerEvent: {}
[0.900533] (-) TimerEvent: {}
[0.972492] (px4_msgs) StdoutLine: {'line': b'[  1%] Built target px4_msgs__rs\n'}
[0.983054] (px4_msgs) StdoutLine: {'line': b'[  1%] Built target ament_cmake_python_symlink_px4_msgs\n'}
[1.000689] (-) TimerEvent: {}
[1.051551] (px4_msgs) StdoutLine: {'line': b'[  1%] Built target px4_msgs__cpp\n'}
[1.100822] (-) TimerEvent: {}
[1.121284] (px4_msgs) StdoutLine: {'line': b'\x1b[35m\x1b[1mConsolidate compiler generated dependencies of target px4_msgs__rosidl_generator_c\x1b[0m\n'}
[1.201429] (-) TimerEvent: {}
[1.302834] (-) TimerEvent: {}
[1.336641] (px4_msgs) StdoutLine: {'line': b'[ 13%] Built target px4_msgs__rosidl_generator_c\n'}
[1.341648] (px4_msgs) StdoutLine: {'line': b'\x1b[35m\x1b[1mConsolidate compiler generated dependencies of target px4_msgs__rosidl_typesupport_cpp\x1b[0m\n'}
[1.397149] (px4_msgs) StdoutLine: {'line': b'\x1b[35m\x1b[1mConsolidate compiler generated dependencies of target px4_msgs__rosidl_typesupport_introspection_cpp\x1b[0m\n'}
[1.404235] (-) TimerEvent: {}
[1.426732] (px4_msgs) StdoutLine: {'line': b'\x1b[35m\x1b[1mConsolidate compiler generated dependencies of target px4_msgs__rosidl_typesupport_fastrtps_cpp\x1b[0m\n'}
[1.505801] (-) TimerEvent: {}
[1.555560] (px4_msgs) StdoutLine: {'line': b'\x1b[35m\x1b[1mConsolidate compiler generated dependencies of target px4_msgs__rosidl_typesupport_c\x1b[0m\n'}
[1.606179] (-) TimerEvent: {}
[1.618220] (px4_msgs) StdoutLine: {'line': b'\x1b[35m\x1b[1mConsolidate compiler generated dependencies of target px4_msgs__rosidl_typesupport_introspection_c\x1b[0m\n'}
[1.648374] (px4_msgs) StdoutLine: {'line': b'running egg_info\n'}
[1.706341] (-) TimerEvent: {}
[1.739238] (px4_msgs) StdoutLine: {'line': b'[ 26%] Built target px4_msgs__rosidl_typesupport_c\n'}
[1.744665] (px4_msgs) StdoutLine: {'line': b'writing px4_msgs.egg-info/PKG-INFO\n'}
[1.747248] (px4_msgs) StdoutLine: {'line': b'[ 38%] Built target px4_msgs__rosidl_typesupport_cpp\n'}
[1.747509] (px4_msgs) StdoutLine: {'line': b'writing dependency_links to px4_msgs.egg-info/dependency_links.txt\n'}
[1.748406] (px4_msgs) StdoutLine: {'line': b'writing top-level names to px4_msgs.egg-info/top_level.txt\n'}
[1.796123] (px4_msgs) StdoutLine: {'line': b'\x1b[35m\x1b[1mConsolidate compiler generated dependencies of target px4_msgs__rosidl_typesupport_fastrtps_c\x1b[0m\n'}
[1.806668] (-) TimerEvent: {}
[1.813705] (px4_msgs) StdoutLine: {'line': b'[ 51%] Built target px4_msgs__rosidl_typesupport_introspection_c\n'}
[1.847137] (px4_msgs) StdoutLine: {'line': b'[ 63%] Built target px4_msgs__rosidl_typesupport_introspection_cpp\n'}
[1.905321] (px4_msgs) StdoutLine: {'line': b"reading manifest file 'px4_msgs.egg-info/SOURCES.txt'\n"}
[1.906816] (-) TimerEvent: {}
[1.915372] (px4_msgs) StdoutLine: {'line': b"writing manifest file 'px4_msgs.egg-info/SOURCES.txt'\n"}
[1.947248] (px4_msgs) StdoutLine: {'line': b'[ 75%] Built target px4_msgs__rosidl_typesupport_fastrtps_cpp\n'}
[1.995697] (px4_msgs) StdoutLine: {'line': b'[ 75%] Built target ament_cmake_python_build_px4_msgs_egg\n'}
[2.007049] (-) TimerEvent: {}
[2.107671] (-) TimerEvent: {}
[2.155212] (px4_msgs) StdoutLine: {'line': b'[ 88%] Built target px4_msgs__rosidl_typesupport_fastrtps_c\n'}
[2.199928] (px4_msgs) StdoutLine: {'line': b'[ 88%] Built target px4_msgs\n'}
[2.207804] (-) TimerEvent: {}
[2.272807] (px4_msgs) StdoutLine: {'line': b'[ 88%] Built target px4_msgs__py\n'}
[2.307940] (-) TimerEvent: {}
[2.408586] (-) TimerEvent: {}
[2.456820] (px4_msgs) StdoutLine: {'line': b'\x1b[35m\x1b[1mConsolidate compiler generated dependencies of target px4_msgs__rosidl_generator_py\x1b[0m\n'}
[2.508672] (-) TimerEvent: {}
[2.609133] (-) TimerEvent: {}
[2.709598] (-) TimerEvent: {}
[2.734645] (px4_msgs) StdoutLine: {'line': b'[100%] Built target px4_msgs__rosidl_generator_py\n'}
[2.757920] (px4_msgs) StdoutLine: {'line': b'\x1b[35m\x1b[1mConsolidate compiler generated dependencies of target px4_msgs__rosidl_typesupport_c__pyext\x1b[0m\n'}
[2.758895] (px4_msgs) StdoutLine: {'line': b'\x1b[35m\x1b[1mConsolidate compiler generated dependencies of target px4_msgs__rosidl_typesupport_introspection_c__pyext\x1b[0m\n'}
[2.760050] (px4_msgs) StdoutLine: {'line': b'\x1b[35m\x1b[1mConsolidate compiler generated dependencies of target px4_msgs__rosidl_typesupport_fastrtps_c__pyext\x1b[0m\n'}
[2.795413] (px4_msgs) StdoutLine: {'line': b'[100%] Built target px4_msgs__rosidl_typesupport_c__pyext\n'}
[2.796115] (px4_msgs) StdoutLine: {'line': b'[100%] Built target px4_msgs__rosidl_typesupport_fastrtps_c__pyext\n'}
[2.796456] (px4_msgs) StdoutLine: {'line': b'[100%] Built target px4_msgs__rosidl_typesupport_introspection_c__pyext\n'}
[2.809764] (-) TimerEvent: {}
[2.821768] (px4_msgs) CommandEnded: {'returncode': 0}
[2.824001] (px4_msgs) JobProgress: {'identifier': 'px4_msgs', 'progress': 'install'}
[2.841147] (px4_msgs) Command: {'cmd': ['/usr/bin/cmake', '--install', '/home/dolphiinn/ros2_ws/build/px4_msgs'], 'cwd': '/home/dolphiinn/ros2_ws/build/px4_msgs', 'env': OrderedDict([('LESSOPEN', '| /usr/bin/lesspipe %s'), ('USER', 'dolphiinn'), ('LC_TIME', 'en_US.UTF-8'), ('XDG_SESSION_TYPE', 'wayland'), ('SHLVL', '1'), ('LD_LIBRARY_PATH', '/home/dolphiinn/ros2_ws/install/px4_msgs/lib:/opt/ros/humble/opt/rviz_ogre_vendor/lib:/opt/ros/humble/lib/x86_64-linux-gnu:/opt/ros/humble/lib'), ('HOME', '/home/dolphiinn'), ('OLDPWD', '/home/dolphiinn/ros2_ws/src/px4_msgs'), ('DESKTOP_SESSION', 'ubuntu'), ('ROS_PYTHON_VERSION', '3'), ('GNOME_SHELL_SESSION_MODE', 'ubuntu'), ('GTK_MODULES', 'gail:atk-bridge'), ('LC_MONETARY', 'en_US.UTF-8'), ('SYSTEMD_EXEC_PID', '1724'), ('DBUS_SESSION_BUS_ADDRESS', 'unix:path=/run/user/1000/bus'), ('COLORTERM', 'truecolor'), ('IM_CONFIG_PHASE', '1'), ('WAYLAND_DISPLAY', 'wayland-0'), ('COLCON_PREFIX_PATH', '/home/dolphiinn/ros2_ws/install'), ('ROS_DISTRO', 'humble'), ('LOGNAME', 'dolphiinn'), ('_', '/usr/bin/colcon'), ('ROS_VERSION', '2'), ('XDG_SESSION_CLASS', 'user'), ('USERNAME', 'dolphiinn'), ('TERM', 'xterm-256color'), ('GNOME_DESKTOP_SESSION_ID', 'this-is-deprecated'), ('ROS_LOCALHOST_ONLY', '0'), ('PATH', '/opt/ros/humble/bin:/home/dolphiinn/.local/bin:/usr/lib/ccache:/home/dolphiinn/ardupilot/Tools/autotest:/opt/gcc-arm-none-eabi-10-2020-q4-major/bin:/home/dolphiinn/.local/bin:/usr/local/sbin:/usr/local/bin:/usr/sbin:/usr/bin:/sbin:/bin:/usr/games:/usr/local/games:/snap/bin:/snap/bin:/opt/xtensa-esp-elf/bin/'), ('SESSION_MANAGER', 'local/dolphiinn:@/tmp/.ICE-unix/1545,unix/dolphiinn:/tmp/.ICE-unix/1545'), ('PAPERSIZE', 'letter'), ('XDG_MENU_PREFIX', 'gnome-'), ('LC_ADDRESS', 'en_US.UTF-8'), ('GNOME_TERMINAL_SCREEN', '/org/gnome/Terminal/screen/8c2c0df3_2e04_4655_83c3_60a73825dbcf'), ('GNOME_SETUP_DISPLAY', ':1'), ('XDG_RUNTIME_DIR', '/run/user/1000'), ('DISPLAY', ':0'), ('LANG', 'en_US.UTF-8'), ('XDG_CURRENT_DESKTOP', 'ubuntu:GNOME'), ('LC_TELEPHONE', 'en_US.UTF-8'), ('XMODIFIERS', '@im=ibus'), ('XDG_SESSION_DESKTOP', 'ubuntu'), ('XAUTHORITY', '/run/user/1000/.mutter-Xwaylandauth.5U1YS3'), ('LS_COLORS', 'rs=0:di=01;34:ln=01;36:mh=00:pi=40;33:so=01;35:do=01;35:bd=40;33;01:cd=40;33;01:or=40;31;01:mi=00:su=37;41:sg=30;43:ca=30;41:tw=30;42:ow=34;42:st=37;44:ex=01;32:*.tar=01;31:*.tgz=01;31:*.arc=01;31:*.arj=01;31:*.taz=01;31:*.lha=01;31:*.lz4=01;31:*.lzh=01;31:*.lzma=01;31:*.tlz=01;31:*.txz=01;31:*.tzo=01;31:*.t7z=01;31:*.zip=01;31:*.z=01;31:*.dz=01;31:*.gz=01;31:*.lrz=01;31:*.lz=01;31:*.lzo=01;31:*.xz=01;31:*.zst=01;31:*.tzst=01;31:*.bz2=01;31:*.bz=01;31:*.tbz=01;31:*.tbz2=01;31:*.tz=01;31:*.deb=01;31:*.rpm=01;31:*.jar=01;31:*.war=01;31:*.ear=01;31:*.sar=01;31:*.rar=01;31:*.alz=01;31:*.ace=01;31:*.zoo=01;31:*.cpio=01;31:*.7z=01;31:*.rz=01;31:*.cab=01;31:*.wim=01;31:*.swm=01;31:*.dwm=01;31:*.esd=01;31:*.jpg=01;35:*.jpeg=01;35:*.mjpg=01;35:*.mjpeg=01;35:*.gif=01;35:*.bmp=01;35:*.pbm=01;35:*.pgm=01;35:*.ppm=01;35:*.tga=01;35:*.xbm=01;35:*.xpm=01;35:*.tif=01;35:*.tiff=01;35:*.png=01;35:*.svg=01;35:*.svgz=01;35:*.mng=01;35:*.pcx=01;35:*.mov=01;35:*.mpg=01;35:*.mpeg=01;35:*.m2v=01;35:*.mkv=01;35:*.webm=01;35:*.webp=01;35:*.ogm=01;35:*.mp4=01;35:*.m4v=01;35:*.mp4v=01;35:*.vob=01;35:*.qt=01;35:*.nuv=01;35:*.wmv=01;35:*.asf=01;35:*.rm=01;35:*.rmvb=01;35:*.flc=01;35:*.avi=01;35:*.fli=01;35:*.flv=01;35:*.gl=01;35:*.dl=01;35:*.xcf=01;35:*.xwd=01;35:*.yuv=01;35:*.cgm=01;35:*.emf=01;35:*.ogv=01;35:*.ogx=01;35:*.aac=00;36:*.au=00;36:*.flac=00;36:*.m4a=00;36:*.mid=00;36:*.midi=00;36:*.mka=00;36:*.mp3=00;36:*.mpc=00;36:*.ogg=00;36:*.ra=00;36:*.wav=00;36:*.oga=00;36:*.opus=00;36:*.spx=00;36:*.xspf=00;36:'), ('GNOME_TERMINAL_SERVICE', ':1.159'), ('SSH_AGENT_LAUNCHER', 'gnome-keyring'), ('SSH_AUTH_SOCK', '/run/user/1000/keyring/ssh'), ('AMENT_PREFIX_PATH', '/home/dolphiinn/ros2_ws/install/px4_msgs:/opt/ros/humble'), ('SHELL', '/bin/bash'), ('LC_NAME', 'en_US.UTF-8'), ('QT_ACCESSIBILITY', '1'), ('GDMSESSION', 'ubuntu'), ('LESSCLOSE', '/usr/bin/lesspipe %s %s'), ('LC_MEASUREMENT', 'en_US.UTF-8'), ('LC_IDENTIFICATION', 'en_US.UTF-8'), ('QT_IM_MODULE', 'ibus'), ('PWD', '/home/dolphiinn/ros2_ws/build/px4_msgs'), ('LC_ALL', 'en_US.UTF-8'), ('XDG_CONFIG_DIRS', '/etc/xdg/xdg-ubuntu:/etc/xdg'), ('XDG_DATA_DIRS', '/usr/share/ubuntu:/usr/local/share/:/usr/share/:/var/lib/snapd/desktop'), ('PYTHONPATH', '/home/dolphiinn/ros2_ws/install/px4_msgs/local/lib/python3.10/dist-packages:/opt/ros/humble/lib/python3.10/site-packages:/opt/ros/humble/local/lib/python3.10/dist-packages'), ('LC_NUMERIC', 'en_US.UTF-8'), ('LC_PAPER', 'en_US.UTF-8'), ('COLCON', '1'), ('VTE_VERSION', '6800'), ('CMAKE_PREFIX_PATH', '/home/dolphiinn/ros2_ws/install/px4_msgs:/opt/ros/humble')]), 'shell': False}
[2.857351] (px4_msgs) StdoutLine: {'line': b'-- Install configuration: ""\n'}
[2.862590] (px4_msgs) StdoutLine: {'line': b'-- Execute custom install script\n'}
[2.863525] (px4_msgs) StdoutLine: {'line': b'-- Up-to-date symlink: /home/dolphiinn/ros2_ws/install/px4_msgs/share/ament_index/resource_index/rosidl_interfaces/px4_msgs\n'}
[2.879573] (px4_msgs) StdoutLine: {'line': b'-- Up-to-date symlink: /home/dolphiinn/ros2_ws/install/px4_msgs/include/px4_msgs/px4_msgs/msg/action_request.h\n'}
[2.879891] (px4_msgs) StdoutLine: {'line': b'-- Up-to-date symlink: /home/dolphiinn/ros2_ws/install/px4_msgs/include/px4_msgs/px4_msgs/msg/actuator_armed.h\n'}
[2.880262] (px4_msgs) StdoutLine: {'line': b'-- Up-to-date symlink: /home/dolphiinn/ros2_ws/install/px4_msgs/include/px4_msgs/px4_msgs/msg/actuator_controls_status.h\n'}
[2.880838] (px4_msgs) StdoutLine: {'line': b'-- Up-to-date symlink: /home/dolphiinn/ros2_ws/install/px4_msgs/include/px4_msgs/px4_msgs/msg/actuator_motors.h\n'}
[2.881047] (px4_msgs) StdoutLine: {'line': b'-- Up-to-date symlink: /home/dolphiinn/ros2_ws/install/px4_msgs/include/px4_msgs/px4_msgs/msg/actuator_outputs.h\n'}
[2.881356] (px4_msgs) StdoutLine: {'line': b'-- Up-to-date symlink: /home/dolphiinn/ros2_ws/install/px4_msgs/include/px4_msgs/px4_msgs/msg/actuator_servos.h\n'}
[2.881783] (px4_msgs) StdoutLine: {'line': b'-- Up-to-date symlink: /home/dolphiinn/ros2_ws/install/px4_msgs/include/px4_msgs/px4_msgs/msg/actuator_servos_trim.h\n'}
[2.882098] (px4_msgs) StdoutLine: {'line': b'-- Up-to-date symlink: /home/dolphiinn/ros2_ws/install/px4_msgs/include/px4_msgs/px4_msgs/msg/actuator_test.h\n'}
[2.882611] (px4_msgs) StdoutLine: {'line': b'-- Up-to-date symlink: /home/dolphiinn/ros2_ws/install/px4_msgs/include/px4_msgs/px4_msgs/msg/adc_report.h\n'}
[2.883112] (px4_msgs) StdoutLine: {'line': b'-- Up-to-date symlink: /home/dolphiinn/ros2_ws/install/px4_msgs/include/px4_msgs/px4_msgs/msg/airspeed.h\n'}
[2.883761] (px4_msgs) StdoutLine: {'line': b'-- Up-to-date symlink: /home/dolphiinn/ros2_ws/install/px4_msgs/include/px4_msgs/px4_msgs/msg/airspeed_validated.h\n'}
[2.884052] (px4_msgs) StdoutLine: {'line': b'-- Up-to-date symlink: /home/dolphiinn/ros2_ws/install/px4_msgs/include/px4_msgs/px4_msgs/msg/airspeed_wind.h\n'}
[2.884372] (px4_msgs) StdoutLine: {'line': b'-- Up-to-date symlink: /home/dolphiinn/ros2_ws/install/px4_msgs/include/px4_msgs/px4_msgs/msg/arming_check_reply.h\n'}
[2.884659] (px4_msgs) StdoutLine: {'line': b'-- Up-to-date symlink: /home/dolphiinn/ros2_ws/install/px4_msgs/include/px4_msgs/px4_msgs/msg/arming_check_request.h\n'}
[2.884969] (px4_msgs) StdoutLine: {'line': b'-- Up-to-date symlink: /home/dolphiinn/ros2_ws/install/px4_msgs/include/px4_msgs/px4_msgs/msg/autotune_attitude_control_status.h\n'}
[2.885287] (px4_msgs) StdoutLine: {'line': b'-- Up-to-date symlink: /home/dolphiinn/ros2_ws/install/px4_msgs/include/px4_msgs/px4_msgs/msg/battery_info.h\n'}
[2.886093] (px4_msgs) StdoutLine: {'line': b'-- Up-to-date symlink: /home/dolphiinn/ros2_ws/install/px4_msgs/include/px4_msgs/px4_msgs/msg/battery_status.h\n'}
[2.886614] (px4_msgs) StdoutLine: {'line': b'-- Up-to-date symlink: /home/dolphiinn/ros2_ws/install/px4_msgs/include/px4_msgs/px4_msgs/msg/button_event.h\n'}
[2.886836] (px4_msgs) StdoutLine: {'line': b'-- Up-to-date symlink: /home/dolphiinn/ros2_ws/install/px4_msgs/include/px4_msgs/px4_msgs/msg/camera_capture.h\n'}
[2.887232] (px4_msgs) StdoutLine: {'line': b'-- Up-to-date symlink: /home/dolphiinn/ros2_ws/install/px4_msgs/include/px4_msgs/px4_msgs/msg/camera_status.h\n'}
[2.887505] (px4_msgs) StdoutLine: {'line': b'-- Up-to-date symlink: /home/dolphiinn/ros2_ws/install/px4_msgs/include/px4_msgs/px4_msgs/msg/camera_trigger.h\n'}
[2.887873] (px4_msgs) StdoutLine: {'line': b'-- Up-to-date symlink: /home/dolphiinn/ros2_ws/install/px4_msgs/include/px4_msgs/px4_msgs/msg/can_interface_status.h\n'}
[2.888113] (px4_msgs) StdoutLine: {'line': b'-- Up-to-date symlink: /home/dolphiinn/ros2_ws/install/px4_msgs/include/px4_msgs/px4_msgs/msg/cellular_status.h\n'}
[2.888323] (px4_msgs) StdoutLine: {'line': b'-- Up-to-date symlink: /home/dolphiinn/ros2_ws/install/px4_msgs/include/px4_msgs/px4_msgs/msg/collision_constraints.h\n'}
[2.888704] (px4_msgs) StdoutLine: {'line': b'-- Up-to-date symlink: /home/dolphiinn/ros2_ws/install/px4_msgs/include/px4_msgs/px4_msgs/msg/config_overrides.h\n'}
[2.888997] (px4_msgs) StdoutLine: {'line': b'-- Up-to-date symlink: /home/dolphiinn/ros2_ws/install/px4_msgs/include/px4_msgs/px4_msgs/msg/control_allocator_status.h\n'}
[2.889220] (px4_msgs) StdoutLine: {'line': b'-- Up-to-date symlink: /home/dolphiinn/ros2_ws/install/px4_msgs/include/px4_msgs/px4_msgs/msg/cpuload.h\n'}
[2.889559] (px4_msgs) StdoutLine: {'line': b'-- Up-to-date symlink: /home/dolphiinn/ros2_ws/install/px4_msgs/include/px4_msgs/px4_msgs/msg/dataman_request.h\n'}
[2.890001] (px4_msgs) StdoutLine: {'line': b'-- Up-to-date symlink: /home/dolphiinn/ros2_ws/install/px4_msgs/include/px4_msgs/px4_msgs/msg/dataman_response.h\n'}
[2.890311] (px4_msgs) StdoutLine: {'line': b'-- Up-to-date symlink: /home/dolphiinn/ros2_ws/install/px4_msgs/include/px4_msgs/px4_msgs/msg/debug_array.h\n'}
[2.890506] (px4_msgs) StdoutLine: {'line': b'-- Up-to-date symlink: /home/dolphiinn/ros2_ws/install/px4_msgs/include/px4_msgs/px4_msgs/msg/debug_key_value.h\n'}
[2.890720] (px4_msgs) StdoutLine: {'line': b'-- Up-to-date symlink: /home/dolphiinn/ros2_ws/install/px4_msgs/include/px4_msgs/px4_msgs/msg/debug_value.h\n'}
[2.890989] (px4_msgs) StdoutLine: {'line': b'-- Up-to-date symlink: /home/dolphiinn/ros2_ws/install/px4_msgs/include/px4_msgs/px4_msgs/msg/debug_vect.h\n'}
[2.891927] (px4_msgs) StdoutLine: {'line': b'-- Up-to-date symlink: /home/dolphiinn/ros2_ws/install/px4_msgs/include/px4_msgs/px4_msgs/msg/detail/action_request__functions.h\n'}
[2.892351] (px4_msgs) StdoutLine: {'line': b'-- Up-to-date symlink: /home/dolphiinn/ros2_ws/install/px4_msgs/include/px4_msgs/px4_msgs/msg/detail/action_request__struct.h\n'}
[2.892737] (px4_msgs) StdoutLine: {'line': b'-- Up-to-date symlink: /home/dolphiinn/ros2_ws/install/px4_msgs/include/px4_msgs/px4_msgs/msg/detail/action_request__type_support.h\n'}
[2.893264] (px4_msgs) StdoutLine: {'line': b'-- Up-to-date symlink: /home/dolphiinn/ros2_ws/install/px4_msgs/include/px4_msgs/px4_msgs/msg/detail/actuator_armed__functions.h\n'}
[2.893756] (px4_msgs) StdoutLine: {'line': b'-- Up-to-date symlink: /home/dolphiinn/ros2_ws/install/px4_msgs/include/px4_msgs/px4_msgs/msg/detail/actuator_armed__struct.h\n'}
[2.894150] (px4_msgs) StdoutLine: {'line': b'-- Up-to-date symlink: /home/dolphiinn/ros2_ws/install/px4_msgs/include/px4_msgs/px4_msgs/msg/detail/actuator_armed__type_support.h\n'}
[2.894764] (px4_msgs) StdoutLine: {'line': b'-- Up-to-date symlink: /home/dolphiinn/ros2_ws/install/px4_msgs/include/px4_msgs/px4_msgs/msg/detail/actuator_controls_status__functions.h\n'}
[2.895206] (px4_msgs) StdoutLine: {'line': b'-- Up-to-date symlink: /home/dolphiinn/ros2_ws/install/px4_msgs/include/px4_msgs/px4_msgs/msg/detail/actuator_controls_status__struct.h\n'}
[2.895516] (px4_msgs) StdoutLine: {'line': b'-- Up-to-date symlink: /home/dolphiinn/ros2_ws/install/px4_msgs/include/px4_msgs/px4_msgs/msg/detail/actuator_controls_status__type_support.h\n'}
[2.895957] (px4_msgs) StdoutLine: {'line': b'-- Up-to-date symlink: /home/dolphiinn/ros2_ws/install/px4_msgs/include/px4_msgs/px4_msgs/msg/detail/actuator_motors__functions.h\n'}
[2.896387] (px4_msgs) StdoutLine: {'line': b'-- Up-to-date symlink: /home/dolphiinn/ros2_ws/install/px4_msgs/include/px4_msgs/px4_msgs/msg/detail/actuator_motors__struct.h\n'}
[2.897864] (px4_msgs) StdoutLine: {'line': b'-- Up-to-date symlink: /home/dolphiinn/ros2_ws/install/px4_msgs/include/px4_msgs/px4_msgs/msg/detail/actuator_motors__type_support.h\n'}
[2.898441] (px4_msgs) StdoutLine: {'line': b'-- Up-to-date symlink: /home/dolphiinn/ros2_ws/install/px4_msgs/include/px4_msgs/px4_msgs/msg/detail/actuator_outputs__functions.h\n'}
[2.898868] (px4_msgs) StdoutLine: {'line': b'-- Up-to-date symlink: /home/dolphiinn/ros2_ws/install/px4_msgs/include/px4_msgs/px4_msgs/msg/detail/actuator_outputs__struct.h\n'}
[2.899360] (px4_msgs) StdoutLine: {'line': b'-- Up-to-date symlink: /home/dolphiinn/ros2_ws/install/px4_msgs/include/px4_msgs/px4_msgs/msg/detail/actuator_outputs__type_support.h\n'}
[2.899848] (px4_msgs) StdoutLine: {'line': b'-- Up-to-date symlink: /home/dolphiinn/ros2_ws/install/px4_msgs/include/px4_msgs/px4_msgs/msg/detail/actuator_servos__functions.h\n'}
[2.900260] (px4_msgs) StdoutLine: {'line': b'-- Up-to-date symlink: /home/dolphiinn/ros2_ws/install/px4_msgs/include/px4_msgs/px4_msgs/msg/detail/actuator_servos__struct.h\n'}
[2.900684] (px4_msgs) StdoutLine: {'line': b'-- Up-to-date symlink: /home/dolphiinn/ros2_ws/install/px4_msgs/include/px4_msgs/px4_msgs/msg/detail/actuator_servos__type_support.h\n'}
[2.901184] (px4_msgs) StdoutLine: {'line': b'-- Up-to-date symlink: /home/dolphiinn/ros2_ws/install/px4_msgs/include/px4_msgs/px4_msgs/msg/detail/actuator_servos_trim__functions.h\n'}
[2.901883] (px4_msgs) StdoutLine: {'line': b'-- Up-to-date symlink: /home/dolphiinn/ros2_ws/install/px4_msgs/include/px4_msgs/px4_msgs/msg/detail/actuator_servos_trim__struct.h\n'}
[2.902498] (px4_msgs) StdoutLine: {'line': b'-- Up-to-date symlink: /home/dolphiinn/ros2_ws/install/px4_msgs/include/px4_msgs/px4_msgs/msg/detail/actuator_servos_trim__type_support.h\n'}
[2.902819] (px4_msgs) StdoutLine: {'line': b'-- Up-to-date symlink: /home/dolphiinn/ros2_ws/install/px4_msgs/include/px4_msgs/px4_msgs/msg/detail/actuator_test__functions.h\n'}
[2.903182] (px4_msgs) StdoutLine: {'line': b'-- Up-to-date symlink: /home/dolphiinn/ros2_ws/install/px4_msgs/include/px4_msgs/px4_msgs/msg/detail/actuator_test__struct.h\n'}
[2.903521] (px4_msgs) StdoutLine: {'line': b'-- Up-to-date symlink: /home/dolphiinn/ros2_ws/install/px4_msgs/include/px4_msgs/px4_msgs/msg/detail/actuator_test__type_support.h\n'}
[2.903749] (px4_msgs) StdoutLine: {'line': b'-- Up-to-date symlink: /home/dolphiinn/ros2_ws/install/px4_msgs/include/px4_msgs/px4_msgs/msg/detail/adc_report__functions.h\n'}
[2.904237] (px4_msgs) StdoutLine: {'line': b'-- Up-to-date symlink: /home/dolphiinn/ros2_ws/install/px4_msgs/include/px4_msgs/px4_msgs/msg/detail/adc_report__struct.h\n'}
[2.904641] (px4_msgs) StdoutLine: {'line': b'-- Up-to-date symlink: /home/dolphiinn/ros2_ws/install/px4_msgs/include/px4_msgs/px4_msgs/msg/detail/adc_report__type_support.h\n'}
[2.905247] (px4_msgs) StdoutLine: {'line': b'-- Up-to-date symlink: /home/dolphiinn/ros2_ws/install/px4_msgs/include/px4_msgs/px4_msgs/msg/detail/airspeed__functions.h\n'}
[2.905626] (px4_msgs) StdoutLine: {'line': b'-- Up-to-date symlink: /home/dolphiinn/ros2_ws/install/px4_msgs/include/px4_msgs/px4_msgs/msg/detail/airspeed__struct.h\n'}
[2.906342] (px4_msgs) StdoutLine: {'line': b'-- Up-to-date symlink: /home/dolphiinn/ros2_ws/install/px4_msgs/include/px4_msgs/px4_msgs/msg/detail/airspeed__type_support.h\n'}
[2.907087] (px4_msgs) StdoutLine: {'line': b'-- Up-to-date symlink: /home/dolphiinn/ros2_ws/install/px4_msgs/include/px4_msgs/px4_msgs/msg/detail/airspeed_validated__functions.h\n'}
[2.907381] (px4_msgs) StdoutLine: {'line': b'-- Up-to-date symlink: /home/dolphiinn/ros2_ws/install/px4_msgs/include/px4_msgs/px4_msgs/msg/detail/airspeed_validated__struct.h\n'}
[2.907680] (px4_msgs) StdoutLine: {'line': b'-- Up-to-date symlink: /home/dolphiinn/ros2_ws/install/px4_msgs/include/px4_msgs/px4_msgs/msg/detail/airspeed_validated__type_support.h\n'}
[2.908065] (px4_msgs) StdoutLine: {'line': b'-- Up-to-date symlink: /home/dolphiinn/ros2_ws/install/px4_msgs/include/px4_msgs/px4_msgs/msg/detail/airspeed_wind__functions.h\n'}
[2.908415] (px4_msgs) StdoutLine: {'line': b'-- Up-to-date symlink: /home/dolphiinn/ros2_ws/install/px4_msgs/include/px4_msgs/px4_msgs/msg/detail/airspeed_wind__struct.h\n'}
[2.908787] (px4_msgs) StdoutLine: {'line': b'-- Up-to-date symlink: /home/dolphiinn/ros2_ws/install/px4_msgs/include/px4_msgs/px4_msgs/msg/detail/airspeed_wind__type_support.h\n'}
[2.909317] (px4_msgs) StdoutLine: {'line': b'-- Up-to-date symlink: /home/dolphiinn/ros2_ws/install/px4_msgs/include/px4_msgs/px4_msgs/msg/detail/arming_check_reply__functions.h\n'}
[2.909967] (-) TimerEvent: {}
[2.910324] (px4_msgs) StdoutLine: {'line': b'-- Up-to-date symlink: /home/dolphiinn/ros2_ws/install/px4_msgs/include/px4_msgs/px4_msgs/msg/detail/arming_check_reply__struct.h\n'}
[2.910743] (px4_msgs) StdoutLine: {'line': b'-- Up-to-date symlink: /home/dolphiinn/ros2_ws/install/px4_msgs/include/px4_msgs/px4_msgs/msg/detail/arming_check_reply__type_support.h\n'}
[2.910925] (px4_msgs) StdoutLine: {'line': b'-- Up-to-date symlink: /home/dolphiinn/ros2_ws/install/px4_msgs/include/px4_msgs/px4_msgs/msg/detail/arming_check_request__functions.h\n'}
[2.911096] (px4_msgs) StdoutLine: {'line': b'-- Up-to-date symlink: /home/dolphiinn/ros2_ws/install/px4_msgs/include/px4_msgs/px4_msgs/msg/detail/arming_check_request__struct.h\n'}
[2.911544] (px4_msgs) StdoutLine: {'line': b'-- Up-to-date symlink: /home/dolphiinn/ros2_ws/install/px4_msgs/include/px4_msgs/px4_msgs/msg/detail/arming_check_request__type_support.h\n'}
[2.911915] (px4_msgs) StdoutLine: {'line': b'-- Up-to-date symlink: /home/dolphiinn/ros2_ws/install/px4_msgs/include/px4_msgs/px4_msgs/msg/detail/autotune_attitude_control_status__functions.h\n'}
[2.912342] (px4_msgs) StdoutLine: {'line': b'-- Up-to-date symlink: /home/dolphiinn/ros2_ws/install/px4_msgs/include/px4_msgs/px4_msgs/msg/detail/autotune_attitude_control_status__struct.h\n'}
[2.912767] (px4_msgs) StdoutLine: {'line': b'-- Up-to-date symlink: /home/dolphiinn/ros2_ws/install/px4_msgs/include/px4_msgs/px4_msgs/msg/detail/autotune_attitude_control_status__type_support.h\n'}
[2.914322] (px4_msgs) StdoutLine: {'line': b'-- Up-to-date symlink: /home/dolphiinn/ros2_ws/install/px4_msgs/include/px4_msgs/px4_msgs/msg/detail/battery_info__functions.h\n'}
[2.914719] (px4_msgs) StdoutLine: {'line': b'-- Up-to-date symlink: /home/dolphiinn/ros2_ws/install/px4_msgs/include/px4_msgs/px4_msgs/msg/detail/battery_info__struct.h\n'}
[2.915118] (px4_msgs) StdoutLine: {'line': b'-- Up-to-date symlink: /home/dolphiinn/ros2_ws/install/px4_msgs/include/px4_msgs/px4_msgs/msg/detail/battery_info__type_support.h\n'}
[2.915454] (px4_msgs) StdoutLine: {'line': b'-- Up-to-date symlink: /home/dolphiinn/ros2_ws/install/px4_msgs/include/px4_msgs/px4_msgs/msg/detail/battery_status__functions.h\n'}
[2.915879] (px4_msgs) StdoutLine: {'line': b'-- Up-to-date symlink: /home/dolphiinn/ros2_ws/install/px4_msgs/include/px4_msgs/px4_msgs/msg/detail/battery_status__struct.h\n'}
[2.916280] (px4_msgs) StdoutLine: {'line': b'-- Up-to-date symlink: /home/dolphiinn/ros2_ws/install/px4_msgs/include/px4_msgs/px4_msgs/msg/detail/battery_status__type_support.h\n'}
[2.916755] (px4_msgs) StdoutLine: {'line': b'-- Up-to-date symlink: /home/dolphiinn/ros2_ws/install/px4_msgs/include/px4_msgs/px4_msgs/msg/detail/button_event__functions.h\n'}
[2.917816] (px4_msgs) StdoutLine: {'line': b'-- Up-to-date symlink: /home/dolphiinn/ros2_ws/install/px4_msgs/include/px4_msgs/px4_msgs/msg/detail/button_event__struct.h\n'}
[2.918309] (px4_msgs) StdoutLine: {'line': b'-- Up-to-date symlink: /home/dolphiinn/ros2_ws/install/px4_msgs/include/px4_msgs/px4_msgs/msg/detail/button_event__type_support.h\n'}
[2.918671] (px4_msgs) StdoutLine: {'line': b'-- Up-to-date symlink: /home/dolphiinn/ros2_ws/install/px4_msgs/include/px4_msgs/px4_msgs/msg/detail/camera_capture__functions.h\n'}
[2.919041] (px4_msgs) StdoutLine: {'line': b'-- Up-to-date symlink: /home/dolphiinn/ros2_ws/install/px4_msgs/include/px4_msgs/px4_msgs/msg/detail/camera_capture__struct.h\n'}
[2.919385] (px4_msgs) StdoutLine: {'line': b'-- Up-to-date symlink: /home/dolphiinn/ros2_ws/install/px4_msgs/include/px4_msgs/px4_msgs/msg/detail/camera_capture__type_support.h\n'}
[2.919692] (px4_msgs) StdoutLine: {'line': b'-- Up-to-date symlink: /home/dolphiinn/ros2_ws/install/px4_msgs/include/px4_msgs/px4_msgs/msg/detail/camera_status__functions.h\n'}
[2.920042] (px4_msgs) StdoutLine: {'line': b'-- Up-to-date symlink: /home/dolphiinn/ros2_ws/install/px4_msgs/include/px4_msgs/px4_msgs/msg/detail/camera_status__struct.h\n'}
[2.920360] (px4_msgs) StdoutLine: {'line': b'-- Up-to-date symlink: /home/dolphiinn/ros2_ws/install/px4_msgs/include/px4_msgs/px4_msgs/msg/detail/camera_status__type_support.h\n'}
[2.920676] (px4_msgs) StdoutLine: {'line': b'-- Up-to-date symlink: /home/dolphiinn/ros2_ws/install/px4_msgs/include/px4_msgs/px4_msgs/msg/detail/camera_trigger__functions.h\n'}
[2.921126] (px4_msgs) StdoutLine: {'line': b'-- Up-to-date symlink: /home/dolphiinn/ros2_ws/install/px4_msgs/include/px4_msgs/px4_msgs/msg/detail/camera_trigger__struct.h\n'}
[2.921438] (px4_msgs) StdoutLine: {'line': b'-- Up-to-date symlink: /home/dolphiinn/ros2_ws/install/px4_msgs/include/px4_msgs/px4_msgs/msg/detail/camera_trigger__type_support.h\n'}
[2.921837] (px4_msgs) StdoutLine: {'line': b'-- Up-to-date symlink: /home/dolphiinn/ros2_ws/install/px4_msgs/include/px4_msgs/px4_msgs/msg/detail/can_interface_status__functions.h\n'}
[2.922243] (px4_msgs) StdoutLine: {'line': b'-- Up-to-date symlink: /home/dolphiinn/ros2_ws/install/px4_msgs/include/px4_msgs/px4_msgs/msg/detail/can_interface_status__struct.h\n'}
[2.922533] (px4_msgs) StdoutLine: {'line': b'-- Up-to-date symlink: /home/dolphiinn/ros2_ws/install/px4_msgs/include/px4_msgs/px4_msgs/msg/detail/can_interface_status__type_support.h\n'}
[2.922832] (px4_msgs) StdoutLine: {'line': b'-- Up-to-date symlink: /home/dolphiinn/ros2_ws/install/px4_msgs/include/px4_msgs/px4_msgs/msg/detail/cellular_status__functions.h\n'}
[2.923047] (px4_msgs) StdoutLine: {'line': b'-- Up-to-date symlink: /home/dolphiinn/ros2_ws/install/px4_msgs/include/px4_msgs/px4_msgs/msg/detail/cellular_status__struct.h\n'}
[2.923258] (px4_msgs) StdoutLine: {'line': b'-- Up-to-date symlink: /home/dolphiinn/ros2_ws/install/px4_msgs/include/px4_msgs/px4_msgs/msg/detail/cellular_status__type_support.h\n'}
[2.923595] (px4_msgs) StdoutLine: {'line': b'-- Up-to-date symlink: /home/dolphiinn/ros2_ws/install/px4_msgs/include/px4_msgs/px4_msgs/msg/detail/collision_constraints__functions.h\n'}
[2.924055] (px4_msgs) StdoutLine: {'line': b'-- Up-to-date symlink: /home/dolphiinn/ros2_ws/install/px4_msgs/include/px4_msgs/px4_msgs/msg/detail/collision_constraints__struct.h\n'}
[2.924257] (px4_msgs) StdoutLine: {'line': b'-- Up-to-date symlink: /home/dolphiinn/ros2_ws/install/px4_msgs/include/px4_msgs/px4_msgs/msg/detail/collision_constraints__type_support.h\n'}
[2.924660] (px4_msgs) StdoutLine: {'line': b'-- Up-to-date symlink: /home/dolphiinn/ros2_ws/install/px4_msgs/include/px4_msgs/px4_msgs/msg/detail/config_overrides__functions.h\n'}
[2.924988] (px4_msgs) StdoutLine: {'line': b'-- Up-to-date symlink: /home/dolphiinn/ros2_ws/install/px4_msgs/include/px4_msgs/px4_msgs/msg/detail/config_overrides__struct.h\n'}
[2.925194] (px4_msgs) StdoutLine: {'line': b'-- Up-to-date symlink: /home/dolphiinn/ros2_ws/install/px4_msgs/include/px4_msgs/px4_msgs/msg/detail/config_overrides__type_support.h\n'}
[2.925529] (px4_msgs) StdoutLine: {'line': b'-- Up-to-date symlink: /home/dolphiinn/ros2_ws/install/px4_msgs/include/px4_msgs/px4_msgs/msg/detail/control_allocator_status__functions.h\n'}
[2.926378] (px4_msgs) StdoutLine: {'line': b'-- Up-to-date symlink: /home/dolphiinn/ros2_ws/install/px4_msgs/include/px4_msgs/px4_msgs/msg/detail/control_allocator_status__struct.h\n'}
[2.926692] (px4_msgs) StdoutLine: {'line': b'-- Up-to-date symlink: /home/dolphiinn/ros2_ws/install/px4_msgs/include/px4_msgs/px4_msgs/msg/detail/control_allocator_status__type_support.h\n'}
[2.926895] (px4_msgs) StdoutLine: {'line': b'-- Up-to-date symlink: /home/dolphiinn/ros2_ws/install/px4_msgs/include/px4_msgs/px4_msgs/msg/detail/cpuload__functions.h\n'}
[2.927211] (px4_msgs) StdoutLine: {'line': b'-- Up-to-date symlink: /home/dolphiinn/ros2_ws/install/px4_msgs/include/px4_msgs/px4_msgs/msg/detail/cpuload__struct.h\n'}
[2.927630] (px4_msgs) StdoutLine: {'line': b'-- Up-to-date symlink: /home/dolphiinn/ros2_ws/install/px4_msgs/include/px4_msgs/px4_msgs/msg/detail/cpuload__type_support.h\n'}
[2.927972] (px4_msgs) StdoutLine: {'line': b'-- Up-to-date symlink: /home/dolphiinn/ros2_ws/install/px4_msgs/include/px4_msgs/px4_msgs/msg/detail/dataman_request__functions.h\n'}
[2.928324] (px4_msgs) StdoutLine: {'line': b'-- Up-to-date symlink: /home/dolphiinn/ros2_ws/install/px4_msgs/include/px4_msgs/px4_msgs/msg/detail/dataman_request__struct.h\n'}
[2.929401] (px4_msgs) StdoutLine: {'line': b'-- Up-to-date symlink: /home/dolphiinn/ros2_ws/install/px4_msgs/include/px4_msgs/px4_msgs/msg/detail/dataman_request__type_support.h\n'}
[2.929772] (px4_msgs) StdoutLine: {'line': b'-- Up-to-date symlink: /home/dolphiinn/ros2_ws/install/px4_msgs/include/px4_msgs/px4_msgs/msg/detail/dataman_response__functions.h\n'}
[2.930147] (px4_msgs) StdoutLine: {'line': b'-- Up-to-date symlink: /home/dolphiinn/ros2_ws/install/px4_msgs/include/px4_msgs/px4_msgs/msg/detail/dataman_response__struct.h\n'}
[2.930430] (px4_msgs) StdoutLine: {'line': b'-- Up-to-date symlink: /home/dolphiinn/ros2_ws/install/px4_msgs/include/px4_msgs/px4_msgs/msg/detail/dataman_response__type_support.h\n'}
[2.930748] (px4_msgs) StdoutLine: {'line': b'-- Up-to-date symlink: /home/dolphiinn/ros2_ws/install/px4_msgs/include/px4_msgs/px4_msgs/msg/detail/debug_array__functions.h\n'}
[2.931004] (px4_msgs) StdoutLine: {'line': b'-- Up-to-date symlink: /home/dolphiinn/ros2_ws/install/px4_msgs/include/px4_msgs/px4_msgs/msg/detail/debug_array__struct.h\n'}
[2.931835] (px4_msgs) StdoutLine: {'line': b'-- Up-to-date symlink: /home/dolphiinn/ros2_ws/install/px4_msgs/include/px4_msgs/px4_msgs/msg/detail/debug_array__type_support.h\n'}
[2.931959] (px4_msgs) StdoutLine: {'line': b'-- Up-to-date symlink: /home/dolphiinn/ros2_ws/install/px4_msgs/include/px4_msgs/px4_msgs/msg/detail/debug_key_value__functions.h\n'}
[2.932106] (px4_msgs) StdoutLine: {'line': b'-- Up-to-date symlink: /home/dolphiinn/ros2_ws/install/px4_msgs/include/px4_msgs/px4_msgs/msg/detail/debug_key_value__struct.h\n'}
[2.932425] (px4_msgs) StdoutLine: {'line': b'-- Up-to-date symlink: /home/dolphiinn/ros2_ws/install/px4_msgs/include/px4_msgs/px4_msgs/msg/detail/debug_key_value__type_support.h\n'}
[2.932756] (px4_msgs) StdoutLine: {'line': b'-- Up-to-date symlink: /home/dolphiinn/ros2_ws/install/px4_msgs/include/px4_msgs/px4_msgs/msg/detail/debug_value__functions.h\n'}
[2.933253] (px4_msgs) StdoutLine: {'line': b'-- Up-to-date symlink: /home/dolphiinn/ros2_ws/install/px4_msgs/include/px4_msgs/px4_msgs/msg/detail/debug_value__struct.h\n'}
[2.933909] (px4_msgs) StdoutLine: {'line': b'-- Up-to-date symlink: /home/dolphiinn/ros2_ws/install/px4_msgs/include/px4_msgs/px4_msgs/msg/detail/debug_value__type_support.h\n'}
[2.934250] (px4_msgs) StdoutLine: {'line': b'-- Up-to-date symlink: /home/dolphiinn/ros2_ws/install/px4_msgs/include/px4_msgs/px4_msgs/msg/detail/debug_vect__functions.h\n'}
[2.934582] (px4_msgs) StdoutLine: {'line': b'-- Up-to-date symlink: /home/dolphiinn/ros2_ws/install/px4_msgs/include/px4_msgs/px4_msgs/msg/detail/debug_vect__struct.h\n'}
[2.934867] (px4_msgs) StdoutLine: {'line': b'-- Up-to-date symlink: /home/dolphiinn/ros2_ws/install/px4_msgs/include/px4_msgs/px4_msgs/msg/detail/debug_vect__type_support.h\n'}
[2.935379] (px4_msgs) StdoutLine: {'line': b'-- Up-to-date symlink: /home/dolphiinn/ros2_ws/install/px4_msgs/include/px4_msgs/px4_msgs/msg/detail/differential_pressure__functions.h\n'}
[2.935662] (px4_msgs) StdoutLine: {'line': b'-- Up-to-date symlink: /home/dolphiinn/ros2_ws/install/px4_msgs/include/px4_msgs/px4_msgs/msg/detail/differential_pressure__struct.h\n'}
[2.935941] (px4_msgs) StdoutLine: {'line': b'-- Up-to-date symlink: /home/dolphiinn/ros2_ws/install/px4_msgs/include/px4_msgs/px4_msgs/msg/detail/differential_pressure__type_support.h\n'}
[2.936250] (px4_msgs) StdoutLine: {'line': b'-- Up-to-date symlink: /home/dolphiinn/ros2_ws/install/px4_msgs/include/px4_msgs/px4_msgs/msg/detail/distance_sensor__functions.h\n'}
[2.936742] (px4_msgs) StdoutLine: {'line': b'-- Up-to-date symlink: /home/dolphiinn/ros2_ws/install/px4_msgs/include/px4_msgs/px4_msgs/msg/detail/distance_sensor__struct.h\n'}
[2.937350] (px4_msgs) StdoutLine: {'line': b'-- Up-to-date symlink: /home/dolphiinn/ros2_ws/install/px4_msgs/include/px4_msgs/px4_msgs/msg/detail/distance_sensor__type_support.h\n'}
[2.937688] (px4_msgs) StdoutLine: {'line': b'-- Up-to-date symlink: /home/dolphiinn/ros2_ws/install/px4_msgs/include/px4_msgs/px4_msgs/msg/detail/distance_sensor_mode_change_request__functions.h\n'}
[2.937987] (px4_msgs) StdoutLine: {'line': b'-- Up-to-date symlink: /home/dolphiinn/ros2_ws/install/px4_msgs/include/px4_msgs/px4_msgs/msg/detail/distance_sensor_mode_change_request__struct.h\n'}
[2.938389] (px4_msgs) StdoutLine: {'line': b'-- Up-to-date symlink: /home/dolphiinn/ros2_ws/install/px4_msgs/include/px4_msgs/px4_msgs/msg/detail/distance_sensor_mode_change_request__type_support.h\n'}
[2.938801] (px4_msgs) StdoutLine: {'line': b'-- Up-to-date symlink: /home/dolphiinn/ros2_ws/install/px4_msgs/include/px4_msgs/px4_msgs/msg/detail/dronecan_node_status__functions.h\n'}
[2.939178] (px4_msgs) StdoutLine: {'line': b'-- Up-to-date symlink: /home/dolphiinn/ros2_ws/install/px4_msgs/include/px4_msgs/px4_msgs/msg/detail/dronecan_node_status__struct.h\n'}
[2.939469] (px4_msgs) StdoutLine: {'line': b'-- Up-to-date symlink: /home/dolphiinn/ros2_ws/install/px4_msgs/include/px4_msgs/px4_msgs/msg/detail/dronecan_node_status__type_support.h\n'}
[2.939985] (px4_msgs) StdoutLine: {'line': b'-- Up-to-date symlink: /home/dolphiinn/ros2_ws/install/px4_msgs/include/px4_msgs/px4_msgs/msg/detail/ekf2_timestamps__functions.h\n'}
[2.940246] (px4_msgs) StdoutLine: {'line': b'-- Up-to-date symlink: /home/dolphiinn/ros2_ws/install/px4_msgs/include/px4_msgs/px4_msgs/msg/detail/ekf2_timestamps__struct.h\n'}
[2.940913] (px4_msgs) StdoutLine: {'line': b'-- Up-to-date symlink: /home/dolphiinn/ros2_ws/install/px4_msgs/include/px4_msgs/px4_msgs/msg/detail/ekf2_timestamps__type_support.h\n'}
[2.941229] (px4_msgs) StdoutLine: {'line': b'-- Up-to-date symlink: /home/dolphiinn/ros2_ws/install/px4_msgs/include/px4_msgs/px4_msgs/msg/detail/esc_report__functions.h\n'}
[2.941775] (px4_msgs) StdoutLine: {'line': b'-- Up-to-date symlink: /home/dolphiinn/ros2_ws/install/px4_msgs/include/px4_msgs/px4_msgs/msg/detail/esc_report__struct.h\n'}
[2.942105] (px4_msgs) StdoutLine: {'line': b'-- Up-to-date symlink: /home/dolphiinn/ros2_ws/install/px4_msgs/include/px4_msgs/px4_msgs/msg/detail/esc_report__type_support.h\n'}
[2.942348] (px4_msgs) StdoutLine: {'line': b'-- Up-to-date symlink: /home/dolphiinn/ros2_ws/install/px4_msgs/include/px4_msgs/px4_msgs/msg/detail/esc_status__functions.h\n'}
[2.943152] (px4_msgs) StdoutLine: {'line': b'-- Up-to-date symlink: /home/dolphiinn/ros2_ws/install/px4_msgs/include/px4_msgs/px4_msgs/msg/detail/esc_status__struct.h\n'}
[2.943439] (px4_msgs) StdoutLine: {'line': b'-- Up-to-date symlink: /home/dolphiinn/ros2_ws/install/px4_msgs/include/px4_msgs/px4_msgs/msg/detail/esc_status__type_support.h\n'}
[2.943739] (px4_msgs) StdoutLine: {'line': b'-- Up-to-date symlink: /home/dolphiinn/ros2_ws/install/px4_msgs/include/px4_msgs/px4_msgs/msg/detail/estimator_aid_source1d__functions.h\n'}
[2.944055] (px4_msgs) StdoutLine: {'line': b'-- Up-to-date symlink: /home/dolphiinn/ros2_ws/install/px4_msgs/include/px4_msgs/px4_msgs/msg/detail/estimator_aid_source1d__struct.h\n'}
[2.944387] (px4_msgs) StdoutLine: {'line': b'-- Up-to-date symlink: /home/dolphiinn/ros2_ws/install/px4_msgs/include/px4_msgs/px4_msgs/msg/detail/estimator_aid_source1d__type_support.h\n'}
[2.944793] (px4_msgs) StdoutLine: {'line': b'-- Up-to-date symlink: /home/dolphiinn/ros2_ws/install/px4_msgs/include/px4_msgs/px4_msgs/msg/detail/estimator_aid_source2d__functions.h\n'}
[2.945134] (px4_msgs) StdoutLine: {'line': b'-- Up-to-date symlink: /home/dolphiinn/ros2_ws/install/px4_msgs/include/px4_msgs/px4_msgs/msg/detail/estimator_aid_source2d__struct.h\n'}
[2.945415] (px4_msgs) StdoutLine: {'line': b'-- Up-to-date symlink: /home/dolphiinn/ros2_ws/install/px4_msgs/include/px4_msgs/px4_msgs/msg/detail/estimator_aid_source2d__type_support.h\n'}
[2.946146] (px4_msgs) StdoutLine: {'line': b'-- Up-to-date symlink: /home/dolphiinn/ros2_ws/install/px4_msgs/include/px4_msgs/px4_msgs/msg/detail/estimator_aid_source3d__functions.h\n'}
[2.947022] (px4_msgs) StdoutLine: {'line': b'-- Up-to-date symlink: /home/dolphiinn/ros2_ws/install/px4_msgs/include/px4_msgs/px4_msgs/msg/detail/estimator_aid_source3d__struct.h\n'}
[2.947359] (px4_msgs) StdoutLine: {'line': b'-- Up-to-date symlink: /home/dolphiinn/ros2_ws/install/px4_msgs/include/px4_msgs/px4_msgs/msg/detail/estimator_aid_source3d__type_support.h\n'}
[2.948144] (px4_msgs) StdoutLine: {'line': b'-- Up-to-date symlink: /home/dolphiinn/ros2_ws/install/px4_msgs/include/px4_msgs/px4_msgs/msg/detail/estimator_bias3d__functions.h\n'}
[2.948466] (px4_msgs) StdoutLine: {'line': b'-- Up-to-date symlink: /home/dolphiinn/ros2_ws/install/px4_msgs/include/px4_msgs/px4_msgs/msg/detail/estimator_bias3d__struct.h\n'}
[2.949152] (px4_msgs) StdoutLine: {'line': b'-- Up-to-date symlink: /home/dolphiinn/ros2_ws/install/px4_msgs/include/px4_msgs/px4_msgs/msg/detail/estimator_bias3d__type_support.h\n'}
[2.949321] (px4_msgs) StdoutLine: {'line': b'-- Up-to-date symlink: /home/dolphiinn/ros2_ws/install/px4_msgs/include/px4_msgs/px4_msgs/msg/detail/estimator_bias__functions.h\n'}
[2.950352] (px4_msgs) StdoutLine: {'line': b'-- Up-to-date symlink: /home/dolphiinn/ros2_ws/install/px4_msgs/include/px4_msgs/px4_msgs/msg/detail/estimator_bias__struct.h\n'}
[2.950588] (px4_msgs) StdoutLine: {'line': b'-- Up-to-date symlink: /home/dolphiinn/ros2_ws/install/px4_msgs/include/px4_msgs/px4_msgs/msg/detail/estimator_bias__type_support.h\n'}
[2.950740] (px4_msgs) StdoutLine: {'line': b'-- Up-to-date symlink: /home/dolphiinn/ros2_ws/install/px4_msgs/include/px4_msgs/px4_msgs/msg/detail/estimator_event_flags__functions.h\n'}
[2.950957] (px4_msgs) StdoutLine: {'line': b'-- Up-to-date symlink: /home/dolphiinn/ros2_ws/install/px4_msgs/include/px4_msgs/px4_msgs/msg/detail/estimator_event_flags__struct.h\n'}
[2.951154] (px4_msgs) StdoutLine: {'line': b'-- Up-to-date symlink: /home/dolphiinn/ros2_ws/install/px4_msgs/include/px4_msgs/px4_msgs/msg/detail/estimator_event_flags__type_support.h\n'}
[2.951497] (px4_msgs) StdoutLine: {'line': b'-- Up-to-date symlink: /home/dolphiinn/ros2_ws/install/px4_msgs/include/px4_msgs/px4_msgs/msg/detail/estimator_gps_status__functions.h\n'}
[2.951900] (px4_msgs) StdoutLine: {'line': b'-- Up-to-date symlink: /home/dolphiinn/ros2_ws/install/px4_msgs/include/px4_msgs/px4_msgs/msg/detail/estimator_gps_status__struct.h\n'}
[2.952317] (px4_msgs) StdoutLine: {'line': b'-- Up-to-date symlink: /home/dolphiinn/ros2_ws/install/px4_msgs/include/px4_msgs/px4_msgs/msg/detail/estimator_gps_status__type_support.h\n'}
[2.952664] (px4_msgs) StdoutLine: {'line': b'-- Up-to-date symlink: /home/dolphiinn/ros2_ws/install/px4_msgs/include/px4_msgs/px4_msgs/msg/detail/estimator_innovations__functions.h\n'}
[2.952976] (px4_msgs) StdoutLine: {'line': b'-- Up-to-date symlink: /home/dolphiinn/ros2_ws/install/px4_msgs/include/px4_msgs/px4_msgs/msg/detail/estimator_innovations__struct.h\n'}
[2.953269] (px4_msgs) StdoutLine: {'line': b'-- Up-to-date symlink: /home/dolphiinn/ros2_ws/install/px4_msgs/include/px4_msgs/px4_msgs/msg/detail/estimator_innovations__type_support.h\n'}
[2.953516] (px4_msgs) StdoutLine: {'line': b'-- Up-to-date symlink: /home/dolphiinn/ros2_ws/install/px4_msgs/include/px4_msgs/px4_msgs/msg/detail/estimator_selector_status__functions.h\n'}
[2.953973] (px4_msgs) StdoutLine: {'line': b'-- Up-to-date symlink: /home/dolphiinn/ros2_ws/install/px4_msgs/include/px4_msgs/px4_msgs/msg/detail/estimator_selector_status__struct.h\n'}
[2.954495] (px4_msgs) StdoutLine: {'line': b'-- Up-to-date symlink: /home/dolphiinn/ros2_ws/install/px4_msgs/include/px4_msgs/px4_msgs/msg/detail/estimator_selector_status__type_support.h\n'}
[2.954792] (px4_msgs) StdoutLine: {'line': b'-- Up-to-date symlink: /home/dolphiinn/ros2_ws/install/px4_msgs/include/px4_msgs/px4_msgs/msg/detail/estimator_sensor_bias__functions.h\n'}
[2.955120] (px4_msgs) StdoutLine: {'line': b'-- Up-to-date symlink: /home/dolphiinn/ros2_ws/install/px4_msgs/include/px4_msgs/px4_msgs/msg/detail/estimator_sensor_bias__struct.h\n'}
[2.955376] (px4_msgs) StdoutLine: {'line': b'-- Up-to-date symlink: /home/dolphiinn/ros2_ws/install/px4_msgs/include/px4_msgs/px4_msgs/msg/detail/estimator_sensor_bias__type_support.h\n'}
[2.955716] (px4_msgs) StdoutLine: {'line': b'-- Up-to-date symlink: /home/dolphiinn/ros2_ws/install/px4_msgs/include/px4_msgs/px4_msgs/msg/detail/estimator_states__functions.h\n'}
[2.956012] (px4_msgs) StdoutLine: {'line': b'-- Up-to-date symlink: /home/dolphiinn/ros2_ws/install/px4_msgs/include/px4_msgs/px4_msgs/msg/detail/estimator_states__struct.h\n'}
[2.956206] (px4_msgs) StdoutLine: {'line': b'-- Up-to-date symlink: /home/dolphiinn/ros2_ws/install/px4_msgs/include/px4_msgs/px4_msgs/msg/detail/estimator_states__type_support.h\n'}
[2.956407] (px4_msgs) StdoutLine: {'line': b'-- Up-to-date symlink: /home/dolphiinn/ros2_ws/install/px4_msgs/include/px4_msgs/px4_msgs/msg/detail/estimator_status__functions.h\n'}
[2.956688] (px4_msgs) StdoutLine: {'line': b'-- Up-to-date symlink: /home/dolphiinn/ros2_ws/install/px4_msgs/include/px4_msgs/px4_msgs/msg/detail/estimator_status__struct.h\n'}
[2.956957] (px4_msgs) StdoutLine: {'line': b'-- Up-to-date symlink: /home/dolphiinn/ros2_ws/install/px4_msgs/include/px4_msgs/px4_msgs/msg/detail/estimator_status__type_support.h\n'}
[2.957256] (px4_msgs) StdoutLine: {'line': b'-- Up-to-date symlink: /home/dolphiinn/ros2_ws/install/px4_msgs/include/px4_msgs/px4_msgs/msg/detail/estimator_status_flags__functions.h\n'}
[2.957506] (px4_msgs) StdoutLine: {'line': b'-- Up-to-date symlink: /home/dolphiinn/ros2_ws/install/px4_msgs/include/px4_msgs/px4_msgs/msg/detail/estimator_status_flags__struct.h\n'}
[2.957871] (px4_msgs) StdoutLine: {'line': b'-- Up-to-date symlink: /home/dolphiinn/ros2_ws/install/px4_msgs/include/px4_msgs/px4_msgs/msg/detail/estimator_status_flags__type_support.h\n'}
[2.958220] (px4_msgs) StdoutLine: {'line': b'-- Up-to-date symlink: /home/dolphiinn/ros2_ws/install/px4_msgs/include/px4_msgs/px4_msgs/msg/detail/event__functions.h\n'}
[2.958574] (px4_msgs) StdoutLine: {'line': b'-- Up-to-date symlink: /home/dolphiinn/ros2_ws/install/px4_msgs/include/px4_msgs/px4_msgs/msg/detail/event__struct.h\n'}
[2.958991] (px4_msgs) StdoutLine: {'line': b'-- Up-to-date symlink: /home/dolphiinn/ros2_ws/install/px4_msgs/include/px4_msgs/px4_msgs/msg/detail/event__type_support.h\n'}
[2.959314] (px4_msgs) StdoutLine: {'line': b'-- Up-to-date symlink: /home/dolphiinn/ros2_ws/install/px4_msgs/include/px4_msgs/px4_msgs/msg/detail/failsafe_flags__functions.h\n'}
[2.959650] (px4_msgs) StdoutLine: {'line': b'-- Up-to-date symlink: /home/dolphiinn/ros2_ws/install/px4_msgs/include/px4_msgs/px4_msgs/msg/detail/failsafe_flags__struct.h\n'}
[2.959918] (px4_msgs) StdoutLine: {'line': b'-- Up-to-date symlink: /home/dolphiinn/ros2_ws/install/px4_msgs/include/px4_msgs/px4_msgs/msg/detail/failsafe_flags__type_support.h\n'}
[2.960142] (px4_msgs) StdoutLine: {'line': b'-- Up-to-date symlink: /home/dolphiinn/ros2_ws/install/px4_msgs/include/px4_msgs/px4_msgs/msg/detail/failure_detector_status__functions.h\n'}
[2.960456] (px4_msgs) StdoutLine: {'line': b'-- Up-to-date symlink: /home/dolphiinn/ros2_ws/install/px4_msgs/include/px4_msgs/px4_msgs/msg/detail/failure_detector_status__struct.h\n'}
[2.960787] (px4_msgs) StdoutLine: {'line': b'-- Up-to-date symlink: /home/dolphiinn/ros2_ws/install/px4_msgs/include/px4_msgs/px4_msgs/msg/detail/failure_detector_status__type_support.h\n'}
[2.961095] (px4_msgs) StdoutLine: {'line': b'-- Up-to-date symlink: /home/dolphiinn/ros2_ws/install/px4_msgs/include/px4_msgs/px4_msgs/msg/detail/figure_eight_status__functions.h\n'}
[2.961329] (px4_msgs) StdoutLine: {'line': b'-- Up-to-date symlink: /home/dolphiinn/ros2_ws/install/px4_msgs/include/px4_msgs/px4_msgs/msg/detail/figure_eight_status__struct.h\n'}
[2.962003] (px4_msgs) StdoutLine: {'line': b'-- Up-to-date symlink: /home/dolphiinn/ros2_ws/install/px4_msgs/include/px4_msgs/px4_msgs/msg/detail/figure_eight_status__type_support.h\n'}
[2.962384] (px4_msgs) StdoutLine: {'line': b'-- Up-to-date symlink: /home/dolphiinn/ros2_ws/install/px4_msgs/include/px4_msgs/px4_msgs/msg/detail/fixed_wing_lateral_guidance_status__functions.h\n'}
[2.962686] (px4_msgs) StdoutLine: {'line': b'-- Up-to-date symlink: /home/dolphiinn/ros2_ws/install/px4_msgs/include/px4_msgs/px4_msgs/msg/detail/fixed_wing_lateral_guidance_status__struct.h\n'}
[2.962916] (px4_msgs) StdoutLine: {'line': b'-- Up-to-date symlink: /home/dolphiinn/ros2_ws/install/px4_msgs/include/px4_msgs/px4_msgs/msg/detail/fixed_wing_lateral_guidance_status__type_support.h\n'}
[2.963496] (px4_msgs) StdoutLine: {'line': b'-- Up-to-date symlink: /home/dolphiinn/ros2_ws/install/px4_msgs/include/px4_msgs/px4_msgs/msg/detail/fixed_wing_lateral_setpoint__functions.h\n'}
[2.963858] (px4_msgs) StdoutLine: {'line': b'-- Up-to-date symlink: /home/dolphiinn/ros2_ws/install/px4_msgs/include/px4_msgs/px4_msgs/msg/detail/fixed_wing_lateral_setpoint__struct.h\n'}
[2.964245] (px4_msgs) StdoutLine: {'line': b'-- Up-to-date symlink: /home/dolphiinn/ros2_ws/install/px4_msgs/include/px4_msgs/px4_msgs/msg/detail/fixed_wing_lateral_setpoint__type_support.h\n'}
[2.964544] (px4_msgs) StdoutLine: {'line': b'-- Up-to-date symlink: /home/dolphiinn/ros2_ws/install/px4_msgs/include/px4_msgs/px4_msgs/msg/detail/fixed_wing_lateral_status__functions.h\n'}
[2.964701] (px4_msgs) StdoutLine: {'line': b'-- Up-to-date symlink: /home/dolphiinn/ros2_ws/install/px4_msgs/include/px4_msgs/px4_msgs/msg/detail/fixed_wing_lateral_status__struct.h\n'}
[2.965042] (px4_msgs) StdoutLine: {'line': b'-- Up-to-date symlink: /home/dolphiinn/ros2_ws/install/px4_msgs/include/px4_msgs/px4_msgs/msg/detail/fixed_wing_lateral_status__type_support.h\n'}
[2.965942] (px4_msgs) StdoutLine: {'line': b'-- Up-to-date symlink: /home/dolphiinn/ros2_ws/install/px4_msgs/include/px4_msgs/px4_msgs/msg/detail/fixed_wing_longitudinal_setpoint__functions.h\n'}
[2.966266] (px4_msgs) StdoutLine: {'line': b'-- Up-to-date symlink: /home/dolphiinn/ros2_ws/install/px4_msgs/include/px4_msgs/px4_msgs/msg/detail/fixed_wing_longitudinal_setpoint__struct.h\n'}
[2.966556] (px4_msgs) StdoutLine: {'line': b'-- Up-to-date symlink: /home/dolphiinn/ros2_ws/install/px4_msgs/include/px4_msgs/px4_msgs/msg/detail/fixed_wing_longitudinal_setpoint__type_support.h\n'}
[2.966739] (px4_msgs) StdoutLine: {'line': b'-- Up-to-date symlink: /home/dolphiinn/ros2_ws/install/px4_msgs/include/px4_msgs/px4_msgs/msg/detail/fixed_wing_runway_control__functions.h\n'}
[2.966962] (px4_msgs) StdoutLine: {'line': b'-- Up-to-date symlink: /home/dolphiinn/ros2_ws/install/px4_msgs/include/px4_msgs/px4_msgs/msg/detail/fixed_wing_runway_control__struct.h\n'}
[2.967187] (px4_msgs) StdoutLine: {'line': b'-- Up-to-date symlink: /home/dolphiinn/ros2_ws/install/px4_msgs/include/px4_msgs/px4_msgs/msg/detail/fixed_wing_runway_control__type_support.h\n'}
[2.967454] (px4_msgs) StdoutLine: {'line': b'-- Up-to-date symlink: /home/dolphiinn/ros2_ws/install/px4_msgs/include/px4_msgs/px4_msgs/msg/detail/flight_phase_estimation__functions.h\n'}
[2.968204] (px4_msgs) StdoutLine: {'line': b'-- Up-to-date symlink: /home/dolphiinn/ros2_ws/install/px4_msgs/include/px4_msgs/px4_msgs/msg/detail/flight_phase_estimation__struct.h\n'}
[2.968675] (px4_msgs) StdoutLine: {'line': b'-- Up-to-date symlink: /home/dolphiinn/ros2_ws/install/px4_msgs/include/px4_msgs/px4_msgs/msg/detail/flight_phase_estimation__type_support.h\n'}
[2.969077] (px4_msgs) StdoutLine: {'line': b'-- Up-to-date symlink: /home/dolphiinn/ros2_ws/install/px4_msgs/include/px4_msgs/px4_msgs/msg/detail/follow_target__functions.h\n'}
[2.969463] (px4_msgs) StdoutLine: {'line': b'-- Up-to-date symlink: /home/dolphiinn/ros2_ws/install/px4_msgs/include/px4_msgs/px4_msgs/msg/detail/follow_target__struct.h\n'}
[2.970262] (px4_msgs) StdoutLine: {'line': b'-- Up-to-date symlink: /home/dolphiinn/ros2_ws/install/px4_msgs/include/px4_msgs/px4_msgs/msg/detail/follow_target__type_support.h\n'}
[2.970683] (px4_msgs) StdoutLine: {'line': b'-- Up-to-date symlink: /home/dolphiinn/ros2_ws/install/px4_msgs/include/px4_msgs/px4_msgs/msg/detail/follow_target_estimator__functions.h\n'}
[2.971143] (px4_msgs) StdoutLine: {'line': b'-- Up-to-date symlink: /home/dolphiinn/ros2_ws/install/px4_msgs/include/px4_msgs/px4_msgs/msg/detail/follow_target_estimator__struct.h\n'}
[2.971609] (px4_msgs) StdoutLine: {'line': b'-- Up-to-date symlink: /home/dolphiinn/ros2_ws/install/px4_msgs/include/px4_msgs/px4_msgs/msg/detail/follow_target_estimator__type_support.h\n'}
[2.971971] (px4_msgs) StdoutLine: {'line': b'-- Up-to-date symlink: /home/dolphiinn/ros2_ws/install/px4_msgs/include/px4_msgs/px4_msgs/msg/detail/follow_target_status__functions.h\n'}
[2.972180] (px4_msgs) StdoutLine: {'line': b'-- Up-to-date symlink: /home/dolphiinn/ros2_ws/install/px4_msgs/include/px4_msgs/px4_msgs/msg/detail/follow_target_status__struct.h\n'}
[2.972494] (px4_msgs) StdoutLine: {'line': b'-- Up-to-date symlink: /home/dolphiinn/ros2_ws/install/px4_msgs/include/px4_msgs/px4_msgs/msg/detail/follow_target_status__type_support.h\n'}
[2.972844] (px4_msgs) StdoutLine: {'line': b'-- Up-to-date symlink: /home/dolphiinn/ros2_ws/install/px4_msgs/include/px4_msgs/px4_msgs/msg/detail/fuel_tank_status__functions.h\n'}
[2.973144] (px4_msgs) StdoutLine: {'line': b'-- Up-to-date symlink: /home/dolphiinn/ros2_ws/install/px4_msgs/include/px4_msgs/px4_msgs/msg/detail/fuel_tank_status__struct.h\n'}
[2.973452] (px4_msgs) StdoutLine: {'line': b'-- Up-to-date symlink: /home/dolphiinn/ros2_ws/install/px4_msgs/include/px4_msgs/px4_msgs/msg/detail/fuel_tank_status__type_support.h\n'}
[2.973833] (px4_msgs) StdoutLine: {'line': b'-- Up-to-date symlink: /home/dolphiinn/ros2_ws/install/px4_msgs/include/px4_msgs/px4_msgs/msg/detail/generator_status__functions.h\n'}
[2.974138] (px4_msgs) StdoutLine: {'line': b'-- Up-to-date symlink: /home/dolphiinn/ros2_ws/install/px4_msgs/include/px4_msgs/px4_msgs/msg/detail/generator_status__struct.h\n'}
[2.974545] (px4_msgs) StdoutLine: {'line': b'-- Up-to-date symlink: /home/dolphiinn/ros2_ws/install/px4_msgs/include/px4_msgs/px4_msgs/msg/detail/generator_status__type_support.h\n'}
[2.974894] (px4_msgs) StdoutLine: {'line': b'-- Up-to-date symlink: /home/dolphiinn/ros2_ws/install/px4_msgs/include/px4_msgs/px4_msgs/msg/detail/geofence_result__functions.h\n'}
[2.975171] (px4_msgs) StdoutLine: {'line': b'-- Up-to-date symlink: /home/dolphiinn/ros2_ws/install/px4_msgs/include/px4_msgs/px4_msgs/msg/detail/geofence_result__struct.h\n'}
[2.975627] (px4_msgs) StdoutLine: {'line': b'-- Up-to-date symlink: /home/dolphiinn/ros2_ws/install/px4_msgs/include/px4_msgs/px4_msgs/msg/detail/geofence_result__type_support.h\n'}
[2.975948] (px4_msgs) StdoutLine: {'line': b'-- Up-to-date symlink: /home/dolphiinn/ros2_ws/install/px4_msgs/include/px4_msgs/px4_msgs/msg/detail/geofence_status__functions.h\n'}
[2.976265] (px4_msgs) StdoutLine: {'line': b'-- Up-to-date symlink: /home/dolphiinn/ros2_ws/install/px4_msgs/include/px4_msgs/px4_msgs/msg/detail/geofence_status__struct.h\n'}
[2.976630] (px4_msgs) StdoutLine: {'line': b'-- Up-to-date symlink: /home/dolphiinn/ros2_ws/install/px4_msgs/include/px4_msgs/px4_msgs/msg/detail/geofence_status__type_support.h\n'}
[2.976917] (px4_msgs) StdoutLine: {'line': b'-- Up-to-date symlink: /home/dolphiinn/ros2_ws/install/px4_msgs/include/px4_msgs/px4_msgs/msg/detail/gimbal_controls__functions.h\n'}
[2.977249] (px4_msgs) StdoutLine: {'line': b'-- Up-to-date symlink: /home/dolphiinn/ros2_ws/install/px4_msgs/include/px4_msgs/px4_msgs/msg/detail/gimbal_controls__struct.h\n'}
[2.977650] (px4_msgs) StdoutLine: {'line': b'-- Up-to-date symlink: /home/dolphiinn/ros2_ws/install/px4_msgs/include/px4_msgs/px4_msgs/msg/detail/gimbal_controls__type_support.h\n'}
[2.978004] (px4_msgs) StdoutLine: {'line': b'-- Up-to-date symlink: /home/dolphiinn/ros2_ws/install/px4_msgs/include/px4_msgs/px4_msgs/msg/detail/gimbal_device_attitude_status__functions.h\n'}
[2.978294] (px4_msgs) StdoutLine: {'line': b'-- Up-to-date symlink: /home/dolphiinn/ros2_ws/install/px4_msgs/include/px4_msgs/px4_msgs/msg/detail/gimbal_device_attitude_status__struct.h\n'}
[2.978644] (px4_msgs) StdoutLine: {'line': b'-- Up-to-date symlink: /home/dolphiinn/ros2_ws/install/px4_msgs/include/px4_msgs/px4_msgs/msg/detail/gimbal_device_attitude_status__type_support.h\n'}
[2.978994] (px4_msgs) StdoutLine: {'line': b'-- Up-to-date symlink: /home/dolphiinn/ros2_ws/install/px4_msgs/include/px4_msgs/px4_msgs/msg/detail/gimbal_device_information__functions.h\n'}
[2.979325] (px4_msgs) StdoutLine: {'line': b'-- Up-to-date symlink: /home/dolphiinn/ros2_ws/install/px4_msgs/include/px4_msgs/px4_msgs/msg/detail/gimbal_device_information__struct.h\n'}
[2.979677] (px4_msgs) StdoutLine: {'line': b'-- Up-to-date symlink: /home/dolphiinn/ros2_ws/install/px4_msgs/include/px4_msgs/px4_msgs/msg/detail/gimbal_device_information__type_support.h\n'}
[2.980026] (px4_msgs) StdoutLine: {'line': b'-- Up-to-date symlink: /home/dolphiinn/ros2_ws/install/px4_msgs/include/px4_msgs/px4_msgs/msg/detail/gimbal_device_set_attitude__functions.h\n'}
[2.980342] (px4_msgs) StdoutLine: {'line': b'-- Up-to-date symlink: /home/dolphiinn/ros2_ws/install/px4_msgs/include/px4_msgs/px4_msgs/msg/detail/gimbal_device_set_attitude__struct.h\n'}
[2.981580] (px4_msgs) StdoutLine: {'line': b'-- Up-to-date symlink: /home/dolphiinn/ros2_ws/install/px4_msgs/include/px4_msgs/px4_msgs/msg/detail/gimbal_device_set_attitude__type_support.h\n'}
[2.981840] (px4_msgs) StdoutLine: {'line': b'-- Up-to-date symlink: /home/dolphiinn/ros2_ws/install/px4_msgs/include/px4_msgs/px4_msgs/msg/detail/gimbal_manager_information__functions.h\n'}
[2.982002] (px4_msgs) StdoutLine: {'line': b'-- Up-to-date symlink: /home/dolphiinn/ros2_ws/install/px4_msgs/include/px4_msgs/px4_msgs/msg/detail/gimbal_manager_information__struct.h\n'}
[2.982215] (px4_msgs) StdoutLine: {'line': b'-- Up-to-date symlink: /home/dolphiinn/ros2_ws/install/px4_msgs/include/px4_msgs/px4_msgs/msg/detail/gimbal_manager_information__type_support.h\n'}
[2.983003] (px4_msgs) StdoutLine: {'line': b'-- Up-to-date symlink: /home/dolphiinn/ros2_ws/install/px4_msgs/include/px4_msgs/px4_msgs/msg/detail/gimbal_manager_set_attitude__functions.h\n'}
[2.983190] (px4_msgs) StdoutLine: {'line': b'-- Up-to-date symlink: /home/dolphiinn/ros2_ws/install/px4_msgs/include/px4_msgs/px4_msgs/msg/detail/gimbal_manager_set_attitude__struct.h\n'}
[2.983480] (px4_msgs) StdoutLine: {'line': b'-- Up-to-date symlink: /home/dolphiinn/ros2_ws/install/px4_msgs/include/px4_msgs/px4_msgs/msg/detail/gimbal_manager_set_attitude__type_support.h\n'}
[2.983988] (px4_msgs) StdoutLine: {'line': b'-- Up-to-date symlink: /home/dolphiinn/ros2_ws/install/px4_msgs/include/px4_msgs/px4_msgs/msg/detail/gimbal_manager_set_manual_control__functions.h\n'}
[2.984261] (px4_msgs) StdoutLine: {'line': b'-- Up-to-date symlink: /home/dolphiinn/ros2_ws/install/px4_msgs/include/px4_msgs/px4_msgs/msg/detail/gimbal_manager_set_manual_control__struct.h\n'}
[2.984638] (px4_msgs) StdoutLine: {'line': b'-- Up-to-date symlink: /home/dolphiinn/ros2_ws/install/px4_msgs/include/px4_msgs/px4_msgs/msg/detail/gimbal_manager_set_manual_control__type_support.h\n'}
[2.984945] (px4_msgs) StdoutLine: {'line': b'-- Up-to-date symlink: /home/dolphiinn/ros2_ws/install/px4_msgs/include/px4_msgs/px4_msgs/msg/detail/gimbal_manager_status__functions.h\n'}
[2.985747] (px4_msgs) StdoutLine: {'line': b'-- Up-to-date symlink: /home/dolphiinn/ros2_ws/install/px4_msgs/include/px4_msgs/px4_msgs/msg/detail/gimbal_manager_status__struct.h\n'}
[2.986356] (px4_msgs) StdoutLine: {'line': b'-- Up-to-date symlink: /home/dolphiinn/ros2_ws/install/px4_msgs/include/px4_msgs/px4_msgs/msg/detail/gimbal_manager_status__type_support.h\n'}
[2.986563] (px4_msgs) StdoutLine: {'line': b'-- Up-to-date symlink: /home/dolphiinn/ros2_ws/install/px4_msgs/include/px4_msgs/px4_msgs/msg/detail/goto_setpoint__functions.h\n'}
[2.986853] (px4_msgs) StdoutLine: {'line': b'-- Up-to-date symlink: /home/dolphiinn/ros2_ws/install/px4_msgs/include/px4_msgs/px4_msgs/msg/detail/goto_setpoint__struct.h\n'}
[2.986998] (px4_msgs) StdoutLine: {'line': b'-- Up-to-date symlink: /home/dolphiinn/ros2_ws/install/px4_msgs/include/px4_msgs/px4_msgs/msg/detail/goto_setpoint__type_support.h\n'}
[2.987145] (px4_msgs) StdoutLine: {'line': b'-- Up-to-date symlink: /home/dolphiinn/ros2_ws/install/px4_msgs/include/px4_msgs/px4_msgs/msg/detail/gpio_config__functions.h\n'}
[2.987428] (px4_msgs) StdoutLine: {'line': b'-- Up-to-date symlink: /home/dolphiinn/ros2_ws/install/px4_msgs/include/px4_msgs/px4_msgs/msg/detail/gpio_config__struct.h\n'}
[2.987658] (px4_msgs) StdoutLine: {'line': b'-- Up-to-date symlink: /home/dolphiinn/ros2_ws/install/px4_msgs/include/px4_msgs/px4_msgs/msg/detail/gpio_config__type_support.h\n'}
[2.987858] (px4_msgs) StdoutLine: {'line': b'-- Up-to-date symlink: /home/dolphiinn/ros2_ws/install/px4_msgs/include/px4_msgs/px4_msgs/msg/detail/gpio_in__functions.h\n'}
[2.988072] (px4_msgs) StdoutLine: {'line': b'-- Up-to-date symlink: /home/dolphiinn/ros2_ws/install/px4_msgs/include/px4_msgs/px4_msgs/msg/detail/gpio_in__struct.h\n'}
[2.988343] (px4_msgs) StdoutLine: {'line': b'-- Up-to-date symlink: /home/dolphiinn/ros2_ws/install/px4_msgs/include/px4_msgs/px4_msgs/msg/detail/gpio_in__type_support.h\n'}
[2.988651] (px4_msgs) StdoutLine: {'line': b'-- Up-to-date symlink: /home/dolphiinn/ros2_ws/install/px4_msgs/include/px4_msgs/px4_msgs/msg/detail/gpio_out__functions.h\n'}
[2.988852] (px4_msgs) StdoutLine: {'line': b'-- Up-to-date symlink: /home/dolphiinn/ros2_ws/install/px4_msgs/include/px4_msgs/px4_msgs/msg/detail/gpio_out__struct.h\n'}
[2.989145] (px4_msgs) StdoutLine: {'line': b'-- Up-to-date symlink: /home/dolphiinn/ros2_ws/install/px4_msgs/include/px4_msgs/px4_msgs/msg/detail/gpio_out__type_support.h\n'}
[2.989413] (px4_msgs) StdoutLine: {'line': b'-- Up-to-date symlink: /home/dolphiinn/ros2_ws/install/px4_msgs/include/px4_msgs/px4_msgs/msg/detail/gpio_request__functions.h\n'}
[2.989684] (px4_msgs) StdoutLine: {'line': b'-- Up-to-date symlink: /home/dolphiinn/ros2_ws/install/px4_msgs/include/px4_msgs/px4_msgs/msg/detail/gpio_request__struct.h\n'}
[2.990426] (px4_msgs) StdoutLine: {'line': b'-- Up-to-date symlink: /home/dolphiinn/ros2_ws/install/px4_msgs/include/px4_msgs/px4_msgs/msg/detail/gpio_request__type_support.h\n'}
[2.990701] (px4_msgs) StdoutLine: {'line': b'-- Up-to-date symlink: /home/dolphiinn/ros2_ws/install/px4_msgs/include/px4_msgs/px4_msgs/msg/detail/gps_dump__functions.h\n'}
[2.990932] (px4_msgs) StdoutLine: {'line': b'-- Up-to-date symlink: /home/dolphiinn/ros2_ws/install/px4_msgs/include/px4_msgs/px4_msgs/msg/detail/gps_dump__struct.h\n'}
[2.991207] (px4_msgs) StdoutLine: {'line': b'-- Up-to-date symlink: /home/dolphiinn/ros2_ws/install/px4_msgs/include/px4_msgs/px4_msgs/msg/detail/gps_dump__type_support.h\n'}
[2.991505] (px4_msgs) StdoutLine: {'line': b'-- Up-to-date symlink: /home/dolphiinn/ros2_ws/install/px4_msgs/include/px4_msgs/px4_msgs/msg/detail/gps_inject_data__functions.h\n'}
[2.991741] (px4_msgs) StdoutLine: {'line': b'-- Up-to-date symlink: /home/dolphiinn/ros2_ws/install/px4_msgs/include/px4_msgs/px4_msgs/msg/detail/gps_inject_data__struct.h\n'}
[2.991999] (px4_msgs) StdoutLine: {'line': b'-- Up-to-date symlink: /home/dolphiinn/ros2_ws/install/px4_msgs/include/px4_msgs/px4_msgs/msg/detail/gps_inject_data__type_support.h\n'}
[2.992287] (px4_msgs) StdoutLine: {'line': b'-- Up-to-date symlink: /home/dolphiinn/ros2_ws/install/px4_msgs/include/px4_msgs/px4_msgs/msg/detail/gripper__functions.h\n'}
[2.992493] (px4_msgs) StdoutLine: {'line': b'-- Up-to-date symlink: /home/dolphiinn/ros2_ws/install/px4_msgs/include/px4_msgs/px4_msgs/msg/detail/gripper__struct.h\n'}
[2.992786] (px4_msgs) StdoutLine: {'line': b'-- Up-to-date symlink: /home/dolphiinn/ros2_ws/install/px4_msgs/include/px4_msgs/px4_msgs/msg/detail/gripper__type_support.h\n'}
[2.993268] (px4_msgs) StdoutLine: {'line': b'-- Up-to-date symlink: /home/dolphiinn/ros2_ws/install/px4_msgs/include/px4_msgs/px4_msgs/msg/detail/health_report__functions.h\n'}
[2.993716] (px4_msgs) StdoutLine: {'line': b'-- Up-to-date symlink: /home/dolphiinn/ros2_ws/install/px4_msgs/include/px4_msgs/px4_msgs/msg/detail/health_report__struct.h\n'}
[2.994126] (px4_msgs) StdoutLine: {'line': b'-- Up-to-date symlink: /home/dolphiinn/ros2_ws/install/px4_msgs/include/px4_msgs/px4_msgs/msg/detail/health_report__type_support.h\n'}
[2.994465] (px4_msgs) StdoutLine: {'line': b'-- Up-to-date symlink: /home/dolphiinn/ros2_ws/install/px4_msgs/include/px4_msgs/px4_msgs/msg/detail/heater_status__functions.h\n'}
[2.994905] (px4_msgs) StdoutLine: {'line': b'-- Up-to-date symlink: /home/dolphiinn/ros2_ws/install/px4_msgs/include/px4_msgs/px4_msgs/msg/detail/heater_status__struct.h\n'}
[2.995230] (px4_msgs) StdoutLine: {'line': b'-- Up-to-date symlink: /home/dolphiinn/ros2_ws/install/px4_msgs/include/px4_msgs/px4_msgs/msg/detail/heater_status__type_support.h\n'}
[2.995605] (px4_msgs) StdoutLine: {'line': b'-- Up-to-date symlink: /home/dolphiinn/ros2_ws/install/px4_msgs/include/px4_msgs/px4_msgs/msg/detail/home_position__functions.h\n'}
[2.995960] (px4_msgs) StdoutLine: {'line': b'-- Up-to-date symlink: /home/dolphiinn/ros2_ws/install/px4_msgs/include/px4_msgs/px4_msgs/msg/detail/home_position__struct.h\n'}
[2.996394] (px4_msgs) StdoutLine: {'line': b'-- Up-to-date symlink: /home/dolphiinn/ros2_ws/install/px4_msgs/include/px4_msgs/px4_msgs/msg/detail/home_position__type_support.h\n'}
[2.996581] (px4_msgs) StdoutLine: {'line': b'-- Up-to-date symlink: /home/dolphiinn/ros2_ws/install/px4_msgs/include/px4_msgs/px4_msgs/msg/detail/hover_thrust_estimate__functions.h\n'}
[2.996845] (px4_msgs) StdoutLine: {'line': b'-- Up-to-date symlink: /home/dolphiinn/ros2_ws/install/px4_msgs/include/px4_msgs/px4_msgs/msg/detail/hover_thrust_estimate__struct.h\n'}
[2.997215] (px4_msgs) StdoutLine: {'line': b'-- Up-to-date symlink: /home/dolphiinn/ros2_ws/install/px4_msgs/include/px4_msgs/px4_msgs/msg/detail/hover_thrust_estimate__type_support.h\n'}
[2.997868] (px4_msgs) StdoutLine: {'line': b'-- Up-to-date symlink: /home/dolphiinn/ros2_ws/install/px4_msgs/include/px4_msgs/px4_msgs/msg/detail/input_rc__functions.h\n'}
[2.998232] (px4_msgs) StdoutLine: {'line': b'-- Up-to-date symlink: /home/dolphiinn/ros2_ws/install/px4_msgs/include/px4_msgs/px4_msgs/msg/detail/input_rc__struct.h\n'}
[2.998564] (px4_msgs) StdoutLine: {'line': b'-- Up-to-date symlink: /home/dolphiinn/ros2_ws/install/px4_msgs/include/px4_msgs/px4_msgs/msg/detail/input_rc__type_support.h\n'}
[2.999542] (px4_msgs) StdoutLine: {'line': b'-- Up-to-date symlink: /home/dolphiinn/ros2_ws/install/px4_msgs/include/px4_msgs/px4_msgs/msg/detail/internal_combustion_engine_control__functions.h\n'}
[2.999760] (px4_msgs) StdoutLine: {'line': b'-- Up-to-date symlink: /home/dolphiinn/ros2_ws/install/px4_msgs/include/px4_msgs/px4_msgs/msg/detail/internal_combustion_engine_control__struct.h\n'}
[2.999888] (px4_msgs) StdoutLine: {'line': b'-- Up-to-date symlink: /home/dolphiinn/ros2_ws/install/px4_msgs/include/px4_msgs/px4_msgs/msg/detail/internal_combustion_engine_control__type_support.h\n'}
[3.000106] (px4_msgs) StdoutLine: {'line': b'-- Up-to-date symlink: /home/dolphiinn/ros2_ws/install/px4_msgs/include/px4_msgs/px4_msgs/msg/detail/internal_combustion_engine_status__functions.h\n'}
[3.000331] (px4_msgs) StdoutLine: {'line': b'-- Up-to-date symlink: /home/dolphiinn/ros2_ws/install/px4_msgs/include/px4_msgs/px4_msgs/msg/detail/internal_combustion_engine_status__struct.h\n'}
[3.000608] (px4_msgs) StdoutLine: {'line': b'-- Up-to-date symlink: /home/dolphiinn/ros2_ws/install/px4_msgs/include/px4_msgs/px4_msgs/msg/detail/internal_combustion_engine_status__type_support.h\n'}
[3.001057] (px4_msgs) StdoutLine: {'line': b'-- Up-to-date symlink: /home/dolphiinn/ros2_ws/install/px4_msgs/include/px4_msgs/px4_msgs/msg/detail/iridiumsbd_status__functions.h\n'}
[3.001614] (px4_msgs) StdoutLine: {'line': b'-- Up-to-date symlink: /home/dolphiinn/ros2_ws/install/px4_msgs/include/px4_msgs/px4_msgs/msg/detail/iridiumsbd_status__struct.h\n'}
[3.002076] (px4_msgs) StdoutLine: {'line': b'-- Up-to-date symlink: /home/dolphiinn/ros2_ws/install/px4_msgs/include/px4_msgs/px4_msgs/msg/detail/iridiumsbd_status__type_support.h\n'}
[3.002306] (px4_msgs) StdoutLine: {'line': b'-- Up-to-date symlink: /home/dolphiinn/ros2_ws/install/px4_msgs/include/px4_msgs/px4_msgs/msg/detail/irlock_report__functions.h\n'}
[3.002738] (px4_msgs) StdoutLine: {'line': b'-- Up-to-date symlink: /home/dolphiinn/ros2_ws/install/px4_msgs/include/px4_msgs/px4_msgs/msg/detail/irlock_report__struct.h\n'}
[3.003104] (px4_msgs) StdoutLine: {'line': b'-- Up-to-date symlink: /home/dolphiinn/ros2_ws/install/px4_msgs/include/px4_msgs/px4_msgs/msg/detail/irlock_report__type_support.h\n'}
[3.003564] (px4_msgs) StdoutLine: {'line': b'-- Up-to-date symlink: /home/dolphiinn/ros2_ws/install/px4_msgs/include/px4_msgs/px4_msgs/msg/detail/landing_gear__functions.h\n'}
[3.003834] (px4_msgs) StdoutLine: {'line': b'-- Up-to-date symlink: /home/dolphiinn/ros2_ws/install/px4_msgs/include/px4_msgs/px4_msgs/msg/detail/landing_gear__struct.h\n'}
[3.004071] (px4_msgs) StdoutLine: {'line': b'-- Up-to-date symlink: /home/dolphiinn/ros2_ws/install/px4_msgs/include/px4_msgs/px4_msgs/msg/detail/landing_gear__type_support.h\n'}
[3.004307] (px4_msgs) StdoutLine: {'line': b'-- Up-to-date symlink: /home/dolphiinn/ros2_ws/install/px4_msgs/include/px4_msgs/px4_msgs/msg/detail/landing_gear_wheel__functions.h\n'}
[3.004721] (px4_msgs) StdoutLine: {'line': b'-- Up-to-date symlink: /home/dolphiinn/ros2_ws/install/px4_msgs/include/px4_msgs/px4_msgs/msg/detail/landing_gear_wheel__struct.h\n'}
[3.005093] (px4_msgs) StdoutLine: {'line': b'-- Up-to-date symlink: /home/dolphiinn/ros2_ws/install/px4_msgs/include/px4_msgs/px4_msgs/msg/detail/landing_gear_wheel__type_support.h\n'}
[3.005412] (px4_msgs) StdoutLine: {'line': b'-- Up-to-date symlink: /home/dolphiinn/ros2_ws/install/px4_msgs/include/px4_msgs/px4_msgs/msg/detail/landing_target_innovations__functions.h\n'}
[3.005800] (px4_msgs) StdoutLine: {'line': b'-- Up-to-date symlink: /home/dolphiinn/ros2_ws/install/px4_msgs/include/px4_msgs/px4_msgs/msg/detail/landing_target_innovations__struct.h\n'}
[3.006184] (px4_msgs) StdoutLine: {'line': b'-- Up-to-date symlink: /home/dolphiinn/ros2_ws/install/px4_msgs/include/px4_msgs/px4_msgs/msg/detail/landing_target_innovations__type_support.h\n'}
[3.006637] (px4_msgs) StdoutLine: {'line': b'-- Up-to-date symlink: /home/dolphiinn/ros2_ws/install/px4_msgs/include/px4_msgs/px4_msgs/msg/detail/landing_target_pose__functions.h\n'}
[3.007212] (px4_msgs) StdoutLine: {'line': b'-- Up-to-date symlink: /home/dolphiinn/ros2_ws/install/px4_msgs/include/px4_msgs/px4_msgs/msg/detail/landing_target_pose__struct.h\n'}
[3.007483] (px4_msgs) StdoutLine: {'line': b'-- Up-to-date symlink: /home/dolphiinn/ros2_ws/install/px4_msgs/include/px4_msgs/px4_msgs/msg/detail/landing_target_pose__type_support.h\n'}
[3.007762] (px4_msgs) StdoutLine: {'line': b'-- Up-to-date symlink: /home/dolphiinn/ros2_ws/install/px4_msgs/include/px4_msgs/px4_msgs/msg/detail/lateral_control_configuration__functions.h\n'}
[3.008246] (px4_msgs) StdoutLine: {'line': b'-- Up-to-date symlink: /home/dolphiinn/ros2_ws/install/px4_msgs/include/px4_msgs/px4_msgs/msg/detail/lateral_control_configuration__struct.h\n'}
[3.008607] (px4_msgs) StdoutLine: {'line': b'-- Up-to-date symlink: /home/dolphiinn/ros2_ws/install/px4_msgs/include/px4_msgs/px4_msgs/msg/detail/lateral_control_configuration__type_support.h\n'}
[3.009120] (px4_msgs) StdoutLine: {'line': b'-- Up-to-date symlink: /home/dolphiinn/ros2_ws/install/px4_msgs/include/px4_msgs/px4_msgs/msg/detail/launch_detection_status__functions.h\n'}
[3.009577] (px4_msgs) StdoutLine: {'line': b'-- Up-to-date symlink: /home/dolphiinn/ros2_ws/install/px4_msgs/include/px4_msgs/px4_msgs/msg/detail/launch_detection_status__struct.h\n'}
[3.010100] (-) TimerEvent: {}
[3.010582] (px4_msgs) StdoutLine: {'line': b'-- Up-to-date symlink: /home/dolphiinn/ros2_ws/install/px4_msgs/include/px4_msgs/px4_msgs/msg/detail/launch_detection_status__type_support.h\n'}
[3.010988] (px4_msgs) StdoutLine: {'line': b'-- Up-to-date symlink: /home/dolphiinn/ros2_ws/install/px4_msgs/include/px4_msgs/px4_msgs/msg/detail/led_control__functions.h\n'}
[3.011214] (px4_msgs) StdoutLine: {'line': b'-- Up-to-date symlink: /home/dolphiinn/ros2_ws/install/px4_msgs/include/px4_msgs/px4_msgs/msg/detail/led_control__struct.h\n'}
[3.011450] (px4_msgs) StdoutLine: {'line': b'-- Up-to-date symlink: /home/dolphiinn/ros2_ws/install/px4_msgs/include/px4_msgs/px4_msgs/msg/detail/led_control__type_support.h\n'}
[3.011842] (px4_msgs) StdoutLine: {'line': b'-- Up-to-date symlink: /home/dolphiinn/ros2_ws/install/px4_msgs/include/px4_msgs/px4_msgs/msg/detail/log_message__functions.h\n'}
[3.012136] (px4_msgs) StdoutLine: {'line': b'-- Up-to-date symlink: /home/dolphiinn/ros2_ws/install/px4_msgs/include/px4_msgs/px4_msgs/msg/detail/log_message__struct.h\n'}
[3.012371] (px4_msgs) StdoutLine: {'line': b'-- Up-to-date symlink: /home/dolphiinn/ros2_ws/install/px4_msgs/include/px4_msgs/px4_msgs/msg/detail/log_message__type_support.h\n'}
[3.012665] (px4_msgs) StdoutLine: {'line': b'-- Up-to-date symlink: /home/dolphiinn/ros2_ws/install/px4_msgs/include/px4_msgs/px4_msgs/msg/detail/logger_status__functions.h\n'}
[3.013888] (px4_msgs) StdoutLine: {'line': b'-- Up-to-date symlink: /home/dolphiinn/ros2_ws/install/px4_msgs/include/px4_msgs/px4_msgs/msg/detail/logger_status__struct.h\n'}
[3.014192] (px4_msgs) StdoutLine: {'line': b'-- Up-to-date symlink: /home/dolphiinn/ros2_ws/install/px4_msgs/include/px4_msgs/px4_msgs/msg/detail/logger_status__type_support.h\n'}
[3.014346] (px4_msgs) StdoutLine: {'line': b'-- Up-to-date symlink: /home/dolphiinn/ros2_ws/install/px4_msgs/include/px4_msgs/px4_msgs/msg/detail/longitudinal_control_configuration__functions.h\n'}
[3.014652] (px4_msgs) StdoutLine: {'line': b'-- Up-to-date symlink: /home/dolphiinn/ros2_ws/install/px4_msgs/include/px4_msgs/px4_msgs/msg/detail/longitudinal_control_configuration__struct.h\n'}
[3.014781] (px4_msgs) StdoutLine: {'line': b'-- Up-to-date symlink: /home/dolphiinn/ros2_ws/install/px4_msgs/include/px4_msgs/px4_msgs/msg/detail/longitudinal_control_configuration__type_support.h\n'}
[3.015152] (px4_msgs) StdoutLine: {'line': b'-- Up-to-date symlink: /home/dolphiinn/ros2_ws/install/px4_msgs/include/px4_msgs/px4_msgs/msg/detail/mag_worker_data__functions.h\n'}
[3.015404] (px4_msgs) StdoutLine: {'line': b'-- Up-to-date symlink: /home/dolphiinn/ros2_ws/install/px4_msgs/include/px4_msgs/px4_msgs/msg/detail/mag_worker_data__struct.h\n'}
[3.015628] (px4_msgs) StdoutLine: {'line': b'-- Up-to-date symlink: /home/dolphiinn/ros2_ws/install/px4_msgs/include/px4_msgs/px4_msgs/msg/detail/mag_worker_data__type_support.h\n'}
[3.015920] (px4_msgs) StdoutLine: {'line': b'-- Up-to-date symlink: /home/dolphiinn/ros2_ws/install/px4_msgs/include/px4_msgs/px4_msgs/msg/detail/magnetometer_bias_estimate__functions.h\n'}
[3.016618] (px4_msgs) StdoutLine: {'line': b'-- Up-to-date symlink: /home/dolphiinn/ros2_ws/install/px4_msgs/include/px4_msgs/px4_msgs/msg/detail/magnetometer_bias_estimate__struct.h\n'}
[3.016850] (px4_msgs) StdoutLine: {'line': b'-- Up-to-date symlink: /home/dolphiinn/ros2_ws/install/px4_msgs/include/px4_msgs/px4_msgs/msg/detail/magnetometer_bias_estimate__type_support.h\n'}
[3.017369] (px4_msgs) StdoutLine: {'line': b'-- Up-to-date symlink: /home/dolphiinn/ros2_ws/install/px4_msgs/include/px4_msgs/px4_msgs/msg/detail/manual_control_setpoint__functions.h\n'}
[3.017666] (px4_msgs) StdoutLine: {'line': b'-- Up-to-date symlink: /home/dolphiinn/ros2_ws/install/px4_msgs/include/px4_msgs/px4_msgs/msg/detail/manual_control_setpoint__struct.h\n'}
[3.018153] (px4_msgs) StdoutLine: {'line': b'-- Up-to-date symlink: /home/dolphiinn/ros2_ws/install/px4_msgs/include/px4_msgs/px4_msgs/msg/detail/manual_control_setpoint__type_support.h\n'}
[3.018328] (px4_msgs) StdoutLine: {'line': b'-- Up-to-date symlink: /home/dolphiinn/ros2_ws/install/px4_msgs/include/px4_msgs/px4_msgs/msg/detail/manual_control_switches__functions.h\n'}
[3.018641] (px4_msgs) StdoutLine: {'line': b'-- Up-to-date symlink: /home/dolphiinn/ros2_ws/install/px4_msgs/include/px4_msgs/px4_msgs/msg/detail/manual_control_switches__struct.h\n'}
[3.019223] (px4_msgs) StdoutLine: {'line': b'-- Up-to-date symlink: /home/dolphiinn/ros2_ws/install/px4_msgs/include/px4_msgs/px4_msgs/msg/detail/manual_control_switches__type_support.h\n'}
[3.019790] (px4_msgs) StdoutLine: {'line': b'-- Up-to-date symlink: /home/dolphiinn/ros2_ws/install/px4_msgs/include/px4_msgs/px4_msgs/msg/detail/mavlink_log__functions.h\n'}
[3.020130] (px4_msgs) StdoutLine: {'line': b'-- Up-to-date symlink: /home/dolphiinn/ros2_ws/install/px4_msgs/include/px4_msgs/px4_msgs/msg/detail/mavlink_log__struct.h\n'}
[3.020408] (px4_msgs) StdoutLine: {'line': b'-- Up-to-date symlink: /home/dolphiinn/ros2_ws/install/px4_msgs/include/px4_msgs/px4_msgs/msg/detail/mavlink_log__type_support.h\n'}
[3.020804] (px4_msgs) StdoutLine: {'line': b'-- Up-to-date symlink: /home/dolphiinn/ros2_ws/install/px4_msgs/include/px4_msgs/px4_msgs/msg/detail/mavlink_tunnel__functions.h\n'}
[3.021174] (px4_msgs) StdoutLine: {'line': b'-- Up-to-date symlink: /home/dolphiinn/ros2_ws/install/px4_msgs/include/px4_msgs/px4_msgs/msg/detail/mavlink_tunnel__struct.h\n'}
[3.021517] (px4_msgs) StdoutLine: {'line': b'-- Up-to-date symlink: /home/dolphiinn/ros2_ws/install/px4_msgs/include/px4_msgs/px4_msgs/msg/detail/mavlink_tunnel__type_support.h\n'}
[3.021997] (px4_msgs) StdoutLine: {'line': b'-- Up-to-date symlink: /home/dolphiinn/ros2_ws/install/px4_msgs/include/px4_msgs/px4_msgs/msg/detail/message_format_request__functions.h\n'}
[3.022459] (px4_msgs) StdoutLine: {'line': b'-- Up-to-date symlink: /home/dolphiinn/ros2_ws/install/px4_msgs/include/px4_msgs/px4_msgs/msg/detail/message_format_request__struct.h\n'}
[3.022879] (px4_msgs) StdoutLine: {'line': b'-- Up-to-date symlink: /home/dolphiinn/ros2_ws/install/px4_msgs/include/px4_msgs/px4_msgs/msg/detail/message_format_request__type_support.h\n'}
[3.023109] (px4_msgs) StdoutLine: {'line': b'-- Up-to-date symlink: /home/dolphiinn/ros2_ws/install/px4_msgs/include/px4_msgs/px4_msgs/msg/detail/message_format_response__functions.h\n'}
[3.023338] (px4_msgs) StdoutLine: {'line': b'-- Up-to-date symlink: /home/dolphiinn/ros2_ws/install/px4_msgs/include/px4_msgs/px4_msgs/msg/detail/message_format_response__struct.h\n'}
[3.023680] (px4_msgs) StdoutLine: {'line': b'-- Up-to-date symlink: /home/dolphiinn/ros2_ws/install/px4_msgs/include/px4_msgs/px4_msgs/msg/detail/message_format_response__type_support.h\n'}
[3.024003] (px4_msgs) StdoutLine: {'line': b'-- Up-to-date symlink: /home/dolphiinn/ros2_ws/install/px4_msgs/include/px4_msgs/px4_msgs/msg/detail/mission__functions.h\n'}
[3.024265] (px4_msgs) StdoutLine: {'line': b'-- Up-to-date symlink: /home/dolphiinn/ros2_ws/install/px4_msgs/include/px4_msgs/px4_msgs/msg/detail/mission__struct.h\n'}
[3.024608] (px4_msgs) StdoutLine: {'line': b'-- Up-to-date symlink: /home/dolphiinn/ros2_ws/install/px4_msgs/include/px4_msgs/px4_msgs/msg/detail/mission__type_support.h\n'}
[3.025035] (px4_msgs) StdoutLine: {'line': b'-- Up-to-date symlink: /home/dolphiinn/ros2_ws/install/px4_msgs/include/px4_msgs/px4_msgs/msg/detail/mission_result__functions.h\n'}
[3.025344] (px4_msgs) StdoutLine: {'line': b'-- Up-to-date symlink: /home/dolphiinn/ros2_ws/install/px4_msgs/include/px4_msgs/px4_msgs/msg/detail/mission_result__struct.h\n'}
[3.025961] (px4_msgs) StdoutLine: {'line': b'-- Up-to-date symlink: /home/dolphiinn/ros2_ws/install/px4_msgs/include/px4_msgs/px4_msgs/msg/detail/mission_result__type_support.h\n'}
[3.026366] (px4_msgs) StdoutLine: {'line': b'-- Up-to-date symlink: /home/dolphiinn/ros2_ws/install/px4_msgs/include/px4_msgs/px4_msgs/msg/detail/mode_completed__functions.h\n'}
[3.026748] (px4_msgs) StdoutLine: {'line': b'-- Up-to-date symlink: /home/dolphiinn/ros2_ws/install/px4_msgs/include/px4_msgs/px4_msgs/msg/detail/mode_completed__struct.h\n'}
[3.027171] (px4_msgs) StdoutLine: {'line': b'-- Up-to-date symlink: /home/dolphiinn/ros2_ws/install/px4_msgs/include/px4_msgs/px4_msgs/msg/detail/mode_completed__type_support.h\n'}
[3.027605] (px4_msgs) StdoutLine: {'line': b'-- Up-to-date symlink: /home/dolphiinn/ros2_ws/install/px4_msgs/include/px4_msgs/px4_msgs/msg/detail/mount_orientation__functions.h\n'}
[3.027921] (px4_msgs) StdoutLine: {'line': b'-- Up-to-date symlink: /home/dolphiinn/ros2_ws/install/px4_msgs/include/px4_msgs/px4_msgs/msg/detail/mount_orientation__struct.h\n'}
[3.028307] (px4_msgs) StdoutLine: {'line': b'-- Up-to-date symlink: /home/dolphiinn/ros2_ws/install/px4_msgs/include/px4_msgs/px4_msgs/msg/detail/mount_orientation__type_support.h\n'}
[3.028619] (px4_msgs) StdoutLine: {'line': b'-- Up-to-date symlink: /home/dolphiinn/ros2_ws/install/px4_msgs/include/px4_msgs/px4_msgs/msg/detail/navigator_mission_item__functions.h\n'}
[3.029116] (px4_msgs) StdoutLine: {'line': b'-- Up-to-date symlink: /home/dolphiinn/ros2_ws/install/px4_msgs/include/px4_msgs/px4_msgs/msg/detail/navigator_mission_item__struct.h\n'}
[3.029573] (px4_msgs) StdoutLine: {'line': b'-- Up-to-date symlink: /home/dolphiinn/ros2_ws/install/px4_msgs/include/px4_msgs/px4_msgs/msg/detail/navigator_mission_item__type_support.h\n'}
[3.030072] (px4_msgs) StdoutLine: {'line': b'-- Up-to-date symlink: /home/dolphiinn/ros2_ws/install/px4_msgs/include/px4_msgs/px4_msgs/msg/detail/navigator_status__functions.h\n'}
[3.030661] (px4_msgs) StdoutLine: {'line': b'-- Up-to-date symlink: /home/dolphiinn/ros2_ws/install/px4_msgs/include/px4_msgs/px4_msgs/msg/detail/navigator_status__struct.h\n'}
[3.030931] (px4_msgs) StdoutLine: {'line': b'-- Up-to-date symlink: /home/dolphiinn/ros2_ws/install/px4_msgs/include/px4_msgs/px4_msgs/msg/detail/navigator_status__type_support.h\n'}
[3.031599] (px4_msgs) StdoutLine: {'line': b'-- Up-to-date symlink: /home/dolphiinn/ros2_ws/install/px4_msgs/include/px4_msgs/px4_msgs/msg/detail/neural_control__functions.h\n'}
[3.031987] (px4_msgs) StdoutLine: {'line': b'-- Up-to-date symlink: /home/dolphiinn/ros2_ws/install/px4_msgs/include/px4_msgs/px4_msgs/msg/detail/neural_control__struct.h\n'}
[3.032265] (px4_msgs) StdoutLine: {'line': b'-- Up-to-date symlink: /home/dolphiinn/ros2_ws/install/px4_msgs/include/px4_msgs/px4_msgs/msg/detail/neural_control__type_support.h\n'}
[3.032672] (px4_msgs) StdoutLine: {'line': b'-- Up-to-date symlink: /home/dolphiinn/ros2_ws/install/px4_msgs/include/px4_msgs/px4_msgs/msg/detail/normalized_unsigned_setpoint__functions.h\n'}
[3.032987] (px4_msgs) StdoutLine: {'line': b'-- Up-to-date symlink: /home/dolphiinn/ros2_ws/install/px4_msgs/include/px4_msgs/px4_msgs/msg/detail/normalized_unsigned_setpoint__struct.h\n'}
[3.033401] (px4_msgs) StdoutLine: {'line': b'-- Up-to-date symlink: /home/dolphiinn/ros2_ws/install/px4_msgs/include/px4_msgs/px4_msgs/msg/detail/normalized_unsigned_setpoint__type_support.h\n'}
[3.033843] (px4_msgs) StdoutLine: {'line': b'-- Up-to-date symlink: /home/dolphiinn/ros2_ws/install/px4_msgs/include/px4_msgs/px4_msgs/msg/detail/obstacle_distance__functions.h\n'}
[3.034268] (px4_msgs) StdoutLine: {'line': b'-- Up-to-date symlink: /home/dolphiinn/ros2_ws/install/px4_msgs/include/px4_msgs/px4_msgs/msg/detail/obstacle_distance__struct.h\n'}
[3.034638] (px4_msgs) StdoutLine: {'line': b'-- Up-to-date symlink: /home/dolphiinn/ros2_ws/install/px4_msgs/include/px4_msgs/px4_msgs/msg/detail/obstacle_distance__type_support.h\n'}
[3.035029] (px4_msgs) StdoutLine: {'line': b'-- Up-to-date symlink: /home/dolphiinn/ros2_ws/install/px4_msgs/include/px4_msgs/px4_msgs/msg/detail/offboard_control_mode__functions.h\n'}
[3.035301] (px4_msgs) StdoutLine: {'line': b'-- Up-to-date symlink: /home/dolphiinn/ros2_ws/install/px4_msgs/include/px4_msgs/px4_msgs/msg/detail/offboard_control_mode__struct.h\n'}
[3.035877] (px4_msgs) StdoutLine: {'line': b'-- Up-to-date symlink: /home/dolphiinn/ros2_ws/install/px4_msgs/include/px4_msgs/px4_msgs/msg/detail/offboard_control_mode__type_support.h\n'}
[3.036332] (px4_msgs) StdoutLine: {'line': b'-- Up-to-date symlink: /home/dolphiinn/ros2_ws/install/px4_msgs/include/px4_msgs/px4_msgs/msg/detail/onboard_computer_status__functions.h\n'}
[3.036810] (px4_msgs) StdoutLine: {'line': b'-- Up-to-date symlink: /home/dolphiinn/ros2_ws/install/px4_msgs/include/px4_msgs/px4_msgs/msg/detail/onboard_computer_status__struct.h\n'}
[3.037316] (px4_msgs) StdoutLine: {'line': b'-- Up-to-date symlink: /home/dolphiinn/ros2_ws/install/px4_msgs/include/px4_msgs/px4_msgs/msg/detail/onboard_computer_status__type_support.h\n'}
[3.037811] (px4_msgs) StdoutLine: {'line': b'-- Up-to-date symlink: /home/dolphiinn/ros2_ws/install/px4_msgs/include/px4_msgs/px4_msgs/msg/detail/open_drone_id_arm_status__functions.h\n'}
[3.038127] (px4_msgs) StdoutLine: {'line': b'-- Up-to-date symlink: /home/dolphiinn/ros2_ws/install/px4_msgs/include/px4_msgs/px4_msgs/msg/detail/open_drone_id_arm_status__struct.h\n'}
[3.038610] (px4_msgs) StdoutLine: {'line': b'-- Up-to-date symlink: /home/dolphiinn/ros2_ws/install/px4_msgs/include/px4_msgs/px4_msgs/msg/detail/open_drone_id_arm_status__type_support.h\n'}
[3.038945] (px4_msgs) StdoutLine: {'line': b'-- Up-to-date symlink: /home/dolphiinn/ros2_ws/install/px4_msgs/include/px4_msgs/px4_msgs/msg/detail/open_drone_id_operator_id__functions.h\n'}
[3.039168] (px4_msgs) StdoutLine: {'line': b'-- Up-to-date symlink: /home/dolphiinn/ros2_ws/install/px4_msgs/include/px4_msgs/px4_msgs/msg/detail/open_drone_id_operator_id__struct.h\n'}
[3.039318] (px4_msgs) StdoutLine: {'line': b'-- Up-to-date symlink: /home/dolphiinn/ros2_ws/install/px4_msgs/include/px4_msgs/px4_msgs/msg/detail/open_drone_id_operator_id__type_support.h\n'}
[3.039687] (px4_msgs) StdoutLine: {'line': b'-- Up-to-date symlink: /home/dolphiinn/ros2_ws/install/px4_msgs/include/px4_msgs/px4_msgs/msg/detail/open_drone_id_self_id__functions.h\n'}
[3.040030] (px4_msgs) StdoutLine: {'line': b'-- Up-to-date symlink: /home/dolphiinn/ros2_ws/install/px4_msgs/include/px4_msgs/px4_msgs/msg/detail/open_drone_id_self_id__struct.h\n'}
[3.040247] (px4_msgs) StdoutLine: {'line': b'-- Up-to-date symlink: /home/dolphiinn/ros2_ws/install/px4_msgs/include/px4_msgs/px4_msgs/msg/detail/open_drone_id_self_id__type_support.h\n'}
[3.040546] (px4_msgs) StdoutLine: {'line': b'-- Up-to-date symlink: /home/dolphiinn/ros2_ws/install/px4_msgs/include/px4_msgs/px4_msgs/msg/detail/open_drone_id_system__functions.h\n'}
[3.040813] (px4_msgs) StdoutLine: {'line': b'-- Up-to-date symlink: /home/dolphiinn/ros2_ws/install/px4_msgs/include/px4_msgs/px4_msgs/msg/detail/open_drone_id_system__struct.h\n'}
[3.041213] (px4_msgs) StdoutLine: {'line': b'-- Up-to-date symlink: /home/dolphiinn/ros2_ws/install/px4_msgs/include/px4_msgs/px4_msgs/msg/detail/open_drone_id_system__type_support.h\n'}
[3.041669] (px4_msgs) StdoutLine: {'line': b'-- Up-to-date symlink: /home/dolphiinn/ros2_ws/install/px4_msgs/include/px4_msgs/px4_msgs/msg/detail/orb_test__functions.h\n'}
[3.042127] (px4_msgs) StdoutLine: {'line': b'-- Up-to-date symlink: /home/dolphiinn/ros2_ws/install/px4_msgs/include/px4_msgs/px4_msgs/msg/detail/orb_test__struct.h\n'}
[3.042532] (px4_msgs) StdoutLine: {'line': b'-- Up-to-date symlink: /home/dolphiinn/ros2_ws/install/px4_msgs/include/px4_msgs/px4_msgs/msg/detail/orb_test__type_support.h\n'}
[3.043542] (px4_msgs) StdoutLine: {'line': b'-- Up-to-date symlink: /home/dolphiinn/ros2_ws/install/px4_msgs/include/px4_msgs/px4_msgs/msg/detail/orb_test_large__functions.h\n'}
[3.043863] (px4_msgs) StdoutLine: {'line': b'-- Up-to-date symlink: /home/dolphiinn/ros2_ws/install/px4_msgs/include/px4_msgs/px4_msgs/msg/detail/orb_test_large__struct.h\n'}
[3.044015] (px4_msgs) StdoutLine: {'line': b'-- Up-to-date symlink: /home/dolphiinn/ros2_ws/install/px4_msgs/include/px4_msgs/px4_msgs/msg/detail/orb_test_large__type_support.h\n'}
[3.044130] (px4_msgs) StdoutLine: {'line': b'-- Up-to-date symlink: /home/dolphiinn/ros2_ws/install/px4_msgs/include/px4_msgs/px4_msgs/msg/detail/orb_test_medium__functions.h\n'}
[3.044390] (px4_msgs) StdoutLine: {'line': b'-- Up-to-date symlink: /home/dolphiinn/ros2_ws/install/px4_msgs/include/px4_msgs/px4_msgs/msg/detail/orb_test_medium__struct.h\n'}
[3.044707] (px4_msgs) StdoutLine: {'line': b'-- Up-to-date symlink: /home/dolphiinn/ros2_ws/install/px4_msgs/include/px4_msgs/px4_msgs/msg/detail/orb_test_medium__type_support.h\n'}
[3.044869] (px4_msgs) StdoutLine: {'line': b'-- Up-to-date symlink: /home/dolphiinn/ros2_ws/install/px4_msgs/include/px4_msgs/px4_msgs/msg/detail/orbit_status__functions.h\n'}
[3.046010] (px4_msgs) StdoutLine: {'line': b'-- Up-to-date symlink: /home/dolphiinn/ros2_ws/install/px4_msgs/include/px4_msgs/px4_msgs/msg/detail/orbit_status__struct.h\n'}
[3.046597] (px4_msgs) StdoutLine: {'line': b'-- Up-to-date symlink: /home/dolphiinn/ros2_ws/install/px4_msgs/include/px4_msgs/px4_msgs/msg/detail/orbit_status__type_support.h\n'}
[3.046893] (px4_msgs) StdoutLine: {'line': b'-- Up-to-date symlink: /home/dolphiinn/ros2_ws/install/px4_msgs/include/px4_msgs/px4_msgs/msg/detail/parameter_reset_request__functions.h\n'}
[3.047133] (px4_msgs) StdoutLine: {'line': b'-- Up-to-date symlink: /home/dolphiinn/ros2_ws/install/px4_msgs/include/px4_msgs/px4_msgs/msg/detail/parameter_reset_request__struct.h\n'}
[3.047408] (px4_msgs) StdoutLine: {'line': b'-- Up-to-date symlink: /home/dolphiinn/ros2_ws/install/px4_msgs/include/px4_msgs/px4_msgs/msg/detail/parameter_reset_request__type_support.h\n'}
[3.047777] (px4_msgs) StdoutLine: {'line': b'-- Up-to-date symlink: /home/dolphiinn/ros2_ws/install/px4_msgs/include/px4_msgs/px4_msgs/msg/detail/parameter_set_used_request__functions.h\n'}
[3.048072] (px4_msgs) StdoutLine: {'line': b'-- Up-to-date symlink: /home/dolphiinn/ros2_ws/install/px4_msgs/include/px4_msgs/px4_msgs/msg/detail/parameter_set_used_request__struct.h\n'}
[3.048286] (px4_msgs) StdoutLine: {'line': b'-- Up-to-date symlink: /home/dolphiinn/ros2_ws/install/px4_msgs/include/px4_msgs/px4_msgs/msg/detail/parameter_set_used_request__type_support.h\n'}
[3.049030] (px4_msgs) StdoutLine: {'line': b'-- Up-to-date symlink: /home/dolphiinn/ros2_ws/install/px4_msgs/include/px4_msgs/px4_msgs/msg/detail/parameter_set_value_request__functions.h\n'}
[3.049458] (px4_msgs) StdoutLine: {'line': b'-- Up-to-date symlink: /home/dolphiinn/ros2_ws/install/px4_msgs/include/px4_msgs/px4_msgs/msg/detail/parameter_set_value_request__struct.h\n'}
[3.050247] (px4_msgs) StdoutLine: {'line': b'-- Up-to-date symlink: /home/dolphiinn/ros2_ws/install/px4_msgs/include/px4_msgs/px4_msgs/msg/detail/parameter_set_value_request__type_support.h\n'}
[3.050444] (px4_msgs) StdoutLine: {'line': b'-- Up-to-date symlink: /home/dolphiinn/ros2_ws/install/px4_msgs/include/px4_msgs/px4_msgs/msg/detail/parameter_set_value_response__functions.h\n'}
[3.050741] (px4_msgs) StdoutLine: {'line': b'-- Up-to-date symlink: /home/dolphiinn/ros2_ws/install/px4_msgs/include/px4_msgs/px4_msgs/msg/detail/parameter_set_value_response__struct.h\n'}
[3.050944] (px4_msgs) StdoutLine: {'line': b'-- Up-to-date symlink: /home/dolphiinn/ros2_ws/install/px4_msgs/include/px4_msgs/px4_msgs/msg/detail/parameter_set_value_response__type_support.h\n'}
[3.051954] (px4_msgs) StdoutLine: {'line': b'-- Up-to-date symlink: /home/dolphiinn/ros2_ws/install/px4_msgs/include/px4_msgs/px4_msgs/msg/detail/parameter_update__functions.h\n'}
[3.052226] (px4_msgs) StdoutLine: {'line': b'-- Up-to-date symlink: /home/dolphiinn/ros2_ws/install/px4_msgs/include/px4_msgs/px4_msgs/msg/detail/parameter_update__struct.h\n'}
[3.052376] (px4_msgs) StdoutLine: {'line': b'-- Up-to-date symlink: /home/dolphiinn/ros2_ws/install/px4_msgs/include/px4_msgs/px4_msgs/msg/detail/parameter_update__type_support.h\n'}
[3.052582] (px4_msgs) StdoutLine: {'line': b'-- Up-to-date symlink: /home/dolphiinn/ros2_ws/install/px4_msgs/include/px4_msgs/px4_msgs/msg/detail/ping__functions.h\n'}
[3.052731] (px4_msgs) StdoutLine: {'line': b'-- Up-to-date symlink: /home/dolphiinn/ros2_ws/install/px4_msgs/include/px4_msgs/px4_msgs/msg/detail/ping__struct.h\n'}
[3.052924] (px4_msgs) StdoutLine: {'line': b'-- Up-to-date symlink: /home/dolphiinn/ros2_ws/install/px4_msgs/include/px4_msgs/px4_msgs/msg/detail/ping__type_support.h\n'}
[3.053098] (px4_msgs) StdoutLine: {'line': b'-- Up-to-date symlink: /home/dolphiinn/ros2_ws/install/px4_msgs/include/px4_msgs/px4_msgs/msg/detail/position_controller_landing_status__functions.h\n'}
[3.053253] (px4_msgs) StdoutLine: {'line': b'-- Up-to-date symlink: /home/dolphiinn/ros2_ws/install/px4_msgs/include/px4_msgs/px4_msgs/msg/detail/position_controller_landing_status__struct.h\n'}
[3.054015] (px4_msgs) StdoutLine: {'line': b'-- Up-to-date symlink: /home/dolphiinn/ros2_ws/install/px4_msgs/include/px4_msgs/px4_msgs/msg/detail/position_controller_landing_status__type_support.h\n'}
[3.054523] (px4_msgs) StdoutLine: {'line': b'-- Up-to-date symlink: /home/dolphiinn/ros2_ws/install/px4_msgs/include/px4_msgs/px4_msgs/msg/detail/position_controller_status__functions.h\n'}
[3.054697] (px4_msgs) StdoutLine: {'line': b'-- Up-to-date symlink: /home/dolphiinn/ros2_ws/install/px4_msgs/include/px4_msgs/px4_msgs/msg/detail/position_controller_status__struct.h\n'}
[3.054845] (px4_msgs) StdoutLine: {'line': b'-- Up-to-date symlink: /home/dolphiinn/ros2_ws/install/px4_msgs/include/px4_msgs/px4_msgs/msg/detail/position_controller_status__type_support.h\n'}
[3.055126] (px4_msgs) StdoutLine: {'line': b'-- Up-to-date symlink: /home/dolphiinn/ros2_ws/install/px4_msgs/include/px4_msgs/px4_msgs/msg/detail/position_setpoint__functions.h\n'}
[3.055323] (px4_msgs) StdoutLine: {'line': b'-- Up-to-date symlink: /home/dolphiinn/ros2_ws/install/px4_msgs/include/px4_msgs/px4_msgs/msg/detail/position_setpoint__struct.h\n'}
[3.055571] (px4_msgs) StdoutLine: {'line': b'-- Up-to-date symlink: /home/dolphiinn/ros2_ws/install/px4_msgs/include/px4_msgs/px4_msgs/msg/detail/position_setpoint__type_support.h\n'}
[3.055790] (px4_msgs) StdoutLine: {'line': b'-- Up-to-date symlink: /home/dolphiinn/ros2_ws/install/px4_msgs/include/px4_msgs/px4_msgs/msg/detail/position_setpoint_triplet__functions.h\n'}
[3.056003] (px4_msgs) StdoutLine: {'line': b'-- Up-to-date symlink: /home/dolphiinn/ros2_ws/install/px4_msgs/include/px4_msgs/px4_msgs/msg/detail/position_setpoint_triplet__struct.h\n'}
[3.056202] (px4_msgs) StdoutLine: {'line': b'-- Up-to-date symlink: /home/dolphiinn/ros2_ws/install/px4_msgs/include/px4_msgs/px4_msgs/msg/detail/position_setpoint_triplet__type_support.h\n'}
[3.056500] (px4_msgs) StdoutLine: {'line': b'-- Up-to-date symlink: /home/dolphiinn/ros2_ws/install/px4_msgs/include/px4_msgs/px4_msgs/msg/detail/power_button_state__functions.h\n'}
[3.056712] (px4_msgs) StdoutLine: {'line': b'-- Up-to-date symlink: /home/dolphiinn/ros2_ws/install/px4_msgs/include/px4_msgs/px4_msgs/msg/detail/power_button_state__struct.h\n'}
[3.057141] (px4_msgs) StdoutLine: {'line': b'-- Up-to-date symlink: /home/dolphiinn/ros2_ws/install/px4_msgs/include/px4_msgs/px4_msgs/msg/detail/power_button_state__type_support.h\n'}
[3.057445] (px4_msgs) StdoutLine: {'line': b'-- Up-to-date symlink: /home/dolphiinn/ros2_ws/install/px4_msgs/include/px4_msgs/px4_msgs/msg/detail/power_monitor__functions.h\n'}
[3.058081] (px4_msgs) StdoutLine: {'line': b'-- Up-to-date symlink: /home/dolphiinn/ros2_ws/install/px4_msgs/include/px4_msgs/px4_msgs/msg/detail/power_monitor__struct.h\n'}
[3.058481] (px4_msgs) StdoutLine: {'line': b'-- Up-to-date symlink: /home/dolphiinn/ros2_ws/install/px4_msgs/include/px4_msgs/px4_msgs/msg/detail/power_monitor__type_support.h\n'}
[3.058895] (px4_msgs) StdoutLine: {'line': b'-- Up-to-date symlink: /home/dolphiinn/ros2_ws/install/px4_msgs/include/px4_msgs/px4_msgs/msg/detail/pps_capture__functions.h\n'}
[3.059178] (px4_msgs) StdoutLine: {'line': b'-- Up-to-date symlink: /home/dolphiinn/ros2_ws/install/px4_msgs/include/px4_msgs/px4_msgs/msg/detail/pps_capture__struct.h\n'}
[3.059435] (px4_msgs) StdoutLine: {'line': b'-- Up-to-date symlink: /home/dolphiinn/ros2_ws/install/px4_msgs/include/px4_msgs/px4_msgs/msg/detail/pps_capture__type_support.h\n'}
[3.059698] (px4_msgs) StdoutLine: {'line': b'-- Up-to-date symlink: /home/dolphiinn/ros2_ws/install/px4_msgs/include/px4_msgs/px4_msgs/msg/detail/pure_pursuit_status__functions.h\n'}
[3.060049] (px4_msgs) StdoutLine: {'line': b'-- Up-to-date symlink: /home/dolphiinn/ros2_ws/install/px4_msgs/include/px4_msgs/px4_msgs/msg/detail/pure_pursuit_status__struct.h\n'}
[3.060384] (px4_msgs) StdoutLine: {'line': b'-- Up-to-date symlink: /home/dolphiinn/ros2_ws/install/px4_msgs/include/px4_msgs/px4_msgs/msg/detail/pure_pursuit_status__type_support.h\n'}
[3.060783] (px4_msgs) StdoutLine: {'line': b'-- Up-to-date symlink: /home/dolphiinn/ros2_ws/install/px4_msgs/include/px4_msgs/px4_msgs/msg/detail/pwm_input__functions.h\n'}
[3.061362] (px4_msgs) StdoutLine: {'line': b'-- Up-to-date symlink: /home/dolphiinn/ros2_ws/install/px4_msgs/include/px4_msgs/px4_msgs/msg/detail/pwm_input__struct.h\n'}
[3.061697] (px4_msgs) StdoutLine: {'line': b'-- Up-to-date symlink: /home/dolphiinn/ros2_ws/install/px4_msgs/include/px4_msgs/px4_msgs/msg/detail/pwm_input__type_support.h\n'}
[3.062103] (px4_msgs) StdoutLine: {'line': b'-- Up-to-date symlink: /home/dolphiinn/ros2_ws/install/px4_msgs/include/px4_msgs/px4_msgs/msg/detail/px4io_status__functions.h\n'}
[3.062944] (px4_msgs) StdoutLine: {'line': b'-- Up-to-date symlink: /home/dolphiinn/ros2_ws/install/px4_msgs/include/px4_msgs/px4_msgs/msg/detail/px4io_status__struct.h\n'}
[3.063161] (px4_msgs) StdoutLine: {'line': b'-- Up-to-date symlink: /home/dolphiinn/ros2_ws/install/px4_msgs/include/px4_msgs/px4_msgs/msg/detail/px4io_status__type_support.h\n'}
[3.063567] (px4_msgs) StdoutLine: {'line': b'-- Up-to-date symlink: /home/dolphiinn/ros2_ws/install/px4_msgs/include/px4_msgs/px4_msgs/msg/detail/qshell_req__functions.h\n'}
[3.063790] (px4_msgs) StdoutLine: {'line': b'-- Up-to-date symlink: /home/dolphiinn/ros2_ws/install/px4_msgs/include/px4_msgs/px4_msgs/msg/detail/qshell_req__struct.h\n'}
[3.064038] (px4_msgs) StdoutLine: {'line': b'-- Up-to-date symlink: /home/dolphiinn/ros2_ws/install/px4_msgs/include/px4_msgs/px4_msgs/msg/detail/qshell_req__type_support.h\n'}
[3.064342] (px4_msgs) StdoutLine: {'line': b'-- Up-to-date symlink: /home/dolphiinn/ros2_ws/install/px4_msgs/include/px4_msgs/px4_msgs/msg/detail/qshell_retval__functions.h\n'}
[3.064616] (px4_msgs) StdoutLine: {'line': b'-- Up-to-date symlink: /home/dolphiinn/ros2_ws/install/px4_msgs/include/px4_msgs/px4_msgs/msg/detail/qshell_retval__struct.h\n'}
[3.064967] (px4_msgs) StdoutLine: {'line': b'-- Up-to-date symlink: /home/dolphiinn/ros2_ws/install/px4_msgs/include/px4_msgs/px4_msgs/msg/detail/qshell_retval__type_support.h\n'}
[3.065252] (px4_msgs) StdoutLine: {'line': b'-- Up-to-date symlink: /home/dolphiinn/ros2_ws/install/px4_msgs/include/px4_msgs/px4_msgs/msg/detail/radio_status__functions.h\n'}
[3.066181] (px4_msgs) StdoutLine: {'line': b'-- Up-to-date symlink: /home/dolphiinn/ros2_ws/install/px4_msgs/include/px4_msgs/px4_msgs/msg/detail/radio_status__struct.h\n'}
[3.066363] (px4_msgs) StdoutLine: {'line': b'-- Up-to-date symlink: /home/dolphiinn/ros2_ws/install/px4_msgs/include/px4_msgs/px4_msgs/msg/detail/radio_status__type_support.h\n'}
[3.066467] (px4_msgs) StdoutLine: {'line': b'-- Up-to-date symlink: /home/dolphiinn/ros2_ws/install/px4_msgs/include/px4_msgs/px4_msgs/msg/detail/rate_ctrl_status__functions.h\n'}
[3.066714] (px4_msgs) StdoutLine: {'line': b'-- Up-to-date symlink: /home/dolphiinn/ros2_ws/install/px4_msgs/include/px4_msgs/px4_msgs/msg/detail/rate_ctrl_status__struct.h\n'}
[3.067379] (px4_msgs) StdoutLine: {'line': b'-- Up-to-date symlink: /home/dolphiinn/ros2_ws/install/px4_msgs/include/px4_msgs/px4_msgs/msg/detail/rate_ctrl_status__type_support.h\n'}
[3.067974] (px4_msgs) StdoutLine: {'line': b'-- Up-to-date symlink: /home/dolphiinn/ros2_ws/install/px4_msgs/include/px4_msgs/px4_msgs/msg/detail/rc_channels__functions.h\n'}
[3.068223] (px4_msgs) StdoutLine: {'line': b'-- Up-to-date symlink: /home/dolphiinn/ros2_ws/install/px4_msgs/include/px4_msgs/px4_msgs/msg/detail/rc_channels__struct.h\n'}
[3.068501] (px4_msgs) StdoutLine: {'line': b'-- Up-to-date symlink: /home/dolphiinn/ros2_ws/install/px4_msgs/include/px4_msgs/px4_msgs/msg/detail/rc_channels__type_support.h\n'}
[3.068749] (px4_msgs) StdoutLine: {'line': b'-- Up-to-date symlink: /home/dolphiinn/ros2_ws/install/px4_msgs/include/px4_msgs/px4_msgs/msg/detail/rc_parameter_map__functions.h\n'}
[3.069081] (px4_msgs) StdoutLine: {'line': b'-- Up-to-date symlink: /home/dolphiinn/ros2_ws/install/px4_msgs/include/px4_msgs/px4_msgs/msg/detail/rc_parameter_map__struct.h\n'}
[3.069379] (px4_msgs) StdoutLine: {'line': b'-- Up-to-date symlink: /home/dolphiinn/ros2_ws/install/px4_msgs/include/px4_msgs/px4_msgs/msg/detail/rc_parameter_map__type_support.h\n'}
[3.069689] (px4_msgs) StdoutLine: {'line': b'-- Up-to-date symlink: /home/dolphiinn/ros2_ws/install/px4_msgs/include/px4_msgs/px4_msgs/msg/detail/register_ext_component_reply__functions.h\n'}
[3.070133] (px4_msgs) StdoutLine: {'line': b'-- Up-to-date symlink: /home/dolphiinn/ros2_ws/install/px4_msgs/include/px4_msgs/px4_msgs/msg/detail/register_ext_component_reply__struct.h\n'}
[3.070656] (px4_msgs) StdoutLine: {'line': b'-- Up-to-date symlink: /home/dolphiinn/ros2_ws/install/px4_msgs/include/px4_msgs/px4_msgs/msg/detail/register_ext_component_reply__type_support.h\n'}
[3.071109] (px4_msgs) StdoutLine: {'line': b'-- Up-to-date symlink: /home/dolphiinn/ros2_ws/install/px4_msgs/include/px4_msgs/px4_msgs/msg/detail/register_ext_component_request__functions.h\n'}
[3.071681] (px4_msgs) StdoutLine: {'line': b'-- Up-to-date symlink: /home/dolphiinn/ros2_ws/install/px4_msgs/include/px4_msgs/px4_msgs/msg/detail/register_ext_component_request__struct.h\n'}
[3.071940] (px4_msgs) StdoutLine: {'line': b'-- Up-to-date symlink: /home/dolphiinn/ros2_ws/install/px4_msgs/include/px4_msgs/px4_msgs/msg/detail/register_ext_component_request__type_support.h\n'}
[3.072197] (px4_msgs) StdoutLine: {'line': b'-- Up-to-date symlink: /home/dolphiinn/ros2_ws/install/px4_msgs/include/px4_msgs/px4_msgs/msg/detail/rover_attitude_setpoint__functions.h\n'}
[3.072515] (px4_msgs) StdoutLine: {'line': b'-- Up-to-date symlink: /home/dolphiinn/ros2_ws/install/px4_msgs/include/px4_msgs/px4_msgs/msg/detail/rover_attitude_setpoint__struct.h\n'}
[3.072767] (px4_msgs) StdoutLine: {'line': b'-- Up-to-date symlink: /home/dolphiinn/ros2_ws/install/px4_msgs/include/px4_msgs/px4_msgs/msg/detail/rover_attitude_setpoint__type_support.h\n'}
[3.073080] (px4_msgs) StdoutLine: {'line': b'-- Up-to-date symlink: /home/dolphiinn/ros2_ws/install/px4_msgs/include/px4_msgs/px4_msgs/msg/detail/rover_attitude_status__functions.h\n'}
[3.073351] (px4_msgs) StdoutLine: {'line': b'-- Up-to-date symlink: /home/dolphiinn/ros2_ws/install/px4_msgs/include/px4_msgs/px4_msgs/msg/detail/rover_attitude_status__struct.h\n'}
[3.074054] (px4_msgs) StdoutLine: {'line': b'-- Up-to-date symlink: /home/dolphiinn/ros2_ws/install/px4_msgs/include/px4_msgs/px4_msgs/msg/detail/rover_attitude_status__type_support.h\n'}
[3.074372] (px4_msgs) StdoutLine: {'line': b'-- Up-to-date symlink: /home/dolphiinn/ros2_ws/install/px4_msgs/include/px4_msgs/px4_msgs/msg/detail/rover_position_setpoint__functions.h\n'}
[3.074801] (px4_msgs) StdoutLine: {'line': b'-- Up-to-date symlink: /home/dolphiinn/ros2_ws/install/px4_msgs/include/px4_msgs/px4_msgs/msg/detail/rover_position_setpoint__struct.h\n'}
[3.075126] (px4_msgs) StdoutLine: {'line': b'-- Up-to-date symlink: /home/dolphiinn/ros2_ws/install/px4_msgs/include/px4_msgs/px4_msgs/msg/detail/rover_position_setpoint__type_support.h\n'}
[3.075381] (px4_msgs) StdoutLine: {'line': b'-- Up-to-date symlink: /home/dolphiinn/ros2_ws/install/px4_msgs/include/px4_msgs/px4_msgs/msg/detail/rover_rate_setpoint__functions.h\n'}
[3.075651] (px4_msgs) StdoutLine: {'line': b'-- Up-to-date symlink: /home/dolphiinn/ros2_ws/install/px4_msgs/include/px4_msgs/px4_msgs/msg/detail/rover_rate_setpoint__struct.h\n'}
[3.076009] (px4_msgs) StdoutLine: {'line': b'-- Up-to-date symlink: /home/dolphiinn/ros2_ws/install/px4_msgs/include/px4_msgs/px4_msgs/msg/detail/rover_rate_setpoint__type_support.h\n'}
[3.076212] (px4_msgs) StdoutLine: {'line': b'-- Up-to-date symlink: /home/dolphiinn/ros2_ws/install/px4_msgs/include/px4_msgs/px4_msgs/msg/detail/rover_rate_status__functions.h\n'}
[3.076526] (px4_msgs) StdoutLine: {'line': b'-- Up-to-date symlink: /home/dolphiinn/ros2_ws/install/px4_msgs/include/px4_msgs/px4_msgs/msg/detail/rover_rate_status__struct.h\n'}
[3.076994] (px4_msgs) StdoutLine: {'line': b'-- Up-to-date symlink: /home/dolphiinn/ros2_ws/install/px4_msgs/include/px4_msgs/px4_msgs/msg/detail/rover_rate_status__type_support.h\n'}
[3.077375] (px4_msgs) StdoutLine: {'line': b'-- Up-to-date symlink: /home/dolphiinn/ros2_ws/install/px4_msgs/include/px4_msgs/px4_msgs/msg/detail/rover_speed_setpoint__functions.h\n'}
[3.077762] (px4_msgs) StdoutLine: {'line': b'-- Up-to-date symlink: /home/dolphiinn/ros2_ws/install/px4_msgs/include/px4_msgs/px4_msgs/msg/detail/rover_speed_setpoint__struct.h\n'}
[3.078211] (px4_msgs) StdoutLine: {'line': b'-- Up-to-date symlink: /home/dolphiinn/ros2_ws/install/px4_msgs/include/px4_msgs/px4_msgs/msg/detail/rover_speed_setpoint__type_support.h\n'}
[3.078639] (px4_msgs) StdoutLine: {'line': b'-- Up-to-date symlink: /home/dolphiinn/ros2_ws/install/px4_msgs/include/px4_msgs/px4_msgs/msg/detail/rover_speed_status__functions.h\n'}
[3.079379] (px4_msgs) StdoutLine: {'line': b'-- Up-to-date symlink: /home/dolphiinn/ros2_ws/install/px4_msgs/include/px4_msgs/px4_msgs/msg/detail/rover_speed_status__struct.h\n'}
[3.079671] (px4_msgs) StdoutLine: {'line': b'-- Up-to-date symlink: /home/dolphiinn/ros2_ws/install/px4_msgs/include/px4_msgs/px4_msgs/msg/detail/rover_speed_status__type_support.h\n'}
[3.079939] (px4_msgs) StdoutLine: {'line': b'-- Up-to-date symlink: /home/dolphiinn/ros2_ws/install/px4_msgs/include/px4_msgs/px4_msgs/msg/detail/rover_steering_setpoint__functions.h\n'}
[3.080174] (px4_msgs) StdoutLine: {'line': b'-- Up-to-date symlink: /home/dolphiinn/ros2_ws/install/px4_msgs/include/px4_msgs/px4_msgs/msg/detail/rover_steering_setpoint__struct.h\n'}
[3.080541] (px4_msgs) StdoutLine: {'line': b'-- Up-to-date symlink: /home/dolphiinn/ros2_ws/install/px4_msgs/include/px4_msgs/px4_msgs/msg/detail/rover_steering_setpoint__type_support.h\n'}
[3.080892] (px4_msgs) StdoutLine: {'line': b'-- Up-to-date symlink: /home/dolphiinn/ros2_ws/install/px4_msgs/include/px4_msgs/px4_msgs/msg/detail/rover_throttle_setpoint__functions.h\n'}
[3.081205] (px4_msgs) StdoutLine: {'line': b'-- Up-to-date symlink: /home/dolphiinn/ros2_ws/install/px4_msgs/include/px4_msgs/px4_msgs/msg/detail/rover_throttle_setpoint__struct.h\n'}
[3.081531] (px4_msgs) StdoutLine: {'line': b'-- Up-to-date symlink: /home/dolphiinn/ros2_ws/install/px4_msgs/include/px4_msgs/px4_msgs/msg/detail/rover_throttle_setpoint__type_support.h\n'}
[3.081927] (px4_msgs) StdoutLine: {'line': b'-- Up-to-date symlink: /home/dolphiinn/ros2_ws/install/px4_msgs/include/px4_msgs/px4_msgs/msg/detail/rpm__functions.h\n'}
[3.082457] (px4_msgs) StdoutLine: {'line': b'-- Up-to-date symlink: /home/dolphiinn/ros2_ws/install/px4_msgs/include/px4_msgs/px4_msgs/msg/detail/rpm__struct.h\n'}
[3.082753] (px4_msgs) StdoutLine: {'line': b'-- Up-to-date symlink: /home/dolphiinn/ros2_ws/install/px4_msgs/include/px4_msgs/px4_msgs/msg/detail/rpm__type_support.h\n'}
[3.083763] (px4_msgs) StdoutLine: {'line': b'-- Up-to-date symlink: /home/dolphiinn/ros2_ws/install/px4_msgs/include/px4_msgs/px4_msgs/msg/detail/rtl_status__functions.h\n'}
[3.084030] (px4_msgs) StdoutLine: {'line': b'-- Up-to-date symlink: /home/dolphiinn/ros2_ws/install/px4_msgs/include/px4_msgs/px4_msgs/msg/detail/rtl_status__struct.h\n'}
[3.084195] (px4_msgs) StdoutLine: {'line': b'-- Up-to-date symlink: /home/dolphiinn/ros2_ws/install/px4_msgs/include/px4_msgs/px4_msgs/msg/detail/rtl_status__type_support.h\n'}
[3.084361] (px4_msgs) StdoutLine: {'line': b'-- Up-to-date symlink: /home/dolphiinn/ros2_ws/install/px4_msgs/include/px4_msgs/px4_msgs/msg/detail/rtl_time_estimate__functions.h\n'}
[3.084559] (px4_msgs) StdoutLine: {'line': b'-- Up-to-date symlink: /home/dolphiinn/ros2_ws/install/px4_msgs/include/px4_msgs/px4_msgs/msg/detail/rtl_time_estimate__struct.h\n'}
[3.084989] (px4_msgs) StdoutLine: {'line': b'-- Up-to-date symlink: /home/dolphiinn/ros2_ws/install/px4_msgs/include/px4_msgs/px4_msgs/msg/detail/rtl_time_estimate__type_support.h\n'}
[3.085557] (px4_msgs) StdoutLine: {'line': b'-- Up-to-date symlink: /home/dolphiinn/ros2_ws/install/px4_msgs/include/px4_msgs/px4_msgs/msg/detail/satellite_info__functions.h\n'}
[3.086064] (px4_msgs) StdoutLine: {'line': b'-- Up-to-date symlink: /home/dolphiinn/ros2_ws/install/px4_msgs/include/px4_msgs/px4_msgs/msg/detail/satellite_info__struct.h\n'}
[3.086663] (px4_msgs) StdoutLine: {'line': b'-- Up-to-date symlink: /home/dolphiinn/ros2_ws/install/px4_msgs/include/px4_msgs/px4_msgs/msg/detail/satellite_info__type_support.h\n'}
[3.087020] (px4_msgs) StdoutLine: {'line': b'-- Up-to-date symlink: /home/dolphiinn/ros2_ws/install/px4_msgs/include/px4_msgs/px4_msgs/msg/detail/sensor_accel__functions.h\n'}
[3.087270] (px4_msgs) StdoutLine: {'line': b'-- Up-to-date symlink: /home/dolphiinn/ros2_ws/install/px4_msgs/include/px4_msgs/px4_msgs/msg/detail/sensor_accel__struct.h\n'}
[3.087511] (px4_msgs) StdoutLine: {'line': b'-- Up-to-date symlink: /home/dolphiinn/ros2_ws/install/px4_msgs/include/px4_msgs/px4_msgs/msg/detail/sensor_accel__type_support.h\n'}
[3.087832] (px4_msgs) StdoutLine: {'line': b'-- Up-to-date symlink: /home/dolphiinn/ros2_ws/install/px4_msgs/include/px4_msgs/px4_msgs/msg/detail/sensor_accel_fifo__functions.h\n'}
[3.088042] (px4_msgs) StdoutLine: {'line': b'-- Up-to-date symlink: /home/dolphiinn/ros2_ws/install/px4_msgs/include/px4_msgs/px4_msgs/msg/detail/sensor_accel_fifo__struct.h\n'}
[3.088280] (px4_msgs) StdoutLine: {'line': b'-- Up-to-date symlink: /home/dolphiinn/ros2_ws/install/px4_msgs/include/px4_msgs/px4_msgs/msg/detail/sensor_accel_fifo__type_support.h\n'}
[3.088564] (px4_msgs) StdoutLine: {'line': b'-- Up-to-date symlink: /home/dolphiinn/ros2_ws/install/px4_msgs/include/px4_msgs/px4_msgs/msg/detail/sensor_airflow__functions.h\n'}
[3.088910] (px4_msgs) StdoutLine: {'line': b'-- Up-to-date symlink: /home/dolphiinn/ros2_ws/install/px4_msgs/include/px4_msgs/px4_msgs/msg/detail/sensor_airflow__struct.h\n'}
[3.089242] (px4_msgs) StdoutLine: {'line': b'-- Up-to-date symlink: /home/dolphiinn/ros2_ws/install/px4_msgs/include/px4_msgs/px4_msgs/msg/detail/sensor_airflow__type_support.h\n'}
[3.089532] (px4_msgs) StdoutLine: {'line': b'-- Up-to-date symlink: /home/dolphiinn/ros2_ws/install/px4_msgs/include/px4_msgs/px4_msgs/msg/detail/sensor_baro__functions.h\n'}
[3.089920] (px4_msgs) StdoutLine: {'line': b'-- Up-to-date symlink: /home/dolphiinn/ros2_ws/install/px4_msgs/include/px4_msgs/px4_msgs/msg/detail/sensor_baro__struct.h\n'}
[3.090366] (px4_msgs) StdoutLine: {'line': b'-- Up-to-date symlink: /home/dolphiinn/ros2_ws/install/px4_msgs/include/px4_msgs/px4_msgs/msg/detail/sensor_baro__type_support.h\n'}
[3.090648] (px4_msgs) StdoutLine: {'line': b'-- Up-to-date symlink: /home/dolphiinn/ros2_ws/install/px4_msgs/include/px4_msgs/px4_msgs/msg/detail/sensor_combined__functions.h\n'}
[3.090894] (px4_msgs) StdoutLine: {'line': b'-- Up-to-date symlink: /home/dolphiinn/ros2_ws/install/px4_msgs/include/px4_msgs/px4_msgs/msg/detail/sensor_combined__struct.h\n'}
[3.091174] (px4_msgs) StdoutLine: {'line': b'-- Up-to-date symlink: /home/dolphiinn/ros2_ws/install/px4_msgs/include/px4_msgs/px4_msgs/msg/detail/sensor_combined__type_support.h\n'}
[3.091383] (px4_msgs) StdoutLine: {'line': b'-- Up-to-date symlink: /home/dolphiinn/ros2_ws/install/px4_msgs/include/px4_msgs/px4_msgs/msg/detail/sensor_correction__functions.h\n'}
[3.091596] (px4_msgs) StdoutLine: {'line': b'-- Up-to-date symlink: /home/dolphiinn/ros2_ws/install/px4_msgs/include/px4_msgs/px4_msgs/msg/detail/sensor_correction__struct.h\n'}
[3.091855] (px4_msgs) StdoutLine: {'line': b'-- Up-to-date symlink: /home/dolphiinn/ros2_ws/install/px4_msgs/include/px4_msgs/px4_msgs/msg/detail/sensor_correction__type_support.h\n'}
[3.092124] (px4_msgs) StdoutLine: {'line': b'-- Up-to-date symlink: /home/dolphiinn/ros2_ws/install/px4_msgs/include/px4_msgs/px4_msgs/msg/detail/sensor_gnss_relative__functions.h\n'}
[3.092414] (px4_msgs) StdoutLine: {'line': b'-- Up-to-date symlink: /home/dolphiinn/ros2_ws/install/px4_msgs/include/px4_msgs/px4_msgs/msg/detail/sensor_gnss_relative__struct.h\n'}
[3.092785] (px4_msgs) StdoutLine: {'line': b'-- Up-to-date symlink: /home/dolphiinn/ros2_ws/install/px4_msgs/include/px4_msgs/px4_msgs/msg/detail/sensor_gnss_relative__type_support.h\n'}
[3.093112] (px4_msgs) StdoutLine: {'line': b'-- Up-to-date symlink: /home/dolphiinn/ros2_ws/install/px4_msgs/include/px4_msgs/px4_msgs/msg/detail/sensor_gnss_status__functions.h\n'}
[3.093342] (px4_msgs) StdoutLine: {'line': b'-- Up-to-date symlink: /home/dolphiinn/ros2_ws/install/px4_msgs/include/px4_msgs/px4_msgs/msg/detail/sensor_gnss_status__struct.h\n'}
[3.093802] (px4_msgs) StdoutLine: {'line': b'-- Up-to-date symlink: /home/dolphiinn/ros2_ws/install/px4_msgs/include/px4_msgs/px4_msgs/msg/detail/sensor_gnss_status__type_support.h\n'}
[3.094318] (px4_msgs) StdoutLine: {'line': b'-- Up-to-date symlink: /home/dolphiinn/ros2_ws/install/px4_msgs/include/px4_msgs/px4_msgs/msg/detail/sensor_gps__functions.h\n'}
[3.094611] (px4_msgs) StdoutLine: {'line': b'-- Up-to-date symlink: /home/dolphiinn/ros2_ws/install/px4_msgs/include/px4_msgs/px4_msgs/msg/detail/sensor_gps__struct.h\n'}
[3.094926] (px4_msgs) StdoutLine: {'line': b'-- Up-to-date symlink: /home/dolphiinn/ros2_ws/install/px4_msgs/include/px4_msgs/px4_msgs/msg/detail/sensor_gps__type_support.h\n'}
[3.095277] (px4_msgs) StdoutLine: {'line': b'-- Up-to-date symlink: /home/dolphiinn/ros2_ws/install/px4_msgs/include/px4_msgs/px4_msgs/msg/detail/sensor_gyro__functions.h\n'}
[3.095614] (px4_msgs) StdoutLine: {'line': b'-- Up-to-date symlink: /home/dolphiinn/ros2_ws/install/px4_msgs/include/px4_msgs/px4_msgs/msg/detail/sensor_gyro__struct.h\n'}
[3.095919] (px4_msgs) StdoutLine: {'line': b'-- Up-to-date symlink: /home/dolphiinn/ros2_ws/install/px4_msgs/include/px4_msgs/px4_msgs/msg/detail/sensor_gyro__type_support.h\n'}
[3.096895] (px4_msgs) StdoutLine: {'line': b'-- Up-to-date symlink: /home/dolphiinn/ros2_ws/install/px4_msgs/include/px4_msgs/px4_msgs/msg/detail/sensor_gyro_fft__functions.h\n'}
[3.097280] (px4_msgs) StdoutLine: {'line': b'-- Up-to-date symlink: /home/dolphiinn/ros2_ws/install/px4_msgs/include/px4_msgs/px4_msgs/msg/detail/sensor_gyro_fft__struct.h\n'}
[3.097569] (px4_msgs) StdoutLine: {'line': b'-- Up-to-date symlink: /home/dolphiinn/ros2_ws/install/px4_msgs/include/px4_msgs/px4_msgs/msg/detail/sensor_gyro_fft__type_support.h\n'}
[3.097708] (px4_msgs) StdoutLine: {'line': b'-- Up-to-date symlink: /home/dolphiinn/ros2_ws/install/px4_msgs/include/px4_msgs/px4_msgs/msg/detail/sensor_gyro_fifo__functions.h\n'}
[3.097950] (px4_msgs) StdoutLine: {'line': b'-- Up-to-date symlink: /home/dolphiinn/ros2_ws/install/px4_msgs/include/px4_msgs/px4_msgs/msg/detail/sensor_gyro_fifo__struct.h\n'}
[3.098265] (px4_msgs) StdoutLine: {'line': b'-- Up-to-date symlink: /home/dolphiinn/ros2_ws/install/px4_msgs/include/px4_msgs/px4_msgs/msg/detail/sensor_gyro_fifo__type_support.h\n'}
[3.098683] (px4_msgs) StdoutLine: {'line': b'-- Up-to-date symlink: /home/dolphiinn/ros2_ws/install/px4_msgs/include/px4_msgs/px4_msgs/msg/detail/sensor_hygrometer__functions.h\n'}
[3.099109] (px4_msgs) StdoutLine: {'line': b'-- Up-to-date symlink: /home/dolphiinn/ros2_ws/install/px4_msgs/include/px4_msgs/px4_msgs/msg/detail/sensor_hygrometer__struct.h\n'}
[3.099460] (px4_msgs) StdoutLine: {'line': b'-- Up-to-date symlink: /home/dolphiinn/ros2_ws/install/px4_msgs/include/px4_msgs/px4_msgs/msg/detail/sensor_hygrometer__type_support.h\n'}
[3.099802] (px4_msgs) StdoutLine: {'line': b'-- Up-to-date symlink: /home/dolphiinn/ros2_ws/install/px4_msgs/include/px4_msgs/px4_msgs/msg/detail/sensor_mag__functions.h\n'}
[3.100125] (px4_msgs) StdoutLine: {'line': b'-- Up-to-date symlink: /home/dolphiinn/ros2_ws/install/px4_msgs/include/px4_msgs/px4_msgs/msg/detail/sensor_mag__struct.h\n'}
[3.100449] (px4_msgs) StdoutLine: {'line': b'-- Up-to-date symlink: /home/dolphiinn/ros2_ws/install/px4_msgs/include/px4_msgs/px4_msgs/msg/detail/sensor_mag__type_support.h\n'}
[3.100829] (px4_msgs) StdoutLine: {'line': b'-- Up-to-date symlink: /home/dolphiinn/ros2_ws/install/px4_msgs/include/px4_msgs/px4_msgs/msg/detail/sensor_optical_flow__functions.h\n'}
[3.101816] (px4_msgs) StdoutLine: {'line': b'-- Up-to-date symlink: /home/dolphiinn/ros2_ws/install/px4_msgs/include/px4_msgs/px4_msgs/msg/detail/sensor_optical_flow__struct.h\n'}
[3.102391] (px4_msgs) StdoutLine: {'line': b'-- Up-to-date symlink: /home/dolphiinn/ros2_ws/install/px4_msgs/include/px4_msgs/px4_msgs/msg/detail/sensor_optical_flow__type_support.h\n'}
[3.102670] (px4_msgs) StdoutLine: {'line': b'-- Up-to-date symlink: /home/dolphiinn/ros2_ws/install/px4_msgs/include/px4_msgs/px4_msgs/msg/detail/sensor_preflight_mag__functions.h\n'}
[3.102932] (px4_msgs) StdoutLine: {'line': b'-- Up-to-date symlink: /home/dolphiinn/ros2_ws/install/px4_msgs/include/px4_msgs/px4_msgs/msg/detail/sensor_preflight_mag__struct.h\n'}
[3.103451] (px4_msgs) StdoutLine: {'line': b'-- Up-to-date symlink: /home/dolphiinn/ros2_ws/install/px4_msgs/include/px4_msgs/px4_msgs/msg/detail/sensor_preflight_mag__type_support.h\n'}
[3.103773] (px4_msgs) StdoutLine: {'line': b'-- Up-to-date symlink: /home/dolphiinn/ros2_ws/install/px4_msgs/include/px4_msgs/px4_msgs/msg/detail/sensor_selection__functions.h\n'}
[3.104160] (px4_msgs) StdoutLine: {'line': b'-- Up-to-date symlink: /home/dolphiinn/ros2_ws/install/px4_msgs/include/px4_msgs/px4_msgs/msg/detail/sensor_selection__struct.h\n'}
[3.104444] (px4_msgs) StdoutLine: {'line': b'-- Up-to-date symlink: /home/dolphiinn/ros2_ws/install/px4_msgs/include/px4_msgs/px4_msgs/msg/detail/sensor_selection__type_support.h\n'}
[3.104808] (px4_msgs) StdoutLine: {'line': b'-- Up-to-date symlink: /home/dolphiinn/ros2_ws/install/px4_msgs/include/px4_msgs/px4_msgs/msg/detail/sensor_uwb__functions.h\n'}
[3.105134] (px4_msgs) StdoutLine: {'line': b'-- Up-to-date symlink: /home/dolphiinn/ros2_ws/install/px4_msgs/include/px4_msgs/px4_msgs/msg/detail/sensor_uwb__struct.h\n'}
[3.105593] (px4_msgs) StdoutLine: {'line': b'-- Up-to-date symlink: /home/dolphiinn/ros2_ws/install/px4_msgs/include/px4_msgs/px4_msgs/msg/detail/sensor_uwb__type_support.h\n'}
[3.105943] (px4_msgs) StdoutLine: {'line': b'-- Up-to-date symlink: /home/dolphiinn/ros2_ws/install/px4_msgs/include/px4_msgs/px4_msgs/msg/detail/sensors_status__functions.h\n'}
[3.106355] (px4_msgs) StdoutLine: {'line': b'-- Up-to-date symlink: /home/dolphiinn/ros2_ws/install/px4_msgs/include/px4_msgs/px4_msgs/msg/detail/sensors_status__struct.h\n'}
[3.106571] (px4_msgs) StdoutLine: {'line': b'-- Up-to-date symlink: /home/dolphiinn/ros2_ws/install/px4_msgs/include/px4_msgs/px4_msgs/msg/detail/sensors_status__type_support.h\n'}
[3.106770] (px4_msgs) StdoutLine: {'line': b'-- Up-to-date symlink: /home/dolphiinn/ros2_ws/install/px4_msgs/include/px4_msgs/px4_msgs/msg/detail/sensors_status_imu__functions.h\n'}
[3.107031] (px4_msgs) StdoutLine: {'line': b'-- Up-to-date symlink: /home/dolphiinn/ros2_ws/install/px4_msgs/include/px4_msgs/px4_msgs/msg/detail/sensors_status_imu__struct.h\n'}
[3.107328] (px4_msgs) StdoutLine: {'line': b'-- Up-to-date symlink: /home/dolphiinn/ros2_ws/install/px4_msgs/include/px4_msgs/px4_msgs/msg/detail/sensors_status_imu__type_support.h\n'}
[3.107672] (px4_msgs) StdoutLine: {'line': b'-- Up-to-date symlink: /home/dolphiinn/ros2_ws/install/px4_msgs/include/px4_msgs/px4_msgs/msg/detail/system_power__functions.h\n'}
[3.107894] (px4_msgs) StdoutLine: {'line': b'-- Up-to-date symlink: /home/dolphiinn/ros2_ws/install/px4_msgs/include/px4_msgs/px4_msgs/msg/detail/system_power__struct.h\n'}
[3.108117] (px4_msgs) StdoutLine: {'line': b'-- Up-to-date symlink: /home/dolphiinn/ros2_ws/install/px4_msgs/include/px4_msgs/px4_msgs/msg/detail/system_power__type_support.h\n'}
[3.108455] (px4_msgs) StdoutLine: {'line': b'-- Up-to-date symlink: /home/dolphiinn/ros2_ws/install/px4_msgs/include/px4_msgs/px4_msgs/msg/detail/takeoff_status__functions.h\n'}
[3.108673] (px4_msgs) StdoutLine: {'line': b'-- Up-to-date symlink: /home/dolphiinn/ros2_ws/install/px4_msgs/include/px4_msgs/px4_msgs/msg/detail/takeoff_status__struct.h\n'}
[3.108880] (px4_msgs) StdoutLine: {'line': b'-- Up-to-date symlink: /home/dolphiinn/ros2_ws/install/px4_msgs/include/px4_msgs/px4_msgs/msg/detail/takeoff_status__type_support.h\n'}
[3.109385] (px4_msgs) StdoutLine: {'line': b'-- Up-to-date symlink: /home/dolphiinn/ros2_ws/install/px4_msgs/include/px4_msgs/px4_msgs/msg/detail/task_stack_info__functions.h\n'}
[3.109926] (px4_msgs) StdoutLine: {'line': b'-- Up-to-date symlink: /home/dolphiinn/ros2_ws/install/px4_msgs/include/px4_msgs/px4_msgs/msg/detail/task_stack_info__struct.h\n'}
[3.110128] (-) TimerEvent: {}
[3.110421] (px4_msgs) StdoutLine: {'line': b'-- Up-to-date symlink: /home/dolphiinn/ros2_ws/install/px4_msgs/include/px4_msgs/px4_msgs/msg/detail/task_stack_info__type_support.h\n'}
[3.110750] (px4_msgs) StdoutLine: {'line': b'-- Up-to-date symlink: /home/dolphiinn/ros2_ws/install/px4_msgs/include/px4_msgs/px4_msgs/msg/detail/tecs_status__functions.h\n'}
[3.111041] (px4_msgs) StdoutLine: {'line': b'-- Up-to-date symlink: /home/dolphiinn/ros2_ws/install/px4_msgs/include/px4_msgs/px4_msgs/msg/detail/tecs_status__struct.h\n'}
[3.111392] (px4_msgs) StdoutLine: {'line': b'-- Up-to-date symlink: /home/dolphiinn/ros2_ws/install/px4_msgs/include/px4_msgs/px4_msgs/msg/detail/tecs_status__type_support.h\n'}
[3.111645] (px4_msgs) StdoutLine: {'line': b'-- Up-to-date symlink: /home/dolphiinn/ros2_ws/install/px4_msgs/include/px4_msgs/px4_msgs/msg/detail/telemetry_status__functions.h\n'}
[3.111930] (px4_msgs) StdoutLine: {'line': b'-- Up-to-date symlink: /home/dolphiinn/ros2_ws/install/px4_msgs/include/px4_msgs/px4_msgs/msg/detail/telemetry_status__struct.h\n'}
[3.112194] (px4_msgs) StdoutLine: {'line': b'-- Up-to-date symlink: /home/dolphiinn/ros2_ws/install/px4_msgs/include/px4_msgs/px4_msgs/msg/detail/telemetry_status__type_support.h\n'}
[3.113465] (px4_msgs) StdoutLine: {'line': b'-- Up-to-date symlink: /home/dolphiinn/ros2_ws/install/px4_msgs/include/px4_msgs/px4_msgs/msg/detail/tiltrotor_extra_controls__functions.h\n'}
[3.113833] (px4_msgs) StdoutLine: {'line': b'-- Up-to-date symlink: /home/dolphiinn/ros2_ws/install/px4_msgs/include/px4_msgs/px4_msgs/msg/detail/tiltrotor_extra_controls__struct.h\n'}
[3.114269] (px4_msgs) StdoutLine: {'line': b'-- Up-to-date symlink: /home/dolphiinn/ros2_ws/install/px4_msgs/include/px4_msgs/px4_msgs/msg/detail/tiltrotor_extra_controls__type_support.h\n'}
[3.115415] (px4_msgs) StdoutLine: {'line': b'-- Up-to-date symlink: /home/dolphiinn/ros2_ws/install/px4_msgs/include/px4_msgs/px4_msgs/msg/detail/timesync_status__functions.h\n'}
[3.115597] (px4_msgs) StdoutLine: {'line': b'-- Up-to-date symlink: /home/dolphiinn/ros2_ws/install/px4_msgs/include/px4_msgs/px4_msgs/msg/detail/timesync_status__struct.h\n'}
[3.115894] (px4_msgs) StdoutLine: {'line': b'-- Up-to-date symlink: /home/dolphiinn/ros2_ws/install/px4_msgs/include/px4_msgs/px4_msgs/msg/detail/timesync_status__type_support.h\n'}
[3.116075] (px4_msgs) StdoutLine: {'line': b'-- Up-to-date symlink: /home/dolphiinn/ros2_ws/install/px4_msgs/include/px4_msgs/px4_msgs/msg/detail/trajectory_setpoint6dof__functions.h\n'}
[3.116306] (px4_msgs) StdoutLine: {'line': b'-- Up-to-date symlink: /home/dolphiinn/ros2_ws/install/px4_msgs/include/px4_msgs/px4_msgs/msg/detail/trajectory_setpoint6dof__struct.h\n'}
[3.116672] (px4_msgs) StdoutLine: {'line': b'-- Up-to-date symlink: /home/dolphiinn/ros2_ws/install/px4_msgs/include/px4_msgs/px4_msgs/msg/detail/trajectory_setpoint6dof__type_support.h\n'}
[3.117131] (px4_msgs) StdoutLine: {'line': b'-- Up-to-date symlink: /home/dolphiinn/ros2_ws/install/px4_msgs/include/px4_msgs/px4_msgs/msg/detail/trajectory_setpoint__functions.h\n'}
[3.117736] (px4_msgs) StdoutLine: {'line': b'-- Up-to-date symlink: /home/dolphiinn/ros2_ws/install/px4_msgs/include/px4_msgs/px4_msgs/msg/detail/trajectory_setpoint__struct.h\n'}
[3.118047] (px4_msgs) StdoutLine: {'line': b'-- Up-to-date symlink: /home/dolphiinn/ros2_ws/install/px4_msgs/include/px4_msgs/px4_msgs/msg/detail/trajectory_setpoint__type_support.h\n'}
[3.118400] (px4_msgs) StdoutLine: {'line': b'-- Up-to-date symlink: /home/dolphiinn/ros2_ws/install/px4_msgs/include/px4_msgs/px4_msgs/msg/detail/transponder_report__functions.h\n'}
[3.118806] (px4_msgs) StdoutLine: {'line': b'-- Up-to-date symlink: /home/dolphiinn/ros2_ws/install/px4_msgs/include/px4_msgs/px4_msgs/msg/detail/transponder_report__struct.h\n'}
[3.119147] (px4_msgs) StdoutLine: {'line': b'-- Up-to-date symlink: /home/dolphiinn/ros2_ws/install/px4_msgs/include/px4_msgs/px4_msgs/msg/detail/transponder_report__type_support.h\n'}
[3.119392] (px4_msgs) StdoutLine: {'line': b'-- Up-to-date symlink: /home/dolphiinn/ros2_ws/install/px4_msgs/include/px4_msgs/px4_msgs/msg/detail/tune_control__functions.h\n'}
[3.119614] (px4_msgs) StdoutLine: {'line': b'-- Up-to-date symlink: /home/dolphiinn/ros2_ws/install/px4_msgs/include/px4_msgs/px4_msgs/msg/detail/tune_control__struct.h\n'}
[3.119851] (px4_msgs) StdoutLine: {'line': b'-- Up-to-date symlink: /home/dolphiinn/ros2_ws/install/px4_msgs/include/px4_msgs/px4_msgs/msg/detail/tune_control__type_support.h\n'}
[3.120068] (px4_msgs) StdoutLine: {'line': b'-- Up-to-date symlink: /home/dolphiinn/ros2_ws/install/px4_msgs/include/px4_msgs/px4_msgs/msg/detail/uavcan_parameter_request__functions.h\n'}
[3.120367] (px4_msgs) StdoutLine: {'line': b'-- Up-to-date symlink: /home/dolphiinn/ros2_ws/install/px4_msgs/include/px4_msgs/px4_msgs/msg/detail/uavcan_parameter_request__struct.h\n'}
[3.120617] (px4_msgs) StdoutLine: {'line': b'-- Up-to-date symlink: /home/dolphiinn/ros2_ws/install/px4_msgs/include/px4_msgs/px4_msgs/msg/detail/uavcan_parameter_request__type_support.h\n'}
[3.120873] (px4_msgs) StdoutLine: {'line': b'-- Up-to-date symlink: /home/dolphiinn/ros2_ws/install/px4_msgs/include/px4_msgs/px4_msgs/msg/detail/uavcan_parameter_value__functions.h\n'}
[3.121164] (px4_msgs) StdoutLine: {'line': b'-- Up-to-date symlink: /home/dolphiinn/ros2_ws/install/px4_msgs/include/px4_msgs/px4_msgs/msg/detail/uavcan_parameter_value__struct.h\n'}
[3.121443] (px4_msgs) StdoutLine: {'line': b'-- Up-to-date symlink: /home/dolphiinn/ros2_ws/install/px4_msgs/include/px4_msgs/px4_msgs/msg/detail/uavcan_parameter_value__type_support.h\n'}
[3.121792] (px4_msgs) StdoutLine: {'line': b'-- Up-to-date symlink: /home/dolphiinn/ros2_ws/install/px4_msgs/include/px4_msgs/px4_msgs/msg/detail/ulog_stream__functions.h\n'}
[3.122116] (px4_msgs) StdoutLine: {'line': b'-- Up-to-date symlink: /home/dolphiinn/ros2_ws/install/px4_msgs/include/px4_msgs/px4_msgs/msg/detail/ulog_stream__struct.h\n'}
[3.122416] (px4_msgs) StdoutLine: {'line': b'-- Up-to-date symlink: /home/dolphiinn/ros2_ws/install/px4_msgs/include/px4_msgs/px4_msgs/msg/detail/ulog_stream__type_support.h\n'}
[3.122634] (px4_msgs) StdoutLine: {'line': b'-- Up-to-date symlink: /home/dolphiinn/ros2_ws/install/px4_msgs/include/px4_msgs/px4_msgs/msg/detail/ulog_stream_ack__functions.h\n'}
[3.122952] (px4_msgs) StdoutLine: {'line': b'-- Up-to-date symlink: /home/dolphiinn/ros2_ws/install/px4_msgs/include/px4_msgs/px4_msgs/msg/detail/ulog_stream_ack__struct.h\n'}
[3.123353] (px4_msgs) StdoutLine: {'line': b'-- Up-to-date symlink: /home/dolphiinn/ros2_ws/install/px4_msgs/include/px4_msgs/px4_msgs/msg/detail/ulog_stream_ack__type_support.h\n'}
[3.123735] (px4_msgs) StdoutLine: {'line': b'-- Up-to-date symlink: /home/dolphiinn/ros2_ws/install/px4_msgs/include/px4_msgs/px4_msgs/msg/detail/unregister_ext_component__functions.h\n'}
[3.124085] (px4_msgs) StdoutLine: {'line': b'-- Up-to-date symlink: /home/dolphiinn/ros2_ws/install/px4_msgs/include/px4_msgs/px4_msgs/msg/detail/unregister_ext_component__struct.h\n'}
[3.124379] (px4_msgs) StdoutLine: {'line': b'-- Up-to-date symlink: /home/dolphiinn/ros2_ws/install/px4_msgs/include/px4_msgs/px4_msgs/msg/detail/unregister_ext_component__type_support.h\n'}
[3.124683] (px4_msgs) StdoutLine: {'line': b'-- Up-to-date symlink: /home/dolphiinn/ros2_ws/install/px4_msgs/include/px4_msgs/px4_msgs/msg/detail/vehicle_acceleration__functions.h\n'}
[3.125051] (px4_msgs) StdoutLine: {'line': b'-- Up-to-date symlink: /home/dolphiinn/ros2_ws/install/px4_msgs/include/px4_msgs/px4_msgs/msg/detail/vehicle_acceleration__struct.h\n'}
[3.125358] (px4_msgs) StdoutLine: {'line': b'-- Up-to-date symlink: /home/dolphiinn/ros2_ws/install/px4_msgs/include/px4_msgs/px4_msgs/msg/detail/vehicle_acceleration__type_support.h\n'}
[3.125718] (px4_msgs) StdoutLine: {'line': b'-- Up-to-date symlink: /home/dolphiinn/ros2_ws/install/px4_msgs/include/px4_msgs/px4_msgs/msg/detail/vehicle_air_data__functions.h\n'}
[3.126032] (px4_msgs) StdoutLine: {'line': b'-- Up-to-date symlink: /home/dolphiinn/ros2_ws/install/px4_msgs/include/px4_msgs/px4_msgs/msg/detail/vehicle_air_data__struct.h\n'}
[3.126397] (px4_msgs) StdoutLine: {'line': b'-- Up-to-date symlink: /home/dolphiinn/ros2_ws/install/px4_msgs/include/px4_msgs/px4_msgs/msg/detail/vehicle_air_data__type_support.h\n'}
[3.126739] (px4_msgs) StdoutLine: {'line': b'-- Up-to-date symlink: /home/dolphiinn/ros2_ws/install/px4_msgs/include/px4_msgs/px4_msgs/msg/detail/vehicle_angular_acceleration_setpoint__functions.h\n'}
[3.127049] (px4_msgs) StdoutLine: {'line': b'-- Up-to-date symlink: /home/dolphiinn/ros2_ws/install/px4_msgs/include/px4_msgs/px4_msgs/msg/detail/vehicle_angular_acceleration_setpoint__struct.h\n'}
[3.127351] (px4_msgs) StdoutLine: {'line': b'-- Up-to-date symlink: /home/dolphiinn/ros2_ws/install/px4_msgs/include/px4_msgs/px4_msgs/msg/detail/vehicle_angular_acceleration_setpoint__type_support.h\n'}
[3.127756] (px4_msgs) StdoutLine: {'line': b'-- Up-to-date symlink: /home/dolphiinn/ros2_ws/install/px4_msgs/include/px4_msgs/px4_msgs/msg/detail/vehicle_angular_velocity__functions.h\n'}
[3.128076] (px4_msgs) StdoutLine: {'line': b'-- Up-to-date symlink: /home/dolphiinn/ros2_ws/install/px4_msgs/include/px4_msgs/px4_msgs/msg/detail/vehicle_angular_velocity__struct.h\n'}
[3.128413] (px4_msgs) StdoutLine: {'line': b'-- Up-to-date symlink: /home/dolphiinn/ros2_ws/install/px4_msgs/include/px4_msgs/px4_msgs/msg/detail/vehicle_angular_velocity__type_support.h\n'}
[3.128726] (px4_msgs) StdoutLine: {'line': b'-- Up-to-date symlink: /home/dolphiinn/ros2_ws/install/px4_msgs/include/px4_msgs/px4_msgs/msg/detail/vehicle_attitude__functions.h\n'}
[3.129125] (px4_msgs) StdoutLine: {'line': b'-- Up-to-date symlink: /home/dolphiinn/ros2_ws/install/px4_msgs/include/px4_msgs/px4_msgs/msg/detail/vehicle_attitude__struct.h\n'}
[3.129975] (px4_msgs) StdoutLine: {'line': b'-- Up-to-date symlink: /home/dolphiinn/ros2_ws/install/px4_msgs/include/px4_msgs/px4_msgs/msg/detail/vehicle_attitude__type_support.h\n'}
[3.130709] (px4_msgs) StdoutLine: {'line': b'-- Up-to-date symlink: /home/dolphiinn/ros2_ws/install/px4_msgs/include/px4_msgs/px4_msgs/msg/detail/vehicle_attitude_setpoint__functions.h\n'}
[3.131053] (px4_msgs) StdoutLine: {'line': b'-- Up-to-date symlink: /home/dolphiinn/ros2_ws/install/px4_msgs/include/px4_msgs/px4_msgs/msg/detail/vehicle_attitude_setpoint__struct.h\n'}
[3.131398] (px4_msgs) StdoutLine: {'line': b'-- Up-to-date symlink: /home/dolphiinn/ros2_ws/install/px4_msgs/include/px4_msgs/px4_msgs/msg/detail/vehicle_attitude_setpoint__type_support.h\n'}
[3.131646] (px4_msgs) StdoutLine: {'line': b'-- Up-to-date symlink: /home/dolphiinn/ros2_ws/install/px4_msgs/include/px4_msgs/px4_msgs/msg/detail/vehicle_command__functions.h\n'}
[3.131996] (px4_msgs) StdoutLine: {'line': b'-- Up-to-date symlink: /home/dolphiinn/ros2_ws/install/px4_msgs/include/px4_msgs/px4_msgs/msg/detail/vehicle_command__struct.h\n'}
[3.132369] (px4_msgs) StdoutLine: {'line': b'-- Up-to-date symlink: /home/dolphiinn/ros2_ws/install/px4_msgs/include/px4_msgs/px4_msgs/msg/detail/vehicle_command__type_support.h\n'}
[3.132812] (px4_msgs) StdoutLine: {'line': b'-- Up-to-date symlink: /home/dolphiinn/ros2_ws/install/px4_msgs/include/px4_msgs/px4_msgs/msg/detail/vehicle_command_ack__functions.h\n'}
[3.133146] (px4_msgs) StdoutLine: {'line': b'-- Up-to-date symlink: /home/dolphiinn/ros2_ws/install/px4_msgs/include/px4_msgs/px4_msgs/msg/detail/vehicle_command_ack__struct.h\n'}
[3.133594] (px4_msgs) StdoutLine: {'line': b'-- Up-to-date symlink: /home/dolphiinn/ros2_ws/install/px4_msgs/include/px4_msgs/px4_msgs/msg/detail/vehicle_command_ack__type_support.h\n'}
[3.134095] (px4_msgs) StdoutLine: {'line': b'-- Up-to-date symlink: /home/dolphiinn/ros2_ws/install/px4_msgs/include/px4_msgs/px4_msgs/msg/detail/vehicle_constraints__functions.h\n'}
[3.134395] (px4_msgs) StdoutLine: {'line': b'-- Up-to-date symlink: /home/dolphiinn/ros2_ws/install/px4_msgs/include/px4_msgs/px4_msgs/msg/detail/vehicle_constraints__struct.h\n'}
[3.134846] (px4_msgs) StdoutLine: {'line': b'-- Up-to-date symlink: /home/dolphiinn/ros2_ws/install/px4_msgs/include/px4_msgs/px4_msgs/msg/detail/vehicle_constraints__type_support.h\n'}
[3.135285] (px4_msgs) StdoutLine: {'line': b'-- Up-to-date symlink: /home/dolphiinn/ros2_ws/install/px4_msgs/include/px4_msgs/px4_msgs/msg/detail/vehicle_control_mode__functions.h\n'}
[3.135635] (px4_msgs) StdoutLine: {'line': b'-- Up-to-date symlink: /home/dolphiinn/ros2_ws/install/px4_msgs/include/px4_msgs/px4_msgs/msg/detail/vehicle_control_mode__struct.h\n'}
[3.136105] (px4_msgs) StdoutLine: {'line': b'-- Up-to-date symlink: /home/dolphiinn/ros2_ws/install/px4_msgs/include/px4_msgs/px4_msgs/msg/detail/vehicle_control_mode__type_support.h\n'}
[3.136540] (px4_msgs) StdoutLine: {'line': b'-- Up-to-date symlink: /home/dolphiinn/ros2_ws/install/px4_msgs/include/px4_msgs/px4_msgs/msg/detail/vehicle_global_position__functions.h\n'}
[3.138549] (px4_msgs) StdoutLine: {'line': b'-- Up-to-date symlink: /home/dolphiinn/ros2_ws/install/px4_msgs/include/px4_msgs/px4_msgs/msg/detail/vehicle_global_position__struct.h\n'}
[3.139175] (px4_msgs) StdoutLine: {'line': b'-- Up-to-date symlink: /home/dolphiinn/ros2_ws/install/px4_msgs/include/px4_msgs/px4_msgs/msg/detail/vehicle_global_position__type_support.h\n'}
[3.139346] (px4_msgs) StdoutLine: {'line': b'-- Up-to-date symlink: /home/dolphiinn/ros2_ws/install/px4_msgs/include/px4_msgs/px4_msgs/msg/detail/vehicle_imu__functions.h\n'}
[3.139515] (px4_msgs) StdoutLine: {'line': b'-- Up-to-date symlink: /home/dolphiinn/ros2_ws/install/px4_msgs/include/px4_msgs/px4_msgs/msg/detail/vehicle_imu__struct.h\n'}
[3.139927] (px4_msgs) StdoutLine: {'line': b'-- Up-to-date symlink: /home/dolphiinn/ros2_ws/install/px4_msgs/include/px4_msgs/px4_msgs/msg/detail/vehicle_imu__type_support.h\n'}
[3.140067] (px4_msgs) StdoutLine: {'line': b'-- Up-to-date symlink: /home/dolphiinn/ros2_ws/install/px4_msgs/include/px4_msgs/px4_msgs/msg/detail/vehicle_imu_status__functions.h\n'}
[3.140214] (px4_msgs) StdoutLine: {'line': b'-- Up-to-date symlink: /home/dolphiinn/ros2_ws/install/px4_msgs/include/px4_msgs/px4_msgs/msg/detail/vehicle_imu_status__struct.h\n'}
[3.140434] (px4_msgs) StdoutLine: {'line': b'-- Up-to-date symlink: /home/dolphiinn/ros2_ws/install/px4_msgs/include/px4_msgs/px4_msgs/msg/detail/vehicle_imu_status__type_support.h\n'}
[3.140743] (px4_msgs) StdoutLine: {'line': b'-- Up-to-date symlink: /home/dolphiinn/ros2_ws/install/px4_msgs/include/px4_msgs/px4_msgs/msg/detail/vehicle_land_detected__functions.h\n'}
[3.141155] (px4_msgs) StdoutLine: {'line': b'-- Up-to-date symlink: /home/dolphiinn/ros2_ws/install/px4_msgs/include/px4_msgs/px4_msgs/msg/detail/vehicle_land_detected__struct.h\n'}
[3.141446] (px4_msgs) StdoutLine: {'line': b'-- Up-to-date symlink: /home/dolphiinn/ros2_ws/install/px4_msgs/include/px4_msgs/px4_msgs/msg/detail/vehicle_land_detected__type_support.h\n'}
[3.141942] (px4_msgs) StdoutLine: {'line': b'-- Up-to-date symlink: /home/dolphiinn/ros2_ws/install/px4_msgs/include/px4_msgs/px4_msgs/msg/detail/vehicle_local_position__functions.h\n'}
[3.142967] (px4_msgs) StdoutLine: {'line': b'-- Up-to-date symlink: /home/dolphiinn/ros2_ws/install/px4_msgs/include/px4_msgs/px4_msgs/msg/detail/vehicle_local_position__struct.h\n'}
[3.143222] (px4_msgs) StdoutLine: {'line': b'-- Up-to-date symlink: /home/dolphiinn/ros2_ws/install/px4_msgs/include/px4_msgs/px4_msgs/msg/detail/vehicle_local_position__type_support.h\n'}
[3.143382] (px4_msgs) StdoutLine: {'line': b'-- Up-to-date symlink: /home/dolphiinn/ros2_ws/install/px4_msgs/include/px4_msgs/px4_msgs/msg/detail/vehicle_local_position_setpoint__functions.h\n'}
[3.143616] (px4_msgs) StdoutLine: {'line': b'-- Up-to-date symlink: /home/dolphiinn/ros2_ws/install/px4_msgs/include/px4_msgs/px4_msgs/msg/detail/vehicle_local_position_setpoint__struct.h\n'}
[3.143843] (px4_msgs) StdoutLine: {'line': b'-- Up-to-date symlink: /home/dolphiinn/ros2_ws/install/px4_msgs/include/px4_msgs/px4_msgs/msg/detail/vehicle_local_position_setpoint__type_support.h\n'}
[3.144102] (px4_msgs) StdoutLine: {'line': b'-- Up-to-date symlink: /home/dolphiinn/ros2_ws/install/px4_msgs/include/px4_msgs/px4_msgs/msg/detail/vehicle_magnetometer__functions.h\n'}
[3.144398] (px4_msgs) StdoutLine: {'line': b'-- Up-to-date symlink: /home/dolphiinn/ros2_ws/install/px4_msgs/include/px4_msgs/px4_msgs/msg/detail/vehicle_magnetometer__struct.h\n'}
[3.144753] (px4_msgs) StdoutLine: {'line': b'-- Up-to-date symlink: /home/dolphiinn/ros2_ws/install/px4_msgs/include/px4_msgs/px4_msgs/msg/detail/vehicle_magnetometer__type_support.h\n'}
[3.145470] (px4_msgs) StdoutLine: {'line': b'-- Up-to-date symlink: /home/dolphiinn/ros2_ws/install/px4_msgs/include/px4_msgs/px4_msgs/msg/detail/vehicle_odometry__functions.h\n'}
[3.145810] (px4_msgs) StdoutLine: {'line': b'-- Up-to-date symlink: /home/dolphiinn/ros2_ws/install/px4_msgs/include/px4_msgs/px4_msgs/msg/detail/vehicle_odometry__struct.h\n'}
[3.146238] (px4_msgs) StdoutLine: {'line': b'-- Up-to-date symlink: /home/dolphiinn/ros2_ws/install/px4_msgs/include/px4_msgs/px4_msgs/msg/detail/vehicle_odometry__type_support.h\n'}
[3.146645] (px4_msgs) StdoutLine: {'line': b'-- Up-to-date symlink: /home/dolphiinn/ros2_ws/install/px4_msgs/include/px4_msgs/px4_msgs/msg/detail/vehicle_optical_flow__functions.h\n'}
[3.147219] (px4_msgs) StdoutLine: {'line': b'-- Up-to-date symlink: /home/dolphiinn/ros2_ws/install/px4_msgs/include/px4_msgs/px4_msgs/msg/detail/vehicle_optical_flow__struct.h\n'}
[3.147796] (px4_msgs) StdoutLine: {'line': b'-- Up-to-date symlink: /home/dolphiinn/ros2_ws/install/px4_msgs/include/px4_msgs/px4_msgs/msg/detail/vehicle_optical_flow__type_support.h\n'}
[3.148248] (px4_msgs) StdoutLine: {'line': b'-- Up-to-date symlink: /home/dolphiinn/ros2_ws/install/px4_msgs/include/px4_msgs/px4_msgs/msg/detail/vehicle_optical_flow_vel__functions.h\n'}
[3.148583] (px4_msgs) StdoutLine: {'line': b'-- Up-to-date symlink: /home/dolphiinn/ros2_ws/install/px4_msgs/include/px4_msgs/px4_msgs/msg/detail/vehicle_optical_flow_vel__struct.h\n'}
[3.149530] (px4_msgs) StdoutLine: {'line': b'-- Up-to-date symlink: /home/dolphiinn/ros2_ws/install/px4_msgs/include/px4_msgs/px4_msgs/msg/detail/vehicle_optical_flow_vel__type_support.h\n'}
[3.150708] (px4_msgs) StdoutLine: {'line': b'-- Up-to-date symlink: /home/dolphiinn/ros2_ws/install/px4_msgs/include/px4_msgs/px4_msgs/msg/detail/vehicle_rates_setpoint__functions.h\n'}
[3.151075] (px4_msgs) StdoutLine: {'line': b'-- Up-to-date symlink: /home/dolphiinn/ros2_ws/install/px4_msgs/include/px4_msgs/px4_msgs/msg/detail/vehicle_rates_setpoint__struct.h\n'}
[3.151220] (px4_msgs) StdoutLine: {'line': b'-- Up-to-date symlink: /home/dolphiinn/ros2_ws/install/px4_msgs/include/px4_msgs/px4_msgs/msg/detail/vehicle_rates_setpoint__type_support.h\n'}
[3.151345] (px4_msgs) StdoutLine: {'line': b'-- Up-to-date symlink: /home/dolphiinn/ros2_ws/install/px4_msgs/include/px4_msgs/px4_msgs/msg/detail/vehicle_roi__functions.h\n'}
[3.151589] (px4_msgs) StdoutLine: {'line': b'-- Up-to-date symlink: /home/dolphiinn/ros2_ws/install/px4_msgs/include/px4_msgs/px4_msgs/msg/detail/vehicle_roi__struct.h\n'}
[3.151832] (px4_msgs) StdoutLine: {'line': b'-- Up-to-date symlink: /home/dolphiinn/ros2_ws/install/px4_msgs/include/px4_msgs/px4_msgs/msg/detail/vehicle_roi__type_support.h\n'}
[3.151987] (px4_msgs) StdoutLine: {'line': b'-- Up-to-date symlink: /home/dolphiinn/ros2_ws/install/px4_msgs/include/px4_msgs/px4_msgs/msg/detail/vehicle_status__functions.h\n'}
[3.152178] (px4_msgs) StdoutLine: {'line': b'-- Up-to-date symlink: /home/dolphiinn/ros2_ws/install/px4_msgs/include/px4_msgs/px4_msgs/msg/detail/vehicle_status__struct.h\n'}
[3.152390] (px4_msgs) StdoutLine: {'line': b'-- Up-to-date symlink: /home/dolphiinn/ros2_ws/install/px4_msgs/include/px4_msgs/px4_msgs/msg/detail/vehicle_status__type_support.h\n'}
[3.153167] (px4_msgs) StdoutLine: {'line': b'-- Up-to-date symlink: /home/dolphiinn/ros2_ws/install/px4_msgs/include/px4_msgs/px4_msgs/msg/detail/vehicle_thrust_setpoint__functions.h\n'}
[3.153543] (px4_msgs) StdoutLine: {'line': b'-- Up-to-date symlink: /home/dolphiinn/ros2_ws/install/px4_msgs/include/px4_msgs/px4_msgs/msg/detail/vehicle_thrust_setpoint__struct.h\n'}
[3.153920] (px4_msgs) StdoutLine: {'line': b'-- Up-to-date symlink: /home/dolphiinn/ros2_ws/install/px4_msgs/include/px4_msgs/px4_msgs/msg/detail/vehicle_thrust_setpoint__type_support.h\n'}
[3.155013] (px4_msgs) StdoutLine: {'line': b'-- Up-to-date symlink: /home/dolphiinn/ros2_ws/install/px4_msgs/include/px4_msgs/px4_msgs/msg/detail/vehicle_torque_setpoint__functions.h\n'}
[3.155638] (px4_msgs) StdoutLine: {'line': b'-- Up-to-date symlink: /home/dolphiinn/ros2_ws/install/px4_msgs/include/px4_msgs/px4_msgs/msg/detail/vehicle_torque_setpoint__struct.h\n'}
[3.155876] (px4_msgs) StdoutLine: {'line': b'-- Up-to-date symlink: /home/dolphiinn/ros2_ws/install/px4_msgs/include/px4_msgs/px4_msgs/msg/detail/vehicle_torque_setpoint__type_support.h\n'}
[3.156120] (px4_msgs) StdoutLine: {'line': b'-- Up-to-date symlink: /home/dolphiinn/ros2_ws/install/px4_msgs/include/px4_msgs/px4_msgs/msg/detail/velocity_limits__functions.h\n'}
[3.156356] (px4_msgs) StdoutLine: {'line': b'-- Up-to-date symlink: /home/dolphiinn/ros2_ws/install/px4_msgs/include/px4_msgs/px4_msgs/msg/detail/velocity_limits__struct.h\n'}
[3.156655] (px4_msgs) StdoutLine: {'line': b'-- Up-to-date symlink: /home/dolphiinn/ros2_ws/install/px4_msgs/include/px4_msgs/px4_msgs/msg/detail/velocity_limits__type_support.h\n'}
[3.157018] (px4_msgs) StdoutLine: {'line': b'-- Up-to-date symlink: /home/dolphiinn/ros2_ws/install/px4_msgs/include/px4_msgs/px4_msgs/msg/detail/vtol_vehicle_status__functions.h\n'}
[3.157365] (px4_msgs) StdoutLine: {'line': b'-- Up-to-date symlink: /home/dolphiinn/ros2_ws/install/px4_msgs/include/px4_msgs/px4_msgs/msg/detail/vtol_vehicle_status__struct.h\n'}
[3.157607] (px4_msgs) StdoutLine: {'line': b'-- Up-to-date symlink: /home/dolphiinn/ros2_ws/install/px4_msgs/include/px4_msgs/px4_msgs/msg/detail/vtol_vehicle_status__type_support.h\n'}
[3.158659] (px4_msgs) StdoutLine: {'line': b'-- Up-to-date symlink: /home/dolphiinn/ros2_ws/install/px4_msgs/include/px4_msgs/px4_msgs/msg/detail/wheel_encoders__functions.h\n'}
[3.159035] (px4_msgs) StdoutLine: {'line': b'-- Up-to-date symlink: /home/dolphiinn/ros2_ws/install/px4_msgs/include/px4_msgs/px4_msgs/msg/detail/wheel_encoders__struct.h\n'}
[3.159314] (px4_msgs) StdoutLine: {'line': b'-- Up-to-date symlink: /home/dolphiinn/ros2_ws/install/px4_msgs/include/px4_msgs/px4_msgs/msg/detail/wheel_encoders__type_support.h\n'}
[3.159561] (px4_msgs) StdoutLine: {'line': b'-- Up-to-date symlink: /home/dolphiinn/ros2_ws/install/px4_msgs/include/px4_msgs/px4_msgs/msg/detail/wind__functions.h\n'}
[3.159924] (px4_msgs) StdoutLine: {'line': b'-- Up-to-date symlink: /home/dolphiinn/ros2_ws/install/px4_msgs/include/px4_msgs/px4_msgs/msg/detail/wind__struct.h\n'}
[3.160288] (px4_msgs) StdoutLine: {'line': b'-- Up-to-date symlink: /home/dolphiinn/ros2_ws/install/px4_msgs/include/px4_msgs/px4_msgs/msg/detail/wind__type_support.h\n'}
[3.160692] (px4_msgs) StdoutLine: {'line': b'-- Up-to-date symlink: /home/dolphiinn/ros2_ws/install/px4_msgs/include/px4_msgs/px4_msgs/msg/detail/yaw_estimator_status__functions.h\n'}
[3.161103] (px4_msgs) StdoutLine: {'line': b'-- Up-to-date symlink: /home/dolphiinn/ros2_ws/install/px4_msgs/include/px4_msgs/px4_msgs/msg/detail/yaw_estimator_status__struct.h\n'}
[3.161594] (px4_msgs) StdoutLine: {'line': b'-- Up-to-date symlink: /home/dolphiinn/ros2_ws/install/px4_msgs/include/px4_msgs/px4_msgs/msg/detail/yaw_estimator_status__type_support.h\n'}
[3.162804] (px4_msgs) StdoutLine: {'line': b'-- Up-to-date symlink: /home/dolphiinn/ros2_ws/install/px4_msgs/include/px4_msgs/px4_msgs/msg/differential_pressure.h\n'}
[3.163125] (px4_msgs) StdoutLine: {'line': b'-- Up-to-date symlink: /home/dolphiinn/ros2_ws/install/px4_msgs/include/px4_msgs/px4_msgs/msg/distance_sensor.h\n'}
[3.163316] (px4_msgs) StdoutLine: {'line': b'-- Up-to-date symlink: /home/dolphiinn/ros2_ws/install/px4_msgs/include/px4_msgs/px4_msgs/msg/distance_sensor_mode_change_request.h\n'}
[3.163721] (px4_msgs) StdoutLine: {'line': b'-- Up-to-date symlink: /home/dolphiinn/ros2_ws/install/px4_msgs/include/px4_msgs/px4_msgs/msg/dronecan_node_status.h\n'}
[3.164001] (px4_msgs) StdoutLine: {'line': b'-- Up-to-date symlink: /home/dolphiinn/ros2_ws/install/px4_msgs/include/px4_msgs/px4_msgs/msg/ekf2_timestamps.h\n'}
[3.164255] (px4_msgs) StdoutLine: {'line': b'-- Up-to-date symlink: /home/dolphiinn/ros2_ws/install/px4_msgs/include/px4_msgs/px4_msgs/msg/esc_report.h\n'}
[3.164518] (px4_msgs) StdoutLine: {'line': b'-- Up-to-date symlink: /home/dolphiinn/ros2_ws/install/px4_msgs/include/px4_msgs/px4_msgs/msg/esc_status.h\n'}
[3.165350] (px4_msgs) StdoutLine: {'line': b'-- Up-to-date symlink: /home/dolphiinn/ros2_ws/install/px4_msgs/include/px4_msgs/px4_msgs/msg/estimator_aid_source1d.h\n'}
[3.165597] (px4_msgs) StdoutLine: {'line': b'-- Up-to-date symlink: /home/dolphiinn/ros2_ws/install/px4_msgs/include/px4_msgs/px4_msgs/msg/estimator_aid_source2d.h\n'}
[3.166222] (px4_msgs) StdoutLine: {'line': b'-- Up-to-date symlink: /home/dolphiinn/ros2_ws/install/px4_msgs/include/px4_msgs/px4_msgs/msg/estimator_aid_source3d.h\n'}
[3.166434] (px4_msgs) StdoutLine: {'line': b'-- Up-to-date symlink: /home/dolphiinn/ros2_ws/install/px4_msgs/include/px4_msgs/px4_msgs/msg/estimator_bias.h\n'}
[3.166745] (px4_msgs) StdoutLine: {'line': b'-- Up-to-date symlink: /home/dolphiinn/ros2_ws/install/px4_msgs/include/px4_msgs/px4_msgs/msg/estimator_bias3d.h\n'}
[3.167037] (px4_msgs) StdoutLine: {'line': b'-- Up-to-date symlink: /home/dolphiinn/ros2_ws/install/px4_msgs/include/px4_msgs/px4_msgs/msg/estimator_event_flags.h\n'}
[3.167340] (px4_msgs) StdoutLine: {'line': b'-- Up-to-date symlink: /home/dolphiinn/ros2_ws/install/px4_msgs/include/px4_msgs/px4_msgs/msg/estimator_gps_status.h\n'}
[3.167733] (px4_msgs) StdoutLine: {'line': b'-- Up-to-date symlink: /home/dolphiinn/ros2_ws/install/px4_msgs/include/px4_msgs/px4_msgs/msg/estimator_innovations.h\n'}
[3.168152] (px4_msgs) StdoutLine: {'line': b'-- Up-to-date symlink: /home/dolphiinn/ros2_ws/install/px4_msgs/include/px4_msgs/px4_msgs/msg/estimator_selector_status.h\n'}
[3.169154] (px4_msgs) StdoutLine: {'line': b'-- Up-to-date symlink: /home/dolphiinn/ros2_ws/install/px4_msgs/include/px4_msgs/px4_msgs/msg/estimator_sensor_bias.h\n'}
[3.169335] (px4_msgs) StdoutLine: {'line': b'-- Up-to-date symlink: /home/dolphiinn/ros2_ws/install/px4_msgs/include/px4_msgs/px4_msgs/msg/estimator_states.h\n'}
[3.169542] (px4_msgs) StdoutLine: {'line': b'-- Up-to-date symlink: /home/dolphiinn/ros2_ws/install/px4_msgs/include/px4_msgs/px4_msgs/msg/estimator_status.h\n'}
[3.170066] (px4_msgs) StdoutLine: {'line': b'-- Up-to-date symlink: /home/dolphiinn/ros2_ws/install/px4_msgs/include/px4_msgs/px4_msgs/msg/estimator_status_flags.h\n'}
[3.171124] (px4_msgs) StdoutLine: {'line': b'-- Up-to-date symlink: /home/dolphiinn/ros2_ws/install/px4_msgs/include/px4_msgs/px4_msgs/msg/event.h\n'}
[3.171437] (px4_msgs) StdoutLine: {'line': b'-- Up-to-date symlink: /home/dolphiinn/ros2_ws/install/px4_msgs/include/px4_msgs/px4_msgs/msg/failsafe_flags.h\n'}
[3.171735] (px4_msgs) StdoutLine: {'line': b'-- Up-to-date symlink: /home/dolphiinn/ros2_ws/install/px4_msgs/include/px4_msgs/px4_msgs/msg/failure_detector_status.h\n'}
[3.172055] (px4_msgs) StdoutLine: {'line': b'-- Up-to-date symlink: /home/dolphiinn/ros2_ws/install/px4_msgs/include/px4_msgs/px4_msgs/msg/figure_eight_status.h\n'}
[3.172275] (px4_msgs) StdoutLine: {'line': b'-- Up-to-date symlink: /home/dolphiinn/ros2_ws/install/px4_msgs/include/px4_msgs/px4_msgs/msg/fixed_wing_lateral_guidance_status.h\n'}
[3.172566] (px4_msgs) StdoutLine: {'line': b'-- Up-to-date symlink: /home/dolphiinn/ros2_ws/install/px4_msgs/include/px4_msgs/px4_msgs/msg/fixed_wing_lateral_setpoint.h\n'}
[3.172974] (px4_msgs) StdoutLine: {'line': b'-- Up-to-date symlink: /home/dolphiinn/ros2_ws/install/px4_msgs/include/px4_msgs/px4_msgs/msg/fixed_wing_lateral_status.h\n'}
[3.173543] (px4_msgs) StdoutLine: {'line': b'-- Up-to-date symlink: /home/dolphiinn/ros2_ws/install/px4_msgs/include/px4_msgs/px4_msgs/msg/fixed_wing_longitudinal_setpoint.h\n'}
[3.174660] (px4_msgs) StdoutLine: {'line': b'-- Up-to-date symlink: /home/dolphiinn/ros2_ws/install/px4_msgs/include/px4_msgs/px4_msgs/msg/fixed_wing_runway_control.h\n'}
[3.174988] (px4_msgs) StdoutLine: {'line': b'-- Up-to-date symlink: /home/dolphiinn/ros2_ws/install/px4_msgs/include/px4_msgs/px4_msgs/msg/flight_phase_estimation.h\n'}
[3.175259] (px4_msgs) StdoutLine: {'line': b'-- Up-to-date symlink: /home/dolphiinn/ros2_ws/install/px4_msgs/include/px4_msgs/px4_msgs/msg/follow_target.h\n'}
[3.175441] (px4_msgs) StdoutLine: {'line': b'-- Up-to-date symlink: /home/dolphiinn/ros2_ws/install/px4_msgs/include/px4_msgs/px4_msgs/msg/follow_target_estimator.h\n'}
[3.175835] (px4_msgs) StdoutLine: {'line': b'-- Up-to-date symlink: /home/dolphiinn/ros2_ws/install/px4_msgs/include/px4_msgs/px4_msgs/msg/follow_target_status.h\n'}
[3.176205] (px4_msgs) StdoutLine: {'line': b'-- Up-to-date symlink: /home/dolphiinn/ros2_ws/install/px4_msgs/include/px4_msgs/px4_msgs/msg/fuel_tank_status.h\n'}
[3.176592] (px4_msgs) StdoutLine: {'line': b'-- Up-to-date symlink: /home/dolphiinn/ros2_ws/install/px4_msgs/include/px4_msgs/px4_msgs/msg/generator_status.h\n'}
[3.177549] (px4_msgs) StdoutLine: {'line': b'-- Up-to-date symlink: /home/dolphiinn/ros2_ws/install/px4_msgs/include/px4_msgs/px4_msgs/msg/geofence_result.h\n'}
[3.177877] (px4_msgs) StdoutLine: {'line': b'-- Up-to-date symlink: /home/dolphiinn/ros2_ws/install/px4_msgs/include/px4_msgs/px4_msgs/msg/geofence_status.h\n'}
[3.178568] (px4_msgs) StdoutLine: {'line': b'-- Up-to-date symlink: /home/dolphiinn/ros2_ws/install/px4_msgs/include/px4_msgs/px4_msgs/msg/gimbal_controls.h\n'}
[3.178895] (px4_msgs) StdoutLine: {'line': b'-- Up-to-date symlink: /home/dolphiinn/ros2_ws/install/px4_msgs/include/px4_msgs/px4_msgs/msg/gimbal_device_attitude_status.h\n'}
[3.179122] (px4_msgs) StdoutLine: {'line': b'-- Up-to-date symlink: /home/dolphiinn/ros2_ws/install/px4_msgs/include/px4_msgs/px4_msgs/msg/gimbal_device_information.h\n'}
[3.179353] (px4_msgs) StdoutLine: {'line': b'-- Up-to-date symlink: /home/dolphiinn/ros2_ws/install/px4_msgs/include/px4_msgs/px4_msgs/msg/gimbal_device_set_attitude.h\n'}
[3.179599] (px4_msgs) StdoutLine: {'line': b'-- Up-to-date symlink: /home/dolphiinn/ros2_ws/install/px4_msgs/include/px4_msgs/px4_msgs/msg/gimbal_manager_information.h\n'}
[3.179848] (px4_msgs) StdoutLine: {'line': b'-- Up-to-date symlink: /home/dolphiinn/ros2_ws/install/px4_msgs/include/px4_msgs/px4_msgs/msg/gimbal_manager_set_attitude.h\n'}
[3.180282] (px4_msgs) StdoutLine: {'line': b'-- Up-to-date symlink: /home/dolphiinn/ros2_ws/install/px4_msgs/include/px4_msgs/px4_msgs/msg/gimbal_manager_set_manual_control.h\n'}
[3.180717] (px4_msgs) StdoutLine: {'line': b'-- Up-to-date symlink: /home/dolphiinn/ros2_ws/install/px4_msgs/include/px4_msgs/px4_msgs/msg/gimbal_manager_status.h\n'}
[3.181836] (px4_msgs) StdoutLine: {'line': b'-- Up-to-date symlink: /home/dolphiinn/ros2_ws/install/px4_msgs/include/px4_msgs/px4_msgs/msg/goto_setpoint.h\n'}
[3.182309] (px4_msgs) StdoutLine: {'line': b'-- Up-to-date symlink: /home/dolphiinn/ros2_ws/install/px4_msgs/include/px4_msgs/px4_msgs/msg/gpio_config.h\n'}
[3.182482] (px4_msgs) StdoutLine: {'line': b'-- Up-to-date symlink: /home/dolphiinn/ros2_ws/install/px4_msgs/include/px4_msgs/px4_msgs/msg/gpio_in.h\n'}
[3.182708] (px4_msgs) StdoutLine: {'line': b'-- Up-to-date symlink: /home/dolphiinn/ros2_ws/install/px4_msgs/include/px4_msgs/px4_msgs/msg/gpio_out.h\n'}
[3.183096] (px4_msgs) StdoutLine: {'line': b'-- Up-to-date symlink: /home/dolphiinn/ros2_ws/install/px4_msgs/include/px4_msgs/px4_msgs/msg/gpio_request.h\n'}
[3.183363] (px4_msgs) StdoutLine: {'line': b'-- Up-to-date symlink: /home/dolphiinn/ros2_ws/install/px4_msgs/include/px4_msgs/px4_msgs/msg/gps_dump.h\n'}
[3.183683] (px4_msgs) StdoutLine: {'line': b'-- Up-to-date symlink: /home/dolphiinn/ros2_ws/install/px4_msgs/include/px4_msgs/px4_msgs/msg/gps_inject_data.h\n'}
[3.183904] (px4_msgs) StdoutLine: {'line': b'-- Up-to-date symlink: /home/dolphiinn/ros2_ws/install/px4_msgs/include/px4_msgs/px4_msgs/msg/gripper.h\n'}
[3.184138] (px4_msgs) StdoutLine: {'line': b'-- Up-to-date symlink: /home/dolphiinn/ros2_ws/install/px4_msgs/include/px4_msgs/px4_msgs/msg/health_report.h\n'}
[3.185045] (px4_msgs) StdoutLine: {'line': b'-- Up-to-date symlink: /home/dolphiinn/ros2_ws/install/px4_msgs/include/px4_msgs/px4_msgs/msg/heater_status.h\n'}
[3.185704] (px4_msgs) StdoutLine: {'line': b'-- Up-to-date symlink: /home/dolphiinn/ros2_ws/install/px4_msgs/include/px4_msgs/px4_msgs/msg/home_position.h\n'}
[3.185986] (px4_msgs) StdoutLine: {'line': b'-- Up-to-date symlink: /home/dolphiinn/ros2_ws/install/px4_msgs/include/px4_msgs/px4_msgs/msg/hover_thrust_estimate.h\n'}
[3.186285] (px4_msgs) StdoutLine: {'line': b'-- Up-to-date symlink: /home/dolphiinn/ros2_ws/install/px4_msgs/include/px4_msgs/px4_msgs/msg/input_rc.h\n'}
[3.186887] (px4_msgs) StdoutLine: {'line': b'-- Up-to-date symlink: /home/dolphiinn/ros2_ws/install/px4_msgs/include/px4_msgs/px4_msgs/msg/internal_combustion_engine_control.h\n'}
[3.187236] (px4_msgs) StdoutLine: {'line': b'-- Up-to-date symlink: /home/dolphiinn/ros2_ws/install/px4_msgs/include/px4_msgs/px4_msgs/msg/internal_combustion_engine_status.h\n'}
[3.187589] (px4_msgs) StdoutLine: {'line': b'-- Up-to-date symlink: /home/dolphiinn/ros2_ws/install/px4_msgs/include/px4_msgs/px4_msgs/msg/iridiumsbd_status.h\n'}
[3.187835] (px4_msgs) StdoutLine: {'line': b'-- Up-to-date symlink: /home/dolphiinn/ros2_ws/install/px4_msgs/include/px4_msgs/px4_msgs/msg/irlock_report.h\n'}
[3.188049] (px4_msgs) StdoutLine: {'line': b'-- Up-to-date symlink: /home/dolphiinn/ros2_ws/install/px4_msgs/include/px4_msgs/px4_msgs/msg/landing_gear.h\n'}
[3.188353] (px4_msgs) StdoutLine: {'line': b'-- Up-to-date symlink: /home/dolphiinn/ros2_ws/install/px4_msgs/include/px4_msgs/px4_msgs/msg/landing_gear_wheel.h\n'}
[3.188716] (px4_msgs) StdoutLine: {'line': b'-- Up-to-date symlink: /home/dolphiinn/ros2_ws/install/px4_msgs/include/px4_msgs/px4_msgs/msg/landing_target_innovations.h\n'}
[3.189080] (px4_msgs) StdoutLine: {'line': b'-- Up-to-date symlink: /home/dolphiinn/ros2_ws/install/px4_msgs/include/px4_msgs/px4_msgs/msg/landing_target_pose.h\n'}
[3.189471] (px4_msgs) StdoutLine: {'line': b'-- Up-to-date symlink: /home/dolphiinn/ros2_ws/install/px4_msgs/include/px4_msgs/px4_msgs/msg/lateral_control_configuration.h\n'}
[3.189927] (px4_msgs) StdoutLine: {'line': b'-- Up-to-date symlink: /home/dolphiinn/ros2_ws/install/px4_msgs/include/px4_msgs/px4_msgs/msg/launch_detection_status.h\n'}
[3.190256] (px4_msgs) StdoutLine: {'line': b'-- Up-to-date symlink: /home/dolphiinn/ros2_ws/install/px4_msgs/include/px4_msgs/px4_msgs/msg/led_control.h\n'}
[3.190440] (px4_msgs) StdoutLine: {'line': b'-- Up-to-date symlink: /home/dolphiinn/ros2_ws/install/px4_msgs/include/px4_msgs/px4_msgs/msg/log_message.h\n'}
[3.190619] (px4_msgs) StdoutLine: {'line': b'-- Up-to-date symlink: /home/dolphiinn/ros2_ws/install/px4_msgs/include/px4_msgs/px4_msgs/msg/logger_status.h\n'}
[3.190837] (px4_msgs) StdoutLine: {'line': b'-- Up-to-date symlink: /home/dolphiinn/ros2_ws/install/px4_msgs/include/px4_msgs/px4_msgs/msg/longitudinal_control_configuration.h\n'}
[3.191046] (px4_msgs) StdoutLine: {'line': b'-- Up-to-date symlink: /home/dolphiinn/ros2_ws/install/px4_msgs/include/px4_msgs/px4_msgs/msg/mag_worker_data.h\n'}
[3.191305] (px4_msgs) StdoutLine: {'line': b'-- Up-to-date symlink: /home/dolphiinn/ros2_ws/install/px4_msgs/include/px4_msgs/px4_msgs/msg/magnetometer_bias_estimate.h\n'}
[3.191580] (px4_msgs) StdoutLine: {'line': b'-- Up-to-date symlink: /home/dolphiinn/ros2_ws/install/px4_msgs/include/px4_msgs/px4_msgs/msg/manual_control_setpoint.h\n'}
[3.191879] (px4_msgs) StdoutLine: {'line': b'-- Up-to-date symlink: /home/dolphiinn/ros2_ws/install/px4_msgs/include/px4_msgs/px4_msgs/msg/manual_control_switches.h\n'}
[3.192122] (px4_msgs) StdoutLine: {'line': b'-- Up-to-date symlink: /home/dolphiinn/ros2_ws/install/px4_msgs/include/px4_msgs/px4_msgs/msg/mavlink_log.h\n'}
[3.192386] (px4_msgs) StdoutLine: {'line': b'-- Up-to-date symlink: /home/dolphiinn/ros2_ws/install/px4_msgs/include/px4_msgs/px4_msgs/msg/mavlink_tunnel.h\n'}
[3.192607] (px4_msgs) StdoutLine: {'line': b'-- Up-to-date symlink: /home/dolphiinn/ros2_ws/install/px4_msgs/include/px4_msgs/px4_msgs/msg/message_format_request.h\n'}
[3.192969] (px4_msgs) StdoutLine: {'line': b'-- Up-to-date symlink: /home/dolphiinn/ros2_ws/install/px4_msgs/include/px4_msgs/px4_msgs/msg/message_format_response.h\n'}
[3.193279] (px4_msgs) StdoutLine: {'line': b'-- Up-to-date symlink: /home/dolphiinn/ros2_ws/install/px4_msgs/include/px4_msgs/px4_msgs/msg/mission.h\n'}
[3.193685] (px4_msgs) StdoutLine: {'line': b'-- Up-to-date symlink: /home/dolphiinn/ros2_ws/install/px4_msgs/include/px4_msgs/px4_msgs/msg/mission_result.h\n'}
[3.194447] (px4_msgs) StdoutLine: {'line': b'-- Up-to-date symlink: /home/dolphiinn/ros2_ws/install/px4_msgs/include/px4_msgs/px4_msgs/msg/mode_completed.h\n'}
[3.194824] (px4_msgs) StdoutLine: {'line': b'-- Up-to-date symlink: /home/dolphiinn/ros2_ws/install/px4_msgs/include/px4_msgs/px4_msgs/msg/mount_orientation.h\n'}
[3.195077] (px4_msgs) StdoutLine: {'line': b'-- Up-to-date symlink: /home/dolphiinn/ros2_ws/install/px4_msgs/include/px4_msgs/px4_msgs/msg/navigator_mission_item.h\n'}
[3.195321] (px4_msgs) StdoutLine: {'line': b'-- Up-to-date symlink: /home/dolphiinn/ros2_ws/install/px4_msgs/include/px4_msgs/px4_msgs/msg/navigator_status.h\n'}
[3.195589] (px4_msgs) StdoutLine: {'line': b'-- Up-to-date symlink: /home/dolphiinn/ros2_ws/install/px4_msgs/include/px4_msgs/px4_msgs/msg/neural_control.h\n'}
[3.196325] (px4_msgs) StdoutLine: {'line': b'-- Up-to-date symlink: /home/dolphiinn/ros2_ws/install/px4_msgs/include/px4_msgs/px4_msgs/msg/normalized_unsigned_setpoint.h\n'}
[3.196517] (px4_msgs) StdoutLine: {'line': b'-- Up-to-date symlink: /home/dolphiinn/ros2_ws/install/px4_msgs/include/px4_msgs/px4_msgs/msg/obstacle_distance.h\n'}
[3.196720] (px4_msgs) StdoutLine: {'line': b'-- Up-to-date symlink: /home/dolphiinn/ros2_ws/install/px4_msgs/include/px4_msgs/px4_msgs/msg/offboard_control_mode.h\n'}
[3.197844] (px4_msgs) StdoutLine: {'line': b'-- Up-to-date symlink: /home/dolphiinn/ros2_ws/install/px4_msgs/include/px4_msgs/px4_msgs/msg/onboard_computer_status.h\n'}
[3.198449] (px4_msgs) StdoutLine: {'line': b'-- Up-to-date symlink: /home/dolphiinn/ros2_ws/install/px4_msgs/include/px4_msgs/px4_msgs/msg/open_drone_id_arm_status.h\n'}
[3.198769] (px4_msgs) StdoutLine: {'line': b'-- Up-to-date symlink: /home/dolphiinn/ros2_ws/install/px4_msgs/include/px4_msgs/px4_msgs/msg/open_drone_id_operator_id.h\n'}
[3.198943] (px4_msgs) StdoutLine: {'line': b'-- Up-to-date symlink: /home/dolphiinn/ros2_ws/install/px4_msgs/include/px4_msgs/px4_msgs/msg/open_drone_id_self_id.h\n'}
[3.199086] (px4_msgs) StdoutLine: {'line': b'-- Up-to-date symlink: /home/dolphiinn/ros2_ws/install/px4_msgs/include/px4_msgs/px4_msgs/msg/open_drone_id_system.h\n'}
[3.199274] (px4_msgs) StdoutLine: {'line': b'-- Up-to-date symlink: /home/dolphiinn/ros2_ws/install/px4_msgs/include/px4_msgs/px4_msgs/msg/orb_test.h\n'}
[3.199401] (px4_msgs) StdoutLine: {'line': b'-- Up-to-date symlink: /home/dolphiinn/ros2_ws/install/px4_msgs/include/px4_msgs/px4_msgs/msg/orb_test_large.h\n'}
[3.199829] (px4_msgs) StdoutLine: {'line': b'-- Up-to-date symlink: /home/dolphiinn/ros2_ws/install/px4_msgs/include/px4_msgs/px4_msgs/msg/orb_test_medium.h\n'}
[3.200086] (px4_msgs) StdoutLine: {'line': b'-- Up-to-date symlink: /home/dolphiinn/ros2_ws/install/px4_msgs/include/px4_msgs/px4_msgs/msg/orbit_status.h\n'}
[3.200311] (px4_msgs) StdoutLine: {'line': b'-- Up-to-date symlink: /home/dolphiinn/ros2_ws/install/px4_msgs/include/px4_msgs/px4_msgs/msg/parameter_reset_request.h\n'}
[3.201185] (px4_msgs) StdoutLine: {'line': b'-- Up-to-date symlink: /home/dolphiinn/ros2_ws/install/px4_msgs/include/px4_msgs/px4_msgs/msg/parameter_set_used_request.h\n'}
[3.201410] (px4_msgs) StdoutLine: {'line': b'-- Up-to-date symlink: /home/dolphiinn/ros2_ws/install/px4_msgs/include/px4_msgs/px4_msgs/msg/parameter_set_value_request.h\n'}
[3.201600] (px4_msgs) StdoutLine: {'line': b'-- Up-to-date symlink: /home/dolphiinn/ros2_ws/install/px4_msgs/include/px4_msgs/px4_msgs/msg/parameter_set_value_response.h\n'}
[3.202384] (px4_msgs) StdoutLine: {'line': b'-- Up-to-date symlink: /home/dolphiinn/ros2_ws/install/px4_msgs/include/px4_msgs/px4_msgs/msg/parameter_update.h\n'}
[3.202719] (px4_msgs) StdoutLine: {'line': b'-- Up-to-date symlink: /home/dolphiinn/ros2_ws/install/px4_msgs/include/px4_msgs/px4_msgs/msg/ping.h\n'}
[3.203096] (px4_msgs) StdoutLine: {'line': b'-- Up-to-date symlink: /home/dolphiinn/ros2_ws/install/px4_msgs/include/px4_msgs/px4_msgs/msg/position_controller_landing_status.h\n'}
[3.203377] (px4_msgs) StdoutLine: {'line': b'-- Up-to-date symlink: /home/dolphiinn/ros2_ws/install/px4_msgs/include/px4_msgs/px4_msgs/msg/position_controller_status.h\n'}
[3.203719] (px4_msgs) StdoutLine: {'line': b'-- Up-to-date symlink: /home/dolphiinn/ros2_ws/install/px4_msgs/include/px4_msgs/px4_msgs/msg/position_setpoint.h\n'}
[3.204055] (px4_msgs) StdoutLine: {'line': b'-- Up-to-date symlink: /home/dolphiinn/ros2_ws/install/px4_msgs/include/px4_msgs/px4_msgs/msg/position_setpoint_triplet.h\n'}
[3.204344] (px4_msgs) StdoutLine: {'line': b'-- Up-to-date symlink: /home/dolphiinn/ros2_ws/install/px4_msgs/include/px4_msgs/px4_msgs/msg/power_button_state.h\n'}
[3.204610] (px4_msgs) StdoutLine: {'line': b'-- Up-to-date symlink: /home/dolphiinn/ros2_ws/install/px4_msgs/include/px4_msgs/px4_msgs/msg/power_monitor.h\n'}
[3.205093] (px4_msgs) StdoutLine: {'line': b'-- Up-to-date symlink: /home/dolphiinn/ros2_ws/install/px4_msgs/include/px4_msgs/px4_msgs/msg/pps_capture.h\n'}
[3.205660] (px4_msgs) StdoutLine: {'line': b'-- Up-to-date symlink: /home/dolphiinn/ros2_ws/install/px4_msgs/include/px4_msgs/px4_msgs/msg/pure_pursuit_status.h\n'}
[3.206269] (px4_msgs) StdoutLine: {'line': b'-- Up-to-date symlink: /home/dolphiinn/ros2_ws/install/px4_msgs/include/px4_msgs/px4_msgs/msg/pwm_input.h\n'}
[3.206780] (px4_msgs) StdoutLine: {'line': b'-- Up-to-date symlink: /home/dolphiinn/ros2_ws/install/px4_msgs/include/px4_msgs/px4_msgs/msg/px4io_status.h\n'}
[3.207159] (px4_msgs) StdoutLine: {'line': b'-- Up-to-date symlink: /home/dolphiinn/ros2_ws/install/px4_msgs/include/px4_msgs/px4_msgs/msg/qshell_req.h\n'}
[3.207577] (px4_msgs) StdoutLine: {'line': b'-- Up-to-date symlink: /home/dolphiinn/ros2_ws/install/px4_msgs/include/px4_msgs/px4_msgs/msg/qshell_retval.h\n'}
[3.207979] (px4_msgs) StdoutLine: {'line': b'-- Up-to-date symlink: /home/dolphiinn/ros2_ws/install/px4_msgs/include/px4_msgs/px4_msgs/msg/radio_status.h\n'}
[3.208376] (px4_msgs) StdoutLine: {'line': b'-- Up-to-date symlink: /home/dolphiinn/ros2_ws/install/px4_msgs/include/px4_msgs/px4_msgs/msg/rate_ctrl_status.h\n'}
[3.208919] (px4_msgs) StdoutLine: {'line': b'-- Up-to-date symlink: /home/dolphiinn/ros2_ws/install/px4_msgs/include/px4_msgs/px4_msgs/msg/rc_channels.h\n'}
[3.209284] (px4_msgs) StdoutLine: {'line': b'-- Up-to-date symlink: /home/dolphiinn/ros2_ws/install/px4_msgs/include/px4_msgs/px4_msgs/msg/rc_parameter_map.h\n'}
[3.209608] (px4_msgs) StdoutLine: {'line': b'-- Up-to-date symlink: /home/dolphiinn/ros2_ws/install/px4_msgs/include/px4_msgs/px4_msgs/msg/register_ext_component_reply.h\n'}
[3.210030] (px4_msgs) StdoutLine: {'line': b'-- Up-to-date symlink: /home/dolphiinn/ros2_ws/install/px4_msgs/include/px4_msgs/px4_msgs/msg/register_ext_component_request.h\n'}
[3.210282] (-) TimerEvent: {}
[3.210865] (px4_msgs) StdoutLine: {'line': b'-- Up-to-date symlink: /home/dolphiinn/ros2_ws/install/px4_msgs/include/px4_msgs/px4_msgs/msg/rosidl_generator_c__visibility_control.h\n'}
[3.211249] (px4_msgs) StdoutLine: {'line': b'-- Up-to-date symlink: /home/dolphiinn/ros2_ws/install/px4_msgs/include/px4_msgs/px4_msgs/msg/rover_attitude_setpoint.h\n'}
[3.211490] (px4_msgs) StdoutLine: {'line': b'-- Up-to-date symlink: /home/dolphiinn/ros2_ws/install/px4_msgs/include/px4_msgs/px4_msgs/msg/rover_attitude_status.h\n'}
[3.211692] (px4_msgs) StdoutLine: {'line': b'-- Up-to-date symlink: /home/dolphiinn/ros2_ws/install/px4_msgs/include/px4_msgs/px4_msgs/msg/rover_position_setpoint.h\n'}
[3.211941] (px4_msgs) StdoutLine: {'line': b'-- Up-to-date symlink: /home/dolphiinn/ros2_ws/install/px4_msgs/include/px4_msgs/px4_msgs/msg/rover_rate_setpoint.h\n'}
[3.212244] (px4_msgs) StdoutLine: {'line': b'-- Up-to-date symlink: /home/dolphiinn/ros2_ws/install/px4_msgs/include/px4_msgs/px4_msgs/msg/rover_rate_status.h\n'}
[3.213168] (px4_msgs) StdoutLine: {'line': b'-- Up-to-date symlink: /home/dolphiinn/ros2_ws/install/px4_msgs/include/px4_msgs/px4_msgs/msg/rover_speed_setpoint.h\n'}
[3.213434] (px4_msgs) StdoutLine: {'line': b'-- Up-to-date symlink: /home/dolphiinn/ros2_ws/install/px4_msgs/include/px4_msgs/px4_msgs/msg/rover_speed_status.h\n'}
[3.213673] (px4_msgs) StdoutLine: {'line': b'-- Up-to-date symlink: /home/dolphiinn/ros2_ws/install/px4_msgs/include/px4_msgs/px4_msgs/msg/rover_steering_setpoint.h\n'}
[3.213944] (px4_msgs) StdoutLine: {'line': b'-- Up-to-date symlink: /home/dolphiinn/ros2_ws/install/px4_msgs/include/px4_msgs/px4_msgs/msg/rover_throttle_setpoint.h\n'}
[3.214312] (px4_msgs) StdoutLine: {'line': b'-- Up-to-date symlink: /home/dolphiinn/ros2_ws/install/px4_msgs/include/px4_msgs/px4_msgs/msg/rpm.h\n'}
[3.214755] (px4_msgs) StdoutLine: {'line': b'-- Up-to-date symlink: /home/dolphiinn/ros2_ws/install/px4_msgs/include/px4_msgs/px4_msgs/msg/rtl_status.h\n'}
[3.215090] (px4_msgs) StdoutLine: {'line': b'-- Up-to-date symlink: /home/dolphiinn/ros2_ws/install/px4_msgs/include/px4_msgs/px4_msgs/msg/rtl_time_estimate.h\n'}
[3.216082] (px4_msgs) StdoutLine: {'line': b'-- Up-to-date symlink: /home/dolphiinn/ros2_ws/install/px4_msgs/include/px4_msgs/px4_msgs/msg/satellite_info.h\n'}
[3.216441] (px4_msgs) StdoutLine: {'line': b'-- Up-to-date symlink: /home/dolphiinn/ros2_ws/install/px4_msgs/include/px4_msgs/px4_msgs/msg/sensor_accel.h\n'}
[3.216621] (px4_msgs) StdoutLine: {'line': b'-- Up-to-date symlink: /home/dolphiinn/ros2_ws/install/px4_msgs/include/px4_msgs/px4_msgs/msg/sensor_accel_fifo.h\n'}
[3.216860] (px4_msgs) StdoutLine: {'line': b'-- Up-to-date symlink: /home/dolphiinn/ros2_ws/install/px4_msgs/include/px4_msgs/px4_msgs/msg/sensor_airflow.h\n'}
[3.217146] (px4_msgs) StdoutLine: {'line': b'-- Up-to-date symlink: /home/dolphiinn/ros2_ws/install/px4_msgs/include/px4_msgs/px4_msgs/msg/sensor_baro.h\n'}
[3.217391] (px4_msgs) StdoutLine: {'line': b'-- Up-to-date symlink: /home/dolphiinn/ros2_ws/install/px4_msgs/include/px4_msgs/px4_msgs/msg/sensor_combined.h\n'}
[3.218581] (px4_msgs) StdoutLine: {'line': b'-- Up-to-date symlink: /home/dolphiinn/ros2_ws/install/px4_msgs/include/px4_msgs/px4_msgs/msg/sensor_correction.h\n'}
[3.218810] (px4_msgs) StdoutLine: {'line': b'-- Up-to-date symlink: /home/dolphiinn/ros2_ws/install/px4_msgs/include/px4_msgs/px4_msgs/msg/sensor_gnss_relative.h\n'}
[3.219007] (px4_msgs) StdoutLine: {'line': b'-- Up-to-date symlink: /home/dolphiinn/ros2_ws/install/px4_msgs/include/px4_msgs/px4_msgs/msg/sensor_gnss_status.h\n'}
[3.219374] (px4_msgs) StdoutLine: {'line': b'-- Up-to-date symlink: /home/dolphiinn/ros2_ws/install/px4_msgs/include/px4_msgs/px4_msgs/msg/sensor_gps.h\n'}
[3.219748] (px4_msgs) StdoutLine: {'line': b'-- Up-to-date symlink: /home/dolphiinn/ros2_ws/install/px4_msgs/include/px4_msgs/px4_msgs/msg/sensor_gyro.h\n'}
[3.220402] (px4_msgs) StdoutLine: {'line': b'-- Up-to-date symlink: /home/dolphiinn/ros2_ws/install/px4_msgs/include/px4_msgs/px4_msgs/msg/sensor_gyro_fft.h\n'}
[3.221011] (px4_msgs) StdoutLine: {'line': b'-- Up-to-date symlink: /home/dolphiinn/ros2_ws/install/px4_msgs/include/px4_msgs/px4_msgs/msg/sensor_gyro_fifo.h\n'}
[3.221425] (px4_msgs) StdoutLine: {'line': b'-- Up-to-date symlink: /home/dolphiinn/ros2_ws/install/px4_msgs/include/px4_msgs/px4_msgs/msg/sensor_hygrometer.h\n'}
[3.221953] (px4_msgs) StdoutLine: {'line': b'-- Up-to-date symlink: /home/dolphiinn/ros2_ws/install/px4_msgs/include/px4_msgs/px4_msgs/msg/sensor_mag.h\n'}
[3.222516] (px4_msgs) StdoutLine: {'line': b'-- Up-to-date symlink: /home/dolphiinn/ros2_ws/install/px4_msgs/include/px4_msgs/px4_msgs/msg/sensor_optical_flow.h\n'}
[3.222853] (px4_msgs) StdoutLine: {'line': b'-- Up-to-date symlink: /home/dolphiinn/ros2_ws/install/px4_msgs/include/px4_msgs/px4_msgs/msg/sensor_preflight_mag.h\n'}
[3.223182] (px4_msgs) StdoutLine: {'line': b'-- Up-to-date symlink: /home/dolphiinn/ros2_ws/install/px4_msgs/include/px4_msgs/px4_msgs/msg/sensor_selection.h\n'}
[3.223445] (px4_msgs) StdoutLine: {'line': b'-- Up-to-date symlink: /home/dolphiinn/ros2_ws/install/px4_msgs/include/px4_msgs/px4_msgs/msg/sensor_uwb.h\n'}
[3.223724] (px4_msgs) StdoutLine: {'line': b'-- Up-to-date symlink: /home/dolphiinn/ros2_ws/install/px4_msgs/include/px4_msgs/px4_msgs/msg/sensors_status.h\n'}
[3.224010] (px4_msgs) StdoutLine: {'line': b'-- Up-to-date symlink: /home/dolphiinn/ros2_ws/install/px4_msgs/include/px4_msgs/px4_msgs/msg/sensors_status_imu.h\n'}
[3.224253] (px4_msgs) StdoutLine: {'line': b'-- Up-to-date symlink: /home/dolphiinn/ros2_ws/install/px4_msgs/include/px4_msgs/px4_msgs/msg/system_power.h\n'}
[3.224585] (px4_msgs) StdoutLine: {'line': b'-- Up-to-date symlink: /home/dolphiinn/ros2_ws/install/px4_msgs/include/px4_msgs/px4_msgs/msg/takeoff_status.h\n'}
[3.224934] (px4_msgs) StdoutLine: {'line': b'-- Up-to-date symlink: /home/dolphiinn/ros2_ws/install/px4_msgs/include/px4_msgs/px4_msgs/msg/task_stack_info.h\n'}
[3.225176] (px4_msgs) StdoutLine: {'line': b'-- Up-to-date symlink: /home/dolphiinn/ros2_ws/install/px4_msgs/include/px4_msgs/px4_msgs/msg/tecs_status.h\n'}
[3.225711] (px4_msgs) StdoutLine: {'line': b'-- Up-to-date symlink: /home/dolphiinn/ros2_ws/install/px4_msgs/include/px4_msgs/px4_msgs/msg/telemetry_status.h\n'}
[3.226058] (px4_msgs) StdoutLine: {'line': b'-- Up-to-date symlink: /home/dolphiinn/ros2_ws/install/px4_msgs/include/px4_msgs/px4_msgs/msg/tiltrotor_extra_controls.h\n'}
[3.226353] (px4_msgs) StdoutLine: {'line': b'-- Up-to-date symlink: /home/dolphiinn/ros2_ws/install/px4_msgs/include/px4_msgs/px4_msgs/msg/timesync_status.h\n'}
[3.226660] (px4_msgs) StdoutLine: {'line': b'-- Up-to-date symlink: /home/dolphiinn/ros2_ws/install/px4_msgs/include/px4_msgs/px4_msgs/msg/trajectory_setpoint.h\n'}
[3.227162] (px4_msgs) StdoutLine: {'line': b'-- Up-to-date symlink: /home/dolphiinn/ros2_ws/install/px4_msgs/include/px4_msgs/px4_msgs/msg/trajectory_setpoint6dof.h\n'}
[3.227744] (px4_msgs) StdoutLine: {'line': b'-- Up-to-date symlink: /home/dolphiinn/ros2_ws/install/px4_msgs/include/px4_msgs/px4_msgs/msg/transponder_report.h\n'}
[3.228045] (px4_msgs) StdoutLine: {'line': b'-- Up-to-date symlink: /home/dolphiinn/ros2_ws/install/px4_msgs/include/px4_msgs/px4_msgs/msg/tune_control.h\n'}
[3.228544] (px4_msgs) StdoutLine: {'line': b'-- Up-to-date symlink: /home/dolphiinn/ros2_ws/install/px4_msgs/include/px4_msgs/px4_msgs/msg/uavcan_parameter_request.h\n'}
[3.228985] (px4_msgs) StdoutLine: {'line': b'-- Up-to-date symlink: /home/dolphiinn/ros2_ws/install/px4_msgs/include/px4_msgs/px4_msgs/msg/uavcan_parameter_value.h\n'}
[3.229410] (px4_msgs) StdoutLine: {'line': b'-- Up-to-date symlink: /home/dolphiinn/ros2_ws/install/px4_msgs/include/px4_msgs/px4_msgs/msg/ulog_stream.h\n'}
[3.230539] (px4_msgs) StdoutLine: {'line': b'-- Up-to-date symlink: /home/dolphiinn/ros2_ws/install/px4_msgs/include/px4_msgs/px4_msgs/msg/ulog_stream_ack.h\n'}
[3.230993] (px4_msgs) StdoutLine: {'line': b'-- Up-to-date symlink: /home/dolphiinn/ros2_ws/install/px4_msgs/include/px4_msgs/px4_msgs/msg/unregister_ext_component.h\n'}
[3.231322] (px4_msgs) StdoutLine: {'line': b'-- Up-to-date symlink: /home/dolphiinn/ros2_ws/install/px4_msgs/include/px4_msgs/px4_msgs/msg/vehicle_acceleration.h\n'}
[3.231705] (px4_msgs) StdoutLine: {'line': b'-- Up-to-date symlink: /home/dolphiinn/ros2_ws/install/px4_msgs/include/px4_msgs/px4_msgs/msg/vehicle_air_data.h\n'}
[3.231956] (px4_msgs) StdoutLine: {'line': b'-- Up-to-date symlink: /home/dolphiinn/ros2_ws/install/px4_msgs/include/px4_msgs/px4_msgs/msg/vehicle_angular_acceleration_setpoint.h\n'}
[3.232240] (px4_msgs) StdoutLine: {'line': b'-- Up-to-date symlink: /home/dolphiinn/ros2_ws/install/px4_msgs/include/px4_msgs/px4_msgs/msg/vehicle_angular_velocity.h\n'}
[3.232456] (px4_msgs) StdoutLine: {'line': b'-- Up-to-date symlink: /home/dolphiinn/ros2_ws/install/px4_msgs/include/px4_msgs/px4_msgs/msg/vehicle_attitude.h\n'}
[3.233178] (px4_msgs) StdoutLine: {'line': b'-- Up-to-date symlink: /home/dolphiinn/ros2_ws/install/px4_msgs/include/px4_msgs/px4_msgs/msg/vehicle_attitude_setpoint.h\n'}
[3.233606] (px4_msgs) StdoutLine: {'line': b'-- Up-to-date symlink: /home/dolphiinn/ros2_ws/install/px4_msgs/include/px4_msgs/px4_msgs/msg/vehicle_command.h\n'}
[3.233898] (px4_msgs) StdoutLine: {'line': b'-- Up-to-date symlink: /home/dolphiinn/ros2_ws/install/px4_msgs/include/px4_msgs/px4_msgs/msg/vehicle_command_ack.h\n'}
[3.234359] (px4_msgs) StdoutLine: {'line': b'-- Up-to-date symlink: /home/dolphiinn/ros2_ws/install/px4_msgs/include/px4_msgs/px4_msgs/msg/vehicle_constraints.h\n'}
[3.234806] (px4_msgs) StdoutLine: {'line': b'-- Up-to-date symlink: /home/dolphiinn/ros2_ws/install/px4_msgs/include/px4_msgs/px4_msgs/msg/vehicle_control_mode.h\n'}
[3.235144] (px4_msgs) StdoutLine: {'line': b'-- Up-to-date symlink: /home/dolphiinn/ros2_ws/install/px4_msgs/include/px4_msgs/px4_msgs/msg/vehicle_global_position.h\n'}
[3.235498] (px4_msgs) StdoutLine: {'line': b'-- Up-to-date symlink: /home/dolphiinn/ros2_ws/install/px4_msgs/include/px4_msgs/px4_msgs/msg/vehicle_imu.h\n'}
[3.235866] (px4_msgs) StdoutLine: {'line': b'-- Up-to-date symlink: /home/dolphiinn/ros2_ws/install/px4_msgs/include/px4_msgs/px4_msgs/msg/vehicle_imu_status.h\n'}
[3.236091] (px4_msgs) StdoutLine: {'line': b'-- Up-to-date symlink: /home/dolphiinn/ros2_ws/install/px4_msgs/include/px4_msgs/px4_msgs/msg/vehicle_land_detected.h\n'}
[3.236996] (px4_msgs) StdoutLine: {'line': b'-- Up-to-date symlink: /home/dolphiinn/ros2_ws/install/px4_msgs/include/px4_msgs/px4_msgs/msg/vehicle_local_position.h\n'}
[3.238177] (px4_msgs) StdoutLine: {'line': b'-- Up-to-date symlink: /home/dolphiinn/ros2_ws/install/px4_msgs/include/px4_msgs/px4_msgs/msg/vehicle_local_position_setpoint.h\n'}
[3.238969] (px4_msgs) StdoutLine: {'line': b'-- Up-to-date symlink: /home/dolphiinn/ros2_ws/install/px4_msgs/include/px4_msgs/px4_msgs/msg/vehicle_magnetometer.h\n'}
[3.239367] (px4_msgs) StdoutLine: {'line': b'-- Up-to-date symlink: /home/dolphiinn/ros2_ws/install/px4_msgs/include/px4_msgs/px4_msgs/msg/vehicle_odometry.h\n'}
[3.239732] (px4_msgs) StdoutLine: {'line': b'-- Up-to-date symlink: /home/dolphiinn/ros2_ws/install/px4_msgs/include/px4_msgs/px4_msgs/msg/vehicle_optical_flow.h\n'}
[3.240121] (px4_msgs) StdoutLine: {'line': b'-- Up-to-date symlink: /home/dolphiinn/ros2_ws/install/px4_msgs/include/px4_msgs/px4_msgs/msg/vehicle_optical_flow_vel.h\n'}
[3.240439] (px4_msgs) StdoutLine: {'line': b'-- Up-to-date symlink: /home/dolphiinn/ros2_ws/install/px4_msgs/include/px4_msgs/px4_msgs/msg/vehicle_rates_setpoint.h\n'}
[3.240824] (px4_msgs) StdoutLine: {'line': b'-- Up-to-date symlink: /home/dolphiinn/ros2_ws/install/px4_msgs/include/px4_msgs/px4_msgs/msg/vehicle_roi.h\n'}
[3.241383] (px4_msgs) StdoutLine: {'line': b'-- Up-to-date symlink: /home/dolphiinn/ros2_ws/install/px4_msgs/include/px4_msgs/px4_msgs/msg/vehicle_status.h\n'}
[3.242363] (px4_msgs) StdoutLine: {'line': b'-- Up-to-date symlink: /home/dolphiinn/ros2_ws/install/px4_msgs/include/px4_msgs/px4_msgs/msg/vehicle_thrust_setpoint.h\n'}
[3.242710] (px4_msgs) StdoutLine: {'line': b'-- Up-to-date symlink: /home/dolphiinn/ros2_ws/install/px4_msgs/include/px4_msgs/px4_msgs/msg/vehicle_torque_setpoint.h\n'}
[3.242899] (px4_msgs) StdoutLine: {'line': b'-- Up-to-date symlink: /home/dolphiinn/ros2_ws/install/px4_msgs/include/px4_msgs/px4_msgs/msg/velocity_limits.h\n'}
[3.243329] (px4_msgs) StdoutLine: {'line': b'-- Up-to-date symlink: /home/dolphiinn/ros2_ws/install/px4_msgs/include/px4_msgs/px4_msgs/msg/vtol_vehicle_status.h\n'}
[3.243577] (px4_msgs) StdoutLine: {'line': b'-- Up-to-date symlink: /home/dolphiinn/ros2_ws/install/px4_msgs/include/px4_msgs/px4_msgs/msg/wheel_encoders.h\n'}
[3.243775] (px4_msgs) StdoutLine: {'line': b'-- Up-to-date symlink: /home/dolphiinn/ros2_ws/install/px4_msgs/include/px4_msgs/px4_msgs/msg/wind.h\n'}
[3.244120] (px4_msgs) StdoutLine: {'line': b'-- Up-to-date symlink: /home/dolphiinn/ros2_ws/install/px4_msgs/include/px4_msgs/px4_msgs/msg/yaw_estimator_status.h\n'}
[3.244767] (px4_msgs) StdoutLine: {'line': b'-- Up-to-date symlink: /home/dolphiinn/ros2_ws/install/px4_msgs/include/px4_msgs/px4_msgs/srv/detail/vehicle_command__functions.h\n'}
[3.245173] (px4_msgs) StdoutLine: {'line': b'-- Up-to-date symlink: /home/dolphiinn/ros2_ws/install/px4_msgs/include/px4_msgs/px4_msgs/srv/detail/vehicle_command__struct.h\n'}
[3.245638] (px4_msgs) StdoutLine: {'line': b'-- Up-to-date symlink: /home/dolphiinn/ros2_ws/install/px4_msgs/include/px4_msgs/px4_msgs/srv/detail/vehicle_command__type_support.h\n'}
[3.246111] (px4_msgs) StdoutLine: {'line': b'-- Up-to-date symlink: /home/dolphiinn/ros2_ws/install/px4_msgs/include/px4_msgs/px4_msgs/srv/vehicle_command.h\n'}
[3.247835] (px4_msgs) StdoutLine: {'line': b'-- Up-to-date symlink: /home/dolphiinn/ros2_ws/install/px4_msgs/share/px4_msgs/environment/library_path.sh\n'}
[3.248225] (px4_msgs) StdoutLine: {'line': b'-- Up-to-date symlink: /home/dolphiinn/ros2_ws/install/px4_msgs/share/px4_msgs/environment/library_path.dsv\n'}
[3.260862] (px4_msgs) StdoutLine: {'line': b'-- Up-to-date symlink: /home/dolphiinn/ros2_ws/install/px4_msgs/include/px4_msgs/px4_msgs/msg/detail/action_request__rosidl_typesupport_fastrtps_c.h\n'}
[3.261326] (px4_msgs) StdoutLine: {'line': b'-- Up-to-date symlink: /home/dolphiinn/ros2_ws/install/px4_msgs/include/px4_msgs/px4_msgs/msg/detail/actuator_armed__rosidl_typesupport_fastrtps_c.h\n'}
[3.261722] (px4_msgs) StdoutLine: {'line': b'-- Up-to-date symlink: /home/dolphiinn/ros2_ws/install/px4_msgs/include/px4_msgs/px4_msgs/msg/detail/actuator_controls_status__rosidl_typesupport_fastrtps_c.h\n'}
[3.262234] (px4_msgs) StdoutLine: {'line': b'-- Up-to-date symlink: /home/dolphiinn/ros2_ws/install/px4_msgs/include/px4_msgs/px4_msgs/msg/detail/actuator_motors__rosidl_typesupport_fastrtps_c.h\n'}
[3.263057] (px4_msgs) StdoutLine: {'line': b'-- Up-to-date symlink: /home/dolphiinn/ros2_ws/install/px4_msgs/include/px4_msgs/px4_msgs/msg/detail/actuator_outputs__rosidl_typesupport_fastrtps_c.h\n'}
[3.263260] (px4_msgs) StdoutLine: {'line': b'-- Up-to-date symlink: /home/dolphiinn/ros2_ws/install/px4_msgs/include/px4_msgs/px4_msgs/msg/detail/actuator_servos__rosidl_typesupport_fastrtps_c.h\n'}
[3.263511] (px4_msgs) StdoutLine: {'line': b'-- Up-to-date symlink: /home/dolphiinn/ros2_ws/install/px4_msgs/include/px4_msgs/px4_msgs/msg/detail/actuator_servos_trim__rosidl_typesupport_fastrtps_c.h\n'}
[3.263728] (px4_msgs) StdoutLine: {'line': b'-- Up-to-date symlink: /home/dolphiinn/ros2_ws/install/px4_msgs/include/px4_msgs/px4_msgs/msg/detail/actuator_test__rosidl_typesupport_fastrtps_c.h\n'}
[3.264095] (px4_msgs) StdoutLine: {'line': b'-- Up-to-date symlink: /home/dolphiinn/ros2_ws/install/px4_msgs/include/px4_msgs/px4_msgs/msg/detail/adc_report__rosidl_typesupport_fastrtps_c.h\n'}
[3.264393] (px4_msgs) StdoutLine: {'line': b'-- Up-to-date symlink: /home/dolphiinn/ros2_ws/install/px4_msgs/include/px4_msgs/px4_msgs/msg/detail/airspeed__rosidl_typesupport_fastrtps_c.h\n'}
[3.264690] (px4_msgs) StdoutLine: {'line': b'-- Up-to-date symlink: /home/dolphiinn/ros2_ws/install/px4_msgs/include/px4_msgs/px4_msgs/msg/detail/airspeed_validated__rosidl_typesupport_fastrtps_c.h\n'}
[3.265089] (px4_msgs) StdoutLine: {'line': b'-- Up-to-date symlink: /home/dolphiinn/ros2_ws/install/px4_msgs/include/px4_msgs/px4_msgs/msg/detail/airspeed_wind__rosidl_typesupport_fastrtps_c.h\n'}
[3.265625] (px4_msgs) StdoutLine: {'line': b'-- Up-to-date symlink: /home/dolphiinn/ros2_ws/install/px4_msgs/include/px4_msgs/px4_msgs/msg/detail/arming_check_reply__rosidl_typesupport_fastrtps_c.h\n'}
[3.265883] (px4_msgs) StdoutLine: {'line': b'-- Up-to-date symlink: /home/dolphiinn/ros2_ws/install/px4_msgs/include/px4_msgs/px4_msgs/msg/detail/arming_check_request__rosidl_typesupport_fastrtps_c.h\n'}
[3.266113] (px4_msgs) StdoutLine: {'line': b'-- Up-to-date symlink: /home/dolphiinn/ros2_ws/install/px4_msgs/include/px4_msgs/px4_msgs/msg/detail/autotune_attitude_control_status__rosidl_typesupport_fastrtps_c.h\n'}
[3.266521] (px4_msgs) StdoutLine: {'line': b'-- Up-to-date symlink: /home/dolphiinn/ros2_ws/install/px4_msgs/include/px4_msgs/px4_msgs/msg/detail/battery_info__rosidl_typesupport_fastrtps_c.h\n'}
[3.266849] (px4_msgs) StdoutLine: {'line': b'-- Up-to-date symlink: /home/dolphiinn/ros2_ws/install/px4_msgs/include/px4_msgs/px4_msgs/msg/detail/battery_status__rosidl_typesupport_fastrtps_c.h\n'}
[3.267171] (px4_msgs) StdoutLine: {'line': b'-- Up-to-date symlink: /home/dolphiinn/ros2_ws/install/px4_msgs/include/px4_msgs/px4_msgs/msg/detail/button_event__rosidl_typesupport_fastrtps_c.h\n'}
[3.267504] (px4_msgs) StdoutLine: {'line': b'-- Up-to-date symlink: /home/dolphiinn/ros2_ws/install/px4_msgs/include/px4_msgs/px4_msgs/msg/detail/camera_capture__rosidl_typesupport_fastrtps_c.h\n'}
[3.267802] (px4_msgs) StdoutLine: {'line': b'-- Up-to-date symlink: /home/dolphiinn/ros2_ws/install/px4_msgs/include/px4_msgs/px4_msgs/msg/detail/camera_status__rosidl_typesupport_fastrtps_c.h\n'}
[3.268013] (px4_msgs) StdoutLine: {'line': b'-- Up-to-date symlink: /home/dolphiinn/ros2_ws/install/px4_msgs/include/px4_msgs/px4_msgs/msg/detail/camera_trigger__rosidl_typesupport_fastrtps_c.h\n'}
[3.268252] (px4_msgs) StdoutLine: {'line': b'-- Up-to-date symlink: /home/dolphiinn/ros2_ws/install/px4_msgs/include/px4_msgs/px4_msgs/msg/detail/can_interface_status__rosidl_typesupport_fastrtps_c.h\n'}
[3.268516] (px4_msgs) StdoutLine: {'line': b'-- Up-to-date symlink: /home/dolphiinn/ros2_ws/install/px4_msgs/include/px4_msgs/px4_msgs/msg/detail/cellular_status__rosidl_typesupport_fastrtps_c.h\n'}
[3.268906] (px4_msgs) StdoutLine: {'line': b'-- Up-to-date symlink: /home/dolphiinn/ros2_ws/install/px4_msgs/include/px4_msgs/px4_msgs/msg/detail/collision_constraints__rosidl_typesupport_fastrtps_c.h\n'}
[3.269355] (px4_msgs) StdoutLine: {'line': b'-- Up-to-date symlink: /home/dolphiinn/ros2_ws/install/px4_msgs/include/px4_msgs/px4_msgs/msg/detail/config_overrides__rosidl_typesupport_fastrtps_c.h\n'}
[3.269747] (px4_msgs) StdoutLine: {'line': b'-- Up-to-date symlink: /home/dolphiinn/ros2_ws/install/px4_msgs/include/px4_msgs/px4_msgs/msg/detail/control_allocator_status__rosidl_typesupport_fastrtps_c.h\n'}
[3.270142] (px4_msgs) StdoutLine: {'line': b'-- Up-to-date symlink: /home/dolphiinn/ros2_ws/install/px4_msgs/include/px4_msgs/px4_msgs/msg/detail/cpuload__rosidl_typesupport_fastrtps_c.h\n'}
[3.270399] (px4_msgs) StdoutLine: {'line': b'-- Up-to-date symlink: /home/dolphiinn/ros2_ws/install/px4_msgs/include/px4_msgs/px4_msgs/msg/detail/dataman_request__rosidl_typesupport_fastrtps_c.h\n'}
[3.270683] (px4_msgs) StdoutLine: {'line': b'-- Up-to-date symlink: /home/dolphiinn/ros2_ws/install/px4_msgs/include/px4_msgs/px4_msgs/msg/detail/dataman_response__rosidl_typesupport_fastrtps_c.h\n'}
[3.270993] (px4_msgs) StdoutLine: {'line': b'-- Up-to-date symlink: /home/dolphiinn/ros2_ws/install/px4_msgs/include/px4_msgs/px4_msgs/msg/detail/debug_array__rosidl_typesupport_fastrtps_c.h\n'}
[3.271286] (px4_msgs) StdoutLine: {'line': b'-- Up-to-date symlink: /home/dolphiinn/ros2_ws/install/px4_msgs/include/px4_msgs/px4_msgs/msg/detail/debug_key_value__rosidl_typesupport_fastrtps_c.h\n'}
[3.271545] (px4_msgs) StdoutLine: {'line': b'-- Up-to-date symlink: /home/dolphiinn/ros2_ws/install/px4_msgs/include/px4_msgs/px4_msgs/msg/detail/debug_value__rosidl_typesupport_fastrtps_c.h\n'}
[3.271768] (px4_msgs) StdoutLine: {'line': b'-- Up-to-date symlink: /home/dolphiinn/ros2_ws/install/px4_msgs/include/px4_msgs/px4_msgs/msg/detail/debug_vect__rosidl_typesupport_fastrtps_c.h\n'}
[3.272038] (px4_msgs) StdoutLine: {'line': b'-- Up-to-date symlink: /home/dolphiinn/ros2_ws/install/px4_msgs/include/px4_msgs/px4_msgs/msg/detail/differential_pressure__rosidl_typesupport_fastrtps_c.h\n'}
[3.272245] (px4_msgs) StdoutLine: {'line': b'-- Up-to-date symlink: /home/dolphiinn/ros2_ws/install/px4_msgs/include/px4_msgs/px4_msgs/msg/detail/distance_sensor__rosidl_typesupport_fastrtps_c.h\n'}
[3.272635] (px4_msgs) StdoutLine: {'line': b'-- Up-to-date symlink: /home/dolphiinn/ros2_ws/install/px4_msgs/include/px4_msgs/px4_msgs/msg/detail/distance_sensor_mode_change_request__rosidl_typesupport_fastrtps_c.h\n'}
[3.272913] (px4_msgs) StdoutLine: {'line': b'-- Up-to-date symlink: /home/dolphiinn/ros2_ws/install/px4_msgs/include/px4_msgs/px4_msgs/msg/detail/dronecan_node_status__rosidl_typesupport_fastrtps_c.h\n'}
[3.273200] (px4_msgs) StdoutLine: {'line': b'-- Up-to-date symlink: /home/dolphiinn/ros2_ws/install/px4_msgs/include/px4_msgs/px4_msgs/msg/detail/ekf2_timestamps__rosidl_typesupport_fastrtps_c.h\n'}
[3.273587] (px4_msgs) StdoutLine: {'line': b'-- Up-to-date symlink: /home/dolphiinn/ros2_ws/install/px4_msgs/include/px4_msgs/px4_msgs/msg/detail/esc_report__rosidl_typesupport_fastrtps_c.h\n'}
[3.274010] (px4_msgs) StdoutLine: {'line': b'-- Up-to-date symlink: /home/dolphiinn/ros2_ws/install/px4_msgs/include/px4_msgs/px4_msgs/msg/detail/esc_status__rosidl_typesupport_fastrtps_c.h\n'}
[3.274613] (px4_msgs) StdoutLine: {'line': b'-- Up-to-date symlink: /home/dolphiinn/ros2_ws/install/px4_msgs/include/px4_msgs/px4_msgs/msg/detail/estimator_aid_source1d__rosidl_typesupport_fastrtps_c.h\n'}
[3.274997] (px4_msgs) StdoutLine: {'line': b'-- Up-to-date symlink: /home/dolphiinn/ros2_ws/install/px4_msgs/include/px4_msgs/px4_msgs/msg/detail/estimator_aid_source2d__rosidl_typesupport_fastrtps_c.h\n'}
[3.275241] (px4_msgs) StdoutLine: {'line': b'-- Up-to-date symlink: /home/dolphiinn/ros2_ws/install/px4_msgs/include/px4_msgs/px4_msgs/msg/detail/estimator_aid_source3d__rosidl_typesupport_fastrtps_c.h\n'}
[3.275623] (px4_msgs) StdoutLine: {'line': b'-- Up-to-date symlink: /home/dolphiinn/ros2_ws/install/px4_msgs/include/px4_msgs/px4_msgs/msg/detail/estimator_bias3d__rosidl_typesupport_fastrtps_c.h\n'}
[3.275871] (px4_msgs) StdoutLine: {'line': b'-- Up-to-date symlink: /home/dolphiinn/ros2_ws/install/px4_msgs/include/px4_msgs/px4_msgs/msg/detail/estimator_bias__rosidl_typesupport_fastrtps_c.h\n'}
[3.276190] (px4_msgs) StdoutLine: {'line': b'-- Up-to-date symlink: /home/dolphiinn/ros2_ws/install/px4_msgs/include/px4_msgs/px4_msgs/msg/detail/estimator_event_flags__rosidl_typesupport_fastrtps_c.h\n'}
[3.276452] (px4_msgs) StdoutLine: {'line': b'-- Up-to-date symlink: /home/dolphiinn/ros2_ws/install/px4_msgs/include/px4_msgs/px4_msgs/msg/detail/estimator_gps_status__rosidl_typesupport_fastrtps_c.h\n'}
[3.276765] (px4_msgs) StdoutLine: {'line': b'-- Up-to-date symlink: /home/dolphiinn/ros2_ws/install/px4_msgs/include/px4_msgs/px4_msgs/msg/detail/estimator_innovations__rosidl_typesupport_fastrtps_c.h\n'}
[3.277148] (px4_msgs) StdoutLine: {'line': b'-- Up-to-date symlink: /home/dolphiinn/ros2_ws/install/px4_msgs/include/px4_msgs/px4_msgs/msg/detail/estimator_selector_status__rosidl_typesupport_fastrtps_c.h\n'}
[3.277544] (px4_msgs) StdoutLine: {'line': b'-- Up-to-date symlink: /home/dolphiinn/ros2_ws/install/px4_msgs/include/px4_msgs/px4_msgs/msg/detail/estimator_sensor_bias__rosidl_typesupport_fastrtps_c.h\n'}
[3.278089] (px4_msgs) StdoutLine: {'line': b'-- Up-to-date symlink: /home/dolphiinn/ros2_ws/install/px4_msgs/include/px4_msgs/px4_msgs/msg/detail/estimator_states__rosidl_typesupport_fastrtps_c.h\n'}
[3.278321] (px4_msgs) StdoutLine: {'line': b'-- Up-to-date symlink: /home/dolphiinn/ros2_ws/install/px4_msgs/include/px4_msgs/px4_msgs/msg/detail/estimator_status__rosidl_typesupport_fastrtps_c.h\n'}
[3.278689] (px4_msgs) StdoutLine: {'line': b'-- Up-to-date symlink: /home/dolphiinn/ros2_ws/install/px4_msgs/include/px4_msgs/px4_msgs/msg/detail/estimator_status_flags__rosidl_typesupport_fastrtps_c.h\n'}
[3.279011] (px4_msgs) StdoutLine: {'line': b'-- Up-to-date symlink: /home/dolphiinn/ros2_ws/install/px4_msgs/include/px4_msgs/px4_msgs/msg/detail/event__rosidl_typesupport_fastrtps_c.h\n'}
[3.279282] (px4_msgs) StdoutLine: {'line': b'-- Up-to-date symlink: /home/dolphiinn/ros2_ws/install/px4_msgs/include/px4_msgs/px4_msgs/msg/detail/failsafe_flags__rosidl_typesupport_fastrtps_c.h\n'}
[3.279620] (px4_msgs) StdoutLine: {'line': b'-- Up-to-date symlink: /home/dolphiinn/ros2_ws/install/px4_msgs/include/px4_msgs/px4_msgs/msg/detail/failure_detector_status__rosidl_typesupport_fastrtps_c.h\n'}
[3.280045] (px4_msgs) StdoutLine: {'line': b'-- Up-to-date symlink: /home/dolphiinn/ros2_ws/install/px4_msgs/include/px4_msgs/px4_msgs/msg/detail/figure_eight_status__rosidl_typesupport_fastrtps_c.h\n'}
[3.280454] (px4_msgs) StdoutLine: {'line': b'-- Up-to-date symlink: /home/dolphiinn/ros2_ws/install/px4_msgs/include/px4_msgs/px4_msgs/msg/detail/fixed_wing_lateral_guidance_status__rosidl_typesupport_fastrtps_c.h\n'}
[3.282252] (px4_msgs) StdoutLine: {'line': b'-- Up-to-date symlink: /home/dolphiinn/ros2_ws/install/px4_msgs/include/px4_msgs/px4_msgs/msg/detail/fixed_wing_lateral_setpoint__rosidl_typesupport_fastrtps_c.h\n'}
[3.282658] (px4_msgs) StdoutLine: {'line': b'-- Up-to-date symlink: /home/dolphiinn/ros2_ws/install/px4_msgs/include/px4_msgs/px4_msgs/msg/detail/fixed_wing_lateral_status__rosidl_typesupport_fastrtps_c.h\n'}
[3.283028] (px4_msgs) StdoutLine: {'line': b'-- Up-to-date symlink: /home/dolphiinn/ros2_ws/install/px4_msgs/include/px4_msgs/px4_msgs/msg/detail/fixed_wing_longitudinal_setpoint__rosidl_typesupport_fastrtps_c.h\n'}
[3.284128] (px4_msgs) StdoutLine: {'line': b'-- Up-to-date symlink: /home/dolphiinn/ros2_ws/install/px4_msgs/include/px4_msgs/px4_msgs/msg/detail/fixed_wing_runway_control__rosidl_typesupport_fastrtps_c.h\n'}
[3.284398] (px4_msgs) StdoutLine: {'line': b'-- Up-to-date symlink: /home/dolphiinn/ros2_ws/install/px4_msgs/include/px4_msgs/px4_msgs/msg/detail/flight_phase_estimation__rosidl_typesupport_fastrtps_c.h\n'}
[3.284662] (px4_msgs) StdoutLine: {'line': b'-- Up-to-date symlink: /home/dolphiinn/ros2_ws/install/px4_msgs/include/px4_msgs/px4_msgs/msg/detail/follow_target__rosidl_typesupport_fastrtps_c.h\n'}
[3.285127] (px4_msgs) StdoutLine: {'line': b'-- Up-to-date symlink: /home/dolphiinn/ros2_ws/install/px4_msgs/include/px4_msgs/px4_msgs/msg/detail/follow_target_estimator__rosidl_typesupport_fastrtps_c.h\n'}
[3.285710] (px4_msgs) StdoutLine: {'line': b'-- Up-to-date symlink: /home/dolphiinn/ros2_ws/install/px4_msgs/include/px4_msgs/px4_msgs/msg/detail/follow_target_status__rosidl_typesupport_fastrtps_c.h\n'}
[3.286050] (px4_msgs) StdoutLine: {'line': b'-- Up-to-date symlink: /home/dolphiinn/ros2_ws/install/px4_msgs/include/px4_msgs/px4_msgs/msg/detail/fuel_tank_status__rosidl_typesupport_fastrtps_c.h\n'}
[3.286832] (px4_msgs) StdoutLine: {'line': b'-- Up-to-date symlink: /home/dolphiinn/ros2_ws/install/px4_msgs/include/px4_msgs/px4_msgs/msg/detail/generator_status__rosidl_typesupport_fastrtps_c.h\n'}
[3.287254] (px4_msgs) StdoutLine: {'line': b'-- Up-to-date symlink: /home/dolphiinn/ros2_ws/install/px4_msgs/include/px4_msgs/px4_msgs/msg/detail/geofence_result__rosidl_typesupport_fastrtps_c.h\n'}
[3.287621] (px4_msgs) StdoutLine: {'line': b'-- Up-to-date symlink: /home/dolphiinn/ros2_ws/install/px4_msgs/include/px4_msgs/px4_msgs/msg/detail/geofence_status__rosidl_typesupport_fastrtps_c.h\n'}
[3.287926] (px4_msgs) StdoutLine: {'line': b'-- Up-to-date symlink: /home/dolphiinn/ros2_ws/install/px4_msgs/include/px4_msgs/px4_msgs/msg/detail/gimbal_controls__rosidl_typesupport_fastrtps_c.h\n'}
[3.288228] (px4_msgs) StdoutLine: {'line': b'-- Up-to-date symlink: /home/dolphiinn/ros2_ws/install/px4_msgs/include/px4_msgs/px4_msgs/msg/detail/gimbal_device_attitude_status__rosidl_typesupport_fastrtps_c.h\n'}
[3.288453] (px4_msgs) StdoutLine: {'line': b'-- Up-to-date symlink: /home/dolphiinn/ros2_ws/install/px4_msgs/include/px4_msgs/px4_msgs/msg/detail/gimbal_device_information__rosidl_typesupport_fastrtps_c.h\n'}
[3.288814] (px4_msgs) StdoutLine: {'line': b'-- Up-to-date symlink: /home/dolphiinn/ros2_ws/install/px4_msgs/include/px4_msgs/px4_msgs/msg/detail/gimbal_device_set_attitude__rosidl_typesupport_fastrtps_c.h\n'}
[3.289197] (px4_msgs) StdoutLine: {'line': b'-- Up-to-date symlink: /home/dolphiinn/ros2_ws/install/px4_msgs/include/px4_msgs/px4_msgs/msg/detail/gimbal_manager_information__rosidl_typesupport_fastrtps_c.h\n'}
[3.289599] (px4_msgs) StdoutLine: {'line': b'-- Up-to-date symlink: /home/dolphiinn/ros2_ws/install/px4_msgs/include/px4_msgs/px4_msgs/msg/detail/gimbal_manager_set_attitude__rosidl_typesupport_fastrtps_c.h\n'}
[3.290184] (px4_msgs) StdoutLine: {'line': b'-- Up-to-date symlink: /home/dolphiinn/ros2_ws/install/px4_msgs/include/px4_msgs/px4_msgs/msg/detail/gimbal_manager_set_manual_control__rosidl_typesupport_fastrtps_c.h\n'}
[3.290569] (px4_msgs) StdoutLine: {'line': b'-- Up-to-date symlink: /home/dolphiinn/ros2_ws/install/px4_msgs/include/px4_msgs/px4_msgs/msg/detail/gimbal_manager_status__rosidl_typesupport_fastrtps_c.h\n'}
[3.290795] (px4_msgs) StdoutLine: {'line': b'-- Up-to-date symlink: /home/dolphiinn/ros2_ws/install/px4_msgs/include/px4_msgs/px4_msgs/msg/detail/goto_setpoint__rosidl_typesupport_fastrtps_c.h\n'}
[3.291016] (px4_msgs) StdoutLine: {'line': b'-- Up-to-date symlink: /home/dolphiinn/ros2_ws/install/px4_msgs/include/px4_msgs/px4_msgs/msg/detail/gpio_config__rosidl_typesupport_fastrtps_c.h\n'}
[3.291232] (px4_msgs) StdoutLine: {'line': b'-- Up-to-date symlink: /home/dolphiinn/ros2_ws/install/px4_msgs/include/px4_msgs/px4_msgs/msg/detail/gpio_in__rosidl_typesupport_fastrtps_c.h\n'}
[3.291545] (px4_msgs) StdoutLine: {'line': b'-- Up-to-date symlink: /home/dolphiinn/ros2_ws/install/px4_msgs/include/px4_msgs/px4_msgs/msg/detail/gpio_out__rosidl_typesupport_fastrtps_c.h\n'}
[3.291763] (px4_msgs) StdoutLine: {'line': b'-- Up-to-date symlink: /home/dolphiinn/ros2_ws/install/px4_msgs/include/px4_msgs/px4_msgs/msg/detail/gpio_request__rosidl_typesupport_fastrtps_c.h\n'}
[3.292049] (px4_msgs) StdoutLine: {'line': b'-- Up-to-date symlink: /home/dolphiinn/ros2_ws/install/px4_msgs/include/px4_msgs/px4_msgs/msg/detail/gps_dump__rosidl_typesupport_fastrtps_c.h\n'}
[3.292414] (px4_msgs) StdoutLine: {'line': b'-- Up-to-date symlink: /home/dolphiinn/ros2_ws/install/px4_msgs/include/px4_msgs/px4_msgs/msg/detail/gps_inject_data__rosidl_typesupport_fastrtps_c.h\n'}
[3.292689] (px4_msgs) StdoutLine: {'line': b'-- Up-to-date symlink: /home/dolphiinn/ros2_ws/install/px4_msgs/include/px4_msgs/px4_msgs/msg/detail/gripper__rosidl_typesupport_fastrtps_c.h\n'}
[3.293567] (px4_msgs) StdoutLine: {'line': b'-- Up-to-date symlink: /home/dolphiinn/ros2_ws/install/px4_msgs/include/px4_msgs/px4_msgs/msg/detail/health_report__rosidl_typesupport_fastrtps_c.h\n'}
[3.293815] (px4_msgs) StdoutLine: {'line': b'-- Up-to-date symlink: /home/dolphiinn/ros2_ws/install/px4_msgs/include/px4_msgs/px4_msgs/msg/detail/heater_status__rosidl_typesupport_fastrtps_c.h\n'}
[3.293968] (px4_msgs) StdoutLine: {'line': b'-- Up-to-date symlink: /home/dolphiinn/ros2_ws/install/px4_msgs/include/px4_msgs/px4_msgs/msg/detail/home_position__rosidl_typesupport_fastrtps_c.h\n'}
[3.294182] (px4_msgs) StdoutLine: {'line': b'-- Up-to-date symlink: /home/dolphiinn/ros2_ws/install/px4_msgs/include/px4_msgs/px4_msgs/msg/detail/hover_thrust_estimate__rosidl_typesupport_fastrtps_c.h\n'}
[3.294548] (px4_msgs) StdoutLine: {'line': b'-- Up-to-date symlink: /home/dolphiinn/ros2_ws/install/px4_msgs/include/px4_msgs/px4_msgs/msg/detail/input_rc__rosidl_typesupport_fastrtps_c.h\n'}
[3.294880] (px4_msgs) StdoutLine: {'line': b'-- Up-to-date symlink: /home/dolphiinn/ros2_ws/install/px4_msgs/include/px4_msgs/px4_msgs/msg/detail/internal_combustion_engine_control__rosidl_typesupport_fastrtps_c.h\n'}
[3.295135] (px4_msgs) StdoutLine: {'line': b'-- Up-to-date symlink: /home/dolphiinn/ros2_ws/install/px4_msgs/include/px4_msgs/px4_msgs/msg/detail/internal_combustion_engine_status__rosidl_typesupport_fastrtps_c.h\n'}
[3.295429] (px4_msgs) StdoutLine: {'line': b'-- Up-to-date symlink: /home/dolphiinn/ros2_ws/install/px4_msgs/include/px4_msgs/px4_msgs/msg/detail/iridiumsbd_status__rosidl_typesupport_fastrtps_c.h\n'}
[3.295746] (px4_msgs) StdoutLine: {'line': b'-- Up-to-date symlink: /home/dolphiinn/ros2_ws/install/px4_msgs/include/px4_msgs/px4_msgs/msg/detail/irlock_report__rosidl_typesupport_fastrtps_c.h\n'}
[3.296027] (px4_msgs) StdoutLine: {'line': b'-- Up-to-date symlink: /home/dolphiinn/ros2_ws/install/px4_msgs/include/px4_msgs/px4_msgs/msg/detail/landing_gear__rosidl_typesupport_fastrtps_c.h\n'}
[3.296354] (px4_msgs) StdoutLine: {'line': b'-- Up-to-date symlink: /home/dolphiinn/ros2_ws/install/px4_msgs/include/px4_msgs/px4_msgs/msg/detail/landing_gear_wheel__rosidl_typesupport_fastrtps_c.h\n'}
[3.296729] (px4_msgs) StdoutLine: {'line': b'-- Up-to-date symlink: /home/dolphiinn/ros2_ws/install/px4_msgs/include/px4_msgs/px4_msgs/msg/detail/landing_target_innovations__rosidl_typesupport_fastrtps_c.h\n'}
[3.297108] (px4_msgs) StdoutLine: {'line': b'-- Up-to-date symlink: /home/dolphiinn/ros2_ws/install/px4_msgs/include/px4_msgs/px4_msgs/msg/detail/landing_target_pose__rosidl_typesupport_fastrtps_c.h\n'}
[3.297447] (px4_msgs) StdoutLine: {'line': b'-- Up-to-date symlink: /home/dolphiinn/ros2_ws/install/px4_msgs/include/px4_msgs/px4_msgs/msg/detail/lateral_control_configuration__rosidl_typesupport_fastrtps_c.h\n'}
[3.298082] (px4_msgs) StdoutLine: {'line': b'-- Up-to-date symlink: /home/dolphiinn/ros2_ws/install/px4_msgs/include/px4_msgs/px4_msgs/msg/detail/launch_detection_status__rosidl_typesupport_fastrtps_c.h\n'}
[3.298314] (px4_msgs) StdoutLine: {'line': b'-- Up-to-date symlink: /home/dolphiinn/ros2_ws/install/px4_msgs/include/px4_msgs/px4_msgs/msg/detail/led_control__rosidl_typesupport_fastrtps_c.h\n'}
[3.298593] (px4_msgs) StdoutLine: {'line': b'-- Up-to-date symlink: /home/dolphiinn/ros2_ws/install/px4_msgs/include/px4_msgs/px4_msgs/msg/detail/log_message__rosidl_typesupport_fastrtps_c.h\n'}
[3.298919] (px4_msgs) StdoutLine: {'line': b'-- Up-to-date symlink: /home/dolphiinn/ros2_ws/install/px4_msgs/include/px4_msgs/px4_msgs/msg/detail/logger_status__rosidl_typesupport_fastrtps_c.h\n'}
[3.299216] (px4_msgs) StdoutLine: {'line': b'-- Up-to-date symlink: /home/dolphiinn/ros2_ws/install/px4_msgs/include/px4_msgs/px4_msgs/msg/detail/longitudinal_control_configuration__rosidl_typesupport_fastrtps_c.h\n'}
[3.299613] (px4_msgs) StdoutLine: {'line': b'-- Up-to-date symlink: /home/dolphiinn/ros2_ws/install/px4_msgs/include/px4_msgs/px4_msgs/msg/detail/mag_worker_data__rosidl_typesupport_fastrtps_c.h\n'}
[3.300022] (px4_msgs) StdoutLine: {'line': b'-- Up-to-date symlink: /home/dolphiinn/ros2_ws/install/px4_msgs/include/px4_msgs/px4_msgs/msg/detail/magnetometer_bias_estimate__rosidl_typesupport_fastrtps_c.h\n'}
[3.300357] (px4_msgs) StdoutLine: {'line': b'-- Up-to-date symlink: /home/dolphiinn/ros2_ws/install/px4_msgs/include/px4_msgs/px4_msgs/msg/detail/manual_control_setpoint__rosidl_typesupport_fastrtps_c.h\n'}
[3.300792] (px4_msgs) StdoutLine: {'line': b'-- Up-to-date symlink: /home/dolphiinn/ros2_ws/install/px4_msgs/include/px4_msgs/px4_msgs/msg/detail/manual_control_switches__rosidl_typesupport_fastrtps_c.h\n'}
[3.301318] (px4_msgs) StdoutLine: {'line': b'-- Up-to-date symlink: /home/dolphiinn/ros2_ws/install/px4_msgs/include/px4_msgs/px4_msgs/msg/detail/mavlink_log__rosidl_typesupport_fastrtps_c.h\n'}
[3.301727] (px4_msgs) StdoutLine: {'line': b'-- Up-to-date symlink: /home/dolphiinn/ros2_ws/install/px4_msgs/include/px4_msgs/px4_msgs/msg/detail/mavlink_tunnel__rosidl_typesupport_fastrtps_c.h\n'}
[3.302175] (px4_msgs) StdoutLine: {'line': b'-- Up-to-date symlink: /home/dolphiinn/ros2_ws/install/px4_msgs/include/px4_msgs/px4_msgs/msg/detail/message_format_request__rosidl_typesupport_fastrtps_c.h\n'}
[3.302496] (px4_msgs) StdoutLine: {'line': b'-- Up-to-date symlink: /home/dolphiinn/ros2_ws/install/px4_msgs/include/px4_msgs/px4_msgs/msg/detail/message_format_response__rosidl_typesupport_fastrtps_c.h\n'}
[3.302837] (px4_msgs) StdoutLine: {'line': b'-- Up-to-date symlink: /home/dolphiinn/ros2_ws/install/px4_msgs/include/px4_msgs/px4_msgs/msg/detail/mission__rosidl_typesupport_fastrtps_c.h\n'}
[3.303067] (px4_msgs) StdoutLine: {'line': b'-- Up-to-date symlink: /home/dolphiinn/ros2_ws/install/px4_msgs/include/px4_msgs/px4_msgs/msg/detail/mission_result__rosidl_typesupport_fastrtps_c.h\n'}
[3.303292] (px4_msgs) StdoutLine: {'line': b'-- Up-to-date symlink: /home/dolphiinn/ros2_ws/install/px4_msgs/include/px4_msgs/px4_msgs/msg/detail/mode_completed__rosidl_typesupport_fastrtps_c.h\n'}
[3.303537] (px4_msgs) StdoutLine: {'line': b'-- Up-to-date symlink: /home/dolphiinn/ros2_ws/install/px4_msgs/include/px4_msgs/px4_msgs/msg/detail/mount_orientation__rosidl_typesupport_fastrtps_c.h\n'}
[3.303909] (px4_msgs) StdoutLine: {'line': b'-- Up-to-date symlink: /home/dolphiinn/ros2_ws/install/px4_msgs/include/px4_msgs/px4_msgs/msg/detail/navigator_mission_item__rosidl_typesupport_fastrtps_c.h\n'}
[3.304117] (px4_msgs) StdoutLine: {'line': b'-- Up-to-date symlink: /home/dolphiinn/ros2_ws/install/px4_msgs/include/px4_msgs/px4_msgs/msg/detail/navigator_status__rosidl_typesupport_fastrtps_c.h\n'}
[3.304376] (px4_msgs) StdoutLine: {'line': b'-- Up-to-date symlink: /home/dolphiinn/ros2_ws/install/px4_msgs/include/px4_msgs/px4_msgs/msg/detail/neural_control__rosidl_typesupport_fastrtps_c.h\n'}
[3.304709] (px4_msgs) StdoutLine: {'line': b'-- Up-to-date symlink: /home/dolphiinn/ros2_ws/install/px4_msgs/include/px4_msgs/px4_msgs/msg/detail/normalized_unsigned_setpoint__rosidl_typesupport_fastrtps_c.h\n'}
[3.305093] (px4_msgs) StdoutLine: {'line': b'-- Up-to-date symlink: /home/dolphiinn/ros2_ws/install/px4_msgs/include/px4_msgs/px4_msgs/msg/detail/obstacle_distance__rosidl_typesupport_fastrtps_c.h\n'}
[3.305444] (px4_msgs) StdoutLine: {'line': b'-- Up-to-date symlink: /home/dolphiinn/ros2_ws/install/px4_msgs/include/px4_msgs/px4_msgs/msg/detail/offboard_control_mode__rosidl_typesupport_fastrtps_c.h\n'}
[3.305923] (px4_msgs) StdoutLine: {'line': b'-- Up-to-date symlink: /home/dolphiinn/ros2_ws/install/px4_msgs/include/px4_msgs/px4_msgs/msg/detail/onboard_computer_status__rosidl_typesupport_fastrtps_c.h\n'}
[3.306938] (px4_msgs) StdoutLine: {'line': b'-- Up-to-date symlink: /home/dolphiinn/ros2_ws/install/px4_msgs/include/px4_msgs/px4_msgs/msg/detail/open_drone_id_arm_status__rosidl_typesupport_fastrtps_c.h\n'}
[3.307239] (px4_msgs) StdoutLine: {'line': b'-- Up-to-date symlink: /home/dolphiinn/ros2_ws/install/px4_msgs/include/px4_msgs/px4_msgs/msg/detail/open_drone_id_operator_id__rosidl_typesupport_fastrtps_c.h\n'}
[3.307462] (px4_msgs) StdoutLine: {'line': b'-- Up-to-date symlink: /home/dolphiinn/ros2_ws/install/px4_msgs/include/px4_msgs/px4_msgs/msg/detail/open_drone_id_self_id__rosidl_typesupport_fastrtps_c.h\n'}
[3.307705] (px4_msgs) StdoutLine: {'line': b'-- Up-to-date symlink: /home/dolphiinn/ros2_ws/install/px4_msgs/include/px4_msgs/px4_msgs/msg/detail/open_drone_id_system__rosidl_typesupport_fastrtps_c.h\n'}
[3.307932] (px4_msgs) StdoutLine: {'line': b'-- Up-to-date symlink: /home/dolphiinn/ros2_ws/install/px4_msgs/include/px4_msgs/px4_msgs/msg/detail/orb_test__rosidl_typesupport_fastrtps_c.h\n'}
[3.308219] (px4_msgs) StdoutLine: {'line': b'-- Up-to-date symlink: /home/dolphiinn/ros2_ws/install/px4_msgs/include/px4_msgs/px4_msgs/msg/detail/orb_test_large__rosidl_typesupport_fastrtps_c.h\n'}
[3.308442] (px4_msgs) StdoutLine: {'line': b'-- Up-to-date symlink: /home/dolphiinn/ros2_ws/install/px4_msgs/include/px4_msgs/px4_msgs/msg/detail/orb_test_medium__rosidl_typesupport_fastrtps_c.h\n'}
[3.308695] (px4_msgs) StdoutLine: {'line': b'-- Up-to-date symlink: /home/dolphiinn/ros2_ws/install/px4_msgs/include/px4_msgs/px4_msgs/msg/detail/orbit_status__rosidl_typesupport_fastrtps_c.h\n'}
[3.308947] (px4_msgs) StdoutLine: {'line': b'-- Up-to-date symlink: /home/dolphiinn/ros2_ws/install/px4_msgs/include/px4_msgs/px4_msgs/msg/detail/parameter_reset_request__rosidl_typesupport_fastrtps_c.h\n'}
[3.309369] (px4_msgs) StdoutLine: {'line': b'-- Up-to-date symlink: /home/dolphiinn/ros2_ws/install/px4_msgs/include/px4_msgs/px4_msgs/msg/detail/parameter_set_used_request__rosidl_typesupport_fastrtps_c.h\n'}
[3.309785] (px4_msgs) StdoutLine: {'line': b'-- Up-to-date symlink: /home/dolphiinn/ros2_ws/install/px4_msgs/include/px4_msgs/px4_msgs/msg/detail/parameter_set_value_request__rosidl_typesupport_fastrtps_c.h\n'}
[3.310126] (px4_msgs) StdoutLine: {'line': b'-- Up-to-date symlink: /home/dolphiinn/ros2_ws/install/px4_msgs/include/px4_msgs/px4_msgs/msg/detail/parameter_set_value_response__rosidl_typesupport_fastrtps_c.h\n'}
[3.310335] (-) TimerEvent: {}
[3.310599] (px4_msgs) StdoutLine: {'line': b'-- Up-to-date symlink: /home/dolphiinn/ros2_ws/install/px4_msgs/include/px4_msgs/px4_msgs/msg/detail/parameter_update__rosidl_typesupport_fastrtps_c.h\n'}
[3.310798] (px4_msgs) StdoutLine: {'line': b'-- Up-to-date symlink: /home/dolphiinn/ros2_ws/install/px4_msgs/include/px4_msgs/px4_msgs/msg/detail/ping__rosidl_typesupport_fastrtps_c.h\n'}
[3.311116] (px4_msgs) StdoutLine: {'line': b'-- Up-to-date symlink: /home/dolphiinn/ros2_ws/install/px4_msgs/include/px4_msgs/px4_msgs/msg/detail/position_controller_landing_status__rosidl_typesupport_fastrtps_c.h\n'}
[3.311366] (px4_msgs) StdoutLine: {'line': b'-- Up-to-date symlink: /home/dolphiinn/ros2_ws/install/px4_msgs/include/px4_msgs/px4_msgs/msg/detail/position_controller_status__rosidl_typesupport_fastrtps_c.h\n'}
[3.311719] (px4_msgs) StdoutLine: {'line': b'-- Up-to-date symlink: /home/dolphiinn/ros2_ws/install/px4_msgs/include/px4_msgs/px4_msgs/msg/detail/position_setpoint__rosidl_typesupport_fastrtps_c.h\n'}
[3.312007] (px4_msgs) StdoutLine: {'line': b'-- Up-to-date symlink: /home/dolphiinn/ros2_ws/install/px4_msgs/include/px4_msgs/px4_msgs/msg/detail/position_setpoint_triplet__rosidl_typesupport_fastrtps_c.h\n'}
[3.312399] (px4_msgs) StdoutLine: {'line': b'-- Up-to-date symlink: /home/dolphiinn/ros2_ws/install/px4_msgs/include/px4_msgs/px4_msgs/msg/detail/power_button_state__rosidl_typesupport_fastrtps_c.h\n'}
[3.313327] (px4_msgs) StdoutLine: {'line': b'-- Up-to-date symlink: /home/dolphiinn/ros2_ws/install/px4_msgs/include/px4_msgs/px4_msgs/msg/detail/power_monitor__rosidl_typesupport_fastrtps_c.h\n'}
[3.313735] (px4_msgs) StdoutLine: {'line': b'-- Up-to-date symlink: /home/dolphiinn/ros2_ws/install/px4_msgs/include/px4_msgs/px4_msgs/msg/detail/pps_capture__rosidl_typesupport_fastrtps_c.h\n'}
[3.314063] (px4_msgs) StdoutLine: {'line': b'-- Up-to-date symlink: /home/dolphiinn/ros2_ws/install/px4_msgs/include/px4_msgs/px4_msgs/msg/detail/pure_pursuit_status__rosidl_typesupport_fastrtps_c.h\n'}
[3.314323] (px4_msgs) StdoutLine: {'line': b'-- Up-to-date symlink: /home/dolphiinn/ros2_ws/install/px4_msgs/include/px4_msgs/px4_msgs/msg/detail/pwm_input__rosidl_typesupport_fastrtps_c.h\n'}
[3.314514] (px4_msgs) StdoutLine: {'line': b'-- Up-to-date symlink: /home/dolphiinn/ros2_ws/install/px4_msgs/include/px4_msgs/px4_msgs/msg/detail/px4io_status__rosidl_typesupport_fastrtps_c.h\n'}
[3.314752] (px4_msgs) StdoutLine: {'line': b'-- Up-to-date symlink: /home/dolphiinn/ros2_ws/install/px4_msgs/include/px4_msgs/px4_msgs/msg/detail/qshell_req__rosidl_typesupport_fastrtps_c.h\n'}
[3.314984] (px4_msgs) StdoutLine: {'line': b'-- Up-to-date symlink: /home/dolphiinn/ros2_ws/install/px4_msgs/include/px4_msgs/px4_msgs/msg/detail/qshell_retval__rosidl_typesupport_fastrtps_c.h\n'}
[3.315380] (px4_msgs) StdoutLine: {'line': b'-- Up-to-date symlink: /home/dolphiinn/ros2_ws/install/px4_msgs/include/px4_msgs/px4_msgs/msg/detail/radio_status__rosidl_typesupport_fastrtps_c.h\n'}
[3.315669] (px4_msgs) StdoutLine: {'line': b'-- Up-to-date symlink: /home/dolphiinn/ros2_ws/install/px4_msgs/include/px4_msgs/px4_msgs/msg/detail/rate_ctrl_status__rosidl_typesupport_fastrtps_c.h\n'}
[3.316339] (px4_msgs) StdoutLine: {'line': b'-- Up-to-date symlink: /home/dolphiinn/ros2_ws/install/px4_msgs/include/px4_msgs/px4_msgs/msg/detail/rc_channels__rosidl_typesupport_fastrtps_c.h\n'}
[3.316450] (px4_msgs) StdoutLine: {'line': b'-- Up-to-date symlink: /home/dolphiinn/ros2_ws/install/px4_msgs/include/px4_msgs/px4_msgs/msg/detail/rc_parameter_map__rosidl_typesupport_fastrtps_c.h\n'}
[3.316757] (px4_msgs) StdoutLine: {'line': b'-- Up-to-date symlink: /home/dolphiinn/ros2_ws/install/px4_msgs/include/px4_msgs/px4_msgs/msg/detail/register_ext_component_reply__rosidl_typesupport_fastrtps_c.h\n'}
[3.317227] (px4_msgs) StdoutLine: {'line': b'-- Up-to-date symlink: /home/dolphiinn/ros2_ws/install/px4_msgs/include/px4_msgs/px4_msgs/msg/detail/register_ext_component_request__rosidl_typesupport_fastrtps_c.h\n'}
[3.317975] (px4_msgs) StdoutLine: {'line': b'-- Up-to-date symlink: /home/dolphiinn/ros2_ws/install/px4_msgs/include/px4_msgs/px4_msgs/msg/detail/rover_attitude_setpoint__rosidl_typesupport_fastrtps_c.h\n'}
[3.318552] (px4_msgs) StdoutLine: {'line': b'-- Up-to-date symlink: /home/dolphiinn/ros2_ws/install/px4_msgs/include/px4_msgs/px4_msgs/msg/detail/rover_attitude_status__rosidl_typesupport_fastrtps_c.h\n'}
[3.318961] (px4_msgs) StdoutLine: {'line': b'-- Up-to-date symlink: /home/dolphiinn/ros2_ws/install/px4_msgs/include/px4_msgs/px4_msgs/msg/detail/rover_position_setpoint__rosidl_typesupport_fastrtps_c.h\n'}
[3.319320] (px4_msgs) StdoutLine: {'line': b'-- Up-to-date symlink: /home/dolphiinn/ros2_ws/install/px4_msgs/include/px4_msgs/px4_msgs/msg/detail/rover_rate_setpoint__rosidl_typesupport_fastrtps_c.h\n'}
[3.319691] (px4_msgs) StdoutLine: {'line': b'-- Up-to-date symlink: /home/dolphiinn/ros2_ws/install/px4_msgs/include/px4_msgs/px4_msgs/msg/detail/rover_rate_status__rosidl_typesupport_fastrtps_c.h\n'}
[3.320053] (px4_msgs) StdoutLine: {'line': b'-- Up-to-date symlink: /home/dolphiinn/ros2_ws/install/px4_msgs/include/px4_msgs/px4_msgs/msg/detail/rover_speed_setpoint__rosidl_typesupport_fastrtps_c.h\n'}
[3.320278] (px4_msgs) StdoutLine: {'line': b'-- Up-to-date symlink: /home/dolphiinn/ros2_ws/install/px4_msgs/include/px4_msgs/px4_msgs/msg/detail/rover_speed_status__rosidl_typesupport_fastrtps_c.h\n'}
[3.320558] (px4_msgs) StdoutLine: {'line': b'-- Up-to-date symlink: /home/dolphiinn/ros2_ws/install/px4_msgs/include/px4_msgs/px4_msgs/msg/detail/rover_steering_setpoint__rosidl_typesupport_fastrtps_c.h\n'}
[3.320945] (px4_msgs) StdoutLine: {'line': b'-- Up-to-date symlink: /home/dolphiinn/ros2_ws/install/px4_msgs/include/px4_msgs/px4_msgs/msg/detail/rover_throttle_setpoint__rosidl_typesupport_fastrtps_c.h\n'}
[3.321299] (px4_msgs) StdoutLine: {'line': b'-- Up-to-date symlink: /home/dolphiinn/ros2_ws/install/px4_msgs/include/px4_msgs/px4_msgs/msg/detail/rpm__rosidl_typesupport_fastrtps_c.h\n'}
[3.321971] (px4_msgs) StdoutLine: {'line': b'-- Up-to-date symlink: /home/dolphiinn/ros2_ws/install/px4_msgs/include/px4_msgs/px4_msgs/msg/detail/rtl_status__rosidl_typesupport_fastrtps_c.h\n'}
[3.322257] (px4_msgs) StdoutLine: {'line': b'-- Up-to-date symlink: /home/dolphiinn/ros2_ws/install/px4_msgs/include/px4_msgs/px4_msgs/msg/detail/rtl_time_estimate__rosidl_typesupport_fastrtps_c.h\n'}
[3.322740] (px4_msgs) StdoutLine: {'line': b'-- Up-to-date symlink: /home/dolphiinn/ros2_ws/install/px4_msgs/include/px4_msgs/px4_msgs/msg/detail/satellite_info__rosidl_typesupport_fastrtps_c.h\n'}
[3.323097] (px4_msgs) StdoutLine: {'line': b'-- Up-to-date symlink: /home/dolphiinn/ros2_ws/install/px4_msgs/include/px4_msgs/px4_msgs/msg/detail/sensor_accel__rosidl_typesupport_fastrtps_c.h\n'}
[3.323458] (px4_msgs) StdoutLine: {'line': b'-- Up-to-date symlink: /home/dolphiinn/ros2_ws/install/px4_msgs/include/px4_msgs/px4_msgs/msg/detail/sensor_accel_fifo__rosidl_typesupport_fastrtps_c.h\n'}
[3.323834] (px4_msgs) StdoutLine: {'line': b'-- Up-to-date symlink: /home/dolphiinn/ros2_ws/install/px4_msgs/include/px4_msgs/px4_msgs/msg/detail/sensor_airflow__rosidl_typesupport_fastrtps_c.h\n'}
[3.324227] (px4_msgs) StdoutLine: {'line': b'-- Up-to-date symlink: /home/dolphiinn/ros2_ws/install/px4_msgs/include/px4_msgs/px4_msgs/msg/detail/sensor_baro__rosidl_typesupport_fastrtps_c.h\n'}
[3.324541] (px4_msgs) StdoutLine: {'line': b'-- Up-to-date symlink: /home/dolphiinn/ros2_ws/install/px4_msgs/include/px4_msgs/px4_msgs/msg/detail/sensor_combined__rosidl_typesupport_fastrtps_c.h\n'}
[3.324930] (px4_msgs) StdoutLine: {'line': b'-- Up-to-date symlink: /home/dolphiinn/ros2_ws/install/px4_msgs/include/px4_msgs/px4_msgs/msg/detail/sensor_correction__rosidl_typesupport_fastrtps_c.h\n'}
[3.325225] (px4_msgs) StdoutLine: {'line': b'-- Up-to-date symlink: /home/dolphiinn/ros2_ws/install/px4_msgs/include/px4_msgs/px4_msgs/msg/detail/sensor_gnss_relative__rosidl_typesupport_fastrtps_c.h\n'}
[3.325623] (px4_msgs) StdoutLine: {'line': b'-- Up-to-date symlink: /home/dolphiinn/ros2_ws/install/px4_msgs/include/px4_msgs/px4_msgs/msg/detail/sensor_gnss_status__rosidl_typesupport_fastrtps_c.h\n'}
[3.326067] (px4_msgs) StdoutLine: {'line': b'-- Up-to-date symlink: /home/dolphiinn/ros2_ws/install/px4_msgs/include/px4_msgs/px4_msgs/msg/detail/sensor_gps__rosidl_typesupport_fastrtps_c.h\n'}
[3.326332] (px4_msgs) StdoutLine: {'line': b'-- Up-to-date symlink: /home/dolphiinn/ros2_ws/install/px4_msgs/include/px4_msgs/px4_msgs/msg/detail/sensor_gyro__rosidl_typesupport_fastrtps_c.h\n'}
[3.326645] (px4_msgs) StdoutLine: {'line': b'-- Up-to-date symlink: /home/dolphiinn/ros2_ws/install/px4_msgs/include/px4_msgs/px4_msgs/msg/detail/sensor_gyro_fft__rosidl_typesupport_fastrtps_c.h\n'}
[3.326948] (px4_msgs) StdoutLine: {'line': b'-- Up-to-date symlink: /home/dolphiinn/ros2_ws/install/px4_msgs/include/px4_msgs/px4_msgs/msg/detail/sensor_gyro_fifo__rosidl_typesupport_fastrtps_c.h\n'}
[3.327124] (px4_msgs) StdoutLine: {'line': b'-- Up-to-date symlink: /home/dolphiinn/ros2_ws/install/px4_msgs/include/px4_msgs/px4_msgs/msg/detail/sensor_hygrometer__rosidl_typesupport_fastrtps_c.h\n'}
[3.327355] (px4_msgs) StdoutLine: {'line': b'-- Up-to-date symlink: /home/dolphiinn/ros2_ws/install/px4_msgs/include/px4_msgs/px4_msgs/msg/detail/sensor_mag__rosidl_typesupport_fastrtps_c.h\n'}
[3.327665] (px4_msgs) StdoutLine: {'line': b'-- Up-to-date symlink: /home/dolphiinn/ros2_ws/install/px4_msgs/include/px4_msgs/px4_msgs/msg/detail/sensor_optical_flow__rosidl_typesupport_fastrtps_c.h\n'}
[3.328197] (px4_msgs) StdoutLine: {'line': b'-- Up-to-date symlink: /home/dolphiinn/ros2_ws/install/px4_msgs/include/px4_msgs/px4_msgs/msg/detail/sensor_preflight_mag__rosidl_typesupport_fastrtps_c.h\n'}
[3.328611] (px4_msgs) StdoutLine: {'line': b'-- Up-to-date symlink: /home/dolphiinn/ros2_ws/install/px4_msgs/include/px4_msgs/px4_msgs/msg/detail/sensor_selection__rosidl_typesupport_fastrtps_c.h\n'}
[3.329084] (px4_msgs) StdoutLine: {'line': b'-- Up-to-date symlink: /home/dolphiinn/ros2_ws/install/px4_msgs/include/px4_msgs/px4_msgs/msg/detail/sensor_uwb__rosidl_typesupport_fastrtps_c.h\n'}
[3.330015] (px4_msgs) StdoutLine: {'line': b'-- Up-to-date symlink: /home/dolphiinn/ros2_ws/install/px4_msgs/include/px4_msgs/px4_msgs/msg/detail/sensors_status__rosidl_typesupport_fastrtps_c.h\n'}
[3.330230] (px4_msgs) StdoutLine: {'line': b'-- Up-to-date symlink: /home/dolphiinn/ros2_ws/install/px4_msgs/include/px4_msgs/px4_msgs/msg/detail/sensors_status_imu__rosidl_typesupport_fastrtps_c.h\n'}
[3.330460] (px4_msgs) StdoutLine: {'line': b'-- Up-to-date symlink: /home/dolphiinn/ros2_ws/install/px4_msgs/include/px4_msgs/px4_msgs/msg/detail/system_power__rosidl_typesupport_fastrtps_c.h\n'}
[3.330804] (px4_msgs) StdoutLine: {'line': b'-- Up-to-date symlink: /home/dolphiinn/ros2_ws/install/px4_msgs/include/px4_msgs/px4_msgs/msg/detail/takeoff_status__rosidl_typesupport_fastrtps_c.h\n'}
[3.331011] (px4_msgs) StdoutLine: {'line': b'-- Up-to-date symlink: /home/dolphiinn/ros2_ws/install/px4_msgs/include/px4_msgs/px4_msgs/msg/detail/task_stack_info__rosidl_typesupport_fastrtps_c.h\n'}
[3.331383] (px4_msgs) StdoutLine: {'line': b'-- Up-to-date symlink: /home/dolphiinn/ros2_ws/install/px4_msgs/include/px4_msgs/px4_msgs/msg/detail/tecs_status__rosidl_typesupport_fastrtps_c.h\n'}
[3.332260] (px4_msgs) StdoutLine: {'line': b'-- Up-to-date symlink: /home/dolphiinn/ros2_ws/install/px4_msgs/include/px4_msgs/px4_msgs/msg/detail/telemetry_status__rosidl_typesupport_fastrtps_c.h\n'}
[3.332454] (px4_msgs) StdoutLine: {'line': b'-- Up-to-date symlink: /home/dolphiinn/ros2_ws/install/px4_msgs/include/px4_msgs/px4_msgs/msg/detail/tiltrotor_extra_controls__rosidl_typesupport_fastrtps_c.h\n'}
[3.332682] (px4_msgs) StdoutLine: {'line': b'-- Up-to-date symlink: /home/dolphiinn/ros2_ws/install/px4_msgs/include/px4_msgs/px4_msgs/msg/detail/timesync_status__rosidl_typesupport_fastrtps_c.h\n'}
[3.333128] (px4_msgs) StdoutLine: {'line': b'-- Up-to-date symlink: /home/dolphiinn/ros2_ws/install/px4_msgs/include/px4_msgs/px4_msgs/msg/detail/trajectory_setpoint6dof__rosidl_typesupport_fastrtps_c.h\n'}
[3.333401] (px4_msgs) StdoutLine: {'line': b'-- Up-to-date symlink: /home/dolphiinn/ros2_ws/install/px4_msgs/include/px4_msgs/px4_msgs/msg/detail/trajectory_setpoint__rosidl_typesupport_fastrtps_c.h\n'}
[3.333625] (px4_msgs) StdoutLine: {'line': b'-- Up-to-date symlink: /home/dolphiinn/ros2_ws/install/px4_msgs/include/px4_msgs/px4_msgs/msg/detail/transponder_report__rosidl_typesupport_fastrtps_c.h\n'}
[3.333833] (px4_msgs) StdoutLine: {'line': b'-- Up-to-date symlink: /home/dolphiinn/ros2_ws/install/px4_msgs/include/px4_msgs/px4_msgs/msg/detail/tune_control__rosidl_typesupport_fastrtps_c.h\n'}
[3.334342] (px4_msgs) StdoutLine: {'line': b'-- Up-to-date symlink: /home/dolphiinn/ros2_ws/install/px4_msgs/include/px4_msgs/px4_msgs/msg/detail/uavcan_parameter_request__rosidl_typesupport_fastrtps_c.h\n'}
[3.335134] (px4_msgs) StdoutLine: {'line': b'-- Up-to-date symlink: /home/dolphiinn/ros2_ws/install/px4_msgs/include/px4_msgs/px4_msgs/msg/detail/uavcan_parameter_value__rosidl_typesupport_fastrtps_c.h\n'}
[3.335607] (px4_msgs) StdoutLine: {'line': b'-- Up-to-date symlink: /home/dolphiinn/ros2_ws/install/px4_msgs/include/px4_msgs/px4_msgs/msg/detail/ulog_stream__rosidl_typesupport_fastrtps_c.h\n'}
[3.336211] (px4_msgs) StdoutLine: {'line': b'-- Up-to-date symlink: /home/dolphiinn/ros2_ws/install/px4_msgs/include/px4_msgs/px4_msgs/msg/detail/ulog_stream_ack__rosidl_typesupport_fastrtps_c.h\n'}
[3.336567] (px4_msgs) StdoutLine: {'line': b'-- Up-to-date symlink: /home/dolphiinn/ros2_ws/install/px4_msgs/include/px4_msgs/px4_msgs/msg/detail/unregister_ext_component__rosidl_typesupport_fastrtps_c.h\n'}
[3.336900] (px4_msgs) StdoutLine: {'line': b'-- Up-to-date symlink: /home/dolphiinn/ros2_ws/install/px4_msgs/include/px4_msgs/px4_msgs/msg/detail/vehicle_acceleration__rosidl_typesupport_fastrtps_c.h\n'}
[3.337349] (px4_msgs) StdoutLine: {'line': b'-- Up-to-date symlink: /home/dolphiinn/ros2_ws/install/px4_msgs/include/px4_msgs/px4_msgs/msg/detail/vehicle_air_data__rosidl_typesupport_fastrtps_c.h\n'}
[3.338046] (px4_msgs) StdoutLine: {'line': b'-- Up-to-date symlink: /home/dolphiinn/ros2_ws/install/px4_msgs/include/px4_msgs/px4_msgs/msg/detail/vehicle_angular_acceleration_setpoint__rosidl_typesupport_fastrtps_c.h\n'}
[3.338587] (px4_msgs) StdoutLine: {'line': b'-- Up-to-date symlink: /home/dolphiinn/ros2_ws/install/px4_msgs/include/px4_msgs/px4_msgs/msg/detail/vehicle_angular_velocity__rosidl_typesupport_fastrtps_c.h\n'}
[3.338966] (px4_msgs) StdoutLine: {'line': b'-- Up-to-date symlink: /home/dolphiinn/ros2_ws/install/px4_msgs/include/px4_msgs/px4_msgs/msg/detail/vehicle_attitude__rosidl_typesupport_fastrtps_c.h\n'}
[3.339370] (px4_msgs) StdoutLine: {'line': b'-- Up-to-date symlink: /home/dolphiinn/ros2_ws/install/px4_msgs/include/px4_msgs/px4_msgs/msg/detail/vehicle_attitude_setpoint__rosidl_typesupport_fastrtps_c.h\n'}
[3.339603] (px4_msgs) StdoutLine: {'line': b'-- Up-to-date symlink: /home/dolphiinn/ros2_ws/install/px4_msgs/include/px4_msgs/px4_msgs/msg/detail/vehicle_command__rosidl_typesupport_fastrtps_c.h\n'}
[3.339937] (px4_msgs) StdoutLine: {'line': b'-- Up-to-date symlink: /home/dolphiinn/ros2_ws/install/px4_msgs/include/px4_msgs/px4_msgs/msg/detail/vehicle_command_ack__rosidl_typesupport_fastrtps_c.h\n'}
[3.340149] (px4_msgs) StdoutLine: {'line': b'-- Up-to-date symlink: /home/dolphiinn/ros2_ws/install/px4_msgs/include/px4_msgs/px4_msgs/msg/detail/vehicle_constraints__rosidl_typesupport_fastrtps_c.h\n'}
[3.340386] (px4_msgs) StdoutLine: {'line': b'-- Up-to-date symlink: /home/dolphiinn/ros2_ws/install/px4_msgs/include/px4_msgs/px4_msgs/msg/detail/vehicle_control_mode__rosidl_typesupport_fastrtps_c.h\n'}
[3.340677] (px4_msgs) StdoutLine: {'line': b'-- Up-to-date symlink: /home/dolphiinn/ros2_ws/install/px4_msgs/include/px4_msgs/px4_msgs/msg/detail/vehicle_global_position__rosidl_typesupport_fastrtps_c.h\n'}
[3.340920] (px4_msgs) StdoutLine: {'line': b'-- Up-to-date symlink: /home/dolphiinn/ros2_ws/install/px4_msgs/include/px4_msgs/px4_msgs/msg/detail/vehicle_imu__rosidl_typesupport_fastrtps_c.h\n'}
[3.341188] (px4_msgs) StdoutLine: {'line': b'-- Up-to-date symlink: /home/dolphiinn/ros2_ws/install/px4_msgs/include/px4_msgs/px4_msgs/msg/detail/vehicle_imu_status__rosidl_typesupport_fastrtps_c.h\n'}
[3.341393] (px4_msgs) StdoutLine: {'line': b'-- Up-to-date symlink: /home/dolphiinn/ros2_ws/install/px4_msgs/include/px4_msgs/px4_msgs/msg/detail/vehicle_land_detected__rosidl_typesupport_fastrtps_c.h\n'}
[3.341926] (px4_msgs) StdoutLine: {'line': b'-- Up-to-date symlink: /home/dolphiinn/ros2_ws/install/px4_msgs/include/px4_msgs/px4_msgs/msg/detail/vehicle_local_position__rosidl_typesupport_fastrtps_c.h\n'}
[3.342356] (px4_msgs) StdoutLine: {'line': b'-- Up-to-date symlink: /home/dolphiinn/ros2_ws/install/px4_msgs/include/px4_msgs/px4_msgs/msg/detail/vehicle_local_position_setpoint__rosidl_typesupport_fastrtps_c.h\n'}
[3.342780] (px4_msgs) StdoutLine: {'line': b'-- Up-to-date symlink: /home/dolphiinn/ros2_ws/install/px4_msgs/include/px4_msgs/px4_msgs/msg/detail/vehicle_magnetometer__rosidl_typesupport_fastrtps_c.h\n'}
[3.343189] (px4_msgs) StdoutLine: {'line': b'-- Up-to-date symlink: /home/dolphiinn/ros2_ws/install/px4_msgs/include/px4_msgs/px4_msgs/msg/detail/vehicle_odometry__rosidl_typesupport_fastrtps_c.h\n'}
[3.343564] (px4_msgs) StdoutLine: {'line': b'-- Up-to-date symlink: /home/dolphiinn/ros2_ws/install/px4_msgs/include/px4_msgs/px4_msgs/msg/detail/vehicle_optical_flow__rosidl_typesupport_fastrtps_c.h\n'}
[3.344009] (px4_msgs) StdoutLine: {'line': b'-- Up-to-date symlink: /home/dolphiinn/ros2_ws/install/px4_msgs/include/px4_msgs/px4_msgs/msg/detail/vehicle_optical_flow_vel__rosidl_typesupport_fastrtps_c.h\n'}
[3.344336] (px4_msgs) StdoutLine: {'line': b'-- Up-to-date symlink: /home/dolphiinn/ros2_ws/install/px4_msgs/include/px4_msgs/px4_msgs/msg/detail/vehicle_rates_setpoint__rosidl_typesupport_fastrtps_c.h\n'}
[3.344617] (px4_msgs) StdoutLine: {'line': b'-- Up-to-date symlink: /home/dolphiinn/ros2_ws/install/px4_msgs/include/px4_msgs/px4_msgs/msg/detail/vehicle_roi__rosidl_typesupport_fastrtps_c.h\n'}
[3.345086] (px4_msgs) StdoutLine: {'line': b'-- Up-to-date symlink: /home/dolphiinn/ros2_ws/install/px4_msgs/include/px4_msgs/px4_msgs/msg/detail/vehicle_status__rosidl_typesupport_fastrtps_c.h\n'}
[3.345334] (px4_msgs) StdoutLine: {'line': b'-- Up-to-date symlink: /home/dolphiinn/ros2_ws/install/px4_msgs/include/px4_msgs/px4_msgs/msg/detail/vehicle_thrust_setpoint__rosidl_typesupport_fastrtps_c.h\n'}
[3.345570] (px4_msgs) StdoutLine: {'line': b'-- Up-to-date symlink: /home/dolphiinn/ros2_ws/install/px4_msgs/include/px4_msgs/px4_msgs/msg/detail/vehicle_torque_setpoint__rosidl_typesupport_fastrtps_c.h\n'}
[3.345927] (px4_msgs) StdoutLine: {'line': b'-- Up-to-date symlink: /home/dolphiinn/ros2_ws/install/px4_msgs/include/px4_msgs/px4_msgs/msg/detail/velocity_limits__rosidl_typesupport_fastrtps_c.h\n'}
[3.346375] (px4_msgs) StdoutLine: {'line': b'-- Up-to-date symlink: /home/dolphiinn/ros2_ws/install/px4_msgs/include/px4_msgs/px4_msgs/msg/detail/vtol_vehicle_status__rosidl_typesupport_fastrtps_c.h\n'}
[3.346846] (px4_msgs) StdoutLine: {'line': b'-- Up-to-date symlink: /home/dolphiinn/ros2_ws/install/px4_msgs/include/px4_msgs/px4_msgs/msg/detail/wheel_encoders__rosidl_typesupport_fastrtps_c.h\n'}
[3.347634] (px4_msgs) StdoutLine: {'line': b'-- Up-to-date symlink: /home/dolphiinn/ros2_ws/install/px4_msgs/include/px4_msgs/px4_msgs/msg/detail/wind__rosidl_typesupport_fastrtps_c.h\n'}
[3.347903] (px4_msgs) StdoutLine: {'line': b'-- Up-to-date symlink: /home/dolphiinn/ros2_ws/install/px4_msgs/include/px4_msgs/px4_msgs/msg/detail/yaw_estimator_status__rosidl_typesupport_fastrtps_c.h\n'}
[3.348146] (px4_msgs) StdoutLine: {'line': b'-- Up-to-date symlink: /home/dolphiinn/ros2_ws/install/px4_msgs/include/px4_msgs/px4_msgs/msg/rosidl_typesupport_fastrtps_c__visibility_control.h\n'}
[3.348285] (px4_msgs) StdoutLine: {'line': b'-- Up-to-date symlink: /home/dolphiinn/ros2_ws/install/px4_msgs/include/px4_msgs/px4_msgs/srv/detail/vehicle_command__rosidl_typesupport_fastrtps_c.h\n'}
[3.365426] (px4_msgs) StdoutLine: {'line': b'-- Up-to-date symlink: /home/dolphiinn/ros2_ws/install/px4_msgs/include/px4_msgs/px4_msgs/msg/action_request.hpp\n'}
[3.365801] (px4_msgs) StdoutLine: {'line': b'-- Up-to-date symlink: /home/dolphiinn/ros2_ws/install/px4_msgs/include/px4_msgs/px4_msgs/msg/actuator_armed.hpp\n'}
[3.366130] (px4_msgs) StdoutLine: {'line': b'-- Up-to-date symlink: /home/dolphiinn/ros2_ws/install/px4_msgs/include/px4_msgs/px4_msgs/msg/actuator_controls_status.hpp\n'}
[3.366369] (px4_msgs) StdoutLine: {'line': b'-- Up-to-date symlink: /home/dolphiinn/ros2_ws/install/px4_msgs/include/px4_msgs/px4_msgs/msg/actuator_motors.hpp\n'}
[3.366774] (px4_msgs) StdoutLine: {'line': b'-- Up-to-date symlink: /home/dolphiinn/ros2_ws/install/px4_msgs/include/px4_msgs/px4_msgs/msg/actuator_outputs.hpp\n'}
[3.367076] (px4_msgs) StdoutLine: {'line': b'-- Up-to-date symlink: /home/dolphiinn/ros2_ws/install/px4_msgs/include/px4_msgs/px4_msgs/msg/actuator_servos.hpp\n'}
[3.367407] (px4_msgs) StdoutLine: {'line': b'-- Up-to-date symlink: /home/dolphiinn/ros2_ws/install/px4_msgs/include/px4_msgs/px4_msgs/msg/actuator_servos_trim.hpp\n'}
[3.367781] (px4_msgs) StdoutLine: {'line': b'-- Up-to-date symlink: /home/dolphiinn/ros2_ws/install/px4_msgs/include/px4_msgs/px4_msgs/msg/actuator_test.hpp\n'}
[3.368108] (px4_msgs) StdoutLine: {'line': b'-- Up-to-date symlink: /home/dolphiinn/ros2_ws/install/px4_msgs/include/px4_msgs/px4_msgs/msg/adc_report.hpp\n'}
[3.368278] (px4_msgs) StdoutLine: {'line': b'-- Up-to-date symlink: /home/dolphiinn/ros2_ws/install/px4_msgs/include/px4_msgs/px4_msgs/msg/airspeed.hpp\n'}
[3.368564] (px4_msgs) StdoutLine: {'line': b'-- Up-to-date symlink: /home/dolphiinn/ros2_ws/install/px4_msgs/include/px4_msgs/px4_msgs/msg/airspeed_validated.hpp\n'}
[3.368871] (px4_msgs) StdoutLine: {'line': b'-- Up-to-date symlink: /home/dolphiinn/ros2_ws/install/px4_msgs/include/px4_msgs/px4_msgs/msg/airspeed_wind.hpp\n'}
[3.369339] (px4_msgs) StdoutLine: {'line': b'-- Up-to-date symlink: /home/dolphiinn/ros2_ws/install/px4_msgs/include/px4_msgs/px4_msgs/msg/arming_check_reply.hpp\n'}
[3.369689] (px4_msgs) StdoutLine: {'line': b'-- Up-to-date symlink: /home/dolphiinn/ros2_ws/install/px4_msgs/include/px4_msgs/px4_msgs/msg/arming_check_request.hpp\n'}
[3.370192] (px4_msgs) StdoutLine: {'line': b'-- Up-to-date symlink: /home/dolphiinn/ros2_ws/install/px4_msgs/include/px4_msgs/px4_msgs/msg/autotune_attitude_control_status.hpp\n'}
[3.370560] (px4_msgs) StdoutLine: {'line': b'-- Up-to-date symlink: /home/dolphiinn/ros2_ws/install/px4_msgs/include/px4_msgs/px4_msgs/msg/battery_info.hpp\n'}
[3.370868] (px4_msgs) StdoutLine: {'line': b'-- Up-to-date symlink: /home/dolphiinn/ros2_ws/install/px4_msgs/include/px4_msgs/px4_msgs/msg/battery_status.hpp\n'}
[3.371109] (px4_msgs) StdoutLine: {'line': b'-- Up-to-date symlink: /home/dolphiinn/ros2_ws/install/px4_msgs/include/px4_msgs/px4_msgs/msg/button_event.hpp\n'}
[3.371376] (px4_msgs) StdoutLine: {'line': b'-- Up-to-date symlink: /home/dolphiinn/ros2_ws/install/px4_msgs/include/px4_msgs/px4_msgs/msg/camera_capture.hpp\n'}
[3.371619] (px4_msgs) StdoutLine: {'line': b'-- Up-to-date symlink: /home/dolphiinn/ros2_ws/install/px4_msgs/include/px4_msgs/px4_msgs/msg/camera_status.hpp\n'}
[3.371815] (px4_msgs) StdoutLine: {'line': b'-- Up-to-date symlink: /home/dolphiinn/ros2_ws/install/px4_msgs/include/px4_msgs/px4_msgs/msg/camera_trigger.hpp\n'}
[3.372024] (px4_msgs) StdoutLine: {'line': b'-- Up-to-date symlink: /home/dolphiinn/ros2_ws/install/px4_msgs/include/px4_msgs/px4_msgs/msg/can_interface_status.hpp\n'}
[3.372323] (px4_msgs) StdoutLine: {'line': b'-- Up-to-date symlink: /home/dolphiinn/ros2_ws/install/px4_msgs/include/px4_msgs/px4_msgs/msg/cellular_status.hpp\n'}
[3.372526] (px4_msgs) StdoutLine: {'line': b'-- Up-to-date symlink: /home/dolphiinn/ros2_ws/install/px4_msgs/include/px4_msgs/px4_msgs/msg/collision_constraints.hpp\n'}
[3.372853] (px4_msgs) StdoutLine: {'line': b'-- Up-to-date symlink: /home/dolphiinn/ros2_ws/install/px4_msgs/include/px4_msgs/px4_msgs/msg/config_overrides.hpp\n'}
[3.373170] (px4_msgs) StdoutLine: {'line': b'-- Up-to-date symlink: /home/dolphiinn/ros2_ws/install/px4_msgs/include/px4_msgs/px4_msgs/msg/control_allocator_status.hpp\n'}
[3.373523] (px4_msgs) StdoutLine: {'line': b'-- Up-to-date symlink: /home/dolphiinn/ros2_ws/install/px4_msgs/include/px4_msgs/px4_msgs/msg/cpuload.hpp\n'}
[3.374005] (px4_msgs) StdoutLine: {'line': b'-- Up-to-date symlink: /home/dolphiinn/ros2_ws/install/px4_msgs/include/px4_msgs/px4_msgs/msg/dataman_request.hpp\n'}
[3.374342] (px4_msgs) StdoutLine: {'line': b'-- Up-to-date symlink: /home/dolphiinn/ros2_ws/install/px4_msgs/include/px4_msgs/px4_msgs/msg/dataman_response.hpp\n'}
[3.374693] (px4_msgs) StdoutLine: {'line': b'-- Up-to-date symlink: /home/dolphiinn/ros2_ws/install/px4_msgs/include/px4_msgs/px4_msgs/msg/debug_array.hpp\n'}
[3.374983] (px4_msgs) StdoutLine: {'line': b'-- Up-to-date symlink: /home/dolphiinn/ros2_ws/install/px4_msgs/include/px4_msgs/px4_msgs/msg/debug_key_value.hpp\n'}
[3.375225] (px4_msgs) StdoutLine: {'line': b'-- Up-to-date symlink: /home/dolphiinn/ros2_ws/install/px4_msgs/include/px4_msgs/px4_msgs/msg/debug_value.hpp\n'}
[3.375443] (px4_msgs) StdoutLine: {'line': b'-- Up-to-date symlink: /home/dolphiinn/ros2_ws/install/px4_msgs/include/px4_msgs/px4_msgs/msg/debug_vect.hpp\n'}
[3.375726] (px4_msgs) StdoutLine: {'line': b'-- Up-to-date symlink: /home/dolphiinn/ros2_ws/install/px4_msgs/include/px4_msgs/px4_msgs/msg/detail/action_request__builder.hpp\n'}
[3.376031] (px4_msgs) StdoutLine: {'line': b'-- Up-to-date symlink: /home/dolphiinn/ros2_ws/install/px4_msgs/include/px4_msgs/px4_msgs/msg/detail/action_request__struct.hpp\n'}
[3.376428] (px4_msgs) StdoutLine: {'line': b'-- Up-to-date symlink: /home/dolphiinn/ros2_ws/install/px4_msgs/include/px4_msgs/px4_msgs/msg/detail/action_request__traits.hpp\n'}
[3.376798] (px4_msgs) StdoutLine: {'line': b'-- Up-to-date symlink: /home/dolphiinn/ros2_ws/install/px4_msgs/include/px4_msgs/px4_msgs/msg/detail/action_request__type_support.hpp\n'}
[3.377140] (px4_msgs) StdoutLine: {'line': b'-- Up-to-date symlink: /home/dolphiinn/ros2_ws/install/px4_msgs/include/px4_msgs/px4_msgs/msg/detail/actuator_armed__builder.hpp\n'}
[3.377605] (px4_msgs) StdoutLine: {'line': b'-- Up-to-date symlink: /home/dolphiinn/ros2_ws/install/px4_msgs/include/px4_msgs/px4_msgs/msg/detail/actuator_armed__struct.hpp\n'}
[3.378016] (px4_msgs) StdoutLine: {'line': b'-- Up-to-date symlink: /home/dolphiinn/ros2_ws/install/px4_msgs/include/px4_msgs/px4_msgs/msg/detail/actuator_armed__traits.hpp\n'}
[3.378521] (px4_msgs) StdoutLine: {'line': b'-- Up-to-date symlink: /home/dolphiinn/ros2_ws/install/px4_msgs/include/px4_msgs/px4_msgs/msg/detail/actuator_armed__type_support.hpp\n'}
[3.378988] (px4_msgs) StdoutLine: {'line': b'-- Up-to-date symlink: /home/dolphiinn/ros2_ws/install/px4_msgs/include/px4_msgs/px4_msgs/msg/detail/actuator_controls_status__builder.hpp\n'}
[3.379333] (px4_msgs) StdoutLine: {'line': b'-- Up-to-date symlink: /home/dolphiinn/ros2_ws/install/px4_msgs/include/px4_msgs/px4_msgs/msg/detail/actuator_controls_status__struct.hpp\n'}
[3.379757] (px4_msgs) StdoutLine: {'line': b'-- Up-to-date symlink: /home/dolphiinn/ros2_ws/install/px4_msgs/include/px4_msgs/px4_msgs/msg/detail/actuator_controls_status__traits.hpp\n'}
[3.380179] (px4_msgs) StdoutLine: {'line': b'-- Up-to-date symlink: /home/dolphiinn/ros2_ws/install/px4_msgs/include/px4_msgs/px4_msgs/msg/detail/actuator_controls_status__type_support.hpp\n'}
[3.380372] (px4_msgs) StdoutLine: {'line': b'-- Up-to-date symlink: /home/dolphiinn/ros2_ws/install/px4_msgs/include/px4_msgs/px4_msgs/msg/detail/actuator_motors__builder.hpp\n'}
[3.380886] (px4_msgs) StdoutLine: {'line': b'-- Up-to-date symlink: /home/dolphiinn/ros2_ws/install/px4_msgs/include/px4_msgs/px4_msgs/msg/detail/actuator_motors__struct.hpp\n'}
[3.381264] (px4_msgs) StdoutLine: {'line': b'-- Up-to-date symlink: /home/dolphiinn/ros2_ws/install/px4_msgs/include/px4_msgs/px4_msgs/msg/detail/actuator_motors__traits.hpp\n'}
[3.381707] (px4_msgs) StdoutLine: {'line': b'-- Up-to-date symlink: /home/dolphiinn/ros2_ws/install/px4_msgs/include/px4_msgs/px4_msgs/msg/detail/actuator_motors__type_support.hpp\n'}
[3.382040] (px4_msgs) StdoutLine: {'line': b'-- Up-to-date symlink: /home/dolphiinn/ros2_ws/install/px4_msgs/include/px4_msgs/px4_msgs/msg/detail/actuator_outputs__builder.hpp\n'}
[3.382611] (px4_msgs) StdoutLine: {'line': b'-- Up-to-date symlink: /home/dolphiinn/ros2_ws/install/px4_msgs/include/px4_msgs/px4_msgs/msg/detail/actuator_outputs__struct.hpp\n'}
[3.382904] (px4_msgs) StdoutLine: {'line': b'-- Up-to-date symlink: /home/dolphiinn/ros2_ws/install/px4_msgs/include/px4_msgs/px4_msgs/msg/detail/actuator_outputs__traits.hpp\n'}
[3.383154] (px4_msgs) StdoutLine: {'line': b'-- Up-to-date symlink: /home/dolphiinn/ros2_ws/install/px4_msgs/include/px4_msgs/px4_msgs/msg/detail/actuator_outputs__type_support.hpp\n'}
[3.383379] (px4_msgs) StdoutLine: {'line': b'-- Up-to-date symlink: /home/dolphiinn/ros2_ws/install/px4_msgs/include/px4_msgs/px4_msgs/msg/detail/actuator_servos__builder.hpp\n'}
[3.383616] (px4_msgs) StdoutLine: {'line': b'-- Up-to-date symlink: /home/dolphiinn/ros2_ws/install/px4_msgs/include/px4_msgs/px4_msgs/msg/detail/actuator_servos__struct.hpp\n'}
[3.383869] (px4_msgs) StdoutLine: {'line': b'-- Up-to-date symlink: /home/dolphiinn/ros2_ws/install/px4_msgs/include/px4_msgs/px4_msgs/msg/detail/actuator_servos__traits.hpp\n'}
[3.384186] (px4_msgs) StdoutLine: {'line': b'-- Up-to-date symlink: /home/dolphiinn/ros2_ws/install/px4_msgs/include/px4_msgs/px4_msgs/msg/detail/actuator_servos__type_support.hpp\n'}
[3.384541] (px4_msgs) StdoutLine: {'line': b'-- Up-to-date symlink: /home/dolphiinn/ros2_ws/install/px4_msgs/include/px4_msgs/px4_msgs/msg/detail/actuator_servos_trim__builder.hpp\n'}
[3.385295] (px4_msgs) StdoutLine: {'line': b'-- Up-to-date symlink: /home/dolphiinn/ros2_ws/install/px4_msgs/include/px4_msgs/px4_msgs/msg/detail/actuator_servos_trim__struct.hpp\n'}
[3.385761] (px4_msgs) StdoutLine: {'line': b'-- Up-to-date symlink: /home/dolphiinn/ros2_ws/install/px4_msgs/include/px4_msgs/px4_msgs/msg/detail/actuator_servos_trim__traits.hpp\n'}
[3.385994] (px4_msgs) StdoutLine: {'line': b'-- Up-to-date symlink: /home/dolphiinn/ros2_ws/install/px4_msgs/include/px4_msgs/px4_msgs/msg/detail/actuator_servos_trim__type_support.hpp\n'}
[3.386294] (px4_msgs) StdoutLine: {'line': b'-- Up-to-date symlink: /home/dolphiinn/ros2_ws/install/px4_msgs/include/px4_msgs/px4_msgs/msg/detail/actuator_test__builder.hpp\n'}
[3.386818] (px4_msgs) StdoutLine: {'line': b'-- Up-to-date symlink: /home/dolphiinn/ros2_ws/install/px4_msgs/include/px4_msgs/px4_msgs/msg/detail/actuator_test__struct.hpp\n'}
[3.387172] (px4_msgs) StdoutLine: {'line': b'-- Up-to-date symlink: /home/dolphiinn/ros2_ws/install/px4_msgs/include/px4_msgs/px4_msgs/msg/detail/actuator_test__traits.hpp\n'}
[3.387321] (px4_msgs) StdoutLine: {'line': b'-- Up-to-date symlink: /home/dolphiinn/ros2_ws/install/px4_msgs/include/px4_msgs/px4_msgs/msg/detail/actuator_test__type_support.hpp\n'}
[3.387519] (px4_msgs) StdoutLine: {'line': b'-- Up-to-date symlink: /home/dolphiinn/ros2_ws/install/px4_msgs/include/px4_msgs/px4_msgs/msg/detail/adc_report__builder.hpp\n'}
[3.387870] (px4_msgs) StdoutLine: {'line': b'-- Up-to-date symlink: /home/dolphiinn/ros2_ws/install/px4_msgs/include/px4_msgs/px4_msgs/msg/detail/adc_report__struct.hpp\n'}
[3.388049] (px4_msgs) StdoutLine: {'line': b'-- Up-to-date symlink: /home/dolphiinn/ros2_ws/install/px4_msgs/include/px4_msgs/px4_msgs/msg/detail/adc_report__traits.hpp\n'}
[3.388290] (px4_msgs) StdoutLine: {'line': b'-- Up-to-date symlink: /home/dolphiinn/ros2_ws/install/px4_msgs/include/px4_msgs/px4_msgs/msg/detail/adc_report__type_support.hpp\n'}
[3.388532] (px4_msgs) StdoutLine: {'line': b'-- Up-to-date symlink: /home/dolphiinn/ros2_ws/install/px4_msgs/include/px4_msgs/px4_msgs/msg/detail/airspeed__builder.hpp\n'}
[3.388818] (px4_msgs) StdoutLine: {'line': b'-- Up-to-date symlink: /home/dolphiinn/ros2_ws/install/px4_msgs/include/px4_msgs/px4_msgs/msg/detail/airspeed__struct.hpp\n'}
[3.389040] (px4_msgs) StdoutLine: {'line': b'-- Up-to-date symlink: /home/dolphiinn/ros2_ws/install/px4_msgs/include/px4_msgs/px4_msgs/msg/detail/airspeed__traits.hpp\n'}
[3.389243] (px4_msgs) StdoutLine: {'line': b'-- Up-to-date symlink: /home/dolphiinn/ros2_ws/install/px4_msgs/include/px4_msgs/px4_msgs/msg/detail/airspeed__type_support.hpp\n'}
[3.389533] (px4_msgs) StdoutLine: {'line': b'-- Up-to-date symlink: /home/dolphiinn/ros2_ws/install/px4_msgs/include/px4_msgs/px4_msgs/msg/detail/airspeed_validated__builder.hpp\n'}
[3.389849] (px4_msgs) StdoutLine: {'line': b'-- Up-to-date symlink: /home/dolphiinn/ros2_ws/install/px4_msgs/include/px4_msgs/px4_msgs/msg/detail/airspeed_validated__struct.hpp\n'}
[3.390249] (px4_msgs) StdoutLine: {'line': b'-- Up-to-date symlink: /home/dolphiinn/ros2_ws/install/px4_msgs/include/px4_msgs/px4_msgs/msg/detail/airspeed_validated__traits.hpp\n'}
[3.390577] (px4_msgs) StdoutLine: {'line': b'-- Up-to-date symlink: /home/dolphiinn/ros2_ws/install/px4_msgs/include/px4_msgs/px4_msgs/msg/detail/airspeed_validated__type_support.hpp\n'}
[3.390830] (px4_msgs) StdoutLine: {'line': b'-- Up-to-date symlink: /home/dolphiinn/ros2_ws/install/px4_msgs/include/px4_msgs/px4_msgs/msg/detail/airspeed_wind__builder.hpp\n'}
[3.391146] (px4_msgs) StdoutLine: {'line': b'-- Up-to-date symlink: /home/dolphiinn/ros2_ws/install/px4_msgs/include/px4_msgs/px4_msgs/msg/detail/airspeed_wind__struct.hpp\n'}
[3.391410] (px4_msgs) StdoutLine: {'line': b'-- Up-to-date symlink: /home/dolphiinn/ros2_ws/install/px4_msgs/include/px4_msgs/px4_msgs/msg/detail/airspeed_wind__traits.hpp\n'}
[3.391697] (px4_msgs) StdoutLine: {'line': b'-- Up-to-date symlink: /home/dolphiinn/ros2_ws/install/px4_msgs/include/px4_msgs/px4_msgs/msg/detail/airspeed_wind__type_support.hpp\n'}
[3.392104] (px4_msgs) StdoutLine: {'line': b'-- Up-to-date symlink: /home/dolphiinn/ros2_ws/install/px4_msgs/include/px4_msgs/px4_msgs/msg/detail/arming_check_reply__builder.hpp\n'}
[3.392447] (px4_msgs) StdoutLine: {'line': b'-- Up-to-date symlink: /home/dolphiinn/ros2_ws/install/px4_msgs/include/px4_msgs/px4_msgs/msg/detail/arming_check_reply__struct.hpp\n'}
[3.392722] (px4_msgs) StdoutLine: {'line': b'-- Up-to-date symlink: /home/dolphiinn/ros2_ws/install/px4_msgs/include/px4_msgs/px4_msgs/msg/detail/arming_check_reply__traits.hpp\n'}
[3.392989] (px4_msgs) StdoutLine: {'line': b'-- Up-to-date symlink: /home/dolphiinn/ros2_ws/install/px4_msgs/include/px4_msgs/px4_msgs/msg/detail/arming_check_reply__type_support.hpp\n'}
[3.393237] (px4_msgs) StdoutLine: {'line': b'-- Up-to-date symlink: /home/dolphiinn/ros2_ws/install/px4_msgs/include/px4_msgs/px4_msgs/msg/detail/arming_check_request__builder.hpp\n'}
[3.393934] (px4_msgs) StdoutLine: {'line': b'-- Up-to-date symlink: /home/dolphiinn/ros2_ws/install/px4_msgs/include/px4_msgs/px4_msgs/msg/detail/arming_check_request__struct.hpp\n'}
[3.394563] (px4_msgs) StdoutLine: {'line': b'-- Up-to-date symlink: /home/dolphiinn/ros2_ws/install/px4_msgs/include/px4_msgs/px4_msgs/msg/detail/arming_check_request__traits.hpp\n'}
[3.394879] (px4_msgs) StdoutLine: {'line': b'-- Up-to-date symlink: /home/dolphiinn/ros2_ws/install/px4_msgs/include/px4_msgs/px4_msgs/msg/detail/arming_check_request__type_support.hpp\n'}
[3.395217] (px4_msgs) StdoutLine: {'line': b'-- Up-to-date symlink: /home/dolphiinn/ros2_ws/install/px4_msgs/include/px4_msgs/px4_msgs/msg/detail/autotune_attitude_control_status__builder.hpp\n'}
[3.395671] (px4_msgs) StdoutLine: {'line': b'-- Up-to-date symlink: /home/dolphiinn/ros2_ws/install/px4_msgs/include/px4_msgs/px4_msgs/msg/detail/autotune_attitude_control_status__struct.hpp\n'}
[3.395905] (px4_msgs) StdoutLine: {'line': b'-- Up-to-date symlink: /home/dolphiinn/ros2_ws/install/px4_msgs/include/px4_msgs/px4_msgs/msg/detail/autotune_attitude_control_status__traits.hpp\n'}
[3.396185] (px4_msgs) StdoutLine: {'line': b'-- Up-to-date symlink: /home/dolphiinn/ros2_ws/install/px4_msgs/include/px4_msgs/px4_msgs/msg/detail/autotune_attitude_control_status__type_support.hpp\n'}
[3.397204] (px4_msgs) StdoutLine: {'line': b'-- Up-to-date symlink: /home/dolphiinn/ros2_ws/install/px4_msgs/include/px4_msgs/px4_msgs/msg/detail/battery_info__builder.hpp\n'}
[3.397569] (px4_msgs) StdoutLine: {'line': b'-- Up-to-date symlink: /home/dolphiinn/ros2_ws/install/px4_msgs/include/px4_msgs/px4_msgs/msg/detail/battery_info__struct.hpp\n'}
[3.397837] (px4_msgs) StdoutLine: {'line': b'-- Up-to-date symlink: /home/dolphiinn/ros2_ws/install/px4_msgs/include/px4_msgs/px4_msgs/msg/detail/battery_info__traits.hpp\n'}
[3.398204] (px4_msgs) StdoutLine: {'line': b'-- Up-to-date symlink: /home/dolphiinn/ros2_ws/install/px4_msgs/include/px4_msgs/px4_msgs/msg/detail/battery_info__type_support.hpp\n'}
[3.398794] (px4_msgs) StdoutLine: {'line': b'-- Up-to-date symlink: /home/dolphiinn/ros2_ws/install/px4_msgs/include/px4_msgs/px4_msgs/msg/detail/battery_status__builder.hpp\n'}
[3.399052] (px4_msgs) StdoutLine: {'line': b'-- Up-to-date symlink: /home/dolphiinn/ros2_ws/install/px4_msgs/include/px4_msgs/px4_msgs/msg/detail/battery_status__struct.hpp\n'}
[3.399265] (px4_msgs) StdoutLine: {'line': b'-- Up-to-date symlink: /home/dolphiinn/ros2_ws/install/px4_msgs/include/px4_msgs/px4_msgs/msg/detail/battery_status__traits.hpp\n'}
[3.399463] (px4_msgs) StdoutLine: {'line': b'-- Up-to-date symlink: /home/dolphiinn/ros2_ws/install/px4_msgs/include/px4_msgs/px4_msgs/msg/detail/battery_status__type_support.hpp\n'}
[3.399814] (px4_msgs) StdoutLine: {'line': b'-- Up-to-date symlink: /home/dolphiinn/ros2_ws/install/px4_msgs/include/px4_msgs/px4_msgs/msg/detail/button_event__builder.hpp\n'}
[3.400194] (px4_msgs) StdoutLine: {'line': b'-- Up-to-date symlink: /home/dolphiinn/ros2_ws/install/px4_msgs/include/px4_msgs/px4_msgs/msg/detail/button_event__struct.hpp\n'}
[3.400540] (px4_msgs) StdoutLine: {'line': b'-- Up-to-date symlink: /home/dolphiinn/ros2_ws/install/px4_msgs/include/px4_msgs/px4_msgs/msg/detail/button_event__traits.hpp\n'}
[3.400981] (px4_msgs) StdoutLine: {'line': b'-- Up-to-date symlink: /home/dolphiinn/ros2_ws/install/px4_msgs/include/px4_msgs/px4_msgs/msg/detail/button_event__type_support.hpp\n'}
[3.401306] (px4_msgs) StdoutLine: {'line': b'-- Up-to-date symlink: /home/dolphiinn/ros2_ws/install/px4_msgs/include/px4_msgs/px4_msgs/msg/detail/camera_capture__builder.hpp\n'}
[3.401566] (px4_msgs) StdoutLine: {'line': b'-- Up-to-date symlink: /home/dolphiinn/ros2_ws/install/px4_msgs/include/px4_msgs/px4_msgs/msg/detail/camera_capture__struct.hpp\n'}
[3.401967] (px4_msgs) StdoutLine: {'line': b'-- Up-to-date symlink: /home/dolphiinn/ros2_ws/install/px4_msgs/include/px4_msgs/px4_msgs/msg/detail/camera_capture__traits.hpp\n'}
[3.402229] (px4_msgs) StdoutLine: {'line': b'-- Up-to-date symlink: /home/dolphiinn/ros2_ws/install/px4_msgs/include/px4_msgs/px4_msgs/msg/detail/camera_capture__type_support.hpp\n'}
[3.402416] (px4_msgs) StdoutLine: {'line': b'-- Up-to-date symlink: /home/dolphiinn/ros2_ws/install/px4_msgs/include/px4_msgs/px4_msgs/msg/detail/camera_status__builder.hpp\n'}
[3.402907] (px4_msgs) StdoutLine: {'line': b'-- Up-to-date symlink: /home/dolphiinn/ros2_ws/install/px4_msgs/include/px4_msgs/px4_msgs/msg/detail/camera_status__struct.hpp\n'}
[3.403331] (px4_msgs) StdoutLine: {'line': b'-- Up-to-date symlink: /home/dolphiinn/ros2_ws/install/px4_msgs/include/px4_msgs/px4_msgs/msg/detail/camera_status__traits.hpp\n'}
[3.404250] (px4_msgs) StdoutLine: {'line': b'-- Up-to-date symlink: /home/dolphiinn/ros2_ws/install/px4_msgs/include/px4_msgs/px4_msgs/msg/detail/camera_status__type_support.hpp\n'}
[3.404524] (px4_msgs) StdoutLine: {'line': b'-- Up-to-date symlink: /home/dolphiinn/ros2_ws/install/px4_msgs/include/px4_msgs/px4_msgs/msg/detail/camera_trigger__builder.hpp\n'}
[3.405119] (px4_msgs) StdoutLine: {'line': b'-- Up-to-date symlink: /home/dolphiinn/ros2_ws/install/px4_msgs/include/px4_msgs/px4_msgs/msg/detail/camera_trigger__struct.hpp\n'}
[3.405446] (px4_msgs) StdoutLine: {'line': b'-- Up-to-date symlink: /home/dolphiinn/ros2_ws/install/px4_msgs/include/px4_msgs/px4_msgs/msg/detail/camera_trigger__traits.hpp\n'}
[3.406072] (px4_msgs) StdoutLine: {'line': b'-- Up-to-date symlink: /home/dolphiinn/ros2_ws/install/px4_msgs/include/px4_msgs/px4_msgs/msg/detail/camera_trigger__type_support.hpp\n'}
[3.406397] (px4_msgs) StdoutLine: {'line': b'-- Up-to-date symlink: /home/dolphiinn/ros2_ws/install/px4_msgs/include/px4_msgs/px4_msgs/msg/detail/can_interface_status__builder.hpp\n'}
[3.406657] (px4_msgs) StdoutLine: {'line': b'-- Up-to-date symlink: /home/dolphiinn/ros2_ws/install/px4_msgs/include/px4_msgs/px4_msgs/msg/detail/can_interface_status__struct.hpp\n'}
[3.406882] (px4_msgs) StdoutLine: {'line': b'-- Up-to-date symlink: /home/dolphiinn/ros2_ws/install/px4_msgs/include/px4_msgs/px4_msgs/msg/detail/can_interface_status__traits.hpp\n'}
[3.407183] (px4_msgs) StdoutLine: {'line': b'-- Up-to-date symlink: /home/dolphiinn/ros2_ws/install/px4_msgs/include/px4_msgs/px4_msgs/msg/detail/can_interface_status__type_support.hpp\n'}
[3.407498] (px4_msgs) StdoutLine: {'line': b'-- Up-to-date symlink: /home/dolphiinn/ros2_ws/install/px4_msgs/include/px4_msgs/px4_msgs/msg/detail/cellular_status__builder.hpp\n'}
[3.407847] (px4_msgs) StdoutLine: {'line': b'-- Up-to-date symlink: /home/dolphiinn/ros2_ws/install/px4_msgs/include/px4_msgs/px4_msgs/msg/detail/cellular_status__struct.hpp\n'}
[3.408044] (px4_msgs) StdoutLine: {'line': b'-- Up-to-date symlink: /home/dolphiinn/ros2_ws/install/px4_msgs/include/px4_msgs/px4_msgs/msg/detail/cellular_status__traits.hpp\n'}
[3.408422] (px4_msgs) StdoutLine: {'line': b'-- Up-to-date symlink: /home/dolphiinn/ros2_ws/install/px4_msgs/include/px4_msgs/px4_msgs/msg/detail/cellular_status__type_support.hpp\n'}
[3.408743] (px4_msgs) StdoutLine: {'line': b'-- Up-to-date symlink: /home/dolphiinn/ros2_ws/install/px4_msgs/include/px4_msgs/px4_msgs/msg/detail/collision_constraints__builder.hpp\n'}
[3.409252] (px4_msgs) StdoutLine: {'line': b'-- Up-to-date symlink: /home/dolphiinn/ros2_ws/install/px4_msgs/include/px4_msgs/px4_msgs/msg/detail/collision_constraints__struct.hpp\n'}
[3.409805] (px4_msgs) StdoutLine: {'line': b'-- Up-to-date symlink: /home/dolphiinn/ros2_ws/install/px4_msgs/include/px4_msgs/px4_msgs/msg/detail/collision_constraints__traits.hpp\n'}
[3.410101] (px4_msgs) StdoutLine: {'line': b'-- Up-to-date symlink: /home/dolphiinn/ros2_ws/install/px4_msgs/include/px4_msgs/px4_msgs/msg/detail/collision_constraints__type_support.hpp\n'}
[3.410422] (px4_msgs) StdoutLine: {'line': b'-- Up-to-date symlink: /home/dolphiinn/ros2_ws/install/px4_msgs/include/px4_msgs/px4_msgs/msg/detail/config_overrides__builder.hpp\n'}
[3.410654] (-) TimerEvent: {}
[3.410964] (px4_msgs) StdoutLine: {'line': b'-- Up-to-date symlink: /home/dolphiinn/ros2_ws/install/px4_msgs/include/px4_msgs/px4_msgs/msg/detail/config_overrides__struct.hpp\n'}
[3.411284] (px4_msgs) StdoutLine: {'line': b'-- Up-to-date symlink: /home/dolphiinn/ros2_ws/install/px4_msgs/include/px4_msgs/px4_msgs/msg/detail/config_overrides__traits.hpp\n'}
[3.411546] (px4_msgs) StdoutLine: {'line': b'-- Up-to-date symlink: /home/dolphiinn/ros2_ws/install/px4_msgs/include/px4_msgs/px4_msgs/msg/detail/config_overrides__type_support.hpp\n'}
[3.411791] (px4_msgs) StdoutLine: {'line': b'-- Up-to-date symlink: /home/dolphiinn/ros2_ws/install/px4_msgs/include/px4_msgs/px4_msgs/msg/detail/control_allocator_status__builder.hpp\n'}
[3.412196] (px4_msgs) StdoutLine: {'line': b'-- Up-to-date symlink: /home/dolphiinn/ros2_ws/install/px4_msgs/include/px4_msgs/px4_msgs/msg/detail/control_allocator_status__struct.hpp\n'}
[3.412620] (px4_msgs) StdoutLine: {'line': b'-- Up-to-date symlink: /home/dolphiinn/ros2_ws/install/px4_msgs/include/px4_msgs/px4_msgs/msg/detail/control_allocator_status__traits.hpp\n'}
[3.413044] (px4_msgs) StdoutLine: {'line': b'-- Up-to-date symlink: /home/dolphiinn/ros2_ws/install/px4_msgs/include/px4_msgs/px4_msgs/msg/detail/control_allocator_status__type_support.hpp\n'}
[3.413384] (px4_msgs) StdoutLine: {'line': b'-- Up-to-date symlink: /home/dolphiinn/ros2_ws/install/px4_msgs/include/px4_msgs/px4_msgs/msg/detail/cpuload__builder.hpp\n'}
[3.413831] (px4_msgs) StdoutLine: {'line': b'-- Up-to-date symlink: /home/dolphiinn/ros2_ws/install/px4_msgs/include/px4_msgs/px4_msgs/msg/detail/cpuload__struct.hpp\n'}
[3.414800] (px4_msgs) StdoutLine: {'line': b'-- Up-to-date symlink: /home/dolphiinn/ros2_ws/install/px4_msgs/include/px4_msgs/px4_msgs/msg/detail/cpuload__traits.hpp\n'}
[3.414979] (px4_msgs) StdoutLine: {'line': b'-- Up-to-date symlink: /home/dolphiinn/ros2_ws/install/px4_msgs/include/px4_msgs/px4_msgs/msg/detail/cpuload__type_support.hpp\n'}
[3.415143] (px4_msgs) StdoutLine: {'line': b'-- Up-to-date symlink: /home/dolphiinn/ros2_ws/install/px4_msgs/include/px4_msgs/px4_msgs/msg/detail/dataman_request__builder.hpp\n'}
[3.416109] (px4_msgs) StdoutLine: {'line': b'-- Up-to-date symlink: /home/dolphiinn/ros2_ws/install/px4_msgs/include/px4_msgs/px4_msgs/msg/detail/dataman_request__struct.hpp\n'}
[3.416256] (px4_msgs) StdoutLine: {'line': b'-- Up-to-date symlink: /home/dolphiinn/ros2_ws/install/px4_msgs/include/px4_msgs/px4_msgs/msg/detail/dataman_request__traits.hpp\n'}
[3.416383] (px4_msgs) StdoutLine: {'line': b'-- Up-to-date symlink: /home/dolphiinn/ros2_ws/install/px4_msgs/include/px4_msgs/px4_msgs/msg/detail/dataman_request__type_support.hpp\n'}
[3.416597] (px4_msgs) StdoutLine: {'line': b'-- Up-to-date symlink: /home/dolphiinn/ros2_ws/install/px4_msgs/include/px4_msgs/px4_msgs/msg/detail/dataman_response__builder.hpp\n'}
[3.416925] (px4_msgs) StdoutLine: {'line': b'-- Up-to-date symlink: /home/dolphiinn/ros2_ws/install/px4_msgs/include/px4_msgs/px4_msgs/msg/detail/dataman_response__struct.hpp\n'}
[3.417364] (px4_msgs) StdoutLine: {'line': b'-- Up-to-date symlink: /home/dolphiinn/ros2_ws/install/px4_msgs/include/px4_msgs/px4_msgs/msg/detail/dataman_response__traits.hpp\n'}
[3.418572] (px4_msgs) StdoutLine: {'line': b'-- Up-to-date symlink: /home/dolphiinn/ros2_ws/install/px4_msgs/include/px4_msgs/px4_msgs/msg/detail/dataman_response__type_support.hpp\n'}
[3.418880] (px4_msgs) StdoutLine: {'line': b'-- Up-to-date symlink: /home/dolphiinn/ros2_ws/install/px4_msgs/include/px4_msgs/px4_msgs/msg/detail/debug_array__builder.hpp\n'}
[3.419013] (px4_msgs) StdoutLine: {'line': b'-- Up-to-date symlink: /home/dolphiinn/ros2_ws/install/px4_msgs/include/px4_msgs/px4_msgs/msg/detail/debug_array__struct.hpp\n'}
[3.419192] (px4_msgs) StdoutLine: {'line': b'-- Up-to-date symlink: /home/dolphiinn/ros2_ws/install/px4_msgs/include/px4_msgs/px4_msgs/msg/detail/debug_array__traits.hpp\n'}
[3.419542] (px4_msgs) StdoutLine: {'line': b'-- Up-to-date symlink: /home/dolphiinn/ros2_ws/install/px4_msgs/include/px4_msgs/px4_msgs/msg/detail/debug_array__type_support.hpp\n'}
[3.419880] (px4_msgs) StdoutLine: {'line': b'-- Up-to-date symlink: /home/dolphiinn/ros2_ws/install/px4_msgs/include/px4_msgs/px4_msgs/msg/detail/debug_key_value__builder.hpp\n'}
[3.420151] (px4_msgs) StdoutLine: {'line': b'-- Up-to-date symlink: /home/dolphiinn/ros2_ws/install/px4_msgs/include/px4_msgs/px4_msgs/msg/detail/debug_key_value__struct.hpp\n'}
[3.420416] (px4_msgs) StdoutLine: {'line': b'-- Up-to-date symlink: /home/dolphiinn/ros2_ws/install/px4_msgs/include/px4_msgs/px4_msgs/msg/detail/debug_key_value__traits.hpp\n'}
[3.420751] (px4_msgs) StdoutLine: {'line': b'-- Up-to-date symlink: /home/dolphiinn/ros2_ws/install/px4_msgs/include/px4_msgs/px4_msgs/msg/detail/debug_key_value__type_support.hpp\n'}
[3.421274] (px4_msgs) StdoutLine: {'line': b'-- Up-to-date symlink: /home/dolphiinn/ros2_ws/install/px4_msgs/include/px4_msgs/px4_msgs/msg/detail/debug_value__builder.hpp\n'}
[3.421892] (px4_msgs) StdoutLine: {'line': b'-- Up-to-date symlink: /home/dolphiinn/ros2_ws/install/px4_msgs/include/px4_msgs/px4_msgs/msg/detail/debug_value__struct.hpp\n'}
[3.422319] (px4_msgs) StdoutLine: {'line': b'-- Up-to-date symlink: /home/dolphiinn/ros2_ws/install/px4_msgs/include/px4_msgs/px4_msgs/msg/detail/debug_value__traits.hpp\n'}
[3.422757] (px4_msgs) StdoutLine: {'line': b'-- Up-to-date symlink: /home/dolphiinn/ros2_ws/install/px4_msgs/include/px4_msgs/px4_msgs/msg/detail/debug_value__type_support.hpp\n'}
[3.423145] (px4_msgs) StdoutLine: {'line': b'-- Up-to-date symlink: /home/dolphiinn/ros2_ws/install/px4_msgs/include/px4_msgs/px4_msgs/msg/detail/debug_vect__builder.hpp\n'}
[3.423390] (px4_msgs) StdoutLine: {'line': b'-- Up-to-date symlink: /home/dolphiinn/ros2_ws/install/px4_msgs/include/px4_msgs/px4_msgs/msg/detail/debug_vect__struct.hpp\n'}
[3.423628] (px4_msgs) StdoutLine: {'line': b'-- Up-to-date symlink: /home/dolphiinn/ros2_ws/install/px4_msgs/include/px4_msgs/px4_msgs/msg/detail/debug_vect__traits.hpp\n'}
[3.423879] (px4_msgs) StdoutLine: {'line': b'-- Up-to-date symlink: /home/dolphiinn/ros2_ws/install/px4_msgs/include/px4_msgs/px4_msgs/msg/detail/debug_vect__type_support.hpp\n'}
[3.424115] (px4_msgs) StdoutLine: {'line': b'-- Up-to-date symlink: /home/dolphiinn/ros2_ws/install/px4_msgs/include/px4_msgs/px4_msgs/msg/detail/differential_pressure__builder.hpp\n'}
[3.424423] (px4_msgs) StdoutLine: {'line': b'-- Up-to-date symlink: /home/dolphiinn/ros2_ws/install/px4_msgs/include/px4_msgs/px4_msgs/msg/detail/differential_pressure__struct.hpp\n'}
[3.424686] (px4_msgs) StdoutLine: {'line': b'-- Up-to-date symlink: /home/dolphiinn/ros2_ws/install/px4_msgs/include/px4_msgs/px4_msgs/msg/detail/differential_pressure__traits.hpp\n'}
[3.425062] (px4_msgs) StdoutLine: {'line': b'-- Up-to-date symlink: /home/dolphiinn/ros2_ws/install/px4_msgs/include/px4_msgs/px4_msgs/msg/detail/differential_pressure__type_support.hpp\n'}
[3.425363] (px4_msgs) StdoutLine: {'line': b'-- Up-to-date symlink: /home/dolphiinn/ros2_ws/install/px4_msgs/include/px4_msgs/px4_msgs/msg/detail/distance_sensor__builder.hpp\n'}
[3.425701] (px4_msgs) StdoutLine: {'line': b'-- Up-to-date symlink: /home/dolphiinn/ros2_ws/install/px4_msgs/include/px4_msgs/px4_msgs/msg/detail/distance_sensor__struct.hpp\n'}
[3.426088] (px4_msgs) StdoutLine: {'line': b'-- Up-to-date symlink: /home/dolphiinn/ros2_ws/install/px4_msgs/include/px4_msgs/px4_msgs/msg/detail/distance_sensor__traits.hpp\n'}
[3.426483] (px4_msgs) StdoutLine: {'line': b'-- Up-to-date symlink: /home/dolphiinn/ros2_ws/install/px4_msgs/include/px4_msgs/px4_msgs/msg/detail/distance_sensor__type_support.hpp\n'}
[3.426908] (px4_msgs) StdoutLine: {'line': b'-- Up-to-date symlink: /home/dolphiinn/ros2_ws/install/px4_msgs/include/px4_msgs/px4_msgs/msg/detail/distance_sensor_mode_change_request__builder.hpp\n'}
[3.427347] (px4_msgs) StdoutLine: {'line': b'-- Up-to-date symlink: /home/dolphiinn/ros2_ws/install/px4_msgs/include/px4_msgs/px4_msgs/msg/detail/distance_sensor_mode_change_request__struct.hpp\n'}
[3.427636] (px4_msgs) StdoutLine: {'line': b'-- Up-to-date symlink: /home/dolphiinn/ros2_ws/install/px4_msgs/include/px4_msgs/px4_msgs/msg/detail/distance_sensor_mode_change_request__traits.hpp\n'}
[3.427936] (px4_msgs) StdoutLine: {'line': b'-- Up-to-date symlink: /home/dolphiinn/ros2_ws/install/px4_msgs/include/px4_msgs/px4_msgs/msg/detail/distance_sensor_mode_change_request__type_support.hpp\n'}
[3.428221] (px4_msgs) StdoutLine: {'line': b'-- Up-to-date symlink: /home/dolphiinn/ros2_ws/install/px4_msgs/include/px4_msgs/px4_msgs/msg/detail/dronecan_node_status__builder.hpp\n'}
[3.428656] (px4_msgs) StdoutLine: {'line': b'-- Up-to-date symlink: /home/dolphiinn/ros2_ws/install/px4_msgs/include/px4_msgs/px4_msgs/msg/detail/dronecan_node_status__struct.hpp\n'}
[3.429093] (px4_msgs) StdoutLine: {'line': b'-- Up-to-date symlink: /home/dolphiinn/ros2_ws/install/px4_msgs/include/px4_msgs/px4_msgs/msg/detail/dronecan_node_status__traits.hpp\n'}
[3.429369] (px4_msgs) StdoutLine: {'line': b'-- Up-to-date symlink: /home/dolphiinn/ros2_ws/install/px4_msgs/include/px4_msgs/px4_msgs/msg/detail/dronecan_node_status__type_support.hpp\n'}
[3.430120] (px4_msgs) StdoutLine: {'line': b'-- Up-to-date symlink: /home/dolphiinn/ros2_ws/install/px4_msgs/include/px4_msgs/px4_msgs/msg/detail/ekf2_timestamps__builder.hpp\n'}
[3.430352] (px4_msgs) StdoutLine: {'line': b'-- Up-to-date symlink: /home/dolphiinn/ros2_ws/install/px4_msgs/include/px4_msgs/px4_msgs/msg/detail/ekf2_timestamps__struct.hpp\n'}
[3.430589] (px4_msgs) StdoutLine: {'line': b'-- Up-to-date symlink: /home/dolphiinn/ros2_ws/install/px4_msgs/include/px4_msgs/px4_msgs/msg/detail/ekf2_timestamps__traits.hpp\n'}
[3.430891] (px4_msgs) StdoutLine: {'line': b'-- Up-to-date symlink: /home/dolphiinn/ros2_ws/install/px4_msgs/include/px4_msgs/px4_msgs/msg/detail/ekf2_timestamps__type_support.hpp\n'}
[3.431239] (px4_msgs) StdoutLine: {'line': b'-- Up-to-date symlink: /home/dolphiinn/ros2_ws/install/px4_msgs/include/px4_msgs/px4_msgs/msg/detail/esc_report__builder.hpp\n'}
[3.431698] (px4_msgs) StdoutLine: {'line': b'-- Up-to-date symlink: /home/dolphiinn/ros2_ws/install/px4_msgs/include/px4_msgs/px4_msgs/msg/detail/esc_report__struct.hpp\n'}
[3.432587] (px4_msgs) StdoutLine: {'line': b'-- Up-to-date symlink: /home/dolphiinn/ros2_ws/install/px4_msgs/include/px4_msgs/px4_msgs/msg/detail/esc_report__traits.hpp\n'}
[3.432858] (px4_msgs) StdoutLine: {'line': b'-- Up-to-date symlink: /home/dolphiinn/ros2_ws/install/px4_msgs/include/px4_msgs/px4_msgs/msg/detail/esc_report__type_support.hpp\n'}
[3.433155] (px4_msgs) StdoutLine: {'line': b'-- Up-to-date symlink: /home/dolphiinn/ros2_ws/install/px4_msgs/include/px4_msgs/px4_msgs/msg/detail/esc_status__builder.hpp\n'}
[3.433494] (px4_msgs) StdoutLine: {'line': b'-- Up-to-date symlink: /home/dolphiinn/ros2_ws/install/px4_msgs/include/px4_msgs/px4_msgs/msg/detail/esc_status__struct.hpp\n'}
[3.433901] (px4_msgs) StdoutLine: {'line': b'-- Up-to-date symlink: /home/dolphiinn/ros2_ws/install/px4_msgs/include/px4_msgs/px4_msgs/msg/detail/esc_status__traits.hpp\n'}
[3.434463] (px4_msgs) StdoutLine: {'line': b'-- Up-to-date symlink: /home/dolphiinn/ros2_ws/install/px4_msgs/include/px4_msgs/px4_msgs/msg/detail/esc_status__type_support.hpp\n'}
[3.434956] (px4_msgs) StdoutLine: {'line': b'-- Up-to-date symlink: /home/dolphiinn/ros2_ws/install/px4_msgs/include/px4_msgs/px4_msgs/msg/detail/estimator_aid_source1d__builder.hpp\n'}
[3.435668] (px4_msgs) StdoutLine: {'line': b'-- Up-to-date symlink: /home/dolphiinn/ros2_ws/install/px4_msgs/include/px4_msgs/px4_msgs/msg/detail/estimator_aid_source1d__struct.hpp\n'}
[3.435916] (px4_msgs) StdoutLine: {'line': b'-- Up-to-date symlink: /home/dolphiinn/ros2_ws/install/px4_msgs/include/px4_msgs/px4_msgs/msg/detail/estimator_aid_source1d__traits.hpp\n'}
[3.436124] (px4_msgs) StdoutLine: {'line': b'-- Up-to-date symlink: /home/dolphiinn/ros2_ws/install/px4_msgs/include/px4_msgs/px4_msgs/msg/detail/estimator_aid_source1d__type_support.hpp\n'}
[3.436459] (px4_msgs) StdoutLine: {'line': b'-- Up-to-date symlink: /home/dolphiinn/ros2_ws/install/px4_msgs/include/px4_msgs/px4_msgs/msg/detail/estimator_aid_source2d__builder.hpp\n'}
[3.436857] (px4_msgs) StdoutLine: {'line': b'-- Up-to-date symlink: /home/dolphiinn/ros2_ws/install/px4_msgs/include/px4_msgs/px4_msgs/msg/detail/estimator_aid_source2d__struct.hpp\n'}
[3.437394] (px4_msgs) StdoutLine: {'line': b'-- Up-to-date symlink: /home/dolphiinn/ros2_ws/install/px4_msgs/include/px4_msgs/px4_msgs/msg/detail/estimator_aid_source2d__traits.hpp\n'}
[3.438710] (px4_msgs) StdoutLine: {'line': b'-- Up-to-date symlink: /home/dolphiinn/ros2_ws/install/px4_msgs/include/px4_msgs/px4_msgs/msg/detail/estimator_aid_source2d__type_support.hpp\n'}
[3.439195] (px4_msgs) StdoutLine: {'line': b'-- Up-to-date symlink: /home/dolphiinn/ros2_ws/install/px4_msgs/include/px4_msgs/px4_msgs/msg/detail/estimator_aid_source3d__builder.hpp\n'}
[3.440036] (px4_msgs) StdoutLine: {'line': b'-- Up-to-date symlink: /home/dolphiinn/ros2_ws/install/px4_msgs/include/px4_msgs/px4_msgs/msg/detail/estimator_aid_source3d__struct.hpp\n'}
[3.440261] (px4_msgs) StdoutLine: {'line': b'-- Up-to-date symlink: /home/dolphiinn/ros2_ws/install/px4_msgs/include/px4_msgs/px4_msgs/msg/detail/estimator_aid_source3d__traits.hpp\n'}
[3.440605] (px4_msgs) StdoutLine: {'line': b'-- Up-to-date symlink: /home/dolphiinn/ros2_ws/install/px4_msgs/include/px4_msgs/px4_msgs/msg/detail/estimator_aid_source3d__type_support.hpp\n'}
[3.441065] (px4_msgs) StdoutLine: {'line': b'-- Up-to-date symlink: /home/dolphiinn/ros2_ws/install/px4_msgs/include/px4_msgs/px4_msgs/msg/detail/estimator_bias3d__builder.hpp\n'}
[3.441442] (px4_msgs) StdoutLine: {'line': b'-- Up-to-date symlink: /home/dolphiinn/ros2_ws/install/px4_msgs/include/px4_msgs/px4_msgs/msg/detail/estimator_bias3d__struct.hpp\n'}
[3.442139] (px4_msgs) StdoutLine: {'line': b'-- Up-to-date symlink: /home/dolphiinn/ros2_ws/install/px4_msgs/include/px4_msgs/px4_msgs/msg/detail/estimator_bias3d__traits.hpp\n'}
[3.442511] (px4_msgs) StdoutLine: {'line': b'-- Up-to-date symlink: /home/dolphiinn/ros2_ws/install/px4_msgs/include/px4_msgs/px4_msgs/msg/detail/estimator_bias3d__type_support.hpp\n'}
[3.442857] (px4_msgs) StdoutLine: {'line': b'-- Up-to-date symlink: /home/dolphiinn/ros2_ws/install/px4_msgs/include/px4_msgs/px4_msgs/msg/detail/estimator_bias__builder.hpp\n'}
[3.443294] (px4_msgs) StdoutLine: {'line': b'-- Up-to-date symlink: /home/dolphiinn/ros2_ws/install/px4_msgs/include/px4_msgs/px4_msgs/msg/detail/estimator_bias__struct.hpp\n'}
[3.443610] (px4_msgs) StdoutLine: {'line': b'-- Up-to-date symlink: /home/dolphiinn/ros2_ws/install/px4_msgs/include/px4_msgs/px4_msgs/msg/detail/estimator_bias__traits.hpp\n'}
[3.443858] (px4_msgs) StdoutLine: {'line': b'-- Up-to-date symlink: /home/dolphiinn/ros2_ws/install/px4_msgs/include/px4_msgs/px4_msgs/msg/detail/estimator_bias__type_support.hpp\n'}
[3.444039] (px4_msgs) StdoutLine: {'line': b'-- Up-to-date symlink: /home/dolphiinn/ros2_ws/install/px4_msgs/include/px4_msgs/px4_msgs/msg/detail/estimator_event_flags__builder.hpp\n'}
[3.444239] (px4_msgs) StdoutLine: {'line': b'-- Up-to-date symlink: /home/dolphiinn/ros2_ws/install/px4_msgs/include/px4_msgs/px4_msgs/msg/detail/estimator_event_flags__struct.hpp\n'}
[3.444548] (px4_msgs) StdoutLine: {'line': b'-- Up-to-date symlink: /home/dolphiinn/ros2_ws/install/px4_msgs/include/px4_msgs/px4_msgs/msg/detail/estimator_event_flags__traits.hpp\n'}
[3.444990] (px4_msgs) StdoutLine: {'line': b'-- Up-to-date symlink: /home/dolphiinn/ros2_ws/install/px4_msgs/include/px4_msgs/px4_msgs/msg/detail/estimator_event_flags__type_support.hpp\n'}
[3.445598] (px4_msgs) StdoutLine: {'line': b'-- Up-to-date symlink: /home/dolphiinn/ros2_ws/install/px4_msgs/include/px4_msgs/px4_msgs/msg/detail/estimator_gps_status__builder.hpp\n'}
[3.446415] (px4_msgs) StdoutLine: {'line': b'-- Up-to-date symlink: /home/dolphiinn/ros2_ws/install/px4_msgs/include/px4_msgs/px4_msgs/msg/detail/estimator_gps_status__struct.hpp\n'}
[3.446657] (px4_msgs) StdoutLine: {'line': b'-- Up-to-date symlink: /home/dolphiinn/ros2_ws/install/px4_msgs/include/px4_msgs/px4_msgs/msg/detail/estimator_gps_status__traits.hpp\n'}
[3.446822] (px4_msgs) StdoutLine: {'line': b'-- Up-to-date symlink: /home/dolphiinn/ros2_ws/install/px4_msgs/include/px4_msgs/px4_msgs/msg/detail/estimator_gps_status__type_support.hpp\n'}
[3.447017] (px4_msgs) StdoutLine: {'line': b'-- Up-to-date symlink: /home/dolphiinn/ros2_ws/install/px4_msgs/include/px4_msgs/px4_msgs/msg/detail/estimator_innovations__builder.hpp\n'}
[3.447350] (px4_msgs) StdoutLine: {'line': b'-- Up-to-date symlink: /home/dolphiinn/ros2_ws/install/px4_msgs/include/px4_msgs/px4_msgs/msg/detail/estimator_innovations__struct.hpp\n'}
[3.447652] (px4_msgs) StdoutLine: {'line': b'-- Up-to-date symlink: /home/dolphiinn/ros2_ws/install/px4_msgs/include/px4_msgs/px4_msgs/msg/detail/estimator_innovations__traits.hpp\n'}
[3.447979] (px4_msgs) StdoutLine: {'line': b'-- Up-to-date symlink: /home/dolphiinn/ros2_ws/install/px4_msgs/include/px4_msgs/px4_msgs/msg/detail/estimator_innovations__type_support.hpp\n'}
[3.448317] (px4_msgs) StdoutLine: {'line': b'-- Up-to-date symlink: /home/dolphiinn/ros2_ws/install/px4_msgs/include/px4_msgs/px4_msgs/msg/detail/estimator_selector_status__builder.hpp\n'}
[3.448691] (px4_msgs) StdoutLine: {'line': b'-- Up-to-date symlink: /home/dolphiinn/ros2_ws/install/px4_msgs/include/px4_msgs/px4_msgs/msg/detail/estimator_selector_status__struct.hpp\n'}
[3.449762] (px4_msgs) StdoutLine: {'line': b'-- Up-to-date symlink: /home/dolphiinn/ros2_ws/install/px4_msgs/include/px4_msgs/px4_msgs/msg/detail/estimator_selector_status__traits.hpp\n'}
[3.450246] (px4_msgs) StdoutLine: {'line': b'-- Up-to-date symlink: /home/dolphiinn/ros2_ws/install/px4_msgs/include/px4_msgs/px4_msgs/msg/detail/estimator_selector_status__type_support.hpp\n'}
[3.450723] (px4_msgs) StdoutLine: {'line': b'-- Up-to-date symlink: /home/dolphiinn/ros2_ws/install/px4_msgs/include/px4_msgs/px4_msgs/msg/detail/estimator_sensor_bias__builder.hpp\n'}
[3.452086] (px4_msgs) StdoutLine: {'line': b'-- Up-to-date symlink: /home/dolphiinn/ros2_ws/install/px4_msgs/include/px4_msgs/px4_msgs/msg/detail/estimator_sensor_bias__struct.hpp\n'}
[3.452278] (px4_msgs) StdoutLine: {'line': b'-- Up-to-date symlink: /home/dolphiinn/ros2_ws/install/px4_msgs/include/px4_msgs/px4_msgs/msg/detail/estimator_sensor_bias__traits.hpp\n'}
[3.452404] (px4_msgs) StdoutLine: {'line': b'-- Up-to-date symlink: /home/dolphiinn/ros2_ws/install/px4_msgs/include/px4_msgs/px4_msgs/msg/detail/estimator_sensor_bias__type_support.hpp\n'}
[3.452602] (px4_msgs) StdoutLine: {'line': b'-- Up-to-date symlink: /home/dolphiinn/ros2_ws/install/px4_msgs/include/px4_msgs/px4_msgs/msg/detail/estimator_states__builder.hpp\n'}
[3.452779] (px4_msgs) StdoutLine: {'line': b'-- Up-to-date symlink: /home/dolphiinn/ros2_ws/install/px4_msgs/include/px4_msgs/px4_msgs/msg/detail/estimator_states__struct.hpp\n'}
[3.452898] (px4_msgs) StdoutLine: {'line': b'-- Up-to-date symlink: /home/dolphiinn/ros2_ws/install/px4_msgs/include/px4_msgs/px4_msgs/msg/detail/estimator_states__traits.hpp\n'}
[3.453200] (px4_msgs) StdoutLine: {'line': b'-- Up-to-date symlink: /home/dolphiinn/ros2_ws/install/px4_msgs/include/px4_msgs/px4_msgs/msg/detail/estimator_states__type_support.hpp\n'}
[3.453575] (px4_msgs) StdoutLine: {'line': b'-- Up-to-date symlink: /home/dolphiinn/ros2_ws/install/px4_msgs/include/px4_msgs/px4_msgs/msg/detail/estimator_status__builder.hpp\n'}
[3.454810] (px4_msgs) StdoutLine: {'line': b'-- Up-to-date symlink: /home/dolphiinn/ros2_ws/install/px4_msgs/include/px4_msgs/px4_msgs/msg/detail/estimator_status__struct.hpp\n'}
[3.455101] (px4_msgs) StdoutLine: {'line': b'-- Up-to-date symlink: /home/dolphiinn/ros2_ws/install/px4_msgs/include/px4_msgs/px4_msgs/msg/detail/estimator_status__traits.hpp\n'}
[3.455430] (px4_msgs) StdoutLine: {'line': b'-- Up-to-date symlink: /home/dolphiinn/ros2_ws/install/px4_msgs/include/px4_msgs/px4_msgs/msg/detail/estimator_status__type_support.hpp\n'}
[3.455631] (px4_msgs) StdoutLine: {'line': b'-- Up-to-date symlink: /home/dolphiinn/ros2_ws/install/px4_msgs/include/px4_msgs/px4_msgs/msg/detail/estimator_status_flags__builder.hpp\n'}
[3.455892] (px4_msgs) StdoutLine: {'line': b'-- Up-to-date symlink: /home/dolphiinn/ros2_ws/install/px4_msgs/include/px4_msgs/px4_msgs/msg/detail/estimator_status_flags__struct.hpp\n'}
[3.456109] (px4_msgs) StdoutLine: {'line': b'-- Up-to-date symlink: /home/dolphiinn/ros2_ws/install/px4_msgs/include/px4_msgs/px4_msgs/msg/detail/estimator_status_flags__traits.hpp\n'}
[3.456394] (px4_msgs) StdoutLine: {'line': b'-- Up-to-date symlink: /home/dolphiinn/ros2_ws/install/px4_msgs/include/px4_msgs/px4_msgs/msg/detail/estimator_status_flags__type_support.hpp\n'}
[3.456674] (px4_msgs) StdoutLine: {'line': b'-- Up-to-date symlink: /home/dolphiinn/ros2_ws/install/px4_msgs/include/px4_msgs/px4_msgs/msg/detail/event__builder.hpp\n'}
[3.456895] (px4_msgs) StdoutLine: {'line': b'-- Up-to-date symlink: /home/dolphiinn/ros2_ws/install/px4_msgs/include/px4_msgs/px4_msgs/msg/detail/event__struct.hpp\n'}
[3.457216] (px4_msgs) StdoutLine: {'line': b'-- Up-to-date symlink: /home/dolphiinn/ros2_ws/install/px4_msgs/include/px4_msgs/px4_msgs/msg/detail/event__traits.hpp\n'}
[3.457675] (px4_msgs) StdoutLine: {'line': b'-- Up-to-date symlink: /home/dolphiinn/ros2_ws/install/px4_msgs/include/px4_msgs/px4_msgs/msg/detail/event__type_support.hpp\n'}
[3.458042] (px4_msgs) StdoutLine: {'line': b'-- Up-to-date symlink: /home/dolphiinn/ros2_ws/install/px4_msgs/include/px4_msgs/px4_msgs/msg/detail/failsafe_flags__builder.hpp\n'}
[3.458525] (px4_msgs) StdoutLine: {'line': b'-- Up-to-date symlink: /home/dolphiinn/ros2_ws/install/px4_msgs/include/px4_msgs/px4_msgs/msg/detail/failsafe_flags__struct.hpp\n'}
[3.459014] (px4_msgs) StdoutLine: {'line': b'-- Up-to-date symlink: /home/dolphiinn/ros2_ws/install/px4_msgs/include/px4_msgs/px4_msgs/msg/detail/failsafe_flags__traits.hpp\n'}
[3.459437] (px4_msgs) StdoutLine: {'line': b'-- Up-to-date symlink: /home/dolphiinn/ros2_ws/install/px4_msgs/include/px4_msgs/px4_msgs/msg/detail/failsafe_flags__type_support.hpp\n'}
[3.460304] (px4_msgs) StdoutLine: {'line': b'-- Up-to-date symlink: /home/dolphiinn/ros2_ws/install/px4_msgs/include/px4_msgs/px4_msgs/msg/detail/failure_detector_status__builder.hpp\n'}
[3.460603] (px4_msgs) StdoutLine: {'line': b'-- Up-to-date symlink: /home/dolphiinn/ros2_ws/install/px4_msgs/include/px4_msgs/px4_msgs/msg/detail/failure_detector_status__struct.hpp\n'}
[3.460984] (px4_msgs) StdoutLine: {'line': b'-- Up-to-date symlink: /home/dolphiinn/ros2_ws/install/px4_msgs/include/px4_msgs/px4_msgs/msg/detail/failure_detector_status__traits.hpp\n'}
[3.461312] (px4_msgs) StdoutLine: {'line': b'-- Up-to-date symlink: /home/dolphiinn/ros2_ws/install/px4_msgs/include/px4_msgs/px4_msgs/msg/detail/failure_detector_status__type_support.hpp\n'}
[3.461776] (px4_msgs) StdoutLine: {'line': b'-- Up-to-date symlink: /home/dolphiinn/ros2_ws/install/px4_msgs/include/px4_msgs/px4_msgs/msg/detail/figure_eight_status__builder.hpp\n'}
[3.462556] (px4_msgs) StdoutLine: {'line': b'-- Up-to-date symlink: /home/dolphiinn/ros2_ws/install/px4_msgs/include/px4_msgs/px4_msgs/msg/detail/figure_eight_status__struct.hpp\n'}
[3.462800] (px4_msgs) StdoutLine: {'line': b'-- Up-to-date symlink: /home/dolphiinn/ros2_ws/install/px4_msgs/include/px4_msgs/px4_msgs/msg/detail/figure_eight_status__traits.hpp\n'}
[3.463075] (px4_msgs) StdoutLine: {'line': b'-- Up-to-date symlink: /home/dolphiinn/ros2_ws/install/px4_msgs/include/px4_msgs/px4_msgs/msg/detail/figure_eight_status__type_support.hpp\n'}
[3.463382] (px4_msgs) StdoutLine: {'line': b'-- Up-to-date symlink: /home/dolphiinn/ros2_ws/install/px4_msgs/include/px4_msgs/px4_msgs/msg/detail/fixed_wing_lateral_guidance_status__builder.hpp\n'}
[3.463720] (px4_msgs) StdoutLine: {'line': b'-- Up-to-date symlink: /home/dolphiinn/ros2_ws/install/px4_msgs/include/px4_msgs/px4_msgs/msg/detail/fixed_wing_lateral_guidance_status__struct.hpp\n'}
[3.464127] (px4_msgs) StdoutLine: {'line': b'-- Up-to-date symlink: /home/dolphiinn/ros2_ws/install/px4_msgs/include/px4_msgs/px4_msgs/msg/detail/fixed_wing_lateral_guidance_status__traits.hpp\n'}
[3.464668] (px4_msgs) StdoutLine: {'line': b'-- Up-to-date symlink: /home/dolphiinn/ros2_ws/install/px4_msgs/include/px4_msgs/px4_msgs/msg/detail/fixed_wing_lateral_guidance_status__type_support.hpp\n'}
[3.465010] (px4_msgs) StdoutLine: {'line': b'-- Up-to-date symlink: /home/dolphiinn/ros2_ws/install/px4_msgs/include/px4_msgs/px4_msgs/msg/detail/fixed_wing_lateral_setpoint__builder.hpp\n'}
[3.465270] (px4_msgs) StdoutLine: {'line': b'-- Up-to-date symlink: /home/dolphiinn/ros2_ws/install/px4_msgs/include/px4_msgs/px4_msgs/msg/detail/fixed_wing_lateral_setpoint__struct.hpp\n'}
[3.465610] (px4_msgs) StdoutLine: {'line': b'-- Up-to-date symlink: /home/dolphiinn/ros2_ws/install/px4_msgs/include/px4_msgs/px4_msgs/msg/detail/fixed_wing_lateral_setpoint__traits.hpp\n'}
[3.466427] (px4_msgs) StdoutLine: {'line': b'-- Up-to-date symlink: /home/dolphiinn/ros2_ws/install/px4_msgs/include/px4_msgs/px4_msgs/msg/detail/fixed_wing_lateral_setpoint__type_support.hpp\n'}
[3.466681] (px4_msgs) StdoutLine: {'line': b'-- Up-to-date symlink: /home/dolphiinn/ros2_ws/install/px4_msgs/include/px4_msgs/px4_msgs/msg/detail/fixed_wing_lateral_status__builder.hpp\n'}
[3.467281] (px4_msgs) StdoutLine: {'line': b'-- Up-to-date symlink: /home/dolphiinn/ros2_ws/install/px4_msgs/include/px4_msgs/px4_msgs/msg/detail/fixed_wing_lateral_status__struct.hpp\n'}
[3.467512] (px4_msgs) StdoutLine: {'line': b'-- Up-to-date symlink: /home/dolphiinn/ros2_ws/install/px4_msgs/include/px4_msgs/px4_msgs/msg/detail/fixed_wing_lateral_status__traits.hpp\n'}
[3.467753] (px4_msgs) StdoutLine: {'line': b'-- Up-to-date symlink: /home/dolphiinn/ros2_ws/install/px4_msgs/include/px4_msgs/px4_msgs/msg/detail/fixed_wing_lateral_status__type_support.hpp\n'}
[3.467901] (px4_msgs) StdoutLine: {'line': b'-- Up-to-date symlink: /home/dolphiinn/ros2_ws/install/px4_msgs/include/px4_msgs/px4_msgs/msg/detail/fixed_wing_longitudinal_setpoint__builder.hpp\n'}
[3.468836] (px4_msgs) StdoutLine: {'line': b'-- Up-to-date symlink: /home/dolphiinn/ros2_ws/install/px4_msgs/include/px4_msgs/px4_msgs/msg/detail/fixed_wing_longitudinal_setpoint__struct.hpp\n'}
[3.469286] (px4_msgs) StdoutLine: {'line': b'-- Up-to-date symlink: /home/dolphiinn/ros2_ws/install/px4_msgs/include/px4_msgs/px4_msgs/msg/detail/fixed_wing_longitudinal_setpoint__traits.hpp\n'}
[3.470120] (px4_msgs) StdoutLine: {'line': b'-- Up-to-date symlink: /home/dolphiinn/ros2_ws/install/px4_msgs/include/px4_msgs/px4_msgs/msg/detail/fixed_wing_longitudinal_setpoint__type_support.hpp\n'}
[3.470600] (px4_msgs) StdoutLine: {'line': b'-- Up-to-date symlink: /home/dolphiinn/ros2_ws/install/px4_msgs/include/px4_msgs/px4_msgs/msg/detail/fixed_wing_runway_control__builder.hpp\n'}
[3.471165] (px4_msgs) StdoutLine: {'line': b'-- Up-to-date symlink: /home/dolphiinn/ros2_ws/install/px4_msgs/include/px4_msgs/px4_msgs/msg/detail/fixed_wing_runway_control__struct.hpp\n'}
[3.472112] (px4_msgs) StdoutLine: {'line': b'-- Up-to-date symlink: /home/dolphiinn/ros2_ws/install/px4_msgs/include/px4_msgs/px4_msgs/msg/detail/fixed_wing_runway_control__traits.hpp\n'}
[3.472421] (px4_msgs) StdoutLine: {'line': b'-- Up-to-date symlink: /home/dolphiinn/ros2_ws/install/px4_msgs/include/px4_msgs/px4_msgs/msg/detail/fixed_wing_runway_control__type_support.hpp\n'}
[3.472866] (px4_msgs) StdoutLine: {'line': b'-- Up-to-date symlink: /home/dolphiinn/ros2_ws/install/px4_msgs/include/px4_msgs/px4_msgs/msg/detail/flight_phase_estimation__builder.hpp\n'}
[3.473118] (px4_msgs) StdoutLine: {'line': b'-- Up-to-date symlink: /home/dolphiinn/ros2_ws/install/px4_msgs/include/px4_msgs/px4_msgs/msg/detail/flight_phase_estimation__struct.hpp\n'}
[3.473469] (px4_msgs) StdoutLine: {'line': b'-- Up-to-date symlink: /home/dolphiinn/ros2_ws/install/px4_msgs/include/px4_msgs/px4_msgs/msg/detail/flight_phase_estimation__traits.hpp\n'}
[3.473891] (px4_msgs) StdoutLine: {'line': b'-- Up-to-date symlink: /home/dolphiinn/ros2_ws/install/px4_msgs/include/px4_msgs/px4_msgs/msg/detail/flight_phase_estimation__type_support.hpp\n'}
[3.475593] (px4_msgs) StdoutLine: {'line': b'-- Up-to-date symlink: /home/dolphiinn/ros2_ws/install/px4_msgs/include/px4_msgs/px4_msgs/msg/detail/follow_target__builder.hpp\n'}
[3.475905] (px4_msgs) StdoutLine: {'line': b'-- Up-to-date symlink: /home/dolphiinn/ros2_ws/install/px4_msgs/include/px4_msgs/px4_msgs/msg/detail/follow_target__struct.hpp\n'}
[3.476055] (px4_msgs) StdoutLine: {'line': b'-- Up-to-date symlink: /home/dolphiinn/ros2_ws/install/px4_msgs/include/px4_msgs/px4_msgs/msg/detail/follow_target__traits.hpp\n'}
[3.476319] (px4_msgs) StdoutLine: {'line': b'-- Up-to-date symlink: /home/dolphiinn/ros2_ws/install/px4_msgs/include/px4_msgs/px4_msgs/msg/detail/follow_target__type_support.hpp\n'}
[3.476493] (px4_msgs) StdoutLine: {'line': b'-- Up-to-date symlink: /home/dolphiinn/ros2_ws/install/px4_msgs/include/px4_msgs/px4_msgs/msg/detail/follow_target_estimator__builder.hpp\n'}
[3.476840] (px4_msgs) StdoutLine: {'line': b'-- Up-to-date symlink: /home/dolphiinn/ros2_ws/install/px4_msgs/include/px4_msgs/px4_msgs/msg/detail/follow_target_estimator__struct.hpp\n'}
[3.477037] (px4_msgs) StdoutLine: {'line': b'-- Up-to-date symlink: /home/dolphiinn/ros2_ws/install/px4_msgs/include/px4_msgs/px4_msgs/msg/detail/follow_target_estimator__traits.hpp\n'}
[3.477505] (px4_msgs) StdoutLine: {'line': b'-- Up-to-date symlink: /home/dolphiinn/ros2_ws/install/px4_msgs/include/px4_msgs/px4_msgs/msg/detail/follow_target_estimator__type_support.hpp\n'}
[3.478281] (px4_msgs) StdoutLine: {'line': b'-- Up-to-date symlink: /home/dolphiinn/ros2_ws/install/px4_msgs/include/px4_msgs/px4_msgs/msg/detail/follow_target_status__builder.hpp\n'}
[3.478901] (px4_msgs) StdoutLine: {'line': b'-- Up-to-date symlink: /home/dolphiinn/ros2_ws/install/px4_msgs/include/px4_msgs/px4_msgs/msg/detail/follow_target_status__struct.hpp\n'}
[3.479649] (px4_msgs) StdoutLine: {'line': b'-- Up-to-date symlink: /home/dolphiinn/ros2_ws/install/px4_msgs/include/px4_msgs/px4_msgs/msg/detail/follow_target_status__traits.hpp\n'}
[3.480158] (px4_msgs) StdoutLine: {'line': b'-- Up-to-date symlink: /home/dolphiinn/ros2_ws/install/px4_msgs/include/px4_msgs/px4_msgs/msg/detail/follow_target_status__type_support.hpp\n'}
[3.480608] (px4_msgs) StdoutLine: {'line': b'-- Up-to-date symlink: /home/dolphiinn/ros2_ws/install/px4_msgs/include/px4_msgs/px4_msgs/msg/detail/fuel_tank_status__builder.hpp\n'}
[3.481072] (px4_msgs) StdoutLine: {'line': b'-- Up-to-date symlink: /home/dolphiinn/ros2_ws/install/px4_msgs/include/px4_msgs/px4_msgs/msg/detail/fuel_tank_status__struct.hpp\n'}
[3.481516] (px4_msgs) StdoutLine: {'line': b'-- Up-to-date symlink: /home/dolphiinn/ros2_ws/install/px4_msgs/include/px4_msgs/px4_msgs/msg/detail/fuel_tank_status__traits.hpp\n'}
[3.481783] (px4_msgs) StdoutLine: {'line': b'-- Up-to-date symlink: /home/dolphiinn/ros2_ws/install/px4_msgs/include/px4_msgs/px4_msgs/msg/detail/fuel_tank_status__type_support.hpp\n'}
[3.482101] (px4_msgs) StdoutLine: {'line': b'-- Up-to-date symlink: /home/dolphiinn/ros2_ws/install/px4_msgs/include/px4_msgs/px4_msgs/msg/detail/generator_status__builder.hpp\n'}
[3.482498] (px4_msgs) StdoutLine: {'line': b'-- Up-to-date symlink: /home/dolphiinn/ros2_ws/install/px4_msgs/include/px4_msgs/px4_msgs/msg/detail/generator_status__struct.hpp\n'}
[3.482955] (px4_msgs) StdoutLine: {'line': b'-- Up-to-date symlink: /home/dolphiinn/ros2_ws/install/px4_msgs/include/px4_msgs/px4_msgs/msg/detail/generator_status__traits.hpp\n'}
[3.483496] (px4_msgs) StdoutLine: {'line': b'-- Up-to-date symlink: /home/dolphiinn/ros2_ws/install/px4_msgs/include/px4_msgs/px4_msgs/msg/detail/generator_status__type_support.hpp\n'}
[3.483818] (px4_msgs) StdoutLine: {'line': b'-- Up-to-date symlink: /home/dolphiinn/ros2_ws/install/px4_msgs/include/px4_msgs/px4_msgs/msg/detail/geofence_result__builder.hpp\n'}
[3.484078] (px4_msgs) StdoutLine: {'line': b'-- Up-to-date symlink: /home/dolphiinn/ros2_ws/install/px4_msgs/include/px4_msgs/px4_msgs/msg/detail/geofence_result__struct.hpp\n'}
[3.484393] (px4_msgs) StdoutLine: {'line': b'-- Up-to-date symlink: /home/dolphiinn/ros2_ws/install/px4_msgs/include/px4_msgs/px4_msgs/msg/detail/geofence_result__traits.hpp\n'}
[3.484698] (px4_msgs) StdoutLine: {'line': b'-- Up-to-date symlink: /home/dolphiinn/ros2_ws/install/px4_msgs/include/px4_msgs/px4_msgs/msg/detail/geofence_result__type_support.hpp\n'}
[3.485012] (px4_msgs) StdoutLine: {'line': b'-- Up-to-date symlink: /home/dolphiinn/ros2_ws/install/px4_msgs/include/px4_msgs/px4_msgs/msg/detail/geofence_status__builder.hpp\n'}
[3.485297] (px4_msgs) StdoutLine: {'line': b'-- Up-to-date symlink: /home/dolphiinn/ros2_ws/install/px4_msgs/include/px4_msgs/px4_msgs/msg/detail/geofence_status__struct.hpp\n'}
[3.485771] (px4_msgs) StdoutLine: {'line': b'-- Up-to-date symlink: /home/dolphiinn/ros2_ws/install/px4_msgs/include/px4_msgs/px4_msgs/msg/detail/geofence_status__traits.hpp\n'}
[3.486436] (px4_msgs) StdoutLine: {'line': b'-- Up-to-date symlink: /home/dolphiinn/ros2_ws/install/px4_msgs/include/px4_msgs/px4_msgs/msg/detail/geofence_status__type_support.hpp\n'}
[3.486765] (px4_msgs) StdoutLine: {'line': b'-- Up-to-date symlink: /home/dolphiinn/ros2_ws/install/px4_msgs/include/px4_msgs/px4_msgs/msg/detail/gimbal_controls__builder.hpp\n'}
[3.486997] (px4_msgs) StdoutLine: {'line': b'-- Up-to-date symlink: /home/dolphiinn/ros2_ws/install/px4_msgs/include/px4_msgs/px4_msgs/msg/detail/gimbal_controls__struct.hpp\n'}
[3.487329] (px4_msgs) StdoutLine: {'line': b'-- Up-to-date symlink: /home/dolphiinn/ros2_ws/install/px4_msgs/include/px4_msgs/px4_msgs/msg/detail/gimbal_controls__traits.hpp\n'}
[3.487607] (px4_msgs) StdoutLine: {'line': b'-- Up-to-date symlink: /home/dolphiinn/ros2_ws/install/px4_msgs/include/px4_msgs/px4_msgs/msg/detail/gimbal_controls__type_support.hpp\n'}
[3.487817] (px4_msgs) StdoutLine: {'line': b'-- Up-to-date symlink: /home/dolphiinn/ros2_ws/install/px4_msgs/include/px4_msgs/px4_msgs/msg/detail/gimbal_device_attitude_status__builder.hpp\n'}
[3.488172] (px4_msgs) StdoutLine: {'line': b'-- Up-to-date symlink: /home/dolphiinn/ros2_ws/install/px4_msgs/include/px4_msgs/px4_msgs/msg/detail/gimbal_device_attitude_status__struct.hpp\n'}
[3.488409] (px4_msgs) StdoutLine: {'line': b'-- Up-to-date symlink: /home/dolphiinn/ros2_ws/install/px4_msgs/include/px4_msgs/px4_msgs/msg/detail/gimbal_device_attitude_status__traits.hpp\n'}
[3.488790] (px4_msgs) StdoutLine: {'line': b'-- Up-to-date symlink: /home/dolphiinn/ros2_ws/install/px4_msgs/include/px4_msgs/px4_msgs/msg/detail/gimbal_device_attitude_status__type_support.hpp\n'}
[3.489536] (px4_msgs) StdoutLine: {'line': b'-- Up-to-date symlink: /home/dolphiinn/ros2_ws/install/px4_msgs/include/px4_msgs/px4_msgs/msg/detail/gimbal_device_information__builder.hpp\n'}
[3.490094] (px4_msgs) StdoutLine: {'line': b'-- Up-to-date symlink: /home/dolphiinn/ros2_ws/install/px4_msgs/include/px4_msgs/px4_msgs/msg/detail/gimbal_device_information__struct.hpp\n'}
[3.491064] (px4_msgs) StdoutLine: {'line': b'-- Up-to-date symlink: /home/dolphiinn/ros2_ws/install/px4_msgs/include/px4_msgs/px4_msgs/msg/detail/gimbal_device_information__traits.hpp\n'}
[3.491610] (px4_msgs) StdoutLine: {'line': b'-- Up-to-date symlink: /home/dolphiinn/ros2_ws/install/px4_msgs/include/px4_msgs/px4_msgs/msg/detail/gimbal_device_information__type_support.hpp\n'}
[3.491899] (px4_msgs) StdoutLine: {'line': b'-- Up-to-date symlink: /home/dolphiinn/ros2_ws/install/px4_msgs/include/px4_msgs/px4_msgs/msg/detail/gimbal_device_set_attitude__builder.hpp\n'}
[3.492101] (px4_msgs) StdoutLine: {'line': b'-- Up-to-date symlink: /home/dolphiinn/ros2_ws/install/px4_msgs/include/px4_msgs/px4_msgs/msg/detail/gimbal_device_set_attitude__struct.hpp\n'}
[3.492349] (px4_msgs) StdoutLine: {'line': b'-- Up-to-date symlink: /home/dolphiinn/ros2_ws/install/px4_msgs/include/px4_msgs/px4_msgs/msg/detail/gimbal_device_set_attitude__traits.hpp\n'}
[3.492673] (px4_msgs) StdoutLine: {'line': b'-- Up-to-date symlink: /home/dolphiinn/ros2_ws/install/px4_msgs/include/px4_msgs/px4_msgs/msg/detail/gimbal_device_set_attitude__type_support.hpp\n'}
[3.493409] (px4_msgs) StdoutLine: {'line': b'-- Up-to-date symlink: /home/dolphiinn/ros2_ws/install/px4_msgs/include/px4_msgs/px4_msgs/msg/detail/gimbal_manager_information__builder.hpp\n'}
[3.493764] (px4_msgs) StdoutLine: {'line': b'-- Up-to-date symlink: /home/dolphiinn/ros2_ws/install/px4_msgs/include/px4_msgs/px4_msgs/msg/detail/gimbal_manager_information__struct.hpp\n'}
[3.494156] (px4_msgs) StdoutLine: {'line': b'-- Up-to-date symlink: /home/dolphiinn/ros2_ws/install/px4_msgs/include/px4_msgs/px4_msgs/msg/detail/gimbal_manager_information__traits.hpp\n'}
[3.494486] (px4_msgs) StdoutLine: {'line': b'-- Up-to-date symlink: /home/dolphiinn/ros2_ws/install/px4_msgs/include/px4_msgs/px4_msgs/msg/detail/gimbal_manager_information__type_support.hpp\n'}
[3.494860] (px4_msgs) StdoutLine: {'line': b'-- Up-to-date symlink: /home/dolphiinn/ros2_ws/install/px4_msgs/include/px4_msgs/px4_msgs/msg/detail/gimbal_manager_set_attitude__builder.hpp\n'}
[3.495396] (px4_msgs) StdoutLine: {'line': b'-- Up-to-date symlink: /home/dolphiinn/ros2_ws/install/px4_msgs/include/px4_msgs/px4_msgs/msg/detail/gimbal_manager_set_attitude__struct.hpp\n'}
[3.495815] (px4_msgs) StdoutLine: {'line': b'-- Up-to-date symlink: /home/dolphiinn/ros2_ws/install/px4_msgs/include/px4_msgs/px4_msgs/msg/detail/gimbal_manager_set_attitude__traits.hpp\n'}
[3.496057] (px4_msgs) StdoutLine: {'line': b'-- Up-to-date symlink: /home/dolphiinn/ros2_ws/install/px4_msgs/include/px4_msgs/px4_msgs/msg/detail/gimbal_manager_set_attitude__type_support.hpp\n'}
[3.496360] (px4_msgs) StdoutLine: {'line': b'-- Up-to-date symlink: /home/dolphiinn/ros2_ws/install/px4_msgs/include/px4_msgs/px4_msgs/msg/detail/gimbal_manager_set_manual_control__builder.hpp\n'}
[3.496725] (px4_msgs) StdoutLine: {'line': b'-- Up-to-date symlink: /home/dolphiinn/ros2_ws/install/px4_msgs/include/px4_msgs/px4_msgs/msg/detail/gimbal_manager_set_manual_control__struct.hpp\n'}
[3.497084] (px4_msgs) StdoutLine: {'line': b'-- Up-to-date symlink: /home/dolphiinn/ros2_ws/install/px4_msgs/include/px4_msgs/px4_msgs/msg/detail/gimbal_manager_set_manual_control__traits.hpp\n'}
[3.497575] (px4_msgs) StdoutLine: {'line': b'-- Up-to-date symlink: /home/dolphiinn/ros2_ws/install/px4_msgs/include/px4_msgs/px4_msgs/msg/detail/gimbal_manager_set_manual_control__type_support.hpp\n'}
[3.498232] (px4_msgs) StdoutLine: {'line': b'-- Up-to-date symlink: /home/dolphiinn/ros2_ws/install/px4_msgs/include/px4_msgs/px4_msgs/msg/detail/gimbal_manager_status__builder.hpp\n'}
[3.498380] (px4_msgs) StdoutLine: {'line': b'-- Up-to-date symlink: /home/dolphiinn/ros2_ws/install/px4_msgs/include/px4_msgs/px4_msgs/msg/detail/gimbal_manager_status__struct.hpp\n'}
[3.498676] (px4_msgs) StdoutLine: {'line': b'-- Up-to-date symlink: /home/dolphiinn/ros2_ws/install/px4_msgs/include/px4_msgs/px4_msgs/msg/detail/gimbal_manager_status__traits.hpp\n'}
[3.499134] (px4_msgs) StdoutLine: {'line': b'-- Up-to-date symlink: /home/dolphiinn/ros2_ws/install/px4_msgs/include/px4_msgs/px4_msgs/msg/detail/gimbal_manager_status__type_support.hpp\n'}
[3.499669] (px4_msgs) StdoutLine: {'line': b'-- Up-to-date symlink: /home/dolphiinn/ros2_ws/install/px4_msgs/include/px4_msgs/px4_msgs/msg/detail/goto_setpoint__builder.hpp\n'}
[3.500030] (px4_msgs) StdoutLine: {'line': b'-- Up-to-date symlink: /home/dolphiinn/ros2_ws/install/px4_msgs/include/px4_msgs/px4_msgs/msg/detail/goto_setpoint__struct.hpp\n'}
[3.500374] (px4_msgs) StdoutLine: {'line': b'-- Up-to-date symlink: /home/dolphiinn/ros2_ws/install/px4_msgs/include/px4_msgs/px4_msgs/msg/detail/goto_setpoint__traits.hpp\n'}
[3.500642] (px4_msgs) StdoutLine: {'line': b'-- Up-to-date symlink: /home/dolphiinn/ros2_ws/install/px4_msgs/include/px4_msgs/px4_msgs/msg/detail/goto_setpoint__type_support.hpp\n'}
[3.500956] (px4_msgs) StdoutLine: {'line': b'-- Up-to-date symlink: /home/dolphiinn/ros2_ws/install/px4_msgs/include/px4_msgs/px4_msgs/msg/detail/gpio_config__builder.hpp\n'}
[3.501457] (px4_msgs) StdoutLine: {'line': b'-- Up-to-date symlink: /home/dolphiinn/ros2_ws/install/px4_msgs/include/px4_msgs/px4_msgs/msg/detail/gpio_config__struct.hpp\n'}
[3.502198] (px4_msgs) StdoutLine: {'line': b'-- Up-to-date symlink: /home/dolphiinn/ros2_ws/install/px4_msgs/include/px4_msgs/px4_msgs/msg/detail/gpio_config__traits.hpp\n'}
[3.502678] (px4_msgs) StdoutLine: {'line': b'-- Up-to-date symlink: /home/dolphiinn/ros2_ws/install/px4_msgs/include/px4_msgs/px4_msgs/msg/detail/gpio_config__type_support.hpp\n'}
[3.503083] (px4_msgs) StdoutLine: {'line': b'-- Up-to-date symlink: /home/dolphiinn/ros2_ws/install/px4_msgs/include/px4_msgs/px4_msgs/msg/detail/gpio_in__builder.hpp\n'}
[3.503508] (px4_msgs) StdoutLine: {'line': b'-- Up-to-date symlink: /home/dolphiinn/ros2_ws/install/px4_msgs/include/px4_msgs/px4_msgs/msg/detail/gpio_in__struct.hpp\n'}
[3.503911] (px4_msgs) StdoutLine: {'line': b'-- Up-to-date symlink: /home/dolphiinn/ros2_ws/install/px4_msgs/include/px4_msgs/px4_msgs/msg/detail/gpio_in__traits.hpp\n'}
[3.504245] (px4_msgs) StdoutLine: {'line': b'-- Up-to-date symlink: /home/dolphiinn/ros2_ws/install/px4_msgs/include/px4_msgs/px4_msgs/msg/detail/gpio_in__type_support.hpp\n'}
[3.504653] (px4_msgs) StdoutLine: {'line': b'-- Up-to-date symlink: /home/dolphiinn/ros2_ws/install/px4_msgs/include/px4_msgs/px4_msgs/msg/detail/gpio_out__builder.hpp\n'}
[3.505280] (px4_msgs) StdoutLine: {'line': b'-- Up-to-date symlink: /home/dolphiinn/ros2_ws/install/px4_msgs/include/px4_msgs/px4_msgs/msg/detail/gpio_out__struct.hpp\n'}
[3.505803] (px4_msgs) StdoutLine: {'line': b'-- Up-to-date symlink: /home/dolphiinn/ros2_ws/install/px4_msgs/include/px4_msgs/px4_msgs/msg/detail/gpio_out__traits.hpp\n'}
[3.506223] (px4_msgs) StdoutLine: {'line': b'-- Up-to-date symlink: /home/dolphiinn/ros2_ws/install/px4_msgs/include/px4_msgs/px4_msgs/msg/detail/gpio_out__type_support.hpp\n'}
[3.506587] (px4_msgs) StdoutLine: {'line': b'-- Up-to-date symlink: /home/dolphiinn/ros2_ws/install/px4_msgs/include/px4_msgs/px4_msgs/msg/detail/gpio_request__builder.hpp\n'}
[3.506900] (px4_msgs) StdoutLine: {'line': b'-- Up-to-date symlink: /home/dolphiinn/ros2_ws/install/px4_msgs/include/px4_msgs/px4_msgs/msg/detail/gpio_request__struct.hpp\n'}
[3.507128] (px4_msgs) StdoutLine: {'line': b'-- Up-to-date symlink: /home/dolphiinn/ros2_ws/install/px4_msgs/include/px4_msgs/px4_msgs/msg/detail/gpio_request__traits.hpp\n'}
[3.507393] (px4_msgs) StdoutLine: {'line': b'-- Up-to-date symlink: /home/dolphiinn/ros2_ws/install/px4_msgs/include/px4_msgs/px4_msgs/msg/detail/gpio_request__type_support.hpp\n'}
[3.507622] (px4_msgs) StdoutLine: {'line': b'-- Up-to-date symlink: /home/dolphiinn/ros2_ws/install/px4_msgs/include/px4_msgs/px4_msgs/msg/detail/gps_dump__builder.hpp\n'}
[3.507845] (px4_msgs) StdoutLine: {'line': b'-- Up-to-date symlink: /home/dolphiinn/ros2_ws/install/px4_msgs/include/px4_msgs/px4_msgs/msg/detail/gps_dump__struct.hpp\n'}
[3.508093] (px4_msgs) StdoutLine: {'line': b'-- Up-to-date symlink: /home/dolphiinn/ros2_ws/install/px4_msgs/include/px4_msgs/px4_msgs/msg/detail/gps_dump__traits.hpp\n'}
[3.508366] (px4_msgs) StdoutLine: {'line': b'-- Up-to-date symlink: /home/dolphiinn/ros2_ws/install/px4_msgs/include/px4_msgs/px4_msgs/msg/detail/gps_dump__type_support.hpp\n'}
[3.508604] (px4_msgs) StdoutLine: {'line': b'-- Up-to-date symlink: /home/dolphiinn/ros2_ws/install/px4_msgs/include/px4_msgs/px4_msgs/msg/detail/gps_inject_data__builder.hpp\n'}
[3.508867] (px4_msgs) StdoutLine: {'line': b'-- Up-to-date symlink: /home/dolphiinn/ros2_ws/install/px4_msgs/include/px4_msgs/px4_msgs/msg/detail/gps_inject_data__struct.hpp\n'}
[3.509185] (px4_msgs) StdoutLine: {'line': b'-- Up-to-date symlink: /home/dolphiinn/ros2_ws/install/px4_msgs/include/px4_msgs/px4_msgs/msg/detail/gps_inject_data__traits.hpp\n'}
[3.509455] (px4_msgs) StdoutLine: {'line': b'-- Up-to-date symlink: /home/dolphiinn/ros2_ws/install/px4_msgs/include/px4_msgs/px4_msgs/msg/detail/gps_inject_data__type_support.hpp\n'}
[3.509985] (px4_msgs) StdoutLine: {'line': b'-- Up-to-date symlink: /home/dolphiinn/ros2_ws/install/px4_msgs/include/px4_msgs/px4_msgs/msg/detail/gripper__builder.hpp\n'}
[3.510368] (px4_msgs) StdoutLine: {'line': b'-- Up-to-date symlink: /home/dolphiinn/ros2_ws/install/px4_msgs/include/px4_msgs/px4_msgs/msg/detail/gripper__struct.hpp\n'}
[3.510614] (px4_msgs) StdoutLine: {'line': b'-- Up-to-date symlink: /home/dolphiinn/ros2_ws/install/px4_msgs/include/px4_msgs/px4_msgs/msg/detail/gripper__traits.hpp\n'}
[3.510714] (-) TimerEvent: {}
[3.510917] (px4_msgs) StdoutLine: {'line': b'-- Up-to-date symlink: /home/dolphiinn/ros2_ws/install/px4_msgs/include/px4_msgs/px4_msgs/msg/detail/gripper__type_support.hpp\n'}
[3.511240] (px4_msgs) StdoutLine: {'line': b'-- Up-to-date symlink: /home/dolphiinn/ros2_ws/install/px4_msgs/include/px4_msgs/px4_msgs/msg/detail/health_report__builder.hpp\n'}
[3.511531] (px4_msgs) StdoutLine: {'line': b'-- Up-to-date symlink: /home/dolphiinn/ros2_ws/install/px4_msgs/include/px4_msgs/px4_msgs/msg/detail/health_report__struct.hpp\n'}
[3.511858] (px4_msgs) StdoutLine: {'line': b'-- Up-to-date symlink: /home/dolphiinn/ros2_ws/install/px4_msgs/include/px4_msgs/px4_msgs/msg/detail/health_report__traits.hpp\n'}
[3.512105] (px4_msgs) StdoutLine: {'line': b'-- Up-to-date symlink: /home/dolphiinn/ros2_ws/install/px4_msgs/include/px4_msgs/px4_msgs/msg/detail/health_report__type_support.hpp\n'}
[3.512533] (px4_msgs) StdoutLine: {'line': b'-- Up-to-date symlink: /home/dolphiinn/ros2_ws/install/px4_msgs/include/px4_msgs/px4_msgs/msg/detail/heater_status__builder.hpp\n'}
[3.512754] (px4_msgs) StdoutLine: {'line': b'-- Up-to-date symlink: /home/dolphiinn/ros2_ws/install/px4_msgs/include/px4_msgs/px4_msgs/msg/detail/heater_status__struct.hpp\n'}
[3.513077] (px4_msgs) StdoutLine: {'line': b'-- Up-to-date symlink: /home/dolphiinn/ros2_ws/install/px4_msgs/include/px4_msgs/px4_msgs/msg/detail/heater_status__traits.hpp\n'}
[3.513318] (px4_msgs) StdoutLine: {'line': b'-- Up-to-date symlink: /home/dolphiinn/ros2_ws/install/px4_msgs/include/px4_msgs/px4_msgs/msg/detail/heater_status__type_support.hpp\n'}
[3.513562] (px4_msgs) StdoutLine: {'line': b'-- Up-to-date symlink: /home/dolphiinn/ros2_ws/install/px4_msgs/include/px4_msgs/px4_msgs/msg/detail/home_position__builder.hpp\n'}
[3.514053] (px4_msgs) StdoutLine: {'line': b'-- Up-to-date symlink: /home/dolphiinn/ros2_ws/install/px4_msgs/include/px4_msgs/px4_msgs/msg/detail/home_position__struct.hpp\n'}
[3.514405] (px4_msgs) StdoutLine: {'line': b'-- Up-to-date symlink: /home/dolphiinn/ros2_ws/install/px4_msgs/include/px4_msgs/px4_msgs/msg/detail/home_position__traits.hpp\n'}
[3.514985] (px4_msgs) StdoutLine: {'line': b'-- Up-to-date symlink: /home/dolphiinn/ros2_ws/install/px4_msgs/include/px4_msgs/px4_msgs/msg/detail/home_position__type_support.hpp\n'}
[3.515381] (px4_msgs) StdoutLine: {'line': b'-- Up-to-date symlink: /home/dolphiinn/ros2_ws/install/px4_msgs/include/px4_msgs/px4_msgs/msg/detail/hover_thrust_estimate__builder.hpp\n'}
[3.516443] (px4_msgs) StdoutLine: {'line': b'-- Up-to-date symlink: /home/dolphiinn/ros2_ws/install/px4_msgs/include/px4_msgs/px4_msgs/msg/detail/hover_thrust_estimate__struct.hpp\n'}
[3.516608] (px4_msgs) StdoutLine: {'line': b'-- Up-to-date symlink: /home/dolphiinn/ros2_ws/install/px4_msgs/include/px4_msgs/px4_msgs/msg/detail/hover_thrust_estimate__traits.hpp\n'}
[3.516713] (px4_msgs) StdoutLine: {'line': b'-- Up-to-date symlink: /home/dolphiinn/ros2_ws/install/px4_msgs/include/px4_msgs/px4_msgs/msg/detail/hover_thrust_estimate__type_support.hpp\n'}
[3.517192] (px4_msgs) StdoutLine: {'line': b'-- Up-to-date symlink: /home/dolphiinn/ros2_ws/install/px4_msgs/include/px4_msgs/px4_msgs/msg/detail/input_rc__builder.hpp\n'}
[3.517587] (px4_msgs) StdoutLine: {'line': b'-- Up-to-date symlink: /home/dolphiinn/ros2_ws/install/px4_msgs/include/px4_msgs/px4_msgs/msg/detail/input_rc__struct.hpp\n'}
[3.517817] (px4_msgs) StdoutLine: {'line': b'-- Up-to-date symlink: /home/dolphiinn/ros2_ws/install/px4_msgs/include/px4_msgs/px4_msgs/msg/detail/input_rc__traits.hpp\n'}
[3.518043] (px4_msgs) StdoutLine: {'line': b'-- Up-to-date symlink: /home/dolphiinn/ros2_ws/install/px4_msgs/include/px4_msgs/px4_msgs/msg/detail/input_rc__type_support.hpp\n'}
[3.518603] (px4_msgs) StdoutLine: {'line': b'-- Up-to-date symlink: /home/dolphiinn/ros2_ws/install/px4_msgs/include/px4_msgs/px4_msgs/msg/detail/internal_combustion_engine_control__builder.hpp\n'}
[3.518848] (px4_msgs) StdoutLine: {'line': b'-- Up-to-date symlink: /home/dolphiinn/ros2_ws/install/px4_msgs/include/px4_msgs/px4_msgs/msg/detail/internal_combustion_engine_control__struct.hpp\n'}
[3.519798] (px4_msgs) StdoutLine: {'line': b'-- Up-to-date symlink: /home/dolphiinn/ros2_ws/install/px4_msgs/include/px4_msgs/px4_msgs/msg/detail/internal_combustion_engine_control__traits.hpp\n'}
[3.520061] (px4_msgs) StdoutLine: {'line': b'-- Up-to-date symlink: /home/dolphiinn/ros2_ws/install/px4_msgs/include/px4_msgs/px4_msgs/msg/detail/internal_combustion_engine_control__type_support.hpp\n'}
[3.520390] (px4_msgs) StdoutLine: {'line': b'-- Up-to-date symlink: /home/dolphiinn/ros2_ws/install/px4_msgs/include/px4_msgs/px4_msgs/msg/detail/internal_combustion_engine_status__builder.hpp\n'}
[3.520692] (px4_msgs) StdoutLine: {'line': b'-- Up-to-date symlink: /home/dolphiinn/ros2_ws/install/px4_msgs/include/px4_msgs/px4_msgs/msg/detail/internal_combustion_engine_status__struct.hpp\n'}
[3.521311] (px4_msgs) StdoutLine: {'line': b'-- Up-to-date symlink: /home/dolphiinn/ros2_ws/install/px4_msgs/include/px4_msgs/px4_msgs/msg/detail/internal_combustion_engine_status__traits.hpp\n'}
[3.522209] (px4_msgs) StdoutLine: {'line': b'-- Up-to-date symlink: /home/dolphiinn/ros2_ws/install/px4_msgs/include/px4_msgs/px4_msgs/msg/detail/internal_combustion_engine_status__type_support.hpp\n'}
[3.522989] (px4_msgs) StdoutLine: {'line': b'-- Up-to-date symlink: /home/dolphiinn/ros2_ws/install/px4_msgs/include/px4_msgs/px4_msgs/msg/detail/iridiumsbd_status__builder.hpp\n'}
[3.523607] (px4_msgs) StdoutLine: {'line': b'-- Up-to-date symlink: /home/dolphiinn/ros2_ws/install/px4_msgs/include/px4_msgs/px4_msgs/msg/detail/iridiumsbd_status__struct.hpp\n'}
[3.524100] (px4_msgs) StdoutLine: {'line': b'-- Up-to-date symlink: /home/dolphiinn/ros2_ws/install/px4_msgs/include/px4_msgs/px4_msgs/msg/detail/iridiumsbd_status__traits.hpp\n'}
[3.524585] (px4_msgs) StdoutLine: {'line': b'-- Up-to-date symlink: /home/dolphiinn/ros2_ws/install/px4_msgs/include/px4_msgs/px4_msgs/msg/detail/iridiumsbd_status__type_support.hpp\n'}
[3.525102] (px4_msgs) StdoutLine: {'line': b'-- Up-to-date symlink: /home/dolphiinn/ros2_ws/install/px4_msgs/include/px4_msgs/px4_msgs/msg/detail/irlock_report__builder.hpp\n'}
[3.525506] (px4_msgs) StdoutLine: {'line': b'-- Up-to-date symlink: /home/dolphiinn/ros2_ws/install/px4_msgs/include/px4_msgs/px4_msgs/msg/detail/irlock_report__struct.hpp\n'}
[3.525941] (px4_msgs) StdoutLine: {'line': b'-- Up-to-date symlink: /home/dolphiinn/ros2_ws/install/px4_msgs/include/px4_msgs/px4_msgs/msg/detail/irlock_report__traits.hpp\n'}
[3.526379] (px4_msgs) StdoutLine: {'line': b'-- Up-to-date symlink: /home/dolphiinn/ros2_ws/install/px4_msgs/include/px4_msgs/px4_msgs/msg/detail/irlock_report__type_support.hpp\n'}
[3.526922] (px4_msgs) StdoutLine: {'line': b'-- Up-to-date symlink: /home/dolphiinn/ros2_ws/install/px4_msgs/include/px4_msgs/px4_msgs/msg/detail/landing_gear__builder.hpp\n'}
[3.527286] (px4_msgs) StdoutLine: {'line': b'-- Up-to-date symlink: /home/dolphiinn/ros2_ws/install/px4_msgs/include/px4_msgs/px4_msgs/msg/detail/landing_gear__struct.hpp\n'}
[3.527650] (px4_msgs) StdoutLine: {'line': b'-- Up-to-date symlink: /home/dolphiinn/ros2_ws/install/px4_msgs/include/px4_msgs/px4_msgs/msg/detail/landing_gear__traits.hpp\n'}
[3.527956] (px4_msgs) StdoutLine: {'line': b'-- Up-to-date symlink: /home/dolphiinn/ros2_ws/install/px4_msgs/include/px4_msgs/px4_msgs/msg/detail/landing_gear__type_support.hpp\n'}
[3.528289] (px4_msgs) StdoutLine: {'line': b'-- Up-to-date symlink: /home/dolphiinn/ros2_ws/install/px4_msgs/include/px4_msgs/px4_msgs/msg/detail/landing_gear_wheel__builder.hpp\n'}
[3.528608] (px4_msgs) StdoutLine: {'line': b'-- Up-to-date symlink: /home/dolphiinn/ros2_ws/install/px4_msgs/include/px4_msgs/px4_msgs/msg/detail/landing_gear_wheel__struct.hpp\n'}
[3.529154] (px4_msgs) StdoutLine: {'line': b'-- Up-to-date symlink: /home/dolphiinn/ros2_ws/install/px4_msgs/include/px4_msgs/px4_msgs/msg/detail/landing_gear_wheel__traits.hpp\n'}
[3.529534] (px4_msgs) StdoutLine: {'line': b'-- Up-to-date symlink: /home/dolphiinn/ros2_ws/install/px4_msgs/include/px4_msgs/px4_msgs/msg/detail/landing_gear_wheel__type_support.hpp\n'}
[3.530218] (px4_msgs) StdoutLine: {'line': b'-- Up-to-date symlink: /home/dolphiinn/ros2_ws/install/px4_msgs/include/px4_msgs/px4_msgs/msg/detail/landing_target_innovations__builder.hpp\n'}
[3.530707] (px4_msgs) StdoutLine: {'line': b'-- Up-to-date symlink: /home/dolphiinn/ros2_ws/install/px4_msgs/include/px4_msgs/px4_msgs/msg/detail/landing_target_innovations__struct.hpp\n'}
[3.530996] (px4_msgs) StdoutLine: {'line': b'-- Up-to-date symlink: /home/dolphiinn/ros2_ws/install/px4_msgs/include/px4_msgs/px4_msgs/msg/detail/landing_target_innovations__traits.hpp\n'}
[3.531266] (px4_msgs) StdoutLine: {'line': b'-- Up-to-date symlink: /home/dolphiinn/ros2_ws/install/px4_msgs/include/px4_msgs/px4_msgs/msg/detail/landing_target_innovations__type_support.hpp\n'}
[3.531746] (px4_msgs) StdoutLine: {'line': b'-- Up-to-date symlink: /home/dolphiinn/ros2_ws/install/px4_msgs/include/px4_msgs/px4_msgs/msg/detail/landing_target_pose__builder.hpp\n'}
[3.532163] (px4_msgs) StdoutLine: {'line': b'-- Up-to-date symlink: /home/dolphiinn/ros2_ws/install/px4_msgs/include/px4_msgs/px4_msgs/msg/detail/landing_target_pose__struct.hpp\n'}
[3.532438] (px4_msgs) StdoutLine: {'line': b'-- Up-to-date symlink: /home/dolphiinn/ros2_ws/install/px4_msgs/include/px4_msgs/px4_msgs/msg/detail/landing_target_pose__traits.hpp\n'}
[3.532879] (px4_msgs) StdoutLine: {'line': b'-- Up-to-date symlink: /home/dolphiinn/ros2_ws/install/px4_msgs/include/px4_msgs/px4_msgs/msg/detail/landing_target_pose__type_support.hpp\n'}
[3.533286] (px4_msgs) StdoutLine: {'line': b'-- Up-to-date symlink: /home/dolphiinn/ros2_ws/install/px4_msgs/include/px4_msgs/px4_msgs/msg/detail/lateral_control_configuration__builder.hpp\n'}
[3.533925] (px4_msgs) StdoutLine: {'line': b'-- Up-to-date symlink: /home/dolphiinn/ros2_ws/install/px4_msgs/include/px4_msgs/px4_msgs/msg/detail/lateral_control_configuration__struct.hpp\n'}
[3.534229] (px4_msgs) StdoutLine: {'line': b'-- Up-to-date symlink: /home/dolphiinn/ros2_ws/install/px4_msgs/include/px4_msgs/px4_msgs/msg/detail/lateral_control_configuration__traits.hpp\n'}
[3.534462] (px4_msgs) StdoutLine: {'line': b'-- Up-to-date symlink: /home/dolphiinn/ros2_ws/install/px4_msgs/include/px4_msgs/px4_msgs/msg/detail/lateral_control_configuration__type_support.hpp\n'}
[3.535407] (px4_msgs) StdoutLine: {'line': b'-- Up-to-date symlink: /home/dolphiinn/ros2_ws/install/px4_msgs/include/px4_msgs/px4_msgs/msg/detail/launch_detection_status__builder.hpp\n'}
[3.535671] (px4_msgs) StdoutLine: {'line': b'-- Up-to-date symlink: /home/dolphiinn/ros2_ws/install/px4_msgs/include/px4_msgs/px4_msgs/msg/detail/launch_detection_status__struct.hpp\n'}
[3.535762] (px4_msgs) StdoutLine: {'line': b'-- Up-to-date symlink: /home/dolphiinn/ros2_ws/install/px4_msgs/include/px4_msgs/px4_msgs/msg/detail/launch_detection_status__traits.hpp\n'}
[3.535907] (px4_msgs) StdoutLine: {'line': b'-- Up-to-date symlink: /home/dolphiinn/ros2_ws/install/px4_msgs/include/px4_msgs/px4_msgs/msg/detail/launch_detection_status__type_support.hpp\n'}
[3.536194] (px4_msgs) StdoutLine: {'line': b'-- Up-to-date symlink: /home/dolphiinn/ros2_ws/install/px4_msgs/include/px4_msgs/px4_msgs/msg/detail/led_control__builder.hpp\n'}
[3.536508] (px4_msgs) StdoutLine: {'line': b'-- Up-to-date symlink: /home/dolphiinn/ros2_ws/install/px4_msgs/include/px4_msgs/px4_msgs/msg/detail/led_control__struct.hpp\n'}
[3.536846] (px4_msgs) StdoutLine: {'line': b'-- Up-to-date symlink: /home/dolphiinn/ros2_ws/install/px4_msgs/include/px4_msgs/px4_msgs/msg/detail/led_control__traits.hpp\n'}
[3.537591] (px4_msgs) StdoutLine: {'line': b'-- Up-to-date symlink: /home/dolphiinn/ros2_ws/install/px4_msgs/include/px4_msgs/px4_msgs/msg/detail/led_control__type_support.hpp\n'}
[3.538387] (px4_msgs) StdoutLine: {'line': b'-- Up-to-date symlink: /home/dolphiinn/ros2_ws/install/px4_msgs/include/px4_msgs/px4_msgs/msg/detail/log_message__builder.hpp\n'}
[3.538980] (px4_msgs) StdoutLine: {'line': b'-- Up-to-date symlink: /home/dolphiinn/ros2_ws/install/px4_msgs/include/px4_msgs/px4_msgs/msg/detail/log_message__struct.hpp\n'}
[3.539291] (px4_msgs) StdoutLine: {'line': b'-- Up-to-date symlink: /home/dolphiinn/ros2_ws/install/px4_msgs/include/px4_msgs/px4_msgs/msg/detail/log_message__traits.hpp\n'}
[3.539785] (px4_msgs) StdoutLine: {'line': b'-- Up-to-date symlink: /home/dolphiinn/ros2_ws/install/px4_msgs/include/px4_msgs/px4_msgs/msg/detail/log_message__type_support.hpp\n'}
[3.540005] (px4_msgs) StdoutLine: {'line': b'-- Up-to-date symlink: /home/dolphiinn/ros2_ws/install/px4_msgs/include/px4_msgs/px4_msgs/msg/detail/logger_status__builder.hpp\n'}
[3.540176] (px4_msgs) StdoutLine: {'line': b'-- Up-to-date symlink: /home/dolphiinn/ros2_ws/install/px4_msgs/include/px4_msgs/px4_msgs/msg/detail/logger_status__struct.hpp\n'}
[3.540434] (px4_msgs) StdoutLine: {'line': b'-- Up-to-date symlink: /home/dolphiinn/ros2_ws/install/px4_msgs/include/px4_msgs/px4_msgs/msg/detail/logger_status__traits.hpp\n'}
[3.540671] (px4_msgs) StdoutLine: {'line': b'-- Up-to-date symlink: /home/dolphiinn/ros2_ws/install/px4_msgs/include/px4_msgs/px4_msgs/msg/detail/logger_status__type_support.hpp\n'}
[3.540997] (px4_msgs) StdoutLine: {'line': b'-- Up-to-date symlink: /home/dolphiinn/ros2_ws/install/px4_msgs/include/px4_msgs/px4_msgs/msg/detail/longitudinal_control_configuration__builder.hpp\n'}
[3.541326] (px4_msgs) StdoutLine: {'line': b'-- Up-to-date symlink: /home/dolphiinn/ros2_ws/install/px4_msgs/include/px4_msgs/px4_msgs/msg/detail/longitudinal_control_configuration__struct.hpp\n'}
[3.541716] (px4_msgs) StdoutLine: {'line': b'-- Up-to-date symlink: /home/dolphiinn/ros2_ws/install/px4_msgs/include/px4_msgs/px4_msgs/msg/detail/longitudinal_control_configuration__traits.hpp\n'}
[3.542016] (px4_msgs) StdoutLine: {'line': b'-- Up-to-date symlink: /home/dolphiinn/ros2_ws/install/px4_msgs/include/px4_msgs/px4_msgs/msg/detail/longitudinal_control_configuration__type_support.hpp\n'}
[3.542521] (px4_msgs) StdoutLine: {'line': b'-- Up-to-date symlink: /home/dolphiinn/ros2_ws/install/px4_msgs/include/px4_msgs/px4_msgs/msg/detail/mag_worker_data__builder.hpp\n'}
[3.542917] (px4_msgs) StdoutLine: {'line': b'-- Up-to-date symlink: /home/dolphiinn/ros2_ws/install/px4_msgs/include/px4_msgs/px4_msgs/msg/detail/mag_worker_data__struct.hpp\n'}
[3.543323] (px4_msgs) StdoutLine: {'line': b'-- Up-to-date symlink: /home/dolphiinn/ros2_ws/install/px4_msgs/include/px4_msgs/px4_msgs/msg/detail/mag_worker_data__traits.hpp\n'}
[3.543592] (px4_msgs) StdoutLine: {'line': b'-- Up-to-date symlink: /home/dolphiinn/ros2_ws/install/px4_msgs/include/px4_msgs/px4_msgs/msg/detail/mag_worker_data__type_support.hpp\n'}
[3.544048] (px4_msgs) StdoutLine: {'line': b'-- Up-to-date symlink: /home/dolphiinn/ros2_ws/install/px4_msgs/include/px4_msgs/px4_msgs/msg/detail/magnetometer_bias_estimate__builder.hpp\n'}
[3.544313] (px4_msgs) StdoutLine: {'line': b'-- Up-to-date symlink: /home/dolphiinn/ros2_ws/install/px4_msgs/include/px4_msgs/px4_msgs/msg/detail/magnetometer_bias_estimate__struct.hpp\n'}
[3.544656] (px4_msgs) StdoutLine: {'line': b'-- Up-to-date symlink: /home/dolphiinn/ros2_ws/install/px4_msgs/include/px4_msgs/px4_msgs/msg/detail/magnetometer_bias_estimate__traits.hpp\n'}
[3.545219] (px4_msgs) StdoutLine: {'line': b'-- Up-to-date symlink: /home/dolphiinn/ros2_ws/install/px4_msgs/include/px4_msgs/px4_msgs/msg/detail/magnetometer_bias_estimate__type_support.hpp\n'}
[3.545890] (px4_msgs) StdoutLine: {'line': b'-- Up-to-date symlink: /home/dolphiinn/ros2_ws/install/px4_msgs/include/px4_msgs/px4_msgs/msg/detail/manual_control_setpoint__builder.hpp\n'}
[3.546232] (px4_msgs) StdoutLine: {'line': b'-- Up-to-date symlink: /home/dolphiinn/ros2_ws/install/px4_msgs/include/px4_msgs/px4_msgs/msg/detail/manual_control_setpoint__struct.hpp\n'}
[3.547095] (px4_msgs) StdoutLine: {'line': b'-- Up-to-date symlink: /home/dolphiinn/ros2_ws/install/px4_msgs/include/px4_msgs/px4_msgs/msg/detail/manual_control_setpoint__traits.hpp\n'}
[3.547563] (px4_msgs) StdoutLine: {'line': b'-- Up-to-date symlink: /home/dolphiinn/ros2_ws/install/px4_msgs/include/px4_msgs/px4_msgs/msg/detail/manual_control_setpoint__type_support.hpp\n'}
[3.548083] (px4_msgs) StdoutLine: {'line': b'-- Up-to-date symlink: /home/dolphiinn/ros2_ws/install/px4_msgs/include/px4_msgs/px4_msgs/msg/detail/manual_control_switches__builder.hpp\n'}
[3.548359] (px4_msgs) StdoutLine: {'line': b'-- Up-to-date symlink: /home/dolphiinn/ros2_ws/install/px4_msgs/include/px4_msgs/px4_msgs/msg/detail/manual_control_switches__struct.hpp\n'}
[3.549755] (px4_msgs) StdoutLine: {'line': b'-- Up-to-date symlink: /home/dolphiinn/ros2_ws/install/px4_msgs/include/px4_msgs/px4_msgs/msg/detail/manual_control_switches__traits.hpp\n'}
[3.550100] (px4_msgs) StdoutLine: {'line': b'-- Up-to-date symlink: /home/dolphiinn/ros2_ws/install/px4_msgs/include/px4_msgs/px4_msgs/msg/detail/manual_control_switches__type_support.hpp\n'}
[3.550361] (px4_msgs) StdoutLine: {'line': b'-- Up-to-date symlink: /home/dolphiinn/ros2_ws/install/px4_msgs/include/px4_msgs/px4_msgs/msg/detail/mavlink_log__builder.hpp\n'}
[3.550696] (px4_msgs) StdoutLine: {'line': b'-- Up-to-date symlink: /home/dolphiinn/ros2_ws/install/px4_msgs/include/px4_msgs/px4_msgs/msg/detail/mavlink_log__struct.hpp\n'}
[3.551073] (px4_msgs) StdoutLine: {'line': b'-- Up-to-date symlink: /home/dolphiinn/ros2_ws/install/px4_msgs/include/px4_msgs/px4_msgs/msg/detail/mavlink_log__traits.hpp\n'}
[3.551675] (px4_msgs) StdoutLine: {'line': b'-- Up-to-date symlink: /home/dolphiinn/ros2_ws/install/px4_msgs/include/px4_msgs/px4_msgs/msg/detail/mavlink_log__type_support.hpp\n'}
[3.552086] (px4_msgs) StdoutLine: {'line': b'-- Up-to-date symlink: /home/dolphiinn/ros2_ws/install/px4_msgs/include/px4_msgs/px4_msgs/msg/detail/mavlink_tunnel__builder.hpp\n'}
[3.552417] (px4_msgs) StdoutLine: {'line': b'-- Up-to-date symlink: /home/dolphiinn/ros2_ws/install/px4_msgs/include/px4_msgs/px4_msgs/msg/detail/mavlink_tunnel__struct.hpp\n'}
[3.552761] (px4_msgs) StdoutLine: {'line': b'-- Up-to-date symlink: /home/dolphiinn/ros2_ws/install/px4_msgs/include/px4_msgs/px4_msgs/msg/detail/mavlink_tunnel__traits.hpp\n'}
[3.553015] (px4_msgs) StdoutLine: {'line': b'-- Up-to-date symlink: /home/dolphiinn/ros2_ws/install/px4_msgs/include/px4_msgs/px4_msgs/msg/detail/mavlink_tunnel__type_support.hpp\n'}
[3.553314] (px4_msgs) StdoutLine: {'line': b'-- Up-to-date symlink: /home/dolphiinn/ros2_ws/install/px4_msgs/include/px4_msgs/px4_msgs/msg/detail/message_format_request__builder.hpp\n'}
[3.553730] (px4_msgs) StdoutLine: {'line': b'-- Up-to-date symlink: /home/dolphiinn/ros2_ws/install/px4_msgs/include/px4_msgs/px4_msgs/msg/detail/message_format_request__struct.hpp\n'}
[3.554316] (px4_msgs) StdoutLine: {'line': b'-- Up-to-date symlink: /home/dolphiinn/ros2_ws/install/px4_msgs/include/px4_msgs/px4_msgs/msg/detail/message_format_request__traits.hpp\n'}
[3.554932] (px4_msgs) StdoutLine: {'line': b'-- Up-to-date symlink: /home/dolphiinn/ros2_ws/install/px4_msgs/include/px4_msgs/px4_msgs/msg/detail/message_format_request__type_support.hpp\n'}
[3.555235] (px4_msgs) StdoutLine: {'line': b'-- Up-to-date symlink: /home/dolphiinn/ros2_ws/install/px4_msgs/include/px4_msgs/px4_msgs/msg/detail/message_format_response__builder.hpp\n'}
[3.555601] (px4_msgs) StdoutLine: {'line': b'-- Up-to-date symlink: /home/dolphiinn/ros2_ws/install/px4_msgs/include/px4_msgs/px4_msgs/msg/detail/message_format_response__struct.hpp\n'}
[3.555848] (px4_msgs) StdoutLine: {'line': b'-- Up-to-date symlink: /home/dolphiinn/ros2_ws/install/px4_msgs/include/px4_msgs/px4_msgs/msg/detail/message_format_response__traits.hpp\n'}
[3.556118] (px4_msgs) StdoutLine: {'line': b'-- Up-to-date symlink: /home/dolphiinn/ros2_ws/install/px4_msgs/include/px4_msgs/px4_msgs/msg/detail/message_format_response__type_support.hpp\n'}
[3.556462] (px4_msgs) StdoutLine: {'line': b'-- Up-to-date symlink: /home/dolphiinn/ros2_ws/install/px4_msgs/include/px4_msgs/px4_msgs/msg/detail/mission__builder.hpp\n'}
[3.556845] (px4_msgs) StdoutLine: {'line': b'-- Up-to-date symlink: /home/dolphiinn/ros2_ws/install/px4_msgs/include/px4_msgs/px4_msgs/msg/detail/mission__struct.hpp\n'}
[3.557149] (px4_msgs) StdoutLine: {'line': b'-- Up-to-date symlink: /home/dolphiinn/ros2_ws/install/px4_msgs/include/px4_msgs/px4_msgs/msg/detail/mission__traits.hpp\n'}
[3.557513] (px4_msgs) StdoutLine: {'line': b'-- Up-to-date symlink: /home/dolphiinn/ros2_ws/install/px4_msgs/include/px4_msgs/px4_msgs/msg/detail/mission__type_support.hpp\n'}
[3.557932] (px4_msgs) StdoutLine: {'line': b'-- Up-to-date symlink: /home/dolphiinn/ros2_ws/install/px4_msgs/include/px4_msgs/px4_msgs/msg/detail/mission_result__builder.hpp\n'}
[3.558250] (px4_msgs) StdoutLine: {'line': b'-- Up-to-date symlink: /home/dolphiinn/ros2_ws/install/px4_msgs/include/px4_msgs/px4_msgs/msg/detail/mission_result__struct.hpp\n'}
[3.558693] (px4_msgs) StdoutLine: {'line': b'-- Up-to-date symlink: /home/dolphiinn/ros2_ws/install/px4_msgs/include/px4_msgs/px4_msgs/msg/detail/mission_result__traits.hpp\n'}
[3.559175] (px4_msgs) StdoutLine: {'line': b'-- Up-to-date symlink: /home/dolphiinn/ros2_ws/install/px4_msgs/include/px4_msgs/px4_msgs/msg/detail/mission_result__type_support.hpp\n'}
[3.559422] (px4_msgs) StdoutLine: {'line': b'-- Up-to-date symlink: /home/dolphiinn/ros2_ws/install/px4_msgs/include/px4_msgs/px4_msgs/msg/detail/mode_completed__builder.hpp\n'}
[3.559741] (px4_msgs) StdoutLine: {'line': b'-- Up-to-date symlink: /home/dolphiinn/ros2_ws/install/px4_msgs/include/px4_msgs/px4_msgs/msg/detail/mode_completed__struct.hpp\n'}
[3.560074] (px4_msgs) StdoutLine: {'line': b'-- Up-to-date symlink: /home/dolphiinn/ros2_ws/install/px4_msgs/include/px4_msgs/px4_msgs/msg/detail/mode_completed__traits.hpp\n'}
[3.560396] (px4_msgs) StdoutLine: {'line': b'-- Up-to-date symlink: /home/dolphiinn/ros2_ws/install/px4_msgs/include/px4_msgs/px4_msgs/msg/detail/mode_completed__type_support.hpp\n'}
[3.561172] (px4_msgs) StdoutLine: {'line': b'-- Up-to-date symlink: /home/dolphiinn/ros2_ws/install/px4_msgs/include/px4_msgs/px4_msgs/msg/detail/mount_orientation__builder.hpp\n'}
[3.561408] (px4_msgs) StdoutLine: {'line': b'-- Up-to-date symlink: /home/dolphiinn/ros2_ws/install/px4_msgs/include/px4_msgs/px4_msgs/msg/detail/mount_orientation__struct.hpp\n'}
[3.561779] (px4_msgs) StdoutLine: {'line': b'-- Up-to-date symlink: /home/dolphiinn/ros2_ws/install/px4_msgs/include/px4_msgs/px4_msgs/msg/detail/mount_orientation__traits.hpp\n'}
[3.562411] (px4_msgs) StdoutLine: {'line': b'-- Up-to-date symlink: /home/dolphiinn/ros2_ws/install/px4_msgs/include/px4_msgs/px4_msgs/msg/detail/mount_orientation__type_support.hpp\n'}
[3.562745] (px4_msgs) StdoutLine: {'line': b'-- Up-to-date symlink: /home/dolphiinn/ros2_ws/install/px4_msgs/include/px4_msgs/px4_msgs/msg/detail/navigator_mission_item__builder.hpp\n'}
[3.563121] (px4_msgs) StdoutLine: {'line': b'-- Up-to-date symlink: /home/dolphiinn/ros2_ws/install/px4_msgs/include/px4_msgs/px4_msgs/msg/detail/navigator_mission_item__struct.hpp\n'}
[3.563468] (px4_msgs) StdoutLine: {'line': b'-- Up-to-date symlink: /home/dolphiinn/ros2_ws/install/px4_msgs/include/px4_msgs/px4_msgs/msg/detail/navigator_mission_item__traits.hpp\n'}
[3.563778] (px4_msgs) StdoutLine: {'line': b'-- Up-to-date symlink: /home/dolphiinn/ros2_ws/install/px4_msgs/include/px4_msgs/px4_msgs/msg/detail/navigator_mission_item__type_support.hpp\n'}
[3.564092] (px4_msgs) StdoutLine: {'line': b'-- Up-to-date symlink: /home/dolphiinn/ros2_ws/install/px4_msgs/include/px4_msgs/px4_msgs/msg/detail/navigator_status__builder.hpp\n'}
[3.564309] (px4_msgs) StdoutLine: {'line': b'-- Up-to-date symlink: /home/dolphiinn/ros2_ws/install/px4_msgs/include/px4_msgs/px4_msgs/msg/detail/navigator_status__struct.hpp\n'}
[3.564588] (px4_msgs) StdoutLine: {'line': b'-- Up-to-date symlink: /home/dolphiinn/ros2_ws/install/px4_msgs/include/px4_msgs/px4_msgs/msg/detail/navigator_status__traits.hpp\n'}
[3.565140] (px4_msgs) StdoutLine: {'line': b'-- Up-to-date symlink: /home/dolphiinn/ros2_ws/install/px4_msgs/include/px4_msgs/px4_msgs/msg/detail/navigator_status__type_support.hpp\n'}
[3.565516] (px4_msgs) StdoutLine: {'line': b'-- Up-to-date symlink: /home/dolphiinn/ros2_ws/install/px4_msgs/include/px4_msgs/px4_msgs/msg/detail/neural_control__builder.hpp\n'}
[3.566059] (px4_msgs) StdoutLine: {'line': b'-- Up-to-date symlink: /home/dolphiinn/ros2_ws/install/px4_msgs/include/px4_msgs/px4_msgs/msg/detail/neural_control__struct.hpp\n'}
[3.566374] (px4_msgs) StdoutLine: {'line': b'-- Up-to-date symlink: /home/dolphiinn/ros2_ws/install/px4_msgs/include/px4_msgs/px4_msgs/msg/detail/neural_control__traits.hpp\n'}
[3.566697] (px4_msgs) StdoutLine: {'line': b'-- Up-to-date symlink: /home/dolphiinn/ros2_ws/install/px4_msgs/include/px4_msgs/px4_msgs/msg/detail/neural_control__type_support.hpp\n'}
[3.567151] (px4_msgs) StdoutLine: {'line': b'-- Up-to-date symlink: /home/dolphiinn/ros2_ws/install/px4_msgs/include/px4_msgs/px4_msgs/msg/detail/normalized_unsigned_setpoint__builder.hpp\n'}
[3.567509] (px4_msgs) StdoutLine: {'line': b'-- Up-to-date symlink: /home/dolphiinn/ros2_ws/install/px4_msgs/include/px4_msgs/px4_msgs/msg/detail/normalized_unsigned_setpoint__struct.hpp\n'}
[3.567838] (px4_msgs) StdoutLine: {'line': b'-- Up-to-date symlink: /home/dolphiinn/ros2_ws/install/px4_msgs/include/px4_msgs/px4_msgs/msg/detail/normalized_unsigned_setpoint__traits.hpp\n'}
[3.568149] (px4_msgs) StdoutLine: {'line': b'-- Up-to-date symlink: /home/dolphiinn/ros2_ws/install/px4_msgs/include/px4_msgs/px4_msgs/msg/detail/normalized_unsigned_setpoint__type_support.hpp\n'}
[3.568559] (px4_msgs) StdoutLine: {'line': b'-- Up-to-date symlink: /home/dolphiinn/ros2_ws/install/px4_msgs/include/px4_msgs/px4_msgs/msg/detail/obstacle_distance__builder.hpp\n'}
[3.568835] (px4_msgs) StdoutLine: {'line': b'-- Up-to-date symlink: /home/dolphiinn/ros2_ws/install/px4_msgs/include/px4_msgs/px4_msgs/msg/detail/obstacle_distance__struct.hpp\n'}
[3.569933] (px4_msgs) StdoutLine: {'line': b'-- Up-to-date symlink: /home/dolphiinn/ros2_ws/install/px4_msgs/include/px4_msgs/px4_msgs/msg/detail/obstacle_distance__traits.hpp\n'}
[3.570516] (px4_msgs) StdoutLine: {'line': b'-- Up-to-date symlink: /home/dolphiinn/ros2_ws/install/px4_msgs/include/px4_msgs/px4_msgs/msg/detail/obstacle_distance__type_support.hpp\n'}
[3.570810] (px4_msgs) StdoutLine: {'line': b'-- Up-to-date symlink: /home/dolphiinn/ros2_ws/install/px4_msgs/include/px4_msgs/px4_msgs/msg/detail/offboard_control_mode__builder.hpp\n'}
[3.571092] (px4_msgs) StdoutLine: {'line': b'-- Up-to-date symlink: /home/dolphiinn/ros2_ws/install/px4_msgs/include/px4_msgs/px4_msgs/msg/detail/offboard_control_mode__struct.hpp\n'}
[3.571423] (px4_msgs) StdoutLine: {'line': b'-- Up-to-date symlink: /home/dolphiinn/ros2_ws/install/px4_msgs/include/px4_msgs/px4_msgs/msg/detail/offboard_control_mode__traits.hpp\n'}
[3.571862] (px4_msgs) StdoutLine: {'line': b'-- Up-to-date symlink: /home/dolphiinn/ros2_ws/install/px4_msgs/include/px4_msgs/px4_msgs/msg/detail/offboard_control_mode__type_support.hpp\n'}
[3.572412] (px4_msgs) StdoutLine: {'line': b'-- Up-to-date symlink: /home/dolphiinn/ros2_ws/install/px4_msgs/include/px4_msgs/px4_msgs/msg/detail/onboard_computer_status__builder.hpp\n'}
[3.572743] (px4_msgs) StdoutLine: {'line': b'-- Up-to-date symlink: /home/dolphiinn/ros2_ws/install/px4_msgs/include/px4_msgs/px4_msgs/msg/detail/onboard_computer_status__struct.hpp\n'}
[3.573038] (px4_msgs) StdoutLine: {'line': b'-- Up-to-date symlink: /home/dolphiinn/ros2_ws/install/px4_msgs/include/px4_msgs/px4_msgs/msg/detail/onboard_computer_status__traits.hpp\n'}
[3.573335] (px4_msgs) StdoutLine: {'line': b'-- Up-to-date symlink: /home/dolphiinn/ros2_ws/install/px4_msgs/include/px4_msgs/px4_msgs/msg/detail/onboard_computer_status__type_support.hpp\n'}
[3.573609] (px4_msgs) StdoutLine: {'line': b'-- Up-to-date symlink: /home/dolphiinn/ros2_ws/install/px4_msgs/include/px4_msgs/px4_msgs/msg/detail/open_drone_id_arm_status__builder.hpp\n'}
[3.574006] (px4_msgs) StdoutLine: {'line': b'-- Up-to-date symlink: /home/dolphiinn/ros2_ws/install/px4_msgs/include/px4_msgs/px4_msgs/msg/detail/open_drone_id_arm_status__struct.hpp\n'}
[3.574418] (px4_msgs) StdoutLine: {'line': b'-- Up-to-date symlink: /home/dolphiinn/ros2_ws/install/px4_msgs/include/px4_msgs/px4_msgs/msg/detail/open_drone_id_arm_status__traits.hpp\n'}
[3.575615] (px4_msgs) StdoutLine: {'line': b'-- Up-to-date symlink: /home/dolphiinn/ros2_ws/install/px4_msgs/include/px4_msgs/px4_msgs/msg/detail/open_drone_id_arm_status__type_support.hpp\n'}
[3.575922] (px4_msgs) StdoutLine: {'line': b'-- Up-to-date symlink: /home/dolphiinn/ros2_ws/install/px4_msgs/include/px4_msgs/px4_msgs/msg/detail/open_drone_id_operator_id__builder.hpp\n'}
[3.576166] (px4_msgs) StdoutLine: {'line': b'-- Up-to-date symlink: /home/dolphiinn/ros2_ws/install/px4_msgs/include/px4_msgs/px4_msgs/msg/detail/open_drone_id_operator_id__struct.hpp\n'}
[3.576432] (px4_msgs) StdoutLine: {'line': b'-- Up-to-date symlink: /home/dolphiinn/ros2_ws/install/px4_msgs/include/px4_msgs/px4_msgs/msg/detail/open_drone_id_operator_id__traits.hpp\n'}
[3.576876] (px4_msgs) StdoutLine: {'line': b'-- Up-to-date symlink: /home/dolphiinn/ros2_ws/install/px4_msgs/include/px4_msgs/px4_msgs/msg/detail/open_drone_id_operator_id__type_support.hpp\n'}
[3.577406] (px4_msgs) StdoutLine: {'line': b'-- Up-to-date symlink: /home/dolphiinn/ros2_ws/install/px4_msgs/include/px4_msgs/px4_msgs/msg/detail/open_drone_id_self_id__builder.hpp\n'}
[3.577804] (px4_msgs) StdoutLine: {'line': b'-- Up-to-date symlink: /home/dolphiinn/ros2_ws/install/px4_msgs/include/px4_msgs/px4_msgs/msg/detail/open_drone_id_self_id__struct.hpp\n'}
[3.578126] (px4_msgs) StdoutLine: {'line': b'-- Up-to-date symlink: /home/dolphiinn/ros2_ws/install/px4_msgs/include/px4_msgs/px4_msgs/msg/detail/open_drone_id_self_id__traits.hpp\n'}
[3.578497] (px4_msgs) StdoutLine: {'line': b'-- Up-to-date symlink: /home/dolphiinn/ros2_ws/install/px4_msgs/include/px4_msgs/px4_msgs/msg/detail/open_drone_id_self_id__type_support.hpp\n'}
[3.578858] (px4_msgs) StdoutLine: {'line': b'-- Up-to-date symlink: /home/dolphiinn/ros2_ws/install/px4_msgs/include/px4_msgs/px4_msgs/msg/detail/open_drone_id_system__builder.hpp\n'}
[3.579101] (px4_msgs) StdoutLine: {'line': b'-- Up-to-date symlink: /home/dolphiinn/ros2_ws/install/px4_msgs/include/px4_msgs/px4_msgs/msg/detail/open_drone_id_system__struct.hpp\n'}
[3.580155] (px4_msgs) StdoutLine: {'line': b'-- Up-to-date symlink: /home/dolphiinn/ros2_ws/install/px4_msgs/include/px4_msgs/px4_msgs/msg/detail/open_drone_id_system__traits.hpp\n'}
[3.580370] (px4_msgs) StdoutLine: {'line': b'-- Up-to-date symlink: /home/dolphiinn/ros2_ws/install/px4_msgs/include/px4_msgs/px4_msgs/msg/detail/open_drone_id_system__type_support.hpp\n'}
[3.580494] (px4_msgs) StdoutLine: {'line': b'-- Up-to-date symlink: /home/dolphiinn/ros2_ws/install/px4_msgs/include/px4_msgs/px4_msgs/msg/detail/orb_test__builder.hpp\n'}
[3.580709] (px4_msgs) StdoutLine: {'line': b'-- Up-to-date symlink: /home/dolphiinn/ros2_ws/install/px4_msgs/include/px4_msgs/px4_msgs/msg/detail/orb_test__struct.hpp\n'}
[3.580962] (px4_msgs) StdoutLine: {'line': b'-- Up-to-date symlink: /home/dolphiinn/ros2_ws/install/px4_msgs/include/px4_msgs/px4_msgs/msg/detail/orb_test__traits.hpp\n'}
[3.581285] (px4_msgs) StdoutLine: {'line': b'-- Up-to-date symlink: /home/dolphiinn/ros2_ws/install/px4_msgs/include/px4_msgs/px4_msgs/msg/detail/orb_test__type_support.hpp\n'}
[3.582118] (px4_msgs) StdoutLine: {'line': b'-- Up-to-date symlink: /home/dolphiinn/ros2_ws/install/px4_msgs/include/px4_msgs/px4_msgs/msg/detail/orb_test_large__builder.hpp\n'}
[3.582395] (px4_msgs) StdoutLine: {'line': b'-- Up-to-date symlink: /home/dolphiinn/ros2_ws/install/px4_msgs/include/px4_msgs/px4_msgs/msg/detail/orb_test_large__struct.hpp\n'}
[3.582686] (px4_msgs) StdoutLine: {'line': b'-- Up-to-date symlink: /home/dolphiinn/ros2_ws/install/px4_msgs/include/px4_msgs/px4_msgs/msg/detail/orb_test_large__traits.hpp\n'}
[3.582905] (px4_msgs) StdoutLine: {'line': b'-- Up-to-date symlink: /home/dolphiinn/ros2_ws/install/px4_msgs/include/px4_msgs/px4_msgs/msg/detail/orb_test_large__type_support.hpp\n'}
[3.583102] (px4_msgs) StdoutLine: {'line': b'-- Up-to-date symlink: /home/dolphiinn/ros2_ws/install/px4_msgs/include/px4_msgs/px4_msgs/msg/detail/orb_test_medium__builder.hpp\n'}
[3.583626] (px4_msgs) StdoutLine: {'line': b'-- Up-to-date symlink: /home/dolphiinn/ros2_ws/install/px4_msgs/include/px4_msgs/px4_msgs/msg/detail/orb_test_medium__struct.hpp\n'}
[3.583947] (px4_msgs) StdoutLine: {'line': b'-- Up-to-date symlink: /home/dolphiinn/ros2_ws/install/px4_msgs/include/px4_msgs/px4_msgs/msg/detail/orb_test_medium__traits.hpp\n'}
[3.584156] (px4_msgs) StdoutLine: {'line': b'-- Up-to-date symlink: /home/dolphiinn/ros2_ws/install/px4_msgs/include/px4_msgs/px4_msgs/msg/detail/orb_test_medium__type_support.hpp\n'}
[3.584496] (px4_msgs) StdoutLine: {'line': b'-- Up-to-date symlink: /home/dolphiinn/ros2_ws/install/px4_msgs/include/px4_msgs/px4_msgs/msg/detail/orbit_status__builder.hpp\n'}
[3.584817] (px4_msgs) StdoutLine: {'line': b'-- Up-to-date symlink: /home/dolphiinn/ros2_ws/install/px4_msgs/include/px4_msgs/px4_msgs/msg/detail/orbit_status__struct.hpp\n'}
[3.585358] (px4_msgs) StdoutLine: {'line': b'-- Up-to-date symlink: /home/dolphiinn/ros2_ws/install/px4_msgs/include/px4_msgs/px4_msgs/msg/detail/orbit_status__traits.hpp\n'}
[3.586006] (px4_msgs) StdoutLine: {'line': b'-- Up-to-date symlink: /home/dolphiinn/ros2_ws/install/px4_msgs/include/px4_msgs/px4_msgs/msg/detail/orbit_status__type_support.hpp\n'}
[3.586385] (px4_msgs) StdoutLine: {'line': b'-- Up-to-date symlink: /home/dolphiinn/ros2_ws/install/px4_msgs/include/px4_msgs/px4_msgs/msg/detail/parameter_reset_request__builder.hpp\n'}
[3.586704] (px4_msgs) StdoutLine: {'line': b'-- Up-to-date symlink: /home/dolphiinn/ros2_ws/install/px4_msgs/include/px4_msgs/px4_msgs/msg/detail/parameter_reset_request__struct.hpp\n'}
[3.586991] (px4_msgs) StdoutLine: {'line': b'-- Up-to-date symlink: /home/dolphiinn/ros2_ws/install/px4_msgs/include/px4_msgs/px4_msgs/msg/detail/parameter_reset_request__traits.hpp\n'}
[3.587323] (px4_msgs) StdoutLine: {'line': b'-- Up-to-date symlink: /home/dolphiinn/ros2_ws/install/px4_msgs/include/px4_msgs/px4_msgs/msg/detail/parameter_reset_request__type_support.hpp\n'}
[3.587762] (px4_msgs) StdoutLine: {'line': b'-- Up-to-date symlink: /home/dolphiinn/ros2_ws/install/px4_msgs/include/px4_msgs/px4_msgs/msg/detail/parameter_set_used_request__builder.hpp\n'}
[3.588007] (px4_msgs) StdoutLine: {'line': b'-- Up-to-date symlink: /home/dolphiinn/ros2_ws/install/px4_msgs/include/px4_msgs/px4_msgs/msg/detail/parameter_set_used_request__struct.hpp\n'}
[3.588353] (px4_msgs) StdoutLine: {'line': b'-- Up-to-date symlink: /home/dolphiinn/ros2_ws/install/px4_msgs/include/px4_msgs/px4_msgs/msg/detail/parameter_set_used_request__traits.hpp\n'}
[3.588661] (px4_msgs) StdoutLine: {'line': b'-- Up-to-date symlink: /home/dolphiinn/ros2_ws/install/px4_msgs/include/px4_msgs/px4_msgs/msg/detail/parameter_set_used_request__type_support.hpp\n'}
[3.589136] (px4_msgs) StdoutLine: {'line': b'-- Up-to-date symlink: /home/dolphiinn/ros2_ws/install/px4_msgs/include/px4_msgs/px4_msgs/msg/detail/parameter_set_value_request__builder.hpp\n'}
[3.589446] (px4_msgs) StdoutLine: {'line': b'-- Up-to-date symlink: /home/dolphiinn/ros2_ws/install/px4_msgs/include/px4_msgs/px4_msgs/msg/detail/parameter_set_value_request__struct.hpp\n'}
[3.590285] (px4_msgs) StdoutLine: {'line': b'-- Up-to-date symlink: /home/dolphiinn/ros2_ws/install/px4_msgs/include/px4_msgs/px4_msgs/msg/detail/parameter_set_value_request__traits.hpp\n'}
[3.590437] (px4_msgs) StdoutLine: {'line': b'-- Up-to-date symlink: /home/dolphiinn/ros2_ws/install/px4_msgs/include/px4_msgs/px4_msgs/msg/detail/parameter_set_value_request__type_support.hpp\n'}
[3.590624] (px4_msgs) StdoutLine: {'line': b'-- Up-to-date symlink: /home/dolphiinn/ros2_ws/install/px4_msgs/include/px4_msgs/px4_msgs/msg/detail/parameter_set_value_response__builder.hpp\n'}
[3.590767] (px4_msgs) StdoutLine: {'line': b'-- Up-to-date symlink: /home/dolphiinn/ros2_ws/install/px4_msgs/include/px4_msgs/px4_msgs/msg/detail/parameter_set_value_response__struct.hpp\n'}
[3.590969] (px4_msgs) StdoutLine: {'line': b'-- Up-to-date symlink: /home/dolphiinn/ros2_ws/install/px4_msgs/include/px4_msgs/px4_msgs/msg/detail/parameter_set_value_response__traits.hpp\n'}
[3.591182] (px4_msgs) StdoutLine: {'line': b'-- Up-to-date symlink: /home/dolphiinn/ros2_ws/install/px4_msgs/include/px4_msgs/px4_msgs/msg/detail/parameter_set_value_response__type_support.hpp\n'}
[3.591609] (px4_msgs) StdoutLine: {'line': b'-- Up-to-date symlink: /home/dolphiinn/ros2_ws/install/px4_msgs/include/px4_msgs/px4_msgs/msg/detail/parameter_update__builder.hpp\n'}
[3.592017] (px4_msgs) StdoutLine: {'line': b'-- Up-to-date symlink: /home/dolphiinn/ros2_ws/install/px4_msgs/include/px4_msgs/px4_msgs/msg/detail/parameter_update__struct.hpp\n'}
[3.592486] (px4_msgs) StdoutLine: {'line': b'-- Up-to-date symlink: /home/dolphiinn/ros2_ws/install/px4_msgs/include/px4_msgs/px4_msgs/msg/detail/parameter_update__traits.hpp\n'}
[3.593122] (px4_msgs) StdoutLine: {'line': b'-- Up-to-date symlink: /home/dolphiinn/ros2_ws/install/px4_msgs/include/px4_msgs/px4_msgs/msg/detail/parameter_update__type_support.hpp\n'}
[3.593384] (px4_msgs) StdoutLine: {'line': b'-- Up-to-date symlink: /home/dolphiinn/ros2_ws/install/px4_msgs/include/px4_msgs/px4_msgs/msg/detail/ping__builder.hpp\n'}
[3.593682] (px4_msgs) StdoutLine: {'line': b'-- Up-to-date symlink: /home/dolphiinn/ros2_ws/install/px4_msgs/include/px4_msgs/px4_msgs/msg/detail/ping__struct.hpp\n'}
[3.594506] (px4_msgs) StdoutLine: {'line': b'-- Up-to-date symlink: /home/dolphiinn/ros2_ws/install/px4_msgs/include/px4_msgs/px4_msgs/msg/detail/ping__traits.hpp\n'}
[3.595369] (px4_msgs) StdoutLine: {'line': b'-- Up-to-date symlink: /home/dolphiinn/ros2_ws/install/px4_msgs/include/px4_msgs/px4_msgs/msg/detail/ping__type_support.hpp\n'}
[3.595639] (px4_msgs) StdoutLine: {'line': b'-- Up-to-date symlink: /home/dolphiinn/ros2_ws/install/px4_msgs/include/px4_msgs/px4_msgs/msg/detail/position_controller_landing_status__builder.hpp\n'}
[3.595776] (px4_msgs) StdoutLine: {'line': b'-- Up-to-date symlink: /home/dolphiinn/ros2_ws/install/px4_msgs/include/px4_msgs/px4_msgs/msg/detail/position_controller_landing_status__struct.hpp\n'}
[3.596055] (px4_msgs) StdoutLine: {'line': b'-- Up-to-date symlink: /home/dolphiinn/ros2_ws/install/px4_msgs/include/px4_msgs/px4_msgs/msg/detail/position_controller_landing_status__traits.hpp\n'}
[3.596282] (px4_msgs) StdoutLine: {'line': b'-- Up-to-date symlink: /home/dolphiinn/ros2_ws/install/px4_msgs/include/px4_msgs/px4_msgs/msg/detail/position_controller_landing_status__type_support.hpp\n'}
[3.596557] (px4_msgs) StdoutLine: {'line': b'-- Up-to-date symlink: /home/dolphiinn/ros2_ws/install/px4_msgs/include/px4_msgs/px4_msgs/msg/detail/position_controller_status__builder.hpp\n'}
[3.596831] (px4_msgs) StdoutLine: {'line': b'-- Up-to-date symlink: /home/dolphiinn/ros2_ws/install/px4_msgs/include/px4_msgs/px4_msgs/msg/detail/position_controller_status__struct.hpp\n'}
[3.597751] (px4_msgs) StdoutLine: {'line': b'-- Up-to-date symlink: /home/dolphiinn/ros2_ws/install/px4_msgs/include/px4_msgs/px4_msgs/msg/detail/position_controller_status__traits.hpp\n'}
[3.598102] (px4_msgs) StdoutLine: {'line': b'-- Up-to-date symlink: /home/dolphiinn/ros2_ws/install/px4_msgs/include/px4_msgs/px4_msgs/msg/detail/position_controller_status__type_support.hpp\n'}
[3.599161] (px4_msgs) StdoutLine: {'line': b'-- Up-to-date symlink: /home/dolphiinn/ros2_ws/install/px4_msgs/include/px4_msgs/px4_msgs/msg/detail/position_setpoint__builder.hpp\n'}
[3.599593] (px4_msgs) StdoutLine: {'line': b'-- Up-to-date symlink: /home/dolphiinn/ros2_ws/install/px4_msgs/include/px4_msgs/px4_msgs/msg/detail/position_setpoint__struct.hpp\n'}
[3.599909] (px4_msgs) StdoutLine: {'line': b'-- Up-to-date symlink: /home/dolphiinn/ros2_ws/install/px4_msgs/include/px4_msgs/px4_msgs/msg/detail/position_setpoint__traits.hpp\n'}
[3.600252] (px4_msgs) StdoutLine: {'line': b'-- Up-to-date symlink: /home/dolphiinn/ros2_ws/install/px4_msgs/include/px4_msgs/px4_msgs/msg/detail/position_setpoint__type_support.hpp\n'}
[3.600604] (px4_msgs) StdoutLine: {'line': b'-- Up-to-date symlink: /home/dolphiinn/ros2_ws/install/px4_msgs/include/px4_msgs/px4_msgs/msg/detail/position_setpoint_triplet__builder.hpp\n'}
[3.600973] (px4_msgs) StdoutLine: {'line': b'-- Up-to-date symlink: /home/dolphiinn/ros2_ws/install/px4_msgs/include/px4_msgs/px4_msgs/msg/detail/position_setpoint_triplet__struct.hpp\n'}
[3.601300] (px4_msgs) StdoutLine: {'line': b'-- Up-to-date symlink: /home/dolphiinn/ros2_ws/install/px4_msgs/include/px4_msgs/px4_msgs/msg/detail/position_setpoint_triplet__traits.hpp\n'}
[3.601681] (px4_msgs) StdoutLine: {'line': b'-- Up-to-date symlink: /home/dolphiinn/ros2_ws/install/px4_msgs/include/px4_msgs/px4_msgs/msg/detail/position_setpoint_triplet__type_support.hpp\n'}
[3.602338] (px4_msgs) StdoutLine: {'line': b'-- Up-to-date symlink: /home/dolphiinn/ros2_ws/install/px4_msgs/include/px4_msgs/px4_msgs/msg/detail/power_button_state__builder.hpp\n'}
[3.602652] (px4_msgs) StdoutLine: {'line': b'-- Up-to-date symlink: /home/dolphiinn/ros2_ws/install/px4_msgs/include/px4_msgs/px4_msgs/msg/detail/power_button_state__struct.hpp\n'}
[3.602985] (px4_msgs) StdoutLine: {'line': b'-- Up-to-date symlink: /home/dolphiinn/ros2_ws/install/px4_msgs/include/px4_msgs/px4_msgs/msg/detail/power_button_state__traits.hpp\n'}
[3.603333] (px4_msgs) StdoutLine: {'line': b'-- Up-to-date symlink: /home/dolphiinn/ros2_ws/install/px4_msgs/include/px4_msgs/px4_msgs/msg/detail/power_button_state__type_support.hpp\n'}
[3.603682] (px4_msgs) StdoutLine: {'line': b'-- Up-to-date symlink: /home/dolphiinn/ros2_ws/install/px4_msgs/include/px4_msgs/px4_msgs/msg/detail/power_monitor__builder.hpp\n'}
[3.603897] (px4_msgs) StdoutLine: {'line': b'-- Up-to-date symlink: /home/dolphiinn/ros2_ws/install/px4_msgs/include/px4_msgs/px4_msgs/msg/detail/power_monitor__struct.hpp\n'}
[3.604135] (px4_msgs) StdoutLine: {'line': b'-- Up-to-date symlink: /home/dolphiinn/ros2_ws/install/px4_msgs/include/px4_msgs/px4_msgs/msg/detail/power_monitor__traits.hpp\n'}
[3.604417] (px4_msgs) StdoutLine: {'line': b'-- Up-to-date symlink: /home/dolphiinn/ros2_ws/install/px4_msgs/include/px4_msgs/px4_msgs/msg/detail/power_monitor__type_support.hpp\n'}
[3.604836] (px4_msgs) StdoutLine: {'line': b'-- Up-to-date symlink: /home/dolphiinn/ros2_ws/install/px4_msgs/include/px4_msgs/px4_msgs/msg/detail/pps_capture__builder.hpp\n'}
[3.605241] (px4_msgs) StdoutLine: {'line': b'-- Up-to-date symlink: /home/dolphiinn/ros2_ws/install/px4_msgs/include/px4_msgs/px4_msgs/msg/detail/pps_capture__struct.hpp\n'}
[3.605430] (px4_msgs) StdoutLine: {'line': b'-- Up-to-date symlink: /home/dolphiinn/ros2_ws/install/px4_msgs/include/px4_msgs/px4_msgs/msg/detail/pps_capture__traits.hpp\n'}
[3.605662] (px4_msgs) StdoutLine: {'line': b'-- Up-to-date symlink: /home/dolphiinn/ros2_ws/install/px4_msgs/include/px4_msgs/px4_msgs/msg/detail/pps_capture__type_support.hpp\n'}
[3.606118] (px4_msgs) StdoutLine: {'line': b'-- Up-to-date symlink: /home/dolphiinn/ros2_ws/install/px4_msgs/include/px4_msgs/px4_msgs/msg/detail/pure_pursuit_status__builder.hpp\n'}
[3.606689] (px4_msgs) StdoutLine: {'line': b'-- Up-to-date symlink: /home/dolphiinn/ros2_ws/install/px4_msgs/include/px4_msgs/px4_msgs/msg/detail/pure_pursuit_status__struct.hpp\n'}
[3.607111] (px4_msgs) StdoutLine: {'line': b'-- Up-to-date symlink: /home/dolphiinn/ros2_ws/install/px4_msgs/include/px4_msgs/px4_msgs/msg/detail/pure_pursuit_status__traits.hpp\n'}
[3.607383] (px4_msgs) StdoutLine: {'line': b'-- Up-to-date symlink: /home/dolphiinn/ros2_ws/install/px4_msgs/include/px4_msgs/px4_msgs/msg/detail/pure_pursuit_status__type_support.hpp\n'}
[3.607676] (px4_msgs) StdoutLine: {'line': b'-- Up-to-date symlink: /home/dolphiinn/ros2_ws/install/px4_msgs/include/px4_msgs/px4_msgs/msg/detail/pwm_input__builder.hpp\n'}
[3.608240] (px4_msgs) StdoutLine: {'line': b'-- Up-to-date symlink: /home/dolphiinn/ros2_ws/install/px4_msgs/include/px4_msgs/px4_msgs/msg/detail/pwm_input__struct.hpp\n'}
[3.608459] (px4_msgs) StdoutLine: {'line': b'-- Up-to-date symlink: /home/dolphiinn/ros2_ws/install/px4_msgs/include/px4_msgs/px4_msgs/msg/detail/pwm_input__traits.hpp\n'}
[3.608736] (px4_msgs) StdoutLine: {'line': b'-- Up-to-date symlink: /home/dolphiinn/ros2_ws/install/px4_msgs/include/px4_msgs/px4_msgs/msg/detail/pwm_input__type_support.hpp\n'}
[3.609067] (px4_msgs) StdoutLine: {'line': b'-- Up-to-date symlink: /home/dolphiinn/ros2_ws/install/px4_msgs/include/px4_msgs/px4_msgs/msg/detail/px4io_status__builder.hpp\n'}
[3.609282] (px4_msgs) StdoutLine: {'line': b'-- Up-to-date symlink: /home/dolphiinn/ros2_ws/install/px4_msgs/include/px4_msgs/px4_msgs/msg/detail/px4io_status__struct.hpp\n'}
[3.609573] (px4_msgs) StdoutLine: {'line': b'-- Up-to-date symlink: /home/dolphiinn/ros2_ws/install/px4_msgs/include/px4_msgs/px4_msgs/msg/detail/px4io_status__traits.hpp\n'}
[3.609992] (px4_msgs) StdoutLine: {'line': b'-- Up-to-date symlink: /home/dolphiinn/ros2_ws/install/px4_msgs/include/px4_msgs/px4_msgs/msg/detail/px4io_status__type_support.hpp\n'}
[3.610320] (px4_msgs) StdoutLine: {'line': b'-- Up-to-date symlink: /home/dolphiinn/ros2_ws/install/px4_msgs/include/px4_msgs/px4_msgs/msg/detail/qshell_req__builder.hpp\n'}
[3.610565] (px4_msgs) StdoutLine: {'line': b'-- Up-to-date symlink: /home/dolphiinn/ros2_ws/install/px4_msgs/include/px4_msgs/px4_msgs/msg/detail/qshell_req__struct.hpp\n'}
[3.610789] (-) TimerEvent: {}
[3.610963] (px4_msgs) StdoutLine: {'line': b'-- Up-to-date symlink: /home/dolphiinn/ros2_ws/install/px4_msgs/include/px4_msgs/px4_msgs/msg/detail/qshell_req__traits.hpp\n'}
[3.611173] (px4_msgs) StdoutLine: {'line': b'-- Up-to-date symlink: /home/dolphiinn/ros2_ws/install/px4_msgs/include/px4_msgs/px4_msgs/msg/detail/qshell_req__type_support.hpp\n'}
[3.611351] (px4_msgs) StdoutLine: {'line': b'-- Up-to-date symlink: /home/dolphiinn/ros2_ws/install/px4_msgs/include/px4_msgs/px4_msgs/msg/detail/qshell_retval__builder.hpp\n'}
[3.611695] (px4_msgs) StdoutLine: {'line': b'-- Up-to-date symlink: /home/dolphiinn/ros2_ws/install/px4_msgs/include/px4_msgs/px4_msgs/msg/detail/qshell_retval__struct.hpp\n'}
[3.611985] (px4_msgs) StdoutLine: {'line': b'-- Up-to-date symlink: /home/dolphiinn/ros2_ws/install/px4_msgs/include/px4_msgs/px4_msgs/msg/detail/qshell_retval__traits.hpp\n'}
[3.612250] (px4_msgs) StdoutLine: {'line': b'-- Up-to-date symlink: /home/dolphiinn/ros2_ws/install/px4_msgs/include/px4_msgs/px4_msgs/msg/detail/qshell_retval__type_support.hpp\n'}
[3.612412] (px4_msgs) StdoutLine: {'line': b'-- Up-to-date symlink: /home/dolphiinn/ros2_ws/install/px4_msgs/include/px4_msgs/px4_msgs/msg/detail/radio_status__builder.hpp\n'}
[3.612743] (px4_msgs) StdoutLine: {'line': b'-- Up-to-date symlink: /home/dolphiinn/ros2_ws/install/px4_msgs/include/px4_msgs/px4_msgs/msg/detail/radio_status__struct.hpp\n'}
[3.613259] (px4_msgs) StdoutLine: {'line': b'-- Up-to-date symlink: /home/dolphiinn/ros2_ws/install/px4_msgs/include/px4_msgs/px4_msgs/msg/detail/radio_status__traits.hpp\n'}
[3.614245] (px4_msgs) StdoutLine: {'line': b'-- Up-to-date symlink: /home/dolphiinn/ros2_ws/install/px4_msgs/include/px4_msgs/px4_msgs/msg/detail/radio_status__type_support.hpp\n'}
[3.614665] (px4_msgs) StdoutLine: {'line': b'-- Up-to-date symlink: /home/dolphiinn/ros2_ws/install/px4_msgs/include/px4_msgs/px4_msgs/msg/detail/rate_ctrl_status__builder.hpp\n'}
[3.615052] (px4_msgs) StdoutLine: {'line': b'-- Up-to-date symlink: /home/dolphiinn/ros2_ws/install/px4_msgs/include/px4_msgs/px4_msgs/msg/detail/rate_ctrl_status__struct.hpp\n'}
[3.615393] (px4_msgs) StdoutLine: {'line': b'-- Up-to-date symlink: /home/dolphiinn/ros2_ws/install/px4_msgs/include/px4_msgs/px4_msgs/msg/detail/rate_ctrl_status__traits.hpp\n'}
[3.615694] (px4_msgs) StdoutLine: {'line': b'-- Up-to-date symlink: /home/dolphiinn/ros2_ws/install/px4_msgs/include/px4_msgs/px4_msgs/msg/detail/rate_ctrl_status__type_support.hpp\n'}
[3.616067] (px4_msgs) StdoutLine: {'line': b'-- Up-to-date symlink: /home/dolphiinn/ros2_ws/install/px4_msgs/include/px4_msgs/px4_msgs/msg/detail/rc_channels__builder.hpp\n'}
[3.616546] (px4_msgs) StdoutLine: {'line': b'-- Up-to-date symlink: /home/dolphiinn/ros2_ws/install/px4_msgs/include/px4_msgs/px4_msgs/msg/detail/rc_channels__struct.hpp\n'}
[3.617544] (px4_msgs) StdoutLine: {'line': b'-- Up-to-date symlink: /home/dolphiinn/ros2_ws/install/px4_msgs/include/px4_msgs/px4_msgs/msg/detail/rc_channels__traits.hpp\n'}
[3.617797] (px4_msgs) StdoutLine: {'line': b'-- Up-to-date symlink: /home/dolphiinn/ros2_ws/install/px4_msgs/include/px4_msgs/px4_msgs/msg/detail/rc_channels__type_support.hpp\n'}
[3.617968] (px4_msgs) StdoutLine: {'line': b'-- Up-to-date symlink: /home/dolphiinn/ros2_ws/install/px4_msgs/include/px4_msgs/px4_msgs/msg/detail/rc_parameter_map__builder.hpp\n'}
[3.618205] (px4_msgs) StdoutLine: {'line': b'-- Up-to-date symlink: /home/dolphiinn/ros2_ws/install/px4_msgs/include/px4_msgs/px4_msgs/msg/detail/rc_parameter_map__struct.hpp\n'}
[3.618483] (px4_msgs) StdoutLine: {'line': b'-- Up-to-date symlink: /home/dolphiinn/ros2_ws/install/px4_msgs/include/px4_msgs/px4_msgs/msg/detail/rc_parameter_map__traits.hpp\n'}
[3.618728] (px4_msgs) StdoutLine: {'line': b'-- Up-to-date symlink: /home/dolphiinn/ros2_ws/install/px4_msgs/include/px4_msgs/px4_msgs/msg/detail/rc_parameter_map__type_support.hpp\n'}
[3.619126] (px4_msgs) StdoutLine: {'line': b'-- Up-to-date symlink: /home/dolphiinn/ros2_ws/install/px4_msgs/include/px4_msgs/px4_msgs/msg/detail/register_ext_component_reply__builder.hpp\n'}
[3.619591] (px4_msgs) StdoutLine: {'line': b'-- Up-to-date symlink: /home/dolphiinn/ros2_ws/install/px4_msgs/include/px4_msgs/px4_msgs/msg/detail/register_ext_component_reply__struct.hpp\n'}
[3.620102] (px4_msgs) StdoutLine: {'line': b'-- Up-to-date symlink: /home/dolphiinn/ros2_ws/install/px4_msgs/include/px4_msgs/px4_msgs/msg/detail/register_ext_component_reply__traits.hpp\n'}
[3.620319] (px4_msgs) StdoutLine: {'line': b'-- Up-to-date symlink: /home/dolphiinn/ros2_ws/install/px4_msgs/include/px4_msgs/px4_msgs/msg/detail/register_ext_component_reply__type_support.hpp\n'}
[3.620587] (px4_msgs) StdoutLine: {'line': b'-- Up-to-date symlink: /home/dolphiinn/ros2_ws/install/px4_msgs/include/px4_msgs/px4_msgs/msg/detail/register_ext_component_request__builder.hpp\n'}
[3.620962] (px4_msgs) StdoutLine: {'line': b'-- Up-to-date symlink: /home/dolphiinn/ros2_ws/install/px4_msgs/include/px4_msgs/px4_msgs/msg/detail/register_ext_component_request__struct.hpp\n'}
[3.621209] (px4_msgs) StdoutLine: {'line': b'-- Up-to-date symlink: /home/dolphiinn/ros2_ws/install/px4_msgs/include/px4_msgs/px4_msgs/msg/detail/register_ext_component_request__traits.hpp\n'}
[3.621552] (px4_msgs) StdoutLine: {'line': b'-- Up-to-date symlink: /home/dolphiinn/ros2_ws/install/px4_msgs/include/px4_msgs/px4_msgs/msg/detail/register_ext_component_request__type_support.hpp\n'}
[3.622364] (px4_msgs) StdoutLine: {'line': b'-- Up-to-date symlink: /home/dolphiinn/ros2_ws/install/px4_msgs/include/px4_msgs/px4_msgs/msg/detail/rover_attitude_setpoint__builder.hpp\n'}
[3.622636] (px4_msgs) StdoutLine: {'line': b'-- Up-to-date symlink: /home/dolphiinn/ros2_ws/install/px4_msgs/include/px4_msgs/px4_msgs/msg/detail/rover_attitude_setpoint__struct.hpp\n'}
[3.623013] (px4_msgs) StdoutLine: {'line': b'-- Up-to-date symlink: /home/dolphiinn/ros2_ws/install/px4_msgs/include/px4_msgs/px4_msgs/msg/detail/rover_attitude_setpoint__traits.hpp\n'}
[3.623308] (px4_msgs) StdoutLine: {'line': b'-- Up-to-date symlink: /home/dolphiinn/ros2_ws/install/px4_msgs/include/px4_msgs/px4_msgs/msg/detail/rover_attitude_setpoint__type_support.hpp\n'}
[3.623863] (px4_msgs) StdoutLine: {'line': b'-- Up-to-date symlink: /home/dolphiinn/ros2_ws/install/px4_msgs/include/px4_msgs/px4_msgs/msg/detail/rover_attitude_status__builder.hpp\n'}
[3.624172] (px4_msgs) StdoutLine: {'line': b'-- Up-to-date symlink: /home/dolphiinn/ros2_ws/install/px4_msgs/include/px4_msgs/px4_msgs/msg/detail/rover_attitude_status__struct.hpp\n'}
[3.624423] (px4_msgs) StdoutLine: {'line': b'-- Up-to-date symlink: /home/dolphiinn/ros2_ws/install/px4_msgs/include/px4_msgs/px4_msgs/msg/detail/rover_attitude_status__traits.hpp\n'}
[3.624715] (px4_msgs) StdoutLine: {'line': b'-- Up-to-date symlink: /home/dolphiinn/ros2_ws/install/px4_msgs/include/px4_msgs/px4_msgs/msg/detail/rover_attitude_status__type_support.hpp\n'}
[3.625091] (px4_msgs) StdoutLine: {'line': b'-- Up-to-date symlink: /home/dolphiinn/ros2_ws/install/px4_msgs/include/px4_msgs/px4_msgs/msg/detail/rover_position_setpoint__builder.hpp\n'}
[3.625564] (px4_msgs) StdoutLine: {'line': b'-- Up-to-date symlink: /home/dolphiinn/ros2_ws/install/px4_msgs/include/px4_msgs/px4_msgs/msg/detail/rover_position_setpoint__struct.hpp\n'}
[3.625933] (px4_msgs) StdoutLine: {'line': b'-- Up-to-date symlink: /home/dolphiinn/ros2_ws/install/px4_msgs/include/px4_msgs/px4_msgs/msg/detail/rover_position_setpoint__traits.hpp\n'}
[3.626403] (px4_msgs) StdoutLine: {'line': b'-- Up-to-date symlink: /home/dolphiinn/ros2_ws/install/px4_msgs/include/px4_msgs/px4_msgs/msg/detail/rover_position_setpoint__type_support.hpp\n'}
[3.627083] (px4_msgs) StdoutLine: {'line': b'-- Up-to-date symlink: /home/dolphiinn/ros2_ws/install/px4_msgs/include/px4_msgs/px4_msgs/msg/detail/rover_rate_setpoint__builder.hpp\n'}
[3.627365] (px4_msgs) StdoutLine: {'line': b'-- Up-to-date symlink: /home/dolphiinn/ros2_ws/install/px4_msgs/include/px4_msgs/px4_msgs/msg/detail/rover_rate_setpoint__struct.hpp\n'}
[3.627863] (px4_msgs) StdoutLine: {'line': b'-- Up-to-date symlink: /home/dolphiinn/ros2_ws/install/px4_msgs/include/px4_msgs/px4_msgs/msg/detail/rover_rate_setpoint__traits.hpp\n'}
[3.628150] (px4_msgs) StdoutLine: {'line': b'-- Up-to-date symlink: /home/dolphiinn/ros2_ws/install/px4_msgs/include/px4_msgs/px4_msgs/msg/detail/rover_rate_setpoint__type_support.hpp\n'}
[3.628436] (px4_msgs) StdoutLine: {'line': b'-- Up-to-date symlink: /home/dolphiinn/ros2_ws/install/px4_msgs/include/px4_msgs/px4_msgs/msg/detail/rover_rate_status__builder.hpp\n'}
[3.628792] (px4_msgs) StdoutLine: {'line': b'-- Up-to-date symlink: /home/dolphiinn/ros2_ws/install/px4_msgs/include/px4_msgs/px4_msgs/msg/detail/rover_rate_status__struct.hpp\n'}
[3.629181] (px4_msgs) StdoutLine: {'line': b'-- Up-to-date symlink: /home/dolphiinn/ros2_ws/install/px4_msgs/include/px4_msgs/px4_msgs/msg/detail/rover_rate_status__traits.hpp\n'}
[3.629534] (px4_msgs) StdoutLine: {'line': b'-- Up-to-date symlink: /home/dolphiinn/ros2_ws/install/px4_msgs/include/px4_msgs/px4_msgs/msg/detail/rover_rate_status__type_support.hpp\n'}
[3.629850] (px4_msgs) StdoutLine: {'line': b'-- Up-to-date symlink: /home/dolphiinn/ros2_ws/install/px4_msgs/include/px4_msgs/px4_msgs/msg/detail/rover_speed_setpoint__builder.hpp\n'}
[3.630162] (px4_msgs) StdoutLine: {'line': b'-- Up-to-date symlink: /home/dolphiinn/ros2_ws/install/px4_msgs/include/px4_msgs/px4_msgs/msg/detail/rover_speed_setpoint__struct.hpp\n'}
[3.630581] (px4_msgs) StdoutLine: {'line': b'-- Up-to-date symlink: /home/dolphiinn/ros2_ws/install/px4_msgs/include/px4_msgs/px4_msgs/msg/detail/rover_speed_setpoint__traits.hpp\n'}
[3.631001] (px4_msgs) StdoutLine: {'line': b'-- Up-to-date symlink: /home/dolphiinn/ros2_ws/install/px4_msgs/include/px4_msgs/px4_msgs/msg/detail/rover_speed_setpoint__type_support.hpp\n'}
[3.631429] (px4_msgs) StdoutLine: {'line': b'-- Up-to-date symlink: /home/dolphiinn/ros2_ws/install/px4_msgs/include/px4_msgs/px4_msgs/msg/detail/rover_speed_status__builder.hpp\n'}
[3.631828] (px4_msgs) StdoutLine: {'line': b'-- Up-to-date symlink: /home/dolphiinn/ros2_ws/install/px4_msgs/include/px4_msgs/px4_msgs/msg/detail/rover_speed_status__struct.hpp\n'}
[3.632517] (px4_msgs) StdoutLine: {'line': b'-- Up-to-date symlink: /home/dolphiinn/ros2_ws/install/px4_msgs/include/px4_msgs/px4_msgs/msg/detail/rover_speed_status__traits.hpp\n'}
[3.632922] (px4_msgs) StdoutLine: {'line': b'-- Up-to-date symlink: /home/dolphiinn/ros2_ws/install/px4_msgs/include/px4_msgs/px4_msgs/msg/detail/rover_speed_status__type_support.hpp\n'}
[3.633322] (px4_msgs) StdoutLine: {'line': b'-- Up-to-date symlink: /home/dolphiinn/ros2_ws/install/px4_msgs/include/px4_msgs/px4_msgs/msg/detail/rover_steering_setpoint__builder.hpp\n'}
[3.634289] (px4_msgs) StdoutLine: {'line': b'-- Up-to-date symlink: /home/dolphiinn/ros2_ws/install/px4_msgs/include/px4_msgs/px4_msgs/msg/detail/rover_steering_setpoint__struct.hpp\n'}
[3.634648] (px4_msgs) StdoutLine: {'line': b'-- Up-to-date symlink: /home/dolphiinn/ros2_ws/install/px4_msgs/include/px4_msgs/px4_msgs/msg/detail/rover_steering_setpoint__traits.hpp\n'}
[3.634965] (px4_msgs) StdoutLine: {'line': b'-- Up-to-date symlink: /home/dolphiinn/ros2_ws/install/px4_msgs/include/px4_msgs/px4_msgs/msg/detail/rover_steering_setpoint__type_support.hpp\n'}
[3.635402] (px4_msgs) StdoutLine: {'line': b'-- Up-to-date symlink: /home/dolphiinn/ros2_ws/install/px4_msgs/include/px4_msgs/px4_msgs/msg/detail/rover_throttle_setpoint__builder.hpp\n'}
[3.635755] (px4_msgs) StdoutLine: {'line': b'-- Up-to-date symlink: /home/dolphiinn/ros2_ws/install/px4_msgs/include/px4_msgs/px4_msgs/msg/detail/rover_throttle_setpoint__struct.hpp\n'}
[3.636107] (px4_msgs) StdoutLine: {'line': b'-- Up-to-date symlink: /home/dolphiinn/ros2_ws/install/px4_msgs/include/px4_msgs/px4_msgs/msg/detail/rover_throttle_setpoint__traits.hpp\n'}
[3.636487] (px4_msgs) StdoutLine: {'line': b'-- Up-to-date symlink: /home/dolphiinn/ros2_ws/install/px4_msgs/include/px4_msgs/px4_msgs/msg/detail/rover_throttle_setpoint__type_support.hpp\n'}
[3.636973] (px4_msgs) StdoutLine: {'line': b'-- Up-to-date symlink: /home/dolphiinn/ros2_ws/install/px4_msgs/include/px4_msgs/px4_msgs/msg/detail/rpm__builder.hpp\n'}
[3.638689] (px4_msgs) StdoutLine: {'line': b'-- Up-to-date symlink: /home/dolphiinn/ros2_ws/install/px4_msgs/include/px4_msgs/px4_msgs/msg/detail/rpm__struct.hpp\n'}
[3.639352] (px4_msgs) StdoutLine: {'line': b'-- Up-to-date symlink: /home/dolphiinn/ros2_ws/install/px4_msgs/include/px4_msgs/px4_msgs/msg/detail/rpm__traits.hpp\n'}
[3.639644] (px4_msgs) StdoutLine: {'line': b'-- Up-to-date symlink: /home/dolphiinn/ros2_ws/install/px4_msgs/include/px4_msgs/px4_msgs/msg/detail/rpm__type_support.hpp\n'}
[3.639808] (px4_msgs) StdoutLine: {'line': b'-- Up-to-date symlink: /home/dolphiinn/ros2_ws/install/px4_msgs/include/px4_msgs/px4_msgs/msg/detail/rtl_status__builder.hpp\n'}
[3.640084] (px4_msgs) StdoutLine: {'line': b'-- Up-to-date symlink: /home/dolphiinn/ros2_ws/install/px4_msgs/include/px4_msgs/px4_msgs/msg/detail/rtl_status__struct.hpp\n'}
[3.640356] (px4_msgs) StdoutLine: {'line': b'-- Up-to-date symlink: /home/dolphiinn/ros2_ws/install/px4_msgs/include/px4_msgs/px4_msgs/msg/detail/rtl_status__traits.hpp\n'}
[3.640712] (px4_msgs) StdoutLine: {'line': b'-- Up-to-date symlink: /home/dolphiinn/ros2_ws/install/px4_msgs/include/px4_msgs/px4_msgs/msg/detail/rtl_status__type_support.hpp\n'}
[3.641071] (px4_msgs) StdoutLine: {'line': b'-- Up-to-date symlink: /home/dolphiinn/ros2_ws/install/px4_msgs/include/px4_msgs/px4_msgs/msg/detail/rtl_time_estimate__builder.hpp\n'}
[3.641297] (px4_msgs) StdoutLine: {'line': b'-- Up-to-date symlink: /home/dolphiinn/ros2_ws/install/px4_msgs/include/px4_msgs/px4_msgs/msg/detail/rtl_time_estimate__struct.hpp\n'}
[3.641566] (px4_msgs) StdoutLine: {'line': b'-- Up-to-date symlink: /home/dolphiinn/ros2_ws/install/px4_msgs/include/px4_msgs/px4_msgs/msg/detail/rtl_time_estimate__traits.hpp\n'}
[3.641856] (px4_msgs) StdoutLine: {'line': b'-- Up-to-date symlink: /home/dolphiinn/ros2_ws/install/px4_msgs/include/px4_msgs/px4_msgs/msg/detail/rtl_time_estimate__type_support.hpp\n'}
[3.642294] (px4_msgs) StdoutLine: {'line': b'-- Up-to-date symlink: /home/dolphiinn/ros2_ws/install/px4_msgs/include/px4_msgs/px4_msgs/msg/detail/satellite_info__builder.hpp\n'}
[3.642795] (px4_msgs) StdoutLine: {'line': b'-- Up-to-date symlink: /home/dolphiinn/ros2_ws/install/px4_msgs/include/px4_msgs/px4_msgs/msg/detail/satellite_info__struct.hpp\n'}
[3.643231] (px4_msgs) StdoutLine: {'line': b'-- Up-to-date symlink: /home/dolphiinn/ros2_ws/install/px4_msgs/include/px4_msgs/px4_msgs/msg/detail/satellite_info__traits.hpp\n'}
[3.643523] (px4_msgs) StdoutLine: {'line': b'-- Up-to-date symlink: /home/dolphiinn/ros2_ws/install/px4_msgs/include/px4_msgs/px4_msgs/msg/detail/satellite_info__type_support.hpp\n'}
[3.643872] (px4_msgs) StdoutLine: {'line': b'-- Up-to-date symlink: /home/dolphiinn/ros2_ws/install/px4_msgs/include/px4_msgs/px4_msgs/msg/detail/sensor_accel__builder.hpp\n'}
[3.644118] (px4_msgs) StdoutLine: {'line': b'-- Up-to-date symlink: /home/dolphiinn/ros2_ws/install/px4_msgs/include/px4_msgs/px4_msgs/msg/detail/sensor_accel__struct.hpp\n'}
[3.644543] (px4_msgs) StdoutLine: {'line': b'-- Up-to-date symlink: /home/dolphiinn/ros2_ws/install/px4_msgs/include/px4_msgs/px4_msgs/msg/detail/sensor_accel__traits.hpp\n'}
[3.644792] (px4_msgs) StdoutLine: {'line': b'-- Up-to-date symlink: /home/dolphiinn/ros2_ws/install/px4_msgs/include/px4_msgs/px4_msgs/msg/detail/sensor_accel__type_support.hpp\n'}
[3.645223] (px4_msgs) StdoutLine: {'line': b'-- Up-to-date symlink: /home/dolphiinn/ros2_ws/install/px4_msgs/include/px4_msgs/px4_msgs/msg/detail/sensor_accel_fifo__builder.hpp\n'}
[3.645697] (px4_msgs) StdoutLine: {'line': b'-- Up-to-date symlink: /home/dolphiinn/ros2_ws/install/px4_msgs/include/px4_msgs/px4_msgs/msg/detail/sensor_accel_fifo__struct.hpp\n'}
[3.646463] (px4_msgs) StdoutLine: {'line': b'-- Up-to-date symlink: /home/dolphiinn/ros2_ws/install/px4_msgs/include/px4_msgs/px4_msgs/msg/detail/sensor_accel_fifo__traits.hpp\n'}
[3.646782] (px4_msgs) StdoutLine: {'line': b'-- Up-to-date symlink: /home/dolphiinn/ros2_ws/install/px4_msgs/include/px4_msgs/px4_msgs/msg/detail/sensor_accel_fifo__type_support.hpp\n'}
[3.647131] (px4_msgs) StdoutLine: {'line': b'-- Up-to-date symlink: /home/dolphiinn/ros2_ws/install/px4_msgs/include/px4_msgs/px4_msgs/msg/detail/sensor_airflow__builder.hpp\n'}
[3.647387] (px4_msgs) StdoutLine: {'line': b'-- Up-to-date symlink: /home/dolphiinn/ros2_ws/install/px4_msgs/include/px4_msgs/px4_msgs/msg/detail/sensor_airflow__struct.hpp\n'}
[3.647751] (px4_msgs) StdoutLine: {'line': b'-- Up-to-date symlink: /home/dolphiinn/ros2_ws/install/px4_msgs/include/px4_msgs/px4_msgs/msg/detail/sensor_airflow__traits.hpp\n'}
[3.648166] (px4_msgs) StdoutLine: {'line': b'-- Up-to-date symlink: /home/dolphiinn/ros2_ws/install/px4_msgs/include/px4_msgs/px4_msgs/msg/detail/sensor_airflow__type_support.hpp\n'}
[3.648502] (px4_msgs) StdoutLine: {'line': b'-- Up-to-date symlink: /home/dolphiinn/ros2_ws/install/px4_msgs/include/px4_msgs/px4_msgs/msg/detail/sensor_baro__builder.hpp\n'}
[3.648836] (px4_msgs) StdoutLine: {'line': b'-- Up-to-date symlink: /home/dolphiinn/ros2_ws/install/px4_msgs/include/px4_msgs/px4_msgs/msg/detail/sensor_baro__struct.hpp\n'}
[3.649323] (px4_msgs) StdoutLine: {'line': b'-- Up-to-date symlink: /home/dolphiinn/ros2_ws/install/px4_msgs/include/px4_msgs/px4_msgs/msg/detail/sensor_baro__traits.hpp\n'}
[3.650174] (px4_msgs) StdoutLine: {'line': b'-- Up-to-date symlink: /home/dolphiinn/ros2_ws/install/px4_msgs/include/px4_msgs/px4_msgs/msg/detail/sensor_baro__type_support.hpp\n'}
[3.650443] (px4_msgs) StdoutLine: {'line': b'-- Up-to-date symlink: /home/dolphiinn/ros2_ws/install/px4_msgs/include/px4_msgs/px4_msgs/msg/detail/sensor_combined__builder.hpp\n'}
[3.650996] (px4_msgs) StdoutLine: {'line': b'-- Up-to-date symlink: /home/dolphiinn/ros2_ws/install/px4_msgs/include/px4_msgs/px4_msgs/msg/detail/sensor_combined__struct.hpp\n'}
[3.651384] (px4_msgs) StdoutLine: {'line': b'-- Up-to-date symlink: /home/dolphiinn/ros2_ws/install/px4_msgs/include/px4_msgs/px4_msgs/msg/detail/sensor_combined__traits.hpp\n'}
[3.651667] (px4_msgs) StdoutLine: {'line': b'-- Up-to-date symlink: /home/dolphiinn/ros2_ws/install/px4_msgs/include/px4_msgs/px4_msgs/msg/detail/sensor_combined__type_support.hpp\n'}
[3.651998] (px4_msgs) StdoutLine: {'line': b'-- Up-to-date symlink: /home/dolphiinn/ros2_ws/install/px4_msgs/include/px4_msgs/px4_msgs/msg/detail/sensor_correction__builder.hpp\n'}
[3.653076] (px4_msgs) StdoutLine: {'line': b'-- Up-to-date symlink: /home/dolphiinn/ros2_ws/install/px4_msgs/include/px4_msgs/px4_msgs/msg/detail/sensor_correction__struct.hpp\n'}
[3.653398] (px4_msgs) StdoutLine: {'line': b'-- Up-to-date symlink: /home/dolphiinn/ros2_ws/install/px4_msgs/include/px4_msgs/px4_msgs/msg/detail/sensor_correction__traits.hpp\n'}
[3.653834] (px4_msgs) StdoutLine: {'line': b'-- Up-to-date symlink: /home/dolphiinn/ros2_ws/install/px4_msgs/include/px4_msgs/px4_msgs/msg/detail/sensor_correction__type_support.hpp\n'}
[3.654353] (px4_msgs) StdoutLine: {'line': b'-- Up-to-date symlink: /home/dolphiinn/ros2_ws/install/px4_msgs/include/px4_msgs/px4_msgs/msg/detail/sensor_gnss_relative__builder.hpp\n'}
[3.655155] (px4_msgs) StdoutLine: {'line': b'-- Up-to-date symlink: /home/dolphiinn/ros2_ws/install/px4_msgs/include/px4_msgs/px4_msgs/msg/detail/sensor_gnss_relative__struct.hpp\n'}
[3.655584] (px4_msgs) StdoutLine: {'line': b'-- Up-to-date symlink: /home/dolphiinn/ros2_ws/install/px4_msgs/include/px4_msgs/px4_msgs/msg/detail/sensor_gnss_relative__traits.hpp\n'}
[3.655911] (px4_msgs) StdoutLine: {'line': b'-- Up-to-date symlink: /home/dolphiinn/ros2_ws/install/px4_msgs/include/px4_msgs/px4_msgs/msg/detail/sensor_gnss_relative__type_support.hpp\n'}
[3.656182] (px4_msgs) StdoutLine: {'line': b'-- Up-to-date symlink: /home/dolphiinn/ros2_ws/install/px4_msgs/include/px4_msgs/px4_msgs/msg/detail/sensor_gnss_status__builder.hpp\n'}
[3.656531] (px4_msgs) StdoutLine: {'line': b'-- Up-to-date symlink: /home/dolphiinn/ros2_ws/install/px4_msgs/include/px4_msgs/px4_msgs/msg/detail/sensor_gnss_status__struct.hpp\n'}
[3.656769] (px4_msgs) StdoutLine: {'line': b'-- Up-to-date symlink: /home/dolphiinn/ros2_ws/install/px4_msgs/include/px4_msgs/px4_msgs/msg/detail/sensor_gnss_status__traits.hpp\n'}
[3.657226] (px4_msgs) StdoutLine: {'line': b'-- Up-to-date symlink: /home/dolphiinn/ros2_ws/install/px4_msgs/include/px4_msgs/px4_msgs/msg/detail/sensor_gnss_status__type_support.hpp\n'}
[3.657531] (px4_msgs) StdoutLine: {'line': b'-- Up-to-date symlink: /home/dolphiinn/ros2_ws/install/px4_msgs/include/px4_msgs/px4_msgs/msg/detail/sensor_gps__builder.hpp\n'}
[3.658004] (px4_msgs) StdoutLine: {'line': b'-- Up-to-date symlink: /home/dolphiinn/ros2_ws/install/px4_msgs/include/px4_msgs/px4_msgs/msg/detail/sensor_gps__struct.hpp\n'}
[3.658600] (px4_msgs) StdoutLine: {'line': b'-- Up-to-date symlink: /home/dolphiinn/ros2_ws/install/px4_msgs/include/px4_msgs/px4_msgs/msg/detail/sensor_gps__traits.hpp\n'}
[3.659098] (px4_msgs) StdoutLine: {'line': b'-- Up-to-date symlink: /home/dolphiinn/ros2_ws/install/px4_msgs/include/px4_msgs/px4_msgs/msg/detail/sensor_gps__type_support.hpp\n'}
[3.659308] (px4_msgs) StdoutLine: {'line': b'-- Up-to-date symlink: /home/dolphiinn/ros2_ws/install/px4_msgs/include/px4_msgs/px4_msgs/msg/detail/sensor_gyro__builder.hpp\n'}
[3.659653] (px4_msgs) StdoutLine: {'line': b'-- Up-to-date symlink: /home/dolphiinn/ros2_ws/install/px4_msgs/include/px4_msgs/px4_msgs/msg/detail/sensor_gyro__struct.hpp\n'}
[3.660044] (px4_msgs) StdoutLine: {'line': b'-- Up-to-date symlink: /home/dolphiinn/ros2_ws/install/px4_msgs/include/px4_msgs/px4_msgs/msg/detail/sensor_gyro__traits.hpp\n'}
[3.660416] (px4_msgs) StdoutLine: {'line': b'-- Up-to-date symlink: /home/dolphiinn/ros2_ws/install/px4_msgs/include/px4_msgs/px4_msgs/msg/detail/sensor_gyro__type_support.hpp\n'}
[3.660840] (px4_msgs) StdoutLine: {'line': b'-- Up-to-date symlink: /home/dolphiinn/ros2_ws/install/px4_msgs/include/px4_msgs/px4_msgs/msg/detail/sensor_gyro_fft__builder.hpp\n'}
[3.661203] (px4_msgs) StdoutLine: {'line': b'-- Up-to-date symlink: /home/dolphiinn/ros2_ws/install/px4_msgs/include/px4_msgs/px4_msgs/msg/detail/sensor_gyro_fft__struct.hpp\n'}
[3.661650] (px4_msgs) StdoutLine: {'line': b'-- Up-to-date symlink: /home/dolphiinn/ros2_ws/install/px4_msgs/include/px4_msgs/px4_msgs/msg/detail/sensor_gyro_fft__traits.hpp\n'}
[3.662559] (px4_msgs) StdoutLine: {'line': b'-- Up-to-date symlink: /home/dolphiinn/ros2_ws/install/px4_msgs/include/px4_msgs/px4_msgs/msg/detail/sensor_gyro_fft__type_support.hpp\n'}
[3.662959] (px4_msgs) StdoutLine: {'line': b'-- Up-to-date symlink: /home/dolphiinn/ros2_ws/install/px4_msgs/include/px4_msgs/px4_msgs/msg/detail/sensor_gyro_fifo__builder.hpp\n'}
[3.663280] (px4_msgs) StdoutLine: {'line': b'-- Up-to-date symlink: /home/dolphiinn/ros2_ws/install/px4_msgs/include/px4_msgs/px4_msgs/msg/detail/sensor_gyro_fifo__struct.hpp\n'}
[3.663783] (px4_msgs) StdoutLine: {'line': b'-- Up-to-date symlink: /home/dolphiinn/ros2_ws/install/px4_msgs/include/px4_msgs/px4_msgs/msg/detail/sensor_gyro_fifo__traits.hpp\n'}
[3.664207] (px4_msgs) StdoutLine: {'line': b'-- Up-to-date symlink: /home/dolphiinn/ros2_ws/install/px4_msgs/include/px4_msgs/px4_msgs/msg/detail/sensor_gyro_fifo__type_support.hpp\n'}
[3.665226] (px4_msgs) StdoutLine: {'line': b'-- Up-to-date symlink: /home/dolphiinn/ros2_ws/install/px4_msgs/include/px4_msgs/px4_msgs/msg/detail/sensor_hygrometer__builder.hpp\n'}
[3.665661] (px4_msgs) StdoutLine: {'line': b'-- Up-to-date symlink: /home/dolphiinn/ros2_ws/install/px4_msgs/include/px4_msgs/px4_msgs/msg/detail/sensor_hygrometer__struct.hpp\n'}
[3.665926] (px4_msgs) StdoutLine: {'line': b'-- Up-to-date symlink: /home/dolphiinn/ros2_ws/install/px4_msgs/include/px4_msgs/px4_msgs/msg/detail/sensor_hygrometer__traits.hpp\n'}
[3.666286] (px4_msgs) StdoutLine: {'line': b'-- Up-to-date symlink: /home/dolphiinn/ros2_ws/install/px4_msgs/include/px4_msgs/px4_msgs/msg/detail/sensor_hygrometer__type_support.hpp\n'}
[3.666603] (px4_msgs) StdoutLine: {'line': b'-- Up-to-date symlink: /home/dolphiinn/ros2_ws/install/px4_msgs/include/px4_msgs/px4_msgs/msg/detail/sensor_mag__builder.hpp\n'}
[3.667399] (px4_msgs) StdoutLine: {'line': b'-- Up-to-date symlink: /home/dolphiinn/ros2_ws/install/px4_msgs/include/px4_msgs/px4_msgs/msg/detail/sensor_mag__struct.hpp\n'}
[3.667685] (px4_msgs) StdoutLine: {'line': b'-- Up-to-date symlink: /home/dolphiinn/ros2_ws/install/px4_msgs/include/px4_msgs/px4_msgs/msg/detail/sensor_mag__traits.hpp\n'}
[3.667971] (px4_msgs) StdoutLine: {'line': b'-- Up-to-date symlink: /home/dolphiinn/ros2_ws/install/px4_msgs/include/px4_msgs/px4_msgs/msg/detail/sensor_mag__type_support.hpp\n'}
[3.668194] (px4_msgs) StdoutLine: {'line': b'-- Up-to-date symlink: /home/dolphiinn/ros2_ws/install/px4_msgs/include/px4_msgs/px4_msgs/msg/detail/sensor_optical_flow__builder.hpp\n'}
[3.669083] (px4_msgs) StdoutLine: {'line': b'-- Up-to-date symlink: /home/dolphiinn/ros2_ws/install/px4_msgs/include/px4_msgs/px4_msgs/msg/detail/sensor_optical_flow__struct.hpp\n'}
[3.669318] (px4_msgs) StdoutLine: {'line': b'-- Up-to-date symlink: /home/dolphiinn/ros2_ws/install/px4_msgs/include/px4_msgs/px4_msgs/msg/detail/sensor_optical_flow__traits.hpp\n'}
[3.669604] (px4_msgs) StdoutLine: {'line': b'-- Up-to-date symlink: /home/dolphiinn/ros2_ws/install/px4_msgs/include/px4_msgs/px4_msgs/msg/detail/sensor_optical_flow__type_support.hpp\n'}
[3.670071] (px4_msgs) StdoutLine: {'line': b'-- Up-to-date symlink: /home/dolphiinn/ros2_ws/install/px4_msgs/include/px4_msgs/px4_msgs/msg/detail/sensor_preflight_mag__builder.hpp\n'}
[3.670410] (px4_msgs) StdoutLine: {'line': b'-- Up-to-date symlink: /home/dolphiinn/ros2_ws/install/px4_msgs/include/px4_msgs/px4_msgs/msg/detail/sensor_preflight_mag__struct.hpp\n'}
[3.670717] (px4_msgs) StdoutLine: {'line': b'-- Up-to-date symlink: /home/dolphiinn/ros2_ws/install/px4_msgs/include/px4_msgs/px4_msgs/msg/detail/sensor_preflight_mag__traits.hpp\n'}
[3.671196] (px4_msgs) StdoutLine: {'line': b'-- Up-to-date symlink: /home/dolphiinn/ros2_ws/install/px4_msgs/include/px4_msgs/px4_msgs/msg/detail/sensor_preflight_mag__type_support.hpp\n'}
[3.671528] (px4_msgs) StdoutLine: {'line': b'-- Up-to-date symlink: /home/dolphiinn/ros2_ws/install/px4_msgs/include/px4_msgs/px4_msgs/msg/detail/sensor_selection__builder.hpp\n'}
[3.671874] (px4_msgs) StdoutLine: {'line': b'-- Up-to-date symlink: /home/dolphiinn/ros2_ws/install/px4_msgs/include/px4_msgs/px4_msgs/msg/detail/sensor_selection__struct.hpp\n'}
[3.672160] (px4_msgs) StdoutLine: {'line': b'-- Up-to-date symlink: /home/dolphiinn/ros2_ws/install/px4_msgs/include/px4_msgs/px4_msgs/msg/detail/sensor_selection__traits.hpp\n'}
[3.672308] (px4_msgs) StdoutLine: {'line': b'-- Up-to-date symlink: /home/dolphiinn/ros2_ws/install/px4_msgs/include/px4_msgs/px4_msgs/msg/detail/sensor_selection__type_support.hpp\n'}
[3.672587] (px4_msgs) StdoutLine: {'line': b'-- Up-to-date symlink: /home/dolphiinn/ros2_ws/install/px4_msgs/include/px4_msgs/px4_msgs/msg/detail/sensor_uwb__builder.hpp\n'}
[3.673003] (px4_msgs) StdoutLine: {'line': b'-- Up-to-date symlink: /home/dolphiinn/ros2_ws/install/px4_msgs/include/px4_msgs/px4_msgs/msg/detail/sensor_uwb__struct.hpp\n'}
[3.673300] (px4_msgs) StdoutLine: {'line': b'-- Up-to-date symlink: /home/dolphiinn/ros2_ws/install/px4_msgs/include/px4_msgs/px4_msgs/msg/detail/sensor_uwb__traits.hpp\n'}
[3.673985] (px4_msgs) StdoutLine: {'line': b'-- Up-to-date symlink: /home/dolphiinn/ros2_ws/install/px4_msgs/include/px4_msgs/px4_msgs/msg/detail/sensor_uwb__type_support.hpp\n'}
[3.674494] (px4_msgs) StdoutLine: {'line': b'-- Up-to-date symlink: /home/dolphiinn/ros2_ws/install/px4_msgs/include/px4_msgs/px4_msgs/msg/detail/sensors_status__builder.hpp\n'}
[3.674903] (px4_msgs) StdoutLine: {'line': b'-- Up-to-date symlink: /home/dolphiinn/ros2_ws/install/px4_msgs/include/px4_msgs/px4_msgs/msg/detail/sensors_status__struct.hpp\n'}
[3.675105] (px4_msgs) StdoutLine: {'line': b'-- Up-to-date symlink: /home/dolphiinn/ros2_ws/install/px4_msgs/include/px4_msgs/px4_msgs/msg/detail/sensors_status__traits.hpp\n'}
[3.675304] (px4_msgs) StdoutLine: {'line': b'-- Up-to-date symlink: /home/dolphiinn/ros2_ws/install/px4_msgs/include/px4_msgs/px4_msgs/msg/detail/sensors_status__type_support.hpp\n'}
[3.675558] (px4_msgs) StdoutLine: {'line': b'-- Up-to-date symlink: /home/dolphiinn/ros2_ws/install/px4_msgs/include/px4_msgs/px4_msgs/msg/detail/sensors_status_imu__builder.hpp\n'}
[3.675906] (px4_msgs) StdoutLine: {'line': b'-- Up-to-date symlink: /home/dolphiinn/ros2_ws/install/px4_msgs/include/px4_msgs/px4_msgs/msg/detail/sensors_status_imu__struct.hpp\n'}
[3.676360] (px4_msgs) StdoutLine: {'line': b'-- Up-to-date symlink: /home/dolphiinn/ros2_ws/install/px4_msgs/include/px4_msgs/px4_msgs/msg/detail/sensors_status_imu__traits.hpp\n'}
[3.676615] (px4_msgs) StdoutLine: {'line': b'-- Up-to-date symlink: /home/dolphiinn/ros2_ws/install/px4_msgs/include/px4_msgs/px4_msgs/msg/detail/sensors_status_imu__type_support.hpp\n'}
[3.676923] (px4_msgs) StdoutLine: {'line': b'-- Up-to-date symlink: /home/dolphiinn/ros2_ws/install/px4_msgs/include/px4_msgs/px4_msgs/msg/detail/system_power__builder.hpp\n'}
[3.677313] (px4_msgs) StdoutLine: {'line': b'-- Up-to-date symlink: /home/dolphiinn/ros2_ws/install/px4_msgs/include/px4_msgs/px4_msgs/msg/detail/system_power__struct.hpp\n'}
[3.677742] (px4_msgs) StdoutLine: {'line': b'-- Up-to-date symlink: /home/dolphiinn/ros2_ws/install/px4_msgs/include/px4_msgs/px4_msgs/msg/detail/system_power__traits.hpp\n'}
[3.678192] (px4_msgs) StdoutLine: {'line': b'-- Up-to-date symlink: /home/dolphiinn/ros2_ws/install/px4_msgs/include/px4_msgs/px4_msgs/msg/detail/system_power__type_support.hpp\n'}
[3.678639] (px4_msgs) StdoutLine: {'line': b'-- Up-to-date symlink: /home/dolphiinn/ros2_ws/install/px4_msgs/include/px4_msgs/px4_msgs/msg/detail/takeoff_status__builder.hpp\n'}
[3.678972] (px4_msgs) StdoutLine: {'line': b'-- Up-to-date symlink: /home/dolphiinn/ros2_ws/install/px4_msgs/include/px4_msgs/px4_msgs/msg/detail/takeoff_status__struct.hpp\n'}
[3.679429] (px4_msgs) StdoutLine: {'line': b'-- Up-to-date symlink: /home/dolphiinn/ros2_ws/install/px4_msgs/include/px4_msgs/px4_msgs/msg/detail/takeoff_status__traits.hpp\n'}
[3.679777] (px4_msgs) StdoutLine: {'line': b'-- Up-to-date symlink: /home/dolphiinn/ros2_ws/install/px4_msgs/include/px4_msgs/px4_msgs/msg/detail/takeoff_status__type_support.hpp\n'}
[3.680166] (px4_msgs) StdoutLine: {'line': b'-- Up-to-date symlink: /home/dolphiinn/ros2_ws/install/px4_msgs/include/px4_msgs/px4_msgs/msg/detail/task_stack_info__builder.hpp\n'}
[3.681375] (px4_msgs) StdoutLine: {'line': b'-- Up-to-date symlink: /home/dolphiinn/ros2_ws/install/px4_msgs/include/px4_msgs/px4_msgs/msg/detail/task_stack_info__struct.hpp\n'}
[3.682290] (px4_msgs) StdoutLine: {'line': b'-- Up-to-date symlink: /home/dolphiinn/ros2_ws/install/px4_msgs/include/px4_msgs/px4_msgs/msg/detail/task_stack_info__traits.hpp\n'}
[3.682768] (px4_msgs) StdoutLine: {'line': b'-- Up-to-date symlink: /home/dolphiinn/ros2_ws/install/px4_msgs/include/px4_msgs/px4_msgs/msg/detail/task_stack_info__type_support.hpp\n'}
[3.683169] (px4_msgs) StdoutLine: {'line': b'-- Up-to-date symlink: /home/dolphiinn/ros2_ws/install/px4_msgs/include/px4_msgs/px4_msgs/msg/detail/tecs_status__builder.hpp\n'}
[3.683467] (px4_msgs) StdoutLine: {'line': b'-- Up-to-date symlink: /home/dolphiinn/ros2_ws/install/px4_msgs/include/px4_msgs/px4_msgs/msg/detail/tecs_status__struct.hpp\n'}
[3.683933] (px4_msgs) StdoutLine: {'line': b'-- Up-to-date symlink: /home/dolphiinn/ros2_ws/install/px4_msgs/include/px4_msgs/px4_msgs/msg/detail/tecs_status__traits.hpp\n'}
[3.684580] (px4_msgs) StdoutLine: {'line': b'-- Up-to-date symlink: /home/dolphiinn/ros2_ws/install/px4_msgs/include/px4_msgs/px4_msgs/msg/detail/tecs_status__type_support.hpp\n'}
[3.684799] (px4_msgs) StdoutLine: {'line': b'-- Up-to-date symlink: /home/dolphiinn/ros2_ws/install/px4_msgs/include/px4_msgs/px4_msgs/msg/detail/telemetry_status__builder.hpp\n'}
[3.685047] (px4_msgs) StdoutLine: {'line': b'-- Up-to-date symlink: /home/dolphiinn/ros2_ws/install/px4_msgs/include/px4_msgs/px4_msgs/msg/detail/telemetry_status__struct.hpp\n'}
[3.685390] (px4_msgs) StdoutLine: {'line': b'-- Up-to-date symlink: /home/dolphiinn/ros2_ws/install/px4_msgs/include/px4_msgs/px4_msgs/msg/detail/telemetry_status__traits.hpp\n'}
[3.686305] (px4_msgs) StdoutLine: {'line': b'-- Up-to-date symlink: /home/dolphiinn/ros2_ws/install/px4_msgs/include/px4_msgs/px4_msgs/msg/detail/telemetry_status__type_support.hpp\n'}
[3.686759] (px4_msgs) StdoutLine: {'line': b'-- Up-to-date symlink: /home/dolphiinn/ros2_ws/install/px4_msgs/include/px4_msgs/px4_msgs/msg/detail/tiltrotor_extra_controls__builder.hpp\n'}
[3.687123] (px4_msgs) StdoutLine: {'line': b'-- Up-to-date symlink: /home/dolphiinn/ros2_ws/install/px4_msgs/include/px4_msgs/px4_msgs/msg/detail/tiltrotor_extra_controls__struct.hpp\n'}
[3.687454] (px4_msgs) StdoutLine: {'line': b'-- Up-to-date symlink: /home/dolphiinn/ros2_ws/install/px4_msgs/include/px4_msgs/px4_msgs/msg/detail/tiltrotor_extra_controls__traits.hpp\n'}
[3.687700] (px4_msgs) StdoutLine: {'line': b'-- Up-to-date symlink: /home/dolphiinn/ros2_ws/install/px4_msgs/include/px4_msgs/px4_msgs/msg/detail/tiltrotor_extra_controls__type_support.hpp\n'}
[3.687954] (px4_msgs) StdoutLine: {'line': b'-- Up-to-date symlink: /home/dolphiinn/ros2_ws/install/px4_msgs/include/px4_msgs/px4_msgs/msg/detail/timesync_status__builder.hpp\n'}
[3.688210] (px4_msgs) StdoutLine: {'line': b'-- Up-to-date symlink: /home/dolphiinn/ros2_ws/install/px4_msgs/include/px4_msgs/px4_msgs/msg/detail/timesync_status__struct.hpp\n'}
[3.688535] (px4_msgs) StdoutLine: {'line': b'-- Up-to-date symlink: /home/dolphiinn/ros2_ws/install/px4_msgs/include/px4_msgs/px4_msgs/msg/detail/timesync_status__traits.hpp\n'}
[3.688787] (px4_msgs) StdoutLine: {'line': b'-- Up-to-date symlink: /home/dolphiinn/ros2_ws/install/px4_msgs/include/px4_msgs/px4_msgs/msg/detail/timesync_status__type_support.hpp\n'}
[3.689183] (px4_msgs) StdoutLine: {'line': b'-- Up-to-date symlink: /home/dolphiinn/ros2_ws/install/px4_msgs/include/px4_msgs/px4_msgs/msg/detail/trajectory_setpoint6dof__builder.hpp\n'}
[3.689628] (px4_msgs) StdoutLine: {'line': b'-- Up-to-date symlink: /home/dolphiinn/ros2_ws/install/px4_msgs/include/px4_msgs/px4_msgs/msg/detail/trajectory_setpoint6dof__struct.hpp\n'}
[3.690132] (px4_msgs) StdoutLine: {'line': b'-- Up-to-date symlink: /home/dolphiinn/ros2_ws/install/px4_msgs/include/px4_msgs/px4_msgs/msg/detail/trajectory_setpoint6dof__traits.hpp\n'}
[3.690622] (px4_msgs) StdoutLine: {'line': b'-- Up-to-date symlink: /home/dolphiinn/ros2_ws/install/px4_msgs/include/px4_msgs/px4_msgs/msg/detail/trajectory_setpoint6dof__type_support.hpp\n'}
[3.690965] (px4_msgs) StdoutLine: {'line': b'-- Up-to-date symlink: /home/dolphiinn/ros2_ws/install/px4_msgs/include/px4_msgs/px4_msgs/msg/detail/trajectory_setpoint__builder.hpp\n'}
[3.691273] (px4_msgs) StdoutLine: {'line': b'-- Up-to-date symlink: /home/dolphiinn/ros2_ws/install/px4_msgs/include/px4_msgs/px4_msgs/msg/detail/trajectory_setpoint__struct.hpp\n'}
[3.691696] (px4_msgs) StdoutLine: {'line': b'-- Up-to-date symlink: /home/dolphiinn/ros2_ws/install/px4_msgs/include/px4_msgs/px4_msgs/msg/detail/trajectory_setpoint__traits.hpp\n'}
[3.692094] (px4_msgs) StdoutLine: {'line': b'-- Up-to-date symlink: /home/dolphiinn/ros2_ws/install/px4_msgs/include/px4_msgs/px4_msgs/msg/detail/trajectory_setpoint__type_support.hpp\n'}
[3.692551] (px4_msgs) StdoutLine: {'line': b'-- Up-to-date symlink: /home/dolphiinn/ros2_ws/install/px4_msgs/include/px4_msgs/px4_msgs/msg/detail/transponder_report__builder.hpp\n'}
[3.692890] (px4_msgs) StdoutLine: {'line': b'-- Up-to-date symlink: /home/dolphiinn/ros2_ws/install/px4_msgs/include/px4_msgs/px4_msgs/msg/detail/transponder_report__struct.hpp\n'}
[3.693342] (px4_msgs) StdoutLine: {'line': b'-- Up-to-date symlink: /home/dolphiinn/ros2_ws/install/px4_msgs/include/px4_msgs/px4_msgs/msg/detail/transponder_report__traits.hpp\n'}
[3.694173] (px4_msgs) StdoutLine: {'line': b'-- Up-to-date symlink: /home/dolphiinn/ros2_ws/install/px4_msgs/include/px4_msgs/px4_msgs/msg/detail/transponder_report__type_support.hpp\n'}
[3.694659] (px4_msgs) StdoutLine: {'line': b'-- Up-to-date symlink: /home/dolphiinn/ros2_ws/install/px4_msgs/include/px4_msgs/px4_msgs/msg/detail/tune_control__builder.hpp\n'}
[3.695018] (px4_msgs) StdoutLine: {'line': b'-- Up-to-date symlink: /home/dolphiinn/ros2_ws/install/px4_msgs/include/px4_msgs/px4_msgs/msg/detail/tune_control__struct.hpp\n'}
[3.695581] (px4_msgs) StdoutLine: {'line': b'-- Up-to-date symlink: /home/dolphiinn/ros2_ws/install/px4_msgs/include/px4_msgs/px4_msgs/msg/detail/tune_control__traits.hpp\n'}
[3.696024] (px4_msgs) StdoutLine: {'line': b'-- Up-to-date symlink: /home/dolphiinn/ros2_ws/install/px4_msgs/include/px4_msgs/px4_msgs/msg/detail/tune_control__type_support.hpp\n'}
[3.697200] (px4_msgs) StdoutLine: {'line': b'-- Up-to-date symlink: /home/dolphiinn/ros2_ws/install/px4_msgs/include/px4_msgs/px4_msgs/msg/detail/uavcan_parameter_request__builder.hpp\n'}
[3.697746] (px4_msgs) StdoutLine: {'line': b'-- Up-to-date symlink: /home/dolphiinn/ros2_ws/install/px4_msgs/include/px4_msgs/px4_msgs/msg/detail/uavcan_parameter_request__struct.hpp\n'}
[3.698109] (px4_msgs) StdoutLine: {'line': b'-- Up-to-date symlink: /home/dolphiinn/ros2_ws/install/px4_msgs/include/px4_msgs/px4_msgs/msg/detail/uavcan_parameter_request__traits.hpp\n'}
[3.698612] (px4_msgs) StdoutLine: {'line': b'-- Up-to-date symlink: /home/dolphiinn/ros2_ws/install/px4_msgs/include/px4_msgs/px4_msgs/msg/detail/uavcan_parameter_request__type_support.hpp\n'}
[3.698874] (px4_msgs) StdoutLine: {'line': b'-- Up-to-date symlink: /home/dolphiinn/ros2_ws/install/px4_msgs/include/px4_msgs/px4_msgs/msg/detail/uavcan_parameter_value__builder.hpp\n'}
[3.699067] (px4_msgs) StdoutLine: {'line': b'-- Up-to-date symlink: /home/dolphiinn/ros2_ws/install/px4_msgs/include/px4_msgs/px4_msgs/msg/detail/uavcan_parameter_value__struct.hpp\n'}
[3.699342] (px4_msgs) StdoutLine: {'line': b'-- Up-to-date symlink: /home/dolphiinn/ros2_ws/install/px4_msgs/include/px4_msgs/px4_msgs/msg/detail/uavcan_parameter_value__traits.hpp\n'}
[3.699584] (px4_msgs) StdoutLine: {'line': b'-- Up-to-date symlink: /home/dolphiinn/ros2_ws/install/px4_msgs/include/px4_msgs/px4_msgs/msg/detail/uavcan_parameter_value__type_support.hpp\n'}
[3.699843] (px4_msgs) StdoutLine: {'line': b'-- Up-to-date symlink: /home/dolphiinn/ros2_ws/install/px4_msgs/include/px4_msgs/px4_msgs/msg/detail/ulog_stream__builder.hpp\n'}
[3.700730] (px4_msgs) StdoutLine: {'line': b'-- Up-to-date symlink: /home/dolphiinn/ros2_ws/install/px4_msgs/include/px4_msgs/px4_msgs/msg/detail/ulog_stream__struct.hpp\n'}
[3.701497] (px4_msgs) StdoutLine: {'line': b'-- Up-to-date symlink: /home/dolphiinn/ros2_ws/install/px4_msgs/include/px4_msgs/px4_msgs/msg/detail/ulog_stream__traits.hpp\n'}
[3.701768] (px4_msgs) StdoutLine: {'line': b'-- Up-to-date symlink: /home/dolphiinn/ros2_ws/install/px4_msgs/include/px4_msgs/px4_msgs/msg/detail/ulog_stream__type_support.hpp\n'}
[3.702522] (px4_msgs) StdoutLine: {'line': b'-- Up-to-date symlink: /home/dolphiinn/ros2_ws/install/px4_msgs/include/px4_msgs/px4_msgs/msg/detail/ulog_stream_ack__builder.hpp\n'}
[3.702892] (px4_msgs) StdoutLine: {'line': b'-- Up-to-date symlink: /home/dolphiinn/ros2_ws/install/px4_msgs/include/px4_msgs/px4_msgs/msg/detail/ulog_stream_ack__struct.hpp\n'}
[3.703207] (px4_msgs) StdoutLine: {'line': b'-- Up-to-date symlink: /home/dolphiinn/ros2_ws/install/px4_msgs/include/px4_msgs/px4_msgs/msg/detail/ulog_stream_ack__traits.hpp\n'}
[3.703390] (px4_msgs) StdoutLine: {'line': b'-- Up-to-date symlink: /home/dolphiinn/ros2_ws/install/px4_msgs/include/px4_msgs/px4_msgs/msg/detail/ulog_stream_ack__type_support.hpp\n'}
[3.703580] (px4_msgs) StdoutLine: {'line': b'-- Up-to-date symlink: /home/dolphiinn/ros2_ws/install/px4_msgs/include/px4_msgs/px4_msgs/msg/detail/unregister_ext_component__builder.hpp\n'}
[3.703894] (px4_msgs) StdoutLine: {'line': b'-- Up-to-date symlink: /home/dolphiinn/ros2_ws/install/px4_msgs/include/px4_msgs/px4_msgs/msg/detail/unregister_ext_component__struct.hpp\n'}
[3.704111] (px4_msgs) StdoutLine: {'line': b'-- Up-to-date symlink: /home/dolphiinn/ros2_ws/install/px4_msgs/include/px4_msgs/px4_msgs/msg/detail/unregister_ext_component__traits.hpp\n'}
[3.704434] (px4_msgs) StdoutLine: {'line': b'-- Up-to-date symlink: /home/dolphiinn/ros2_ws/install/px4_msgs/include/px4_msgs/px4_msgs/msg/detail/unregister_ext_component__type_support.hpp\n'}
[3.705081] (px4_msgs) StdoutLine: {'line': b'-- Up-to-date symlink: /home/dolphiinn/ros2_ws/install/px4_msgs/include/px4_msgs/px4_msgs/msg/detail/vehicle_acceleration__builder.hpp\n'}
[3.705351] (px4_msgs) StdoutLine: {'line': b'-- Up-to-date symlink: /home/dolphiinn/ros2_ws/install/px4_msgs/include/px4_msgs/px4_msgs/msg/detail/vehicle_acceleration__struct.hpp\n'}
[3.705900] (px4_msgs) StdoutLine: {'line': b'-- Up-to-date symlink: /home/dolphiinn/ros2_ws/install/px4_msgs/include/px4_msgs/px4_msgs/msg/detail/vehicle_acceleration__traits.hpp\n'}
[3.706365] (px4_msgs) StdoutLine: {'line': b'-- Up-to-date symlink: /home/dolphiinn/ros2_ws/install/px4_msgs/include/px4_msgs/px4_msgs/msg/detail/vehicle_acceleration__type_support.hpp\n'}
[3.706688] (px4_msgs) StdoutLine: {'line': b'-- Up-to-date symlink: /home/dolphiinn/ros2_ws/install/px4_msgs/include/px4_msgs/px4_msgs/msg/detail/vehicle_air_data__builder.hpp\n'}
[3.706938] (px4_msgs) StdoutLine: {'line': b'-- Up-to-date symlink: /home/dolphiinn/ros2_ws/install/px4_msgs/include/px4_msgs/px4_msgs/msg/detail/vehicle_air_data__struct.hpp\n'}
[3.707167] (px4_msgs) StdoutLine: {'line': b'-- Up-to-date symlink: /home/dolphiinn/ros2_ws/install/px4_msgs/include/px4_msgs/px4_msgs/msg/detail/vehicle_air_data__traits.hpp\n'}
[3.707397] (px4_msgs) StdoutLine: {'line': b'-- Up-to-date symlink: /home/dolphiinn/ros2_ws/install/px4_msgs/include/px4_msgs/px4_msgs/msg/detail/vehicle_air_data__type_support.hpp\n'}
[3.707676] (px4_msgs) StdoutLine: {'line': b'-- Up-to-date symlink: /home/dolphiinn/ros2_ws/install/px4_msgs/include/px4_msgs/px4_msgs/msg/detail/vehicle_angular_acceleration_setpoint__builder.hpp\n'}
[3.707917] (px4_msgs) StdoutLine: {'line': b'-- Up-to-date symlink: /home/dolphiinn/ros2_ws/install/px4_msgs/include/px4_msgs/px4_msgs/msg/detail/vehicle_angular_acceleration_setpoint__struct.hpp\n'}
[3.708152] (px4_msgs) StdoutLine: {'line': b'-- Up-to-date symlink: /home/dolphiinn/ros2_ws/install/px4_msgs/include/px4_msgs/px4_msgs/msg/detail/vehicle_angular_acceleration_setpoint__traits.hpp\n'}
[3.708500] (px4_msgs) StdoutLine: {'line': b'-- Up-to-date symlink: /home/dolphiinn/ros2_ws/install/px4_msgs/include/px4_msgs/px4_msgs/msg/detail/vehicle_angular_acceleration_setpoint__type_support.hpp\n'}
[3.708860] (px4_msgs) StdoutLine: {'line': b'-- Up-to-date symlink: /home/dolphiinn/ros2_ws/install/px4_msgs/include/px4_msgs/px4_msgs/msg/detail/vehicle_angular_velocity__builder.hpp\n'}
[3.709182] (px4_msgs) StdoutLine: {'line': b'-- Up-to-date symlink: /home/dolphiinn/ros2_ws/install/px4_msgs/include/px4_msgs/px4_msgs/msg/detail/vehicle_angular_velocity__struct.hpp\n'}
[3.709637] (px4_msgs) StdoutLine: {'line': b'-- Up-to-date symlink: /home/dolphiinn/ros2_ws/install/px4_msgs/include/px4_msgs/px4_msgs/msg/detail/vehicle_angular_velocity__traits.hpp\n'}
[3.710265] (px4_msgs) StdoutLine: {'line': b'-- Up-to-date symlink: /home/dolphiinn/ros2_ws/install/px4_msgs/include/px4_msgs/px4_msgs/msg/detail/vehicle_angular_velocity__type_support.hpp\n'}
[3.710644] (px4_msgs) StdoutLine: {'line': b'-- Up-to-date symlink: /home/dolphiinn/ros2_ws/install/px4_msgs/include/px4_msgs/px4_msgs/msg/detail/vehicle_attitude__builder.hpp\n'}
[3.710802] (-) TimerEvent: {}
[3.710981] (px4_msgs) StdoutLine: {'line': b'-- Up-to-date symlink: /home/dolphiinn/ros2_ws/install/px4_msgs/include/px4_msgs/px4_msgs/msg/detail/vehicle_attitude__struct.hpp\n'}
[3.711347] (px4_msgs) StdoutLine: {'line': b'-- Up-to-date symlink: /home/dolphiinn/ros2_ws/install/px4_msgs/include/px4_msgs/px4_msgs/msg/detail/vehicle_attitude__traits.hpp\n'}
[3.711733] (px4_msgs) StdoutLine: {'line': b'-- Up-to-date symlink: /home/dolphiinn/ros2_ws/install/px4_msgs/include/px4_msgs/px4_msgs/msg/detail/vehicle_attitude__type_support.hpp\n'}
[3.712082] (px4_msgs) StdoutLine: {'line': b'-- Up-to-date symlink: /home/dolphiinn/ros2_ws/install/px4_msgs/include/px4_msgs/px4_msgs/msg/detail/vehicle_attitude_setpoint__builder.hpp\n'}
[3.712442] (px4_msgs) StdoutLine: {'line': b'-- Up-to-date symlink: /home/dolphiinn/ros2_ws/install/px4_msgs/include/px4_msgs/px4_msgs/msg/detail/vehicle_attitude_setpoint__struct.hpp\n'}
[3.713223] (px4_msgs) StdoutLine: {'line': b'-- Up-to-date symlink: /home/dolphiinn/ros2_ws/install/px4_msgs/include/px4_msgs/px4_msgs/msg/detail/vehicle_attitude_setpoint__traits.hpp\n'}
[3.713597] (px4_msgs) StdoutLine: {'line': b'-- Up-to-date symlink: /home/dolphiinn/ros2_ws/install/px4_msgs/include/px4_msgs/px4_msgs/msg/detail/vehicle_attitude_setpoint__type_support.hpp\n'}
[3.713978] (px4_msgs) StdoutLine: {'line': b'-- Up-to-date symlink: /home/dolphiinn/ros2_ws/install/px4_msgs/include/px4_msgs/px4_msgs/msg/detail/vehicle_command__builder.hpp\n'}
[3.714789] (px4_msgs) StdoutLine: {'line': b'-- Up-to-date symlink: /home/dolphiinn/ros2_ws/install/px4_msgs/include/px4_msgs/px4_msgs/msg/detail/vehicle_command__struct.hpp\n'}
[3.715122] (px4_msgs) StdoutLine: {'line': b'-- Up-to-date symlink: /home/dolphiinn/ros2_ws/install/px4_msgs/include/px4_msgs/px4_msgs/msg/detail/vehicle_command__traits.hpp\n'}
[3.715553] (px4_msgs) StdoutLine: {'line': b'-- Up-to-date symlink: /home/dolphiinn/ros2_ws/install/px4_msgs/include/px4_msgs/px4_msgs/msg/detail/vehicle_command__type_support.hpp\n'}
[3.715843] (px4_msgs) StdoutLine: {'line': b'-- Up-to-date symlink: /home/dolphiinn/ros2_ws/install/px4_msgs/include/px4_msgs/px4_msgs/msg/detail/vehicle_command_ack__builder.hpp\n'}
[3.716139] (px4_msgs) StdoutLine: {'line': b'-- Up-to-date symlink: /home/dolphiinn/ros2_ws/install/px4_msgs/include/px4_msgs/px4_msgs/msg/detail/vehicle_command_ack__struct.hpp\n'}
[3.716445] (px4_msgs) StdoutLine: {'line': b'-- Up-to-date symlink: /home/dolphiinn/ros2_ws/install/px4_msgs/include/px4_msgs/px4_msgs/msg/detail/vehicle_command_ack__traits.hpp\n'}
[3.716732] (px4_msgs) StdoutLine: {'line': b'-- Up-to-date symlink: /home/dolphiinn/ros2_ws/install/px4_msgs/include/px4_msgs/px4_msgs/msg/detail/vehicle_command_ack__type_support.hpp\n'}
[3.717381] (px4_msgs) StdoutLine: {'line': b'-- Up-to-date symlink: /home/dolphiinn/ros2_ws/install/px4_msgs/include/px4_msgs/px4_msgs/msg/detail/vehicle_constraints__builder.hpp\n'}
[3.717711] (px4_msgs) StdoutLine: {'line': b'-- Up-to-date symlink: /home/dolphiinn/ros2_ws/install/px4_msgs/include/px4_msgs/px4_msgs/msg/detail/vehicle_constraints__struct.hpp\n'}
[3.718417] (px4_msgs) StdoutLine: {'line': b'-- Up-to-date symlink: /home/dolphiinn/ros2_ws/install/px4_msgs/include/px4_msgs/px4_msgs/msg/detail/vehicle_constraints__traits.hpp\n'}
[3.718923] (px4_msgs) StdoutLine: {'line': b'-- Up-to-date symlink: /home/dolphiinn/ros2_ws/install/px4_msgs/include/px4_msgs/px4_msgs/msg/detail/vehicle_constraints__type_support.hpp\n'}
[3.719153] (px4_msgs) StdoutLine: {'line': b'-- Up-to-date symlink: /home/dolphiinn/ros2_ws/install/px4_msgs/include/px4_msgs/px4_msgs/msg/detail/vehicle_control_mode__builder.hpp\n'}
[3.719392] (px4_msgs) StdoutLine: {'line': b'-- Up-to-date symlink: /home/dolphiinn/ros2_ws/install/px4_msgs/include/px4_msgs/px4_msgs/msg/detail/vehicle_control_mode__struct.hpp\n'}
[3.719926] (px4_msgs) StdoutLine: {'line': b'-- Up-to-date symlink: /home/dolphiinn/ros2_ws/install/px4_msgs/include/px4_msgs/px4_msgs/msg/detail/vehicle_control_mode__traits.hpp\n'}
[3.720197] (px4_msgs) StdoutLine: {'line': b'-- Up-to-date symlink: /home/dolphiinn/ros2_ws/install/px4_msgs/include/px4_msgs/px4_msgs/msg/detail/vehicle_control_mode__type_support.hpp\n'}
[3.720404] (px4_msgs) StdoutLine: {'line': b'-- Up-to-date symlink: /home/dolphiinn/ros2_ws/install/px4_msgs/include/px4_msgs/px4_msgs/msg/detail/vehicle_global_position__builder.hpp\n'}
[3.720769] (px4_msgs) StdoutLine: {'line': b'-- Up-to-date symlink: /home/dolphiinn/ros2_ws/install/px4_msgs/include/px4_msgs/px4_msgs/msg/detail/vehicle_global_position__struct.hpp\n'}
[3.721373] (px4_msgs) StdoutLine: {'line': b'-- Up-to-date symlink: /home/dolphiinn/ros2_ws/install/px4_msgs/include/px4_msgs/px4_msgs/msg/detail/vehicle_global_position__traits.hpp\n'}
[3.722381] (px4_msgs) StdoutLine: {'line': b'-- Up-to-date symlink: /home/dolphiinn/ros2_ws/install/px4_msgs/include/px4_msgs/px4_msgs/msg/detail/vehicle_global_position__type_support.hpp\n'}
[3.722851] (px4_msgs) StdoutLine: {'line': b'-- Up-to-date symlink: /home/dolphiinn/ros2_ws/install/px4_msgs/include/px4_msgs/px4_msgs/msg/detail/vehicle_imu__builder.hpp\n'}
[3.723112] (px4_msgs) StdoutLine: {'line': b'-- Up-to-date symlink: /home/dolphiinn/ros2_ws/install/px4_msgs/include/px4_msgs/px4_msgs/msg/detail/vehicle_imu__struct.hpp\n'}
[3.723587] (px4_msgs) StdoutLine: {'line': b'-- Up-to-date symlink: /home/dolphiinn/ros2_ws/install/px4_msgs/include/px4_msgs/px4_msgs/msg/detail/vehicle_imu__traits.hpp\n'}
[3.723969] (px4_msgs) StdoutLine: {'line': b'-- Up-to-date symlink: /home/dolphiinn/ros2_ws/install/px4_msgs/include/px4_msgs/px4_msgs/msg/detail/vehicle_imu__type_support.hpp\n'}
[3.724270] (px4_msgs) StdoutLine: {'line': b'-- Up-to-date symlink: /home/dolphiinn/ros2_ws/install/px4_msgs/include/px4_msgs/px4_msgs/msg/detail/vehicle_imu_status__builder.hpp\n'}
[3.724619] (px4_msgs) StdoutLine: {'line': b'-- Up-to-date symlink: /home/dolphiinn/ros2_ws/install/px4_msgs/include/px4_msgs/px4_msgs/msg/detail/vehicle_imu_status__struct.hpp\n'}
[3.725120] (px4_msgs) StdoutLine: {'line': b'-- Up-to-date symlink: /home/dolphiinn/ros2_ws/install/px4_msgs/include/px4_msgs/px4_msgs/msg/detail/vehicle_imu_status__traits.hpp\n'}
[3.725500] (px4_msgs) StdoutLine: {'line': b'-- Up-to-date symlink: /home/dolphiinn/ros2_ws/install/px4_msgs/include/px4_msgs/px4_msgs/msg/detail/vehicle_imu_status__type_support.hpp\n'}
[3.725868] (px4_msgs) StdoutLine: {'line': b'-- Up-to-date symlink: /home/dolphiinn/ros2_ws/install/px4_msgs/include/px4_msgs/px4_msgs/msg/detail/vehicle_land_detected__builder.hpp\n'}
[3.726259] (px4_msgs) StdoutLine: {'line': b'-- Up-to-date symlink: /home/dolphiinn/ros2_ws/install/px4_msgs/include/px4_msgs/px4_msgs/msg/detail/vehicle_land_detected__struct.hpp\n'}
[3.726729] (px4_msgs) StdoutLine: {'line': b'-- Up-to-date symlink: /home/dolphiinn/ros2_ws/install/px4_msgs/include/px4_msgs/px4_msgs/msg/detail/vehicle_land_detected__traits.hpp\n'}
[3.727245] (px4_msgs) StdoutLine: {'line': b'-- Up-to-date symlink: /home/dolphiinn/ros2_ws/install/px4_msgs/include/px4_msgs/px4_msgs/msg/detail/vehicle_land_detected__type_support.hpp\n'}
[3.727689] (px4_msgs) StdoutLine: {'line': b'-- Up-to-date symlink: /home/dolphiinn/ros2_ws/install/px4_msgs/include/px4_msgs/px4_msgs/msg/detail/vehicle_local_position__builder.hpp\n'}
[3.728205] (px4_msgs) StdoutLine: {'line': b'-- Up-to-date symlink: /home/dolphiinn/ros2_ws/install/px4_msgs/include/px4_msgs/px4_msgs/msg/detail/vehicle_local_position__struct.hpp\n'}
[3.728443] (px4_msgs) StdoutLine: {'line': b'-- Up-to-date symlink: /home/dolphiinn/ros2_ws/install/px4_msgs/include/px4_msgs/px4_msgs/msg/detail/vehicle_local_position__traits.hpp\n'}
[3.728837] (px4_msgs) StdoutLine: {'line': b'-- Up-to-date symlink: /home/dolphiinn/ros2_ws/install/px4_msgs/include/px4_msgs/px4_msgs/msg/detail/vehicle_local_position__type_support.hpp\n'}
[3.729227] (px4_msgs) StdoutLine: {'line': b'-- Up-to-date symlink: /home/dolphiinn/ros2_ws/install/px4_msgs/include/px4_msgs/px4_msgs/msg/detail/vehicle_local_position_setpoint__builder.hpp\n'}
[3.729607] (px4_msgs) StdoutLine: {'line': b'-- Up-to-date symlink: /home/dolphiinn/ros2_ws/install/px4_msgs/include/px4_msgs/px4_msgs/msg/detail/vehicle_local_position_setpoint__struct.hpp\n'}
[3.730301] (px4_msgs) StdoutLine: {'line': b'-- Up-to-date symlink: /home/dolphiinn/ros2_ws/install/px4_msgs/include/px4_msgs/px4_msgs/msg/detail/vehicle_local_position_setpoint__traits.hpp\n'}
[3.730604] (px4_msgs) StdoutLine: {'line': b'-- Up-to-date symlink: /home/dolphiinn/ros2_ws/install/px4_msgs/include/px4_msgs/px4_msgs/msg/detail/vehicle_local_position_setpoint__type_support.hpp\n'}
[3.731010] (px4_msgs) StdoutLine: {'line': b'-- Up-to-date symlink: /home/dolphiinn/ros2_ws/install/px4_msgs/include/px4_msgs/px4_msgs/msg/detail/vehicle_magnetometer__builder.hpp\n'}
[3.731322] (px4_msgs) StdoutLine: {'line': b'-- Up-to-date symlink: /home/dolphiinn/ros2_ws/install/px4_msgs/include/px4_msgs/px4_msgs/msg/detail/vehicle_magnetometer__struct.hpp\n'}
[3.731681] (px4_msgs) StdoutLine: {'line': b'-- Up-to-date symlink: /home/dolphiinn/ros2_ws/install/px4_msgs/include/px4_msgs/px4_msgs/msg/detail/vehicle_magnetometer__traits.hpp\n'}
[3.731968] (px4_msgs) StdoutLine: {'line': b'-- Up-to-date symlink: /home/dolphiinn/ros2_ws/install/px4_msgs/include/px4_msgs/px4_msgs/msg/detail/vehicle_magnetometer__type_support.hpp\n'}
[3.732330] (px4_msgs) StdoutLine: {'line': b'-- Up-to-date symlink: /home/dolphiinn/ros2_ws/install/px4_msgs/include/px4_msgs/px4_msgs/msg/detail/vehicle_odometry__builder.hpp\n'}
[3.732596] (px4_msgs) StdoutLine: {'line': b'-- Up-to-date symlink: /home/dolphiinn/ros2_ws/install/px4_msgs/include/px4_msgs/px4_msgs/msg/detail/vehicle_odometry__struct.hpp\n'}
[3.733003] (px4_msgs) StdoutLine: {'line': b'-- Up-to-date symlink: /home/dolphiinn/ros2_ws/install/px4_msgs/include/px4_msgs/px4_msgs/msg/detail/vehicle_odometry__traits.hpp\n'}
[3.733517] (px4_msgs) StdoutLine: {'line': b'-- Up-to-date symlink: /home/dolphiinn/ros2_ws/install/px4_msgs/include/px4_msgs/px4_msgs/msg/detail/vehicle_odometry__type_support.hpp\n'}
[3.734085] (px4_msgs) StdoutLine: {'line': b'-- Up-to-date symlink: /home/dolphiinn/ros2_ws/install/px4_msgs/include/px4_msgs/px4_msgs/msg/detail/vehicle_optical_flow__builder.hpp\n'}
[3.734850] (px4_msgs) StdoutLine: {'line': b'-- Up-to-date symlink: /home/dolphiinn/ros2_ws/install/px4_msgs/include/px4_msgs/px4_msgs/msg/detail/vehicle_optical_flow__struct.hpp\n'}
[3.735237] (px4_msgs) StdoutLine: {'line': b'-- Up-to-date symlink: /home/dolphiinn/ros2_ws/install/px4_msgs/include/px4_msgs/px4_msgs/msg/detail/vehicle_optical_flow__traits.hpp\n'}
[3.735587] (px4_msgs) StdoutLine: {'line': b'-- Up-to-date symlink: /home/dolphiinn/ros2_ws/install/px4_msgs/include/px4_msgs/px4_msgs/msg/detail/vehicle_optical_flow__type_support.hpp\n'}
[3.735855] (px4_msgs) StdoutLine: {'line': b'-- Up-to-date symlink: /home/dolphiinn/ros2_ws/install/px4_msgs/include/px4_msgs/px4_msgs/msg/detail/vehicle_optical_flow_vel__builder.hpp\n'}
[3.736597] (px4_msgs) StdoutLine: {'line': b'-- Up-to-date symlink: /home/dolphiinn/ros2_ws/install/px4_msgs/include/px4_msgs/px4_msgs/msg/detail/vehicle_optical_flow_vel__struct.hpp\n'}
[3.736946] (px4_msgs) StdoutLine: {'line': b'-- Up-to-date symlink: /home/dolphiinn/ros2_ws/install/px4_msgs/include/px4_msgs/px4_msgs/msg/detail/vehicle_optical_flow_vel__traits.hpp\n'}
[3.737254] (px4_msgs) StdoutLine: {'line': b'-- Up-to-date symlink: /home/dolphiinn/ros2_ws/install/px4_msgs/include/px4_msgs/px4_msgs/msg/detail/vehicle_optical_flow_vel__type_support.hpp\n'}
[3.737483] (px4_msgs) StdoutLine: {'line': b'-- Up-to-date symlink: /home/dolphiinn/ros2_ws/install/px4_msgs/include/px4_msgs/px4_msgs/msg/detail/vehicle_rates_setpoint__builder.hpp\n'}
[3.737870] (px4_msgs) StdoutLine: {'line': b'-- Up-to-date symlink: /home/dolphiinn/ros2_ws/install/px4_msgs/include/px4_msgs/px4_msgs/msg/detail/vehicle_rates_setpoint__struct.hpp\n'}
[3.738463] (px4_msgs) StdoutLine: {'line': b'-- Up-to-date symlink: /home/dolphiinn/ros2_ws/install/px4_msgs/include/px4_msgs/px4_msgs/msg/detail/vehicle_rates_setpoint__traits.hpp\n'}
[3.738930] (px4_msgs) StdoutLine: {'line': b'-- Up-to-date symlink: /home/dolphiinn/ros2_ws/install/px4_msgs/include/px4_msgs/px4_msgs/msg/detail/vehicle_rates_setpoint__type_support.hpp\n'}
[3.739535] (px4_msgs) StdoutLine: {'line': b'-- Up-to-date symlink: /home/dolphiinn/ros2_ws/install/px4_msgs/include/px4_msgs/px4_msgs/msg/detail/vehicle_roi__builder.hpp\n'}
[3.740031] (px4_msgs) StdoutLine: {'line': b'-- Up-to-date symlink: /home/dolphiinn/ros2_ws/install/px4_msgs/include/px4_msgs/px4_msgs/msg/detail/vehicle_roi__struct.hpp\n'}
[3.740532] (px4_msgs) StdoutLine: {'line': b'-- Up-to-date symlink: /home/dolphiinn/ros2_ws/install/px4_msgs/include/px4_msgs/px4_msgs/msg/detail/vehicle_roi__traits.hpp\n'}
[3.740980] (px4_msgs) StdoutLine: {'line': b'-- Up-to-date symlink: /home/dolphiinn/ros2_ws/install/px4_msgs/include/px4_msgs/px4_msgs/msg/detail/vehicle_roi__type_support.hpp\n'}
[3.741333] (px4_msgs) StdoutLine: {'line': b'-- Up-to-date symlink: /home/dolphiinn/ros2_ws/install/px4_msgs/include/px4_msgs/px4_msgs/msg/detail/vehicle_status__builder.hpp\n'}
[3.741852] (px4_msgs) StdoutLine: {'line': b'-- Up-to-date symlink: /home/dolphiinn/ros2_ws/install/px4_msgs/include/px4_msgs/px4_msgs/msg/detail/vehicle_status__struct.hpp\n'}
[3.742907] (px4_msgs) StdoutLine: {'line': b'-- Up-to-date symlink: /home/dolphiinn/ros2_ws/install/px4_msgs/include/px4_msgs/px4_msgs/msg/detail/vehicle_status__traits.hpp\n'}
[3.743205] (px4_msgs) StdoutLine: {'line': b'-- Up-to-date symlink: /home/dolphiinn/ros2_ws/install/px4_msgs/include/px4_msgs/px4_msgs/msg/detail/vehicle_status__type_support.hpp\n'}
[3.743461] (px4_msgs) StdoutLine: {'line': b'-- Up-to-date symlink: /home/dolphiinn/ros2_ws/install/px4_msgs/include/px4_msgs/px4_msgs/msg/detail/vehicle_thrust_setpoint__builder.hpp\n'}
[3.743730] (px4_msgs) StdoutLine: {'line': b'-- Up-to-date symlink: /home/dolphiinn/ros2_ws/install/px4_msgs/include/px4_msgs/px4_msgs/msg/detail/vehicle_thrust_setpoint__struct.hpp\n'}
[3.744018] (px4_msgs) StdoutLine: {'line': b'-- Up-to-date symlink: /home/dolphiinn/ros2_ws/install/px4_msgs/include/px4_msgs/px4_msgs/msg/detail/vehicle_thrust_setpoint__traits.hpp\n'}
[3.744232] (px4_msgs) StdoutLine: {'line': b'-- Up-to-date symlink: /home/dolphiinn/ros2_ws/install/px4_msgs/include/px4_msgs/px4_msgs/msg/detail/vehicle_thrust_setpoint__type_support.hpp\n'}
[3.744531] (px4_msgs) StdoutLine: {'line': b'-- Up-to-date symlink: /home/dolphiinn/ros2_ws/install/px4_msgs/include/px4_msgs/px4_msgs/msg/detail/vehicle_torque_setpoint__builder.hpp\n'}
[3.744820] (px4_msgs) StdoutLine: {'line': b'-- Up-to-date symlink: /home/dolphiinn/ros2_ws/install/px4_msgs/include/px4_msgs/px4_msgs/msg/detail/vehicle_torque_setpoint__struct.hpp\n'}
[3.745289] (px4_msgs) StdoutLine: {'line': b'-- Up-to-date symlink: /home/dolphiinn/ros2_ws/install/px4_msgs/include/px4_msgs/px4_msgs/msg/detail/vehicle_torque_setpoint__traits.hpp\n'}
[3.745726] (px4_msgs) StdoutLine: {'line': b'-- Up-to-date symlink: /home/dolphiinn/ros2_ws/install/px4_msgs/include/px4_msgs/px4_msgs/msg/detail/vehicle_torque_setpoint__type_support.hpp\n'}
[3.746228] (px4_msgs) StdoutLine: {'line': b'-- Up-to-date symlink: /home/dolphiinn/ros2_ws/install/px4_msgs/include/px4_msgs/px4_msgs/msg/detail/velocity_limits__builder.hpp\n'}
[3.746635] (px4_msgs) StdoutLine: {'line': b'-- Up-to-date symlink: /home/dolphiinn/ros2_ws/install/px4_msgs/include/px4_msgs/px4_msgs/msg/detail/velocity_limits__struct.hpp\n'}
[3.747072] (px4_msgs) StdoutLine: {'line': b'-- Up-to-date symlink: /home/dolphiinn/ros2_ws/install/px4_msgs/include/px4_msgs/px4_msgs/msg/detail/velocity_limits__traits.hpp\n'}
[3.747550] (px4_msgs) StdoutLine: {'line': b'-- Up-to-date symlink: /home/dolphiinn/ros2_ws/install/px4_msgs/include/px4_msgs/px4_msgs/msg/detail/velocity_limits__type_support.hpp\n'}
[3.747978] (px4_msgs) StdoutLine: {'line': b'-- Up-to-date symlink: /home/dolphiinn/ros2_ws/install/px4_msgs/include/px4_msgs/px4_msgs/msg/detail/vtol_vehicle_status__builder.hpp\n'}
[3.748191] (px4_msgs) StdoutLine: {'line': b'-- Up-to-date symlink: /home/dolphiinn/ros2_ws/install/px4_msgs/include/px4_msgs/px4_msgs/msg/detail/vtol_vehicle_status__struct.hpp\n'}
[3.748493] (px4_msgs) StdoutLine: {'line': b'-- Up-to-date symlink: /home/dolphiinn/ros2_ws/install/px4_msgs/include/px4_msgs/px4_msgs/msg/detail/vtol_vehicle_status__traits.hpp\n'}
[3.748903] (px4_msgs) StdoutLine: {'line': b'-- Up-to-date symlink: /home/dolphiinn/ros2_ws/install/px4_msgs/include/px4_msgs/px4_msgs/msg/detail/vtol_vehicle_status__type_support.hpp\n'}
[3.749524] (px4_msgs) StdoutLine: {'line': b'-- Up-to-date symlink: /home/dolphiinn/ros2_ws/install/px4_msgs/include/px4_msgs/px4_msgs/msg/detail/wheel_encoders__builder.hpp\n'}
[3.750331] (px4_msgs) StdoutLine: {'line': b'-- Up-to-date symlink: /home/dolphiinn/ros2_ws/install/px4_msgs/include/px4_msgs/px4_msgs/msg/detail/wheel_encoders__struct.hpp\n'}
[3.750581] (px4_msgs) StdoutLine: {'line': b'-- Up-to-date symlink: /home/dolphiinn/ros2_ws/install/px4_msgs/include/px4_msgs/px4_msgs/msg/detail/wheel_encoders__traits.hpp\n'}
[3.750837] (px4_msgs) StdoutLine: {'line': b'-- Up-to-date symlink: /home/dolphiinn/ros2_ws/install/px4_msgs/include/px4_msgs/px4_msgs/msg/detail/wheel_encoders__type_support.hpp\n'}
[3.751182] (px4_msgs) StdoutLine: {'line': b'-- Up-to-date symlink: /home/dolphiinn/ros2_ws/install/px4_msgs/include/px4_msgs/px4_msgs/msg/detail/wind__builder.hpp\n'}
[3.751423] (px4_msgs) StdoutLine: {'line': b'-- Up-to-date symlink: /home/dolphiinn/ros2_ws/install/px4_msgs/include/px4_msgs/px4_msgs/msg/detail/wind__struct.hpp\n'}
[3.751729] (px4_msgs) StdoutLine: {'line': b'-- Up-to-date symlink: /home/dolphiinn/ros2_ws/install/px4_msgs/include/px4_msgs/px4_msgs/msg/detail/wind__traits.hpp\n'}
[3.752545] (px4_msgs) StdoutLine: {'line': b'-- Up-to-date symlink: /home/dolphiinn/ros2_ws/install/px4_msgs/include/px4_msgs/px4_msgs/msg/detail/wind__type_support.hpp\n'}
[3.752749] (px4_msgs) StdoutLine: {'line': b'-- Up-to-date symlink: /home/dolphiinn/ros2_ws/install/px4_msgs/include/px4_msgs/px4_msgs/msg/detail/yaw_estimator_status__builder.hpp\n'}
[3.752936] (px4_msgs) StdoutLine: {'line': b'-- Up-to-date symlink: /home/dolphiinn/ros2_ws/install/px4_msgs/include/px4_msgs/px4_msgs/msg/detail/yaw_estimator_status__struct.hpp\n'}
[3.753165] (px4_msgs) StdoutLine: {'line': b'-- Up-to-date symlink: /home/dolphiinn/ros2_ws/install/px4_msgs/include/px4_msgs/px4_msgs/msg/detail/yaw_estimator_status__traits.hpp\n'}
[3.753422] (px4_msgs) StdoutLine: {'line': b'-- Up-to-date symlink: /home/dolphiinn/ros2_ws/install/px4_msgs/include/px4_msgs/px4_msgs/msg/detail/yaw_estimator_status__type_support.hpp\n'}
[3.754138] (px4_msgs) StdoutLine: {'line': b'-- Up-to-date symlink: /home/dolphiinn/ros2_ws/install/px4_msgs/include/px4_msgs/px4_msgs/msg/differential_pressure.hpp\n'}
[3.754804] (px4_msgs) StdoutLine: {'line': b'-- Up-to-date symlink: /home/dolphiinn/ros2_ws/install/px4_msgs/include/px4_msgs/px4_msgs/msg/distance_sensor.hpp\n'}
[3.755265] (px4_msgs) StdoutLine: {'line': b'-- Up-to-date symlink: /home/dolphiinn/ros2_ws/install/px4_msgs/include/px4_msgs/px4_msgs/msg/distance_sensor_mode_change_request.hpp\n'}
[3.755541] (px4_msgs) StdoutLine: {'line': b'-- Up-to-date symlink: /home/dolphiinn/ros2_ws/install/px4_msgs/include/px4_msgs/px4_msgs/msg/dronecan_node_status.hpp\n'}
[3.755856] (px4_msgs) StdoutLine: {'line': b'-- Up-to-date symlink: /home/dolphiinn/ros2_ws/install/px4_msgs/include/px4_msgs/px4_msgs/msg/ekf2_timestamps.hpp\n'}
[3.756134] (px4_msgs) StdoutLine: {'line': b'-- Up-to-date symlink: /home/dolphiinn/ros2_ws/install/px4_msgs/include/px4_msgs/px4_msgs/msg/esc_report.hpp\n'}
[3.756411] (px4_msgs) StdoutLine: {'line': b'-- Up-to-date symlink: /home/dolphiinn/ros2_ws/install/px4_msgs/include/px4_msgs/px4_msgs/msg/esc_status.hpp\n'}
[3.756671] (px4_msgs) StdoutLine: {'line': b'-- Up-to-date symlink: /home/dolphiinn/ros2_ws/install/px4_msgs/include/px4_msgs/px4_msgs/msg/estimator_aid_source1d.hpp\n'}
[3.756976] (px4_msgs) StdoutLine: {'line': b'-- Up-to-date symlink: /home/dolphiinn/ros2_ws/install/px4_msgs/include/px4_msgs/px4_msgs/msg/estimator_aid_source2d.hpp\n'}
[3.757332] (px4_msgs) StdoutLine: {'line': b'-- Up-to-date symlink: /home/dolphiinn/ros2_ws/install/px4_msgs/include/px4_msgs/px4_msgs/msg/estimator_aid_source3d.hpp\n'}
[3.758281] (px4_msgs) StdoutLine: {'line': b'-- Up-to-date symlink: /home/dolphiinn/ros2_ws/install/px4_msgs/include/px4_msgs/px4_msgs/msg/estimator_bias.hpp\n'}
[3.758680] (px4_msgs) StdoutLine: {'line': b'-- Up-to-date symlink: /home/dolphiinn/ros2_ws/install/px4_msgs/include/px4_msgs/px4_msgs/msg/estimator_bias3d.hpp\n'}
[3.759214] (px4_msgs) StdoutLine: {'line': b'-- Up-to-date symlink: /home/dolphiinn/ros2_ws/install/px4_msgs/include/px4_msgs/px4_msgs/msg/estimator_event_flags.hpp\n'}
[3.759540] (px4_msgs) StdoutLine: {'line': b'-- Up-to-date symlink: /home/dolphiinn/ros2_ws/install/px4_msgs/include/px4_msgs/px4_msgs/msg/estimator_gps_status.hpp\n'}
[3.759955] (px4_msgs) StdoutLine: {'line': b'-- Up-to-date symlink: /home/dolphiinn/ros2_ws/install/px4_msgs/include/px4_msgs/px4_msgs/msg/estimator_innovations.hpp\n'}
[3.760253] (px4_msgs) StdoutLine: {'line': b'-- Up-to-date symlink: /home/dolphiinn/ros2_ws/install/px4_msgs/include/px4_msgs/px4_msgs/msg/estimator_selector_status.hpp\n'}
[3.760495] (px4_msgs) StdoutLine: {'line': b'-- Up-to-date symlink: /home/dolphiinn/ros2_ws/install/px4_msgs/include/px4_msgs/px4_msgs/msg/estimator_sensor_bias.hpp\n'}
[3.760788] (px4_msgs) StdoutLine: {'line': b'-- Up-to-date symlink: /home/dolphiinn/ros2_ws/install/px4_msgs/include/px4_msgs/px4_msgs/msg/estimator_states.hpp\n'}
[3.761263] (px4_msgs) StdoutLine: {'line': b'-- Up-to-date symlink: /home/dolphiinn/ros2_ws/install/px4_msgs/include/px4_msgs/px4_msgs/msg/estimator_status.hpp\n'}
[3.761728] (px4_msgs) StdoutLine: {'line': b'-- Up-to-date symlink: /home/dolphiinn/ros2_ws/install/px4_msgs/include/px4_msgs/px4_msgs/msg/estimator_status_flags.hpp\n'}
[3.762170] (px4_msgs) StdoutLine: {'line': b'-- Up-to-date symlink: /home/dolphiinn/ros2_ws/install/px4_msgs/include/px4_msgs/px4_msgs/msg/event.hpp\n'}
[3.762568] (px4_msgs) StdoutLine: {'line': b'-- Up-to-date symlink: /home/dolphiinn/ros2_ws/install/px4_msgs/include/px4_msgs/px4_msgs/msg/failsafe_flags.hpp\n'}
[3.762996] (px4_msgs) StdoutLine: {'line': b'-- Up-to-date symlink: /home/dolphiinn/ros2_ws/install/px4_msgs/include/px4_msgs/px4_msgs/msg/failure_detector_status.hpp\n'}
[3.763403] (px4_msgs) StdoutLine: {'line': b'-- Up-to-date symlink: /home/dolphiinn/ros2_ws/install/px4_msgs/include/px4_msgs/px4_msgs/msg/figure_eight_status.hpp\n'}
[3.763774] (px4_msgs) StdoutLine: {'line': b'-- Up-to-date symlink: /home/dolphiinn/ros2_ws/install/px4_msgs/include/px4_msgs/px4_msgs/msg/fixed_wing_lateral_guidance_status.hpp\n'}
[3.764850] (px4_msgs) StdoutLine: {'line': b'-- Up-to-date symlink: /home/dolphiinn/ros2_ws/install/px4_msgs/include/px4_msgs/px4_msgs/msg/fixed_wing_lateral_setpoint.hpp\n'}
[3.765102] (px4_msgs) StdoutLine: {'line': b'-- Up-to-date symlink: /home/dolphiinn/ros2_ws/install/px4_msgs/include/px4_msgs/px4_msgs/msg/fixed_wing_lateral_status.hpp\n'}
[3.765269] (px4_msgs) StdoutLine: {'line': b'-- Up-to-date symlink: /home/dolphiinn/ros2_ws/install/px4_msgs/include/px4_msgs/px4_msgs/msg/fixed_wing_longitudinal_setpoint.hpp\n'}
[3.765924] (px4_msgs) StdoutLine: {'line': b'-- Up-to-date symlink: /home/dolphiinn/ros2_ws/install/px4_msgs/include/px4_msgs/px4_msgs/msg/fixed_wing_runway_control.hpp\n'}
[3.766259] (px4_msgs) StdoutLine: {'line': b'-- Up-to-date symlink: /home/dolphiinn/ros2_ws/install/px4_msgs/include/px4_msgs/px4_msgs/msg/flight_phase_estimation.hpp\n'}
[3.766776] (px4_msgs) StdoutLine: {'line': b'-- Up-to-date symlink: /home/dolphiinn/ros2_ws/install/px4_msgs/include/px4_msgs/px4_msgs/msg/follow_target.hpp\n'}
[3.767098] (px4_msgs) StdoutLine: {'line': b'-- Up-to-date symlink: /home/dolphiinn/ros2_ws/install/px4_msgs/include/px4_msgs/px4_msgs/msg/follow_target_estimator.hpp\n'}
[3.767584] (px4_msgs) StdoutLine: {'line': b'-- Up-to-date symlink: /home/dolphiinn/ros2_ws/install/px4_msgs/include/px4_msgs/px4_msgs/msg/follow_target_status.hpp\n'}
[3.767939] (px4_msgs) StdoutLine: {'line': b'-- Up-to-date symlink: /home/dolphiinn/ros2_ws/install/px4_msgs/include/px4_msgs/px4_msgs/msg/fuel_tank_status.hpp\n'}
[3.768686] (px4_msgs) StdoutLine: {'line': b'-- Up-to-date symlink: /home/dolphiinn/ros2_ws/install/px4_msgs/include/px4_msgs/px4_msgs/msg/generator_status.hpp\n'}
[3.769027] (px4_msgs) StdoutLine: {'line': b'-- Up-to-date symlink: /home/dolphiinn/ros2_ws/install/px4_msgs/include/px4_msgs/px4_msgs/msg/geofence_result.hpp\n'}
[3.769310] (px4_msgs) StdoutLine: {'line': b'-- Up-to-date symlink: /home/dolphiinn/ros2_ws/install/px4_msgs/include/px4_msgs/px4_msgs/msg/geofence_status.hpp\n'}
[3.769660] (px4_msgs) StdoutLine: {'line': b'-- Up-to-date symlink: /home/dolphiinn/ros2_ws/install/px4_msgs/include/px4_msgs/px4_msgs/msg/gimbal_controls.hpp\n'}
[3.770104] (px4_msgs) StdoutLine: {'line': b'-- Up-to-date symlink: /home/dolphiinn/ros2_ws/install/px4_msgs/include/px4_msgs/px4_msgs/msg/gimbal_device_attitude_status.hpp\n'}
[3.770928] (px4_msgs) StdoutLine: {'line': b'-- Up-to-date symlink: /home/dolphiinn/ros2_ws/install/px4_msgs/include/px4_msgs/px4_msgs/msg/gimbal_device_information.hpp\n'}
[3.771273] (px4_msgs) StdoutLine: {'line': b'-- Up-to-date symlink: /home/dolphiinn/ros2_ws/install/px4_msgs/include/px4_msgs/px4_msgs/msg/gimbal_device_set_attitude.hpp\n'}
[3.771437] (px4_msgs) StdoutLine: {'line': b'-- Up-to-date symlink: /home/dolphiinn/ros2_ws/install/px4_msgs/include/px4_msgs/px4_msgs/msg/gimbal_manager_information.hpp\n'}
[3.771635] (px4_msgs) StdoutLine: {'line': b'-- Up-to-date symlink: /home/dolphiinn/ros2_ws/install/px4_msgs/include/px4_msgs/px4_msgs/msg/gimbal_manager_set_attitude.hpp\n'}
[3.771860] (px4_msgs) StdoutLine: {'line': b'-- Up-to-date symlink: /home/dolphiinn/ros2_ws/install/px4_msgs/include/px4_msgs/px4_msgs/msg/gimbal_manager_set_manual_control.hpp\n'}
[3.772091] (px4_msgs) StdoutLine: {'line': b'-- Up-to-date symlink: /home/dolphiinn/ros2_ws/install/px4_msgs/include/px4_msgs/px4_msgs/msg/gimbal_manager_status.hpp\n'}
[3.772335] (px4_msgs) StdoutLine: {'line': b'-- Up-to-date symlink: /home/dolphiinn/ros2_ws/install/px4_msgs/include/px4_msgs/px4_msgs/msg/goto_setpoint.hpp\n'}
[3.772728] (px4_msgs) StdoutLine: {'line': b'-- Up-to-date symlink: /home/dolphiinn/ros2_ws/install/px4_msgs/include/px4_msgs/px4_msgs/msg/gpio_config.hpp\n'}
[3.773017] (px4_msgs) StdoutLine: {'line': b'-- Up-to-date symlink: /home/dolphiinn/ros2_ws/install/px4_msgs/include/px4_msgs/px4_msgs/msg/gpio_in.hpp\n'}
[3.773362] (px4_msgs) StdoutLine: {'line': b'-- Up-to-date symlink: /home/dolphiinn/ros2_ws/install/px4_msgs/include/px4_msgs/px4_msgs/msg/gpio_out.hpp\n'}
[3.773691] (px4_msgs) StdoutLine: {'line': b'-- Up-to-date symlink: /home/dolphiinn/ros2_ws/install/px4_msgs/include/px4_msgs/px4_msgs/msg/gpio_request.hpp\n'}
[3.774470] (px4_msgs) StdoutLine: {'line': b'-- Up-to-date symlink: /home/dolphiinn/ros2_ws/install/px4_msgs/include/px4_msgs/px4_msgs/msg/gps_dump.hpp\n'}
[3.774933] (px4_msgs) StdoutLine: {'line': b'-- Up-to-date symlink: /home/dolphiinn/ros2_ws/install/px4_msgs/include/px4_msgs/px4_msgs/msg/gps_inject_data.hpp\n'}
[3.775231] (px4_msgs) StdoutLine: {'line': b'-- Up-to-date symlink: /home/dolphiinn/ros2_ws/install/px4_msgs/include/px4_msgs/px4_msgs/msg/gripper.hpp\n'}
[3.775538] (px4_msgs) StdoutLine: {'line': b'-- Up-to-date symlink: /home/dolphiinn/ros2_ws/install/px4_msgs/include/px4_msgs/px4_msgs/msg/health_report.hpp\n'}
[3.775889] (px4_msgs) StdoutLine: {'line': b'-- Up-to-date symlink: /home/dolphiinn/ros2_ws/install/px4_msgs/include/px4_msgs/px4_msgs/msg/heater_status.hpp\n'}
[3.776153] (px4_msgs) StdoutLine: {'line': b'-- Up-to-date symlink: /home/dolphiinn/ros2_ws/install/px4_msgs/include/px4_msgs/px4_msgs/msg/home_position.hpp\n'}
[3.776446] (px4_msgs) StdoutLine: {'line': b'-- Up-to-date symlink: /home/dolphiinn/ros2_ws/install/px4_msgs/include/px4_msgs/px4_msgs/msg/hover_thrust_estimate.hpp\n'}
[3.776734] (px4_msgs) StdoutLine: {'line': b'-- Up-to-date symlink: /home/dolphiinn/ros2_ws/install/px4_msgs/include/px4_msgs/px4_msgs/msg/input_rc.hpp\n'}
[3.777267] (px4_msgs) StdoutLine: {'line': b'-- Up-to-date symlink: /home/dolphiinn/ros2_ws/install/px4_msgs/include/px4_msgs/px4_msgs/msg/internal_combustion_engine_control.hpp\n'}
[3.777801] (px4_msgs) StdoutLine: {'line': b'-- Up-to-date symlink: /home/dolphiinn/ros2_ws/install/px4_msgs/include/px4_msgs/px4_msgs/msg/internal_combustion_engine_status.hpp\n'}
[3.778402] (px4_msgs) StdoutLine: {'line': b'-- Up-to-date symlink: /home/dolphiinn/ros2_ws/install/px4_msgs/include/px4_msgs/px4_msgs/msg/iridiumsbd_status.hpp\n'}
[3.778712] (px4_msgs) StdoutLine: {'line': b'-- Up-to-date symlink: /home/dolphiinn/ros2_ws/install/px4_msgs/include/px4_msgs/px4_msgs/msg/irlock_report.hpp\n'}
[3.779155] (px4_msgs) StdoutLine: {'line': b'-- Up-to-date symlink: /home/dolphiinn/ros2_ws/install/px4_msgs/include/px4_msgs/px4_msgs/msg/landing_gear.hpp\n'}
[3.779563] (px4_msgs) StdoutLine: {'line': b'-- Up-to-date symlink: /home/dolphiinn/ros2_ws/install/px4_msgs/include/px4_msgs/px4_msgs/msg/landing_gear_wheel.hpp\n'}
[3.779876] (px4_msgs) StdoutLine: {'line': b'-- Up-to-date symlink: /home/dolphiinn/ros2_ws/install/px4_msgs/include/px4_msgs/px4_msgs/msg/landing_target_innovations.hpp\n'}
[3.780635] (px4_msgs) StdoutLine: {'line': b'-- Up-to-date symlink: /home/dolphiinn/ros2_ws/install/px4_msgs/include/px4_msgs/px4_msgs/msg/landing_target_pose.hpp\n'}
[3.781238] (px4_msgs) StdoutLine: {'line': b'-- Up-to-date symlink: /home/dolphiinn/ros2_ws/install/px4_msgs/include/px4_msgs/px4_msgs/msg/lateral_control_configuration.hpp\n'}
[3.781389] (px4_msgs) StdoutLine: {'line': b'-- Up-to-date symlink: /home/dolphiinn/ros2_ws/install/px4_msgs/include/px4_msgs/px4_msgs/msg/launch_detection_status.hpp\n'}
[3.782083] (px4_msgs) StdoutLine: {'line': b'-- Up-to-date symlink: /home/dolphiinn/ros2_ws/install/px4_msgs/include/px4_msgs/px4_msgs/msg/led_control.hpp\n'}
[3.782292] (px4_msgs) StdoutLine: {'line': b'-- Up-to-date symlink: /home/dolphiinn/ros2_ws/install/px4_msgs/include/px4_msgs/px4_msgs/msg/log_message.hpp\n'}
[3.782790] (px4_msgs) StdoutLine: {'line': b'-- Up-to-date symlink: /home/dolphiinn/ros2_ws/install/px4_msgs/include/px4_msgs/px4_msgs/msg/logger_status.hpp\n'}
[3.783224] (px4_msgs) StdoutLine: {'line': b'-- Up-to-date symlink: /home/dolphiinn/ros2_ws/install/px4_msgs/include/px4_msgs/px4_msgs/msg/longitudinal_control_configuration.hpp\n'}
[3.783652] (px4_msgs) StdoutLine: {'line': b'-- Up-to-date symlink: /home/dolphiinn/ros2_ws/install/px4_msgs/include/px4_msgs/px4_msgs/msg/mag_worker_data.hpp\n'}
[3.784011] (px4_msgs) StdoutLine: {'line': b'-- Up-to-date symlink: /home/dolphiinn/ros2_ws/install/px4_msgs/include/px4_msgs/px4_msgs/msg/magnetometer_bias_estimate.hpp\n'}
[3.784463] (px4_msgs) StdoutLine: {'line': b'-- Up-to-date symlink: /home/dolphiinn/ros2_ws/install/px4_msgs/include/px4_msgs/px4_msgs/msg/manual_control_setpoint.hpp\n'}
[3.784840] (px4_msgs) StdoutLine: {'line': b'-- Up-to-date symlink: /home/dolphiinn/ros2_ws/install/px4_msgs/include/px4_msgs/px4_msgs/msg/manual_control_switches.hpp\n'}
[3.785141] (px4_msgs) StdoutLine: {'line': b'-- Up-to-date symlink: /home/dolphiinn/ros2_ws/install/px4_msgs/include/px4_msgs/px4_msgs/msg/mavlink_log.hpp\n'}
[3.785351] (px4_msgs) StdoutLine: {'line': b'-- Up-to-date symlink: /home/dolphiinn/ros2_ws/install/px4_msgs/include/px4_msgs/px4_msgs/msg/mavlink_tunnel.hpp\n'}
[3.786326] (px4_msgs) StdoutLine: {'line': b'-- Up-to-date symlink: /home/dolphiinn/ros2_ws/install/px4_msgs/include/px4_msgs/px4_msgs/msg/message_format_request.hpp\n'}
[3.786652] (px4_msgs) StdoutLine: {'line': b'-- Up-to-date symlink: /home/dolphiinn/ros2_ws/install/px4_msgs/include/px4_msgs/px4_msgs/msg/message_format_response.hpp\n'}
[3.787489] (px4_msgs) StdoutLine: {'line': b'-- Up-to-date symlink: /home/dolphiinn/ros2_ws/install/px4_msgs/include/px4_msgs/px4_msgs/msg/mission.hpp\n'}
[3.787723] (px4_msgs) StdoutLine: {'line': b'-- Up-to-date symlink: /home/dolphiinn/ros2_ws/install/px4_msgs/include/px4_msgs/px4_msgs/msg/mission_result.hpp\n'}
[3.787870] (px4_msgs) StdoutLine: {'line': b'-- Up-to-date symlink: /home/dolphiinn/ros2_ws/install/px4_msgs/include/px4_msgs/px4_msgs/msg/mode_completed.hpp\n'}
[3.788053] (px4_msgs) StdoutLine: {'line': b'-- Up-to-date symlink: /home/dolphiinn/ros2_ws/install/px4_msgs/include/px4_msgs/px4_msgs/msg/mount_orientation.hpp\n'}
[3.788312] (px4_msgs) StdoutLine: {'line': b'-- Up-to-date symlink: /home/dolphiinn/ros2_ws/install/px4_msgs/include/px4_msgs/px4_msgs/msg/navigator_mission_item.hpp\n'}
[3.788784] (px4_msgs) StdoutLine: {'line': b'-- Up-to-date symlink: /home/dolphiinn/ros2_ws/install/px4_msgs/include/px4_msgs/px4_msgs/msg/navigator_status.hpp\n'}
[3.789300] (px4_msgs) StdoutLine: {'line': b'-- Up-to-date symlink: /home/dolphiinn/ros2_ws/install/px4_msgs/include/px4_msgs/px4_msgs/msg/neural_control.hpp\n'}
[3.789515] (px4_msgs) StdoutLine: {'line': b'-- Up-to-date symlink: /home/dolphiinn/ros2_ws/install/px4_msgs/include/px4_msgs/px4_msgs/msg/normalized_unsigned_setpoint.hpp\n'}
[3.789825] (px4_msgs) StdoutLine: {'line': b'-- Up-to-date symlink: /home/dolphiinn/ros2_ws/install/px4_msgs/include/px4_msgs/px4_msgs/msg/obstacle_distance.hpp\n'}
[3.791273] (px4_msgs) StdoutLine: {'line': b'-- Up-to-date symlink: /home/dolphiinn/ros2_ws/install/px4_msgs/include/px4_msgs/px4_msgs/msg/offboard_control_mode.hpp\n'}
[3.791563] (px4_msgs) StdoutLine: {'line': b'-- Up-to-date symlink: /home/dolphiinn/ros2_ws/install/px4_msgs/include/px4_msgs/px4_msgs/msg/onboard_computer_status.hpp\n'}
[3.792151] (px4_msgs) StdoutLine: {'line': b'-- Up-to-date symlink: /home/dolphiinn/ros2_ws/install/px4_msgs/include/px4_msgs/px4_msgs/msg/open_drone_id_arm_status.hpp\n'}
[3.792304] (px4_msgs) StdoutLine: {'line': b'-- Up-to-date symlink: /home/dolphiinn/ros2_ws/install/px4_msgs/include/px4_msgs/px4_msgs/msg/open_drone_id_operator_id.hpp\n'}
[3.792523] (px4_msgs) StdoutLine: {'line': b'-- Up-to-date symlink: /home/dolphiinn/ros2_ws/install/px4_msgs/include/px4_msgs/px4_msgs/msg/open_drone_id_self_id.hpp\n'}
[3.792867] (px4_msgs) StdoutLine: {'line': b'-- Up-to-date symlink: /home/dolphiinn/ros2_ws/install/px4_msgs/include/px4_msgs/px4_msgs/msg/open_drone_id_system.hpp\n'}
[3.793073] (px4_msgs) StdoutLine: {'line': b'-- Up-to-date symlink: /home/dolphiinn/ros2_ws/install/px4_msgs/include/px4_msgs/px4_msgs/msg/orb_test.hpp\n'}
[3.793331] (px4_msgs) StdoutLine: {'line': b'-- Up-to-date symlink: /home/dolphiinn/ros2_ws/install/px4_msgs/include/px4_msgs/px4_msgs/msg/orb_test_large.hpp\n'}
[3.793827] (px4_msgs) StdoutLine: {'line': b'-- Up-to-date symlink: /home/dolphiinn/ros2_ws/install/px4_msgs/include/px4_msgs/px4_msgs/msg/orb_test_medium.hpp\n'}
[3.794479] (px4_msgs) StdoutLine: {'line': b'-- Up-to-date symlink: /home/dolphiinn/ros2_ws/install/px4_msgs/include/px4_msgs/px4_msgs/msg/orbit_status.hpp\n'}
[3.794703] (px4_msgs) StdoutLine: {'line': b'-- Up-to-date symlink: /home/dolphiinn/ros2_ws/install/px4_msgs/include/px4_msgs/px4_msgs/msg/parameter_reset_request.hpp\n'}
[3.795199] (px4_msgs) StdoutLine: {'line': b'-- Up-to-date symlink: /home/dolphiinn/ros2_ws/install/px4_msgs/include/px4_msgs/px4_msgs/msg/parameter_set_used_request.hpp\n'}
[3.795523] (px4_msgs) StdoutLine: {'line': b'-- Up-to-date symlink: /home/dolphiinn/ros2_ws/install/px4_msgs/include/px4_msgs/px4_msgs/msg/parameter_set_value_request.hpp\n'}
[3.795746] (px4_msgs) StdoutLine: {'line': b'-- Up-to-date symlink: /home/dolphiinn/ros2_ws/install/px4_msgs/include/px4_msgs/px4_msgs/msg/parameter_set_value_response.hpp\n'}
[3.796233] (px4_msgs) StdoutLine: {'line': b'-- Up-to-date symlink: /home/dolphiinn/ros2_ws/install/px4_msgs/include/px4_msgs/px4_msgs/msg/parameter_update.hpp\n'}
[3.796561] (px4_msgs) StdoutLine: {'line': b'-- Up-to-date symlink: /home/dolphiinn/ros2_ws/install/px4_msgs/include/px4_msgs/px4_msgs/msg/ping.hpp\n'}
[3.796915] (px4_msgs) StdoutLine: {'line': b'-- Up-to-date symlink: /home/dolphiinn/ros2_ws/install/px4_msgs/include/px4_msgs/px4_msgs/msg/position_controller_landing_status.hpp\n'}
[3.797369] (px4_msgs) StdoutLine: {'line': b'-- Up-to-date symlink: /home/dolphiinn/ros2_ws/install/px4_msgs/include/px4_msgs/px4_msgs/msg/position_controller_status.hpp\n'}
[3.797874] (px4_msgs) StdoutLine: {'line': b'-- Up-to-date symlink: /home/dolphiinn/ros2_ws/install/px4_msgs/include/px4_msgs/px4_msgs/msg/position_setpoint.hpp\n'}
[3.798804] (px4_msgs) StdoutLine: {'line': b'-- Up-to-date symlink: /home/dolphiinn/ros2_ws/install/px4_msgs/include/px4_msgs/px4_msgs/msg/position_setpoint_triplet.hpp\n'}
[3.799119] (px4_msgs) StdoutLine: {'line': b'-- Up-to-date symlink: /home/dolphiinn/ros2_ws/install/px4_msgs/include/px4_msgs/px4_msgs/msg/power_button_state.hpp\n'}
[3.799343] (px4_msgs) StdoutLine: {'line': b'-- Up-to-date symlink: /home/dolphiinn/ros2_ws/install/px4_msgs/include/px4_msgs/px4_msgs/msg/power_monitor.hpp\n'}
[3.799727] (px4_msgs) StdoutLine: {'line': b'-- Up-to-date symlink: /home/dolphiinn/ros2_ws/install/px4_msgs/include/px4_msgs/px4_msgs/msg/pps_capture.hpp\n'}
[3.800173] (px4_msgs) StdoutLine: {'line': b'-- Up-to-date symlink: /home/dolphiinn/ros2_ws/install/px4_msgs/include/px4_msgs/px4_msgs/msg/pure_pursuit_status.hpp\n'}
[3.800666] (px4_msgs) StdoutLine: {'line': b'-- Up-to-date symlink: /home/dolphiinn/ros2_ws/install/px4_msgs/include/px4_msgs/px4_msgs/msg/pwm_input.hpp\n'}
[3.801281] (px4_msgs) StdoutLine: {'line': b'-- Up-to-date symlink: /home/dolphiinn/ros2_ws/install/px4_msgs/include/px4_msgs/px4_msgs/msg/px4io_status.hpp\n'}
[3.801694] (px4_msgs) StdoutLine: {'line': b'-- Up-to-date symlink: /home/dolphiinn/ros2_ws/install/px4_msgs/include/px4_msgs/px4_msgs/msg/qshell_req.hpp\n'}
[3.803146] (px4_msgs) StdoutLine: {'line': b'-- Up-to-date symlink: /home/dolphiinn/ros2_ws/install/px4_msgs/include/px4_msgs/px4_msgs/msg/qshell_retval.hpp\n'}
[3.803468] (px4_msgs) StdoutLine: {'line': b'-- Up-to-date symlink: /home/dolphiinn/ros2_ws/install/px4_msgs/include/px4_msgs/px4_msgs/msg/radio_status.hpp\n'}
[3.803827] (px4_msgs) StdoutLine: {'line': b'-- Up-to-date symlink: /home/dolphiinn/ros2_ws/install/px4_msgs/include/px4_msgs/px4_msgs/msg/rate_ctrl_status.hpp\n'}
[3.804029] (px4_msgs) StdoutLine: {'line': b'-- Up-to-date symlink: /home/dolphiinn/ros2_ws/install/px4_msgs/include/px4_msgs/px4_msgs/msg/rc_channels.hpp\n'}
[3.804274] (px4_msgs) StdoutLine: {'line': b'-- Up-to-date symlink: /home/dolphiinn/ros2_ws/install/px4_msgs/include/px4_msgs/px4_msgs/msg/rc_parameter_map.hpp\n'}
[3.804416] (px4_msgs) StdoutLine: {'line': b'-- Up-to-date symlink: /home/dolphiinn/ros2_ws/install/px4_msgs/include/px4_msgs/px4_msgs/msg/register_ext_component_reply.hpp\n'}
[3.804612] (px4_msgs) StdoutLine: {'line': b'-- Up-to-date symlink: /home/dolphiinn/ros2_ws/install/px4_msgs/include/px4_msgs/px4_msgs/msg/register_ext_component_request.hpp\n'}
[3.804975] (px4_msgs) StdoutLine: {'line': b'-- Up-to-date symlink: /home/dolphiinn/ros2_ws/install/px4_msgs/include/px4_msgs/px4_msgs/msg/rosidl_generator_cpp__visibility_control.hpp\n'}
[3.805325] (px4_msgs) StdoutLine: {'line': b'-- Up-to-date symlink: /home/dolphiinn/ros2_ws/install/px4_msgs/include/px4_msgs/px4_msgs/msg/rover_attitude_setpoint.hpp\n'}
[3.806232] (px4_msgs) StdoutLine: {'line': b'-- Up-to-date symlink: /home/dolphiinn/ros2_ws/install/px4_msgs/include/px4_msgs/px4_msgs/msg/rover_attitude_status.hpp\n'}
[3.806430] (px4_msgs) StdoutLine: {'line': b'-- Up-to-date symlink: /home/dolphiinn/ros2_ws/install/px4_msgs/include/px4_msgs/px4_msgs/msg/rover_position_setpoint.hpp\n'}
[3.806686] (px4_msgs) StdoutLine: {'line': b'-- Up-to-date symlink: /home/dolphiinn/ros2_ws/install/px4_msgs/include/px4_msgs/px4_msgs/msg/rover_rate_setpoint.hpp\n'}
[3.806856] (px4_msgs) StdoutLine: {'line': b'-- Up-to-date symlink: /home/dolphiinn/ros2_ws/install/px4_msgs/include/px4_msgs/px4_msgs/msg/rover_rate_status.hpp\n'}
[3.807228] (px4_msgs) StdoutLine: {'line': b'-- Up-to-date symlink: /home/dolphiinn/ros2_ws/install/px4_msgs/include/px4_msgs/px4_msgs/msg/rover_speed_setpoint.hpp\n'}
[3.807526] (px4_msgs) StdoutLine: {'line': b'-- Up-to-date symlink: /home/dolphiinn/ros2_ws/install/px4_msgs/include/px4_msgs/px4_msgs/msg/rover_speed_status.hpp\n'}
[3.807807] (px4_msgs) StdoutLine: {'line': b'-- Up-to-date symlink: /home/dolphiinn/ros2_ws/install/px4_msgs/include/px4_msgs/px4_msgs/msg/rover_steering_setpoint.hpp\n'}
[3.808364] (px4_msgs) StdoutLine: {'line': b'-- Up-to-date symlink: /home/dolphiinn/ros2_ws/install/px4_msgs/include/px4_msgs/px4_msgs/msg/rover_throttle_setpoint.hpp\n'}
[3.808780] (px4_msgs) StdoutLine: {'line': b'-- Up-to-date symlink: /home/dolphiinn/ros2_ws/install/px4_msgs/include/px4_msgs/px4_msgs/msg/rpm.hpp\n'}
[3.809911] (px4_msgs) StdoutLine: {'line': b'-- Up-to-date symlink: /home/dolphiinn/ros2_ws/install/px4_msgs/include/px4_msgs/px4_msgs/msg/rtl_status.hpp\n'}
[3.810351] (px4_msgs) StdoutLine: {'line': b'-- Up-to-date symlink: /home/dolphiinn/ros2_ws/install/px4_msgs/include/px4_msgs/px4_msgs/msg/rtl_time_estimate.hpp\n'}
[3.810544] (px4_msgs) StdoutLine: {'line': b'-- Up-to-date symlink: /home/dolphiinn/ros2_ws/install/px4_msgs/include/px4_msgs/px4_msgs/msg/satellite_info.hpp\n'}
[3.810931] (-) TimerEvent: {}
[3.811446] (px4_msgs) StdoutLine: {'line': b'-- Up-to-date symlink: /home/dolphiinn/ros2_ws/install/px4_msgs/include/px4_msgs/px4_msgs/msg/sensor_accel.hpp\n'}
[3.811748] (px4_msgs) StdoutLine: {'line': b'-- Up-to-date symlink: /home/dolphiinn/ros2_ws/install/px4_msgs/include/px4_msgs/px4_msgs/msg/sensor_accel_fifo.hpp\n'}
[3.811884] (px4_msgs) StdoutLine: {'line': b'-- Up-to-date symlink: /home/dolphiinn/ros2_ws/install/px4_msgs/include/px4_msgs/px4_msgs/msg/sensor_airflow.hpp\n'}
[3.812076] (px4_msgs) StdoutLine: {'line': b'-- Up-to-date symlink: /home/dolphiinn/ros2_ws/install/px4_msgs/include/px4_msgs/px4_msgs/msg/sensor_baro.hpp\n'}
[3.812173] (px4_msgs) StdoutLine: {'line': b'-- Up-to-date symlink: /home/dolphiinn/ros2_ws/install/px4_msgs/include/px4_msgs/px4_msgs/msg/sensor_combined.hpp\n'}
[3.812626] (px4_msgs) StdoutLine: {'line': b'-- Up-to-date symlink: /home/dolphiinn/ros2_ws/install/px4_msgs/include/px4_msgs/px4_msgs/msg/sensor_correction.hpp\n'}
[3.813311] (px4_msgs) StdoutLine: {'line': b'-- Up-to-date symlink: /home/dolphiinn/ros2_ws/install/px4_msgs/include/px4_msgs/px4_msgs/msg/sensor_gnss_relative.hpp\n'}
[3.813768] (px4_msgs) StdoutLine: {'line': b'-- Up-to-date symlink: /home/dolphiinn/ros2_ws/install/px4_msgs/include/px4_msgs/px4_msgs/msg/sensor_gnss_status.hpp\n'}
[3.814117] (px4_msgs) StdoutLine: {'line': b'-- Up-to-date symlink: /home/dolphiinn/ros2_ws/install/px4_msgs/include/px4_msgs/px4_msgs/msg/sensor_gps.hpp\n'}
[3.814436] (px4_msgs) StdoutLine: {'line': b'-- Up-to-date symlink: /home/dolphiinn/ros2_ws/install/px4_msgs/include/px4_msgs/px4_msgs/msg/sensor_gyro.hpp\n'}
[3.815018] (px4_msgs) StdoutLine: {'line': b'-- Up-to-date symlink: /home/dolphiinn/ros2_ws/install/px4_msgs/include/px4_msgs/px4_msgs/msg/sensor_gyro_fft.hpp\n'}
[3.815449] (px4_msgs) StdoutLine: {'line': b'-- Up-to-date symlink: /home/dolphiinn/ros2_ws/install/px4_msgs/include/px4_msgs/px4_msgs/msg/sensor_gyro_fifo.hpp\n'}
[3.815923] (px4_msgs) StdoutLine: {'line': b'-- Up-to-date symlink: /home/dolphiinn/ros2_ws/install/px4_msgs/include/px4_msgs/px4_msgs/msg/sensor_hygrometer.hpp\n'}
[3.816677] (px4_msgs) StdoutLine: {'line': b'-- Up-to-date symlink: /home/dolphiinn/ros2_ws/install/px4_msgs/include/px4_msgs/px4_msgs/msg/sensor_mag.hpp\n'}
[3.816904] (px4_msgs) StdoutLine: {'line': b'-- Up-to-date symlink: /home/dolphiinn/ros2_ws/install/px4_msgs/include/px4_msgs/px4_msgs/msg/sensor_optical_flow.hpp\n'}
[3.817784] (px4_msgs) StdoutLine: {'line': b'-- Up-to-date symlink: /home/dolphiinn/ros2_ws/install/px4_msgs/include/px4_msgs/px4_msgs/msg/sensor_preflight_mag.hpp\n'}
[3.817993] (px4_msgs) StdoutLine: {'line': b'-- Up-to-date symlink: /home/dolphiinn/ros2_ws/install/px4_msgs/include/px4_msgs/px4_msgs/msg/sensor_selection.hpp\n'}
[3.818122] (px4_msgs) StdoutLine: {'line': b'-- Up-to-date symlink: /home/dolphiinn/ros2_ws/install/px4_msgs/include/px4_msgs/px4_msgs/msg/sensor_uwb.hpp\n'}
[3.818358] (px4_msgs) StdoutLine: {'line': b'-- Up-to-date symlink: /home/dolphiinn/ros2_ws/install/px4_msgs/include/px4_msgs/px4_msgs/msg/sensors_status.hpp\n'}
[3.818714] (px4_msgs) StdoutLine: {'line': b'-- Up-to-date symlink: /home/dolphiinn/ros2_ws/install/px4_msgs/include/px4_msgs/px4_msgs/msg/sensors_status_imu.hpp\n'}
[3.819623] (px4_msgs) StdoutLine: {'line': b'-- Up-to-date symlink: /home/dolphiinn/ros2_ws/install/px4_msgs/include/px4_msgs/px4_msgs/msg/system_power.hpp\n'}
[3.819848] (px4_msgs) StdoutLine: {'line': b'-- Up-to-date symlink: /home/dolphiinn/ros2_ws/install/px4_msgs/include/px4_msgs/px4_msgs/msg/takeoff_status.hpp\n'}
[3.820697] (px4_msgs) StdoutLine: {'line': b'-- Up-to-date symlink: /home/dolphiinn/ros2_ws/install/px4_msgs/include/px4_msgs/px4_msgs/msg/task_stack_info.hpp\n'}
[3.820849] (px4_msgs) StdoutLine: {'line': b'-- Up-to-date symlink: /home/dolphiinn/ros2_ws/install/px4_msgs/include/px4_msgs/px4_msgs/msg/tecs_status.hpp\n'}
[3.821042] (px4_msgs) StdoutLine: {'line': b'-- Up-to-date symlink: /home/dolphiinn/ros2_ws/install/px4_msgs/include/px4_msgs/px4_msgs/msg/telemetry_status.hpp\n'}
[3.821429] (px4_msgs) StdoutLine: {'line': b'-- Up-to-date symlink: /home/dolphiinn/ros2_ws/install/px4_msgs/include/px4_msgs/px4_msgs/msg/tiltrotor_extra_controls.hpp\n'}
[3.822256] (px4_msgs) StdoutLine: {'line': b'-- Up-to-date symlink: /home/dolphiinn/ros2_ws/install/px4_msgs/include/px4_msgs/px4_msgs/msg/timesync_status.hpp\n'}
[3.822540] (px4_msgs) StdoutLine: {'line': b'-- Up-to-date symlink: /home/dolphiinn/ros2_ws/install/px4_msgs/include/px4_msgs/px4_msgs/msg/trajectory_setpoint.hpp\n'}
[3.822937] (px4_msgs) StdoutLine: {'line': b'-- Up-to-date symlink: /home/dolphiinn/ros2_ws/install/px4_msgs/include/px4_msgs/px4_msgs/msg/trajectory_setpoint6dof.hpp\n'}
[3.823533] (px4_msgs) StdoutLine: {'line': b'-- Up-to-date symlink: /home/dolphiinn/ros2_ws/install/px4_msgs/include/px4_msgs/px4_msgs/msg/transponder_report.hpp\n'}
[3.824198] (px4_msgs) StdoutLine: {'line': b'-- Up-to-date symlink: /home/dolphiinn/ros2_ws/install/px4_msgs/include/px4_msgs/px4_msgs/msg/tune_control.hpp\n'}
[3.824550] (px4_msgs) StdoutLine: {'line': b'-- Up-to-date symlink: /home/dolphiinn/ros2_ws/install/px4_msgs/include/px4_msgs/px4_msgs/msg/uavcan_parameter_request.hpp\n'}
[3.824888] (px4_msgs) StdoutLine: {'line': b'-- Up-to-date symlink: /home/dolphiinn/ros2_ws/install/px4_msgs/include/px4_msgs/px4_msgs/msg/uavcan_parameter_value.hpp\n'}
[3.825682] (px4_msgs) StdoutLine: {'line': b'-- Up-to-date symlink: /home/dolphiinn/ros2_ws/install/px4_msgs/include/px4_msgs/px4_msgs/msg/ulog_stream.hpp\n'}
[3.826839] (px4_msgs) StdoutLine: {'line': b'-- Up-to-date symlink: /home/dolphiinn/ros2_ws/install/px4_msgs/include/px4_msgs/px4_msgs/msg/ulog_stream_ack.hpp\n'}
[3.827678] (px4_msgs) StdoutLine: {'line': b'-- Up-to-date symlink: /home/dolphiinn/ros2_ws/install/px4_msgs/include/px4_msgs/px4_msgs/msg/unregister_ext_component.hpp\n'}
[3.828003] (px4_msgs) StdoutLine: {'line': b'-- Up-to-date symlink: /home/dolphiinn/ros2_ws/install/px4_msgs/include/px4_msgs/px4_msgs/msg/vehicle_acceleration.hpp\n'}
[3.828114] (px4_msgs) StdoutLine: {'line': b'-- Up-to-date symlink: /home/dolphiinn/ros2_ws/install/px4_msgs/include/px4_msgs/px4_msgs/msg/vehicle_air_data.hpp\n'}
[3.828208] (px4_msgs) StdoutLine: {'line': b'-- Up-to-date symlink: /home/dolphiinn/ros2_ws/install/px4_msgs/include/px4_msgs/px4_msgs/msg/vehicle_angular_acceleration_setpoint.hpp\n'}
[3.828349] (px4_msgs) StdoutLine: {'line': b'-- Up-to-date symlink: /home/dolphiinn/ros2_ws/install/px4_msgs/include/px4_msgs/px4_msgs/msg/vehicle_angular_velocity.hpp\n'}
[3.828531] (px4_msgs) StdoutLine: {'line': b'-- Up-to-date symlink: /home/dolphiinn/ros2_ws/install/px4_msgs/include/px4_msgs/px4_msgs/msg/vehicle_attitude.hpp\n'}
[3.828802] (px4_msgs) StdoutLine: {'line': b'-- Up-to-date symlink: /home/dolphiinn/ros2_ws/install/px4_msgs/include/px4_msgs/px4_msgs/msg/vehicle_attitude_setpoint.hpp\n'}
[3.829140] (px4_msgs) StdoutLine: {'line': b'-- Up-to-date symlink: /home/dolphiinn/ros2_ws/install/px4_msgs/include/px4_msgs/px4_msgs/msg/vehicle_command.hpp\n'}
[3.829421] (px4_msgs) StdoutLine: {'line': b'-- Up-to-date symlink: /home/dolphiinn/ros2_ws/install/px4_msgs/include/px4_msgs/px4_msgs/msg/vehicle_command_ack.hpp\n'}
[3.830174] (px4_msgs) StdoutLine: {'line': b'-- Up-to-date symlink: /home/dolphiinn/ros2_ws/install/px4_msgs/include/px4_msgs/px4_msgs/msg/vehicle_constraints.hpp\n'}
[3.830561] (px4_msgs) StdoutLine: {'line': b'-- Up-to-date symlink: /home/dolphiinn/ros2_ws/install/px4_msgs/include/px4_msgs/px4_msgs/msg/vehicle_control_mode.hpp\n'}
[3.830822] (px4_msgs) StdoutLine: {'line': b'-- Up-to-date symlink: /home/dolphiinn/ros2_ws/install/px4_msgs/include/px4_msgs/px4_msgs/msg/vehicle_global_position.hpp\n'}
[3.831074] (px4_msgs) StdoutLine: {'line': b'-- Up-to-date symlink: /home/dolphiinn/ros2_ws/install/px4_msgs/include/px4_msgs/px4_msgs/msg/vehicle_imu.hpp\n'}
[3.831597] (px4_msgs) StdoutLine: {'line': b'-- Up-to-date symlink: /home/dolphiinn/ros2_ws/install/px4_msgs/include/px4_msgs/px4_msgs/msg/vehicle_imu_status.hpp\n'}
[3.831882] (px4_msgs) StdoutLine: {'line': b'-- Up-to-date symlink: /home/dolphiinn/ros2_ws/install/px4_msgs/include/px4_msgs/px4_msgs/msg/vehicle_land_detected.hpp\n'}
[3.832701] (px4_msgs) StdoutLine: {'line': b'-- Up-to-date symlink: /home/dolphiinn/ros2_ws/install/px4_msgs/include/px4_msgs/px4_msgs/msg/vehicle_local_position.hpp\n'}
[3.832935] (px4_msgs) StdoutLine: {'line': b'-- Up-to-date symlink: /home/dolphiinn/ros2_ws/install/px4_msgs/include/px4_msgs/px4_msgs/msg/vehicle_local_position_setpoint.hpp\n'}
[3.833131] (px4_msgs) StdoutLine: {'line': b'-- Up-to-date symlink: /home/dolphiinn/ros2_ws/install/px4_msgs/include/px4_msgs/px4_msgs/msg/vehicle_magnetometer.hpp\n'}
[3.833334] (px4_msgs) StdoutLine: {'line': b'-- Up-to-date symlink: /home/dolphiinn/ros2_ws/install/px4_msgs/include/px4_msgs/px4_msgs/msg/vehicle_odometry.hpp\n'}
[3.833635] (px4_msgs) StdoutLine: {'line': b'-- Up-to-date symlink: /home/dolphiinn/ros2_ws/install/px4_msgs/include/px4_msgs/px4_msgs/msg/vehicle_optical_flow.hpp\n'}
[3.834025] (px4_msgs) StdoutLine: {'line': b'-- Up-to-date symlink: /home/dolphiinn/ros2_ws/install/px4_msgs/include/px4_msgs/px4_msgs/msg/vehicle_optical_flow_vel.hpp\n'}
[3.835190] (px4_msgs) StdoutLine: {'line': b'-- Up-to-date symlink: /home/dolphiinn/ros2_ws/install/px4_msgs/include/px4_msgs/px4_msgs/msg/vehicle_rates_setpoint.hpp\n'}
[3.835587] (px4_msgs) StdoutLine: {'line': b'-- Up-to-date symlink: /home/dolphiinn/ros2_ws/install/px4_msgs/include/px4_msgs/px4_msgs/msg/vehicle_roi.hpp\n'}
[3.836442] (px4_msgs) StdoutLine: {'line': b'-- Up-to-date symlink: /home/dolphiinn/ros2_ws/install/px4_msgs/include/px4_msgs/px4_msgs/msg/vehicle_status.hpp\n'}
[3.836638] (px4_msgs) StdoutLine: {'line': b'-- Up-to-date symlink: /home/dolphiinn/ros2_ws/install/px4_msgs/include/px4_msgs/px4_msgs/msg/vehicle_thrust_setpoint.hpp\n'}
[3.836728] (px4_msgs) StdoutLine: {'line': b'-- Up-to-date symlink: /home/dolphiinn/ros2_ws/install/px4_msgs/include/px4_msgs/px4_msgs/msg/vehicle_torque_setpoint.hpp\n'}
[3.836873] (px4_msgs) StdoutLine: {'line': b'-- Up-to-date symlink: /home/dolphiinn/ros2_ws/install/px4_msgs/include/px4_msgs/px4_msgs/msg/velocity_limits.hpp\n'}
[3.837433] (px4_msgs) StdoutLine: {'line': b'-- Up-to-date symlink: /home/dolphiinn/ros2_ws/install/px4_msgs/include/px4_msgs/px4_msgs/msg/vtol_vehicle_status.hpp\n'}
[3.837899] (px4_msgs) StdoutLine: {'line': b'-- Up-to-date symlink: /home/dolphiinn/ros2_ws/install/px4_msgs/include/px4_msgs/px4_msgs/msg/wheel_encoders.hpp\n'}
[3.838366] (px4_msgs) StdoutLine: {'line': b'-- Up-to-date symlink: /home/dolphiinn/ros2_ws/install/px4_msgs/include/px4_msgs/px4_msgs/msg/wind.hpp\n'}
[3.839035] (px4_msgs) StdoutLine: {'line': b'-- Up-to-date symlink: /home/dolphiinn/ros2_ws/install/px4_msgs/include/px4_msgs/px4_msgs/msg/yaw_estimator_status.hpp\n'}
[3.839673] (px4_msgs) StdoutLine: {'line': b'-- Up-to-date symlink: /home/dolphiinn/ros2_ws/install/px4_msgs/include/px4_msgs/px4_msgs/srv/detail/vehicle_command__builder.hpp\n'}
[3.840206] (px4_msgs) StdoutLine: {'line': b'-- Up-to-date symlink: /home/dolphiinn/ros2_ws/install/px4_msgs/include/px4_msgs/px4_msgs/srv/detail/vehicle_command__struct.hpp\n'}
[3.840687] (px4_msgs) StdoutLine: {'line': b'-- Up-to-date symlink: /home/dolphiinn/ros2_ws/install/px4_msgs/include/px4_msgs/px4_msgs/srv/detail/vehicle_command__traits.hpp\n'}
[3.841203] (px4_msgs) StdoutLine: {'line': b'-- Up-to-date symlink: /home/dolphiinn/ros2_ws/install/px4_msgs/include/px4_msgs/px4_msgs/srv/detail/vehicle_command__type_support.hpp\n'}
[3.841637] (px4_msgs) StdoutLine: {'line': b'-- Up-to-date symlink: /home/dolphiinn/ros2_ws/install/px4_msgs/include/px4_msgs/px4_msgs/srv/vehicle_command.hpp\n'}
[3.857518] (px4_msgs) StdoutLine: {'line': b'-- Up-to-date symlink: /home/dolphiinn/ros2_ws/install/px4_msgs/include/px4_msgs/px4_msgs/msg/detail/action_request__rosidl_typesupport_fastrtps_cpp.hpp\n'}
[3.857873] (px4_msgs) StdoutLine: {'line': b'-- Up-to-date symlink: /home/dolphiinn/ros2_ws/install/px4_msgs/include/px4_msgs/px4_msgs/msg/detail/actuator_armed__rosidl_typesupport_fastrtps_cpp.hpp\n'}
[3.858194] (px4_msgs) StdoutLine: {'line': b'-- Up-to-date symlink: /home/dolphiinn/ros2_ws/install/px4_msgs/include/px4_msgs/px4_msgs/msg/detail/actuator_controls_status__rosidl_typesupport_fastrtps_cpp.hpp\n'}
[3.858424] (px4_msgs) StdoutLine: {'line': b'-- Up-to-date symlink: /home/dolphiinn/ros2_ws/install/px4_msgs/include/px4_msgs/px4_msgs/msg/detail/actuator_motors__rosidl_typesupport_fastrtps_cpp.hpp\n'}
[3.858812] (px4_msgs) StdoutLine: {'line': b'-- Up-to-date symlink: /home/dolphiinn/ros2_ws/install/px4_msgs/include/px4_msgs/px4_msgs/msg/detail/actuator_outputs__rosidl_typesupport_fastrtps_cpp.hpp\n'}
[3.859140] (px4_msgs) StdoutLine: {'line': b'-- Up-to-date symlink: /home/dolphiinn/ros2_ws/install/px4_msgs/include/px4_msgs/px4_msgs/msg/detail/actuator_servos__rosidl_typesupport_fastrtps_cpp.hpp\n'}
[3.859588] (px4_msgs) StdoutLine: {'line': b'-- Up-to-date symlink: /home/dolphiinn/ros2_ws/install/px4_msgs/include/px4_msgs/px4_msgs/msg/detail/actuator_servos_trim__rosidl_typesupport_fastrtps_cpp.hpp\n'}
[3.860059] (px4_msgs) StdoutLine: {'line': b'-- Up-to-date symlink: /home/dolphiinn/ros2_ws/install/px4_msgs/include/px4_msgs/px4_msgs/msg/detail/actuator_test__rosidl_typesupport_fastrtps_cpp.hpp\n'}
[3.860522] (px4_msgs) StdoutLine: {'line': b'-- Up-to-date symlink: /home/dolphiinn/ros2_ws/install/px4_msgs/include/px4_msgs/px4_msgs/msg/detail/adc_report__rosidl_typesupport_fastrtps_cpp.hpp\n'}
[3.860999] (px4_msgs) StdoutLine: {'line': b'-- Up-to-date symlink: /home/dolphiinn/ros2_ws/install/px4_msgs/include/px4_msgs/px4_msgs/msg/detail/airspeed__rosidl_typesupport_fastrtps_cpp.hpp\n'}
[3.861436] (px4_msgs) StdoutLine: {'line': b'-- Up-to-date symlink: /home/dolphiinn/ros2_ws/install/px4_msgs/include/px4_msgs/px4_msgs/msg/detail/airspeed_validated__rosidl_typesupport_fastrtps_cpp.hpp\n'}
[3.861814] (px4_msgs) StdoutLine: {'line': b'-- Up-to-date symlink: /home/dolphiinn/ros2_ws/install/px4_msgs/include/px4_msgs/px4_msgs/msg/detail/airspeed_wind__rosidl_typesupport_fastrtps_cpp.hpp\n'}
[3.862204] (px4_msgs) StdoutLine: {'line': b'-- Up-to-date symlink: /home/dolphiinn/ros2_ws/install/px4_msgs/include/px4_msgs/px4_msgs/msg/detail/arming_check_reply__rosidl_typesupport_fastrtps_cpp.hpp\n'}
[3.862698] (px4_msgs) StdoutLine: {'line': b'-- Up-to-date symlink: /home/dolphiinn/ros2_ws/install/px4_msgs/include/px4_msgs/px4_msgs/msg/detail/arming_check_request__rosidl_typesupport_fastrtps_cpp.hpp\n'}
[3.863183] (px4_msgs) StdoutLine: {'line': b'-- Up-to-date symlink: /home/dolphiinn/ros2_ws/install/px4_msgs/include/px4_msgs/px4_msgs/msg/detail/autotune_attitude_control_status__rosidl_typesupport_fastrtps_cpp.hpp\n'}
[3.863559] (px4_msgs) StdoutLine: {'line': b'-- Up-to-date symlink: /home/dolphiinn/ros2_ws/install/px4_msgs/include/px4_msgs/px4_msgs/msg/detail/battery_info__rosidl_typesupport_fastrtps_cpp.hpp\n'}
[3.863957] (px4_msgs) StdoutLine: {'line': b'-- Up-to-date symlink: /home/dolphiinn/ros2_ws/install/px4_msgs/include/px4_msgs/px4_msgs/msg/detail/battery_status__rosidl_typesupport_fastrtps_cpp.hpp\n'}
[3.864313] (px4_msgs) StdoutLine: {'line': b'-- Up-to-date symlink: /home/dolphiinn/ros2_ws/install/px4_msgs/include/px4_msgs/px4_msgs/msg/detail/button_event__rosidl_typesupport_fastrtps_cpp.hpp\n'}
[3.865460] (px4_msgs) StdoutLine: {'line': b'-- Up-to-date symlink: /home/dolphiinn/ros2_ws/install/px4_msgs/include/px4_msgs/px4_msgs/msg/detail/camera_capture__rosidl_typesupport_fastrtps_cpp.hpp\n'}
[3.866449] (px4_msgs) StdoutLine: {'line': b'-- Up-to-date symlink: /home/dolphiinn/ros2_ws/install/px4_msgs/include/px4_msgs/px4_msgs/msg/detail/camera_status__rosidl_typesupport_fastrtps_cpp.hpp\n'}
[3.866837] (px4_msgs) StdoutLine: {'line': b'-- Up-to-date symlink: /home/dolphiinn/ros2_ws/install/px4_msgs/include/px4_msgs/px4_msgs/msg/detail/camera_trigger__rosidl_typesupport_fastrtps_cpp.hpp\n'}
[3.867397] (px4_msgs) StdoutLine: {'line': b'-- Up-to-date symlink: /home/dolphiinn/ros2_ws/install/px4_msgs/include/px4_msgs/px4_msgs/msg/detail/can_interface_status__rosidl_typesupport_fastrtps_cpp.hpp\n'}
[3.867944] (px4_msgs) StdoutLine: {'line': b'-- Up-to-date symlink: /home/dolphiinn/ros2_ws/install/px4_msgs/include/px4_msgs/px4_msgs/msg/detail/cellular_status__rosidl_typesupport_fastrtps_cpp.hpp\n'}
[3.868692] (px4_msgs) StdoutLine: {'line': b'-- Up-to-date symlink: /home/dolphiinn/ros2_ws/install/px4_msgs/include/px4_msgs/px4_msgs/msg/detail/collision_constraints__rosidl_typesupport_fastrtps_cpp.hpp\n'}
[3.868900] (px4_msgs) StdoutLine: {'line': b'-- Up-to-date symlink: /home/dolphiinn/ros2_ws/install/px4_msgs/include/px4_msgs/px4_msgs/msg/detail/config_overrides__rosidl_typesupport_fastrtps_cpp.hpp\n'}
[3.869072] (px4_msgs) StdoutLine: {'line': b'-- Up-to-date symlink: /home/dolphiinn/ros2_ws/install/px4_msgs/include/px4_msgs/px4_msgs/msg/detail/control_allocator_status__rosidl_typesupport_fastrtps_cpp.hpp\n'}
[3.869418] (px4_msgs) StdoutLine: {'line': b'-- Up-to-date symlink: /home/dolphiinn/ros2_ws/install/px4_msgs/include/px4_msgs/px4_msgs/msg/detail/cpuload__rosidl_typesupport_fastrtps_cpp.hpp\n'}
[3.869712] (px4_msgs) StdoutLine: {'line': b'-- Up-to-date symlink: /home/dolphiinn/ros2_ws/install/px4_msgs/include/px4_msgs/px4_msgs/msg/detail/dataman_request__rosidl_typesupport_fastrtps_cpp.hpp\n'}
[3.870092] (px4_msgs) StdoutLine: {'line': b'-- Up-to-date symlink: /home/dolphiinn/ros2_ws/install/px4_msgs/include/px4_msgs/px4_msgs/msg/detail/dataman_response__rosidl_typesupport_fastrtps_cpp.hpp\n'}
[3.870363] (px4_msgs) StdoutLine: {'line': b'-- Up-to-date symlink: /home/dolphiinn/ros2_ws/install/px4_msgs/include/px4_msgs/px4_msgs/msg/detail/debug_array__rosidl_typesupport_fastrtps_cpp.hpp\n'}
[3.870828] (px4_msgs) StdoutLine: {'line': b'-- Up-to-date symlink: /home/dolphiinn/ros2_ws/install/px4_msgs/include/px4_msgs/px4_msgs/msg/detail/debug_key_value__rosidl_typesupport_fastrtps_cpp.hpp\n'}
[3.872225] (px4_msgs) StdoutLine: {'line': b'-- Up-to-date symlink: /home/dolphiinn/ros2_ws/install/px4_msgs/include/px4_msgs/px4_msgs/msg/detail/debug_value__rosidl_typesupport_fastrtps_cpp.hpp\n'}
[3.872768] (px4_msgs) StdoutLine: {'line': b'-- Up-to-date symlink: /home/dolphiinn/ros2_ws/install/px4_msgs/include/px4_msgs/px4_msgs/msg/detail/debug_vect__rosidl_typesupport_fastrtps_cpp.hpp\n'}
[3.873161] (px4_msgs) StdoutLine: {'line': b'-- Up-to-date symlink: /home/dolphiinn/ros2_ws/install/px4_msgs/include/px4_msgs/px4_msgs/msg/detail/differential_pressure__rosidl_typesupport_fastrtps_cpp.hpp\n'}
[3.873428] (px4_msgs) StdoutLine: {'line': b'-- Up-to-date symlink: /home/dolphiinn/ros2_ws/install/px4_msgs/include/px4_msgs/px4_msgs/msg/detail/distance_sensor__rosidl_typesupport_fastrtps_cpp.hpp\n'}
[3.873802] (px4_msgs) StdoutLine: {'line': b'-- Up-to-date symlink: /home/dolphiinn/ros2_ws/install/px4_msgs/include/px4_msgs/px4_msgs/msg/detail/distance_sensor_mode_change_request__rosidl_typesupport_fastrtps_cpp.hpp\n'}
[3.874678] (px4_msgs) StdoutLine: {'line': b'-- Up-to-date symlink: /home/dolphiinn/ros2_ws/install/px4_msgs/include/px4_msgs/px4_msgs/msg/detail/dronecan_node_status__rosidl_typesupport_fastrtps_cpp.hpp\n'}
[3.875168] (px4_msgs) StdoutLine: {'line': b'-- Up-to-date symlink: /home/dolphiinn/ros2_ws/install/px4_msgs/include/px4_msgs/px4_msgs/msg/detail/ekf2_timestamps__rosidl_typesupport_fastrtps_cpp.hpp\n'}
[3.875591] (px4_msgs) StdoutLine: {'line': b'-- Up-to-date symlink: /home/dolphiinn/ros2_ws/install/px4_msgs/include/px4_msgs/px4_msgs/msg/detail/esc_report__rosidl_typesupport_fastrtps_cpp.hpp\n'}
[3.875973] (px4_msgs) StdoutLine: {'line': b'-- Up-to-date symlink: /home/dolphiinn/ros2_ws/install/px4_msgs/include/px4_msgs/px4_msgs/msg/detail/esc_status__rosidl_typesupport_fastrtps_cpp.hpp\n'}
[3.876277] (px4_msgs) StdoutLine: {'line': b'-- Up-to-date symlink: /home/dolphiinn/ros2_ws/install/px4_msgs/include/px4_msgs/px4_msgs/msg/detail/estimator_aid_source1d__rosidl_typesupport_fastrtps_cpp.hpp\n'}
[3.876596] (px4_msgs) StdoutLine: {'line': b'-- Up-to-date symlink: /home/dolphiinn/ros2_ws/install/px4_msgs/include/px4_msgs/px4_msgs/msg/detail/estimator_aid_source2d__rosidl_typesupport_fastrtps_cpp.hpp\n'}
[3.877732] (px4_msgs) StdoutLine: {'line': b'-- Up-to-date symlink: /home/dolphiinn/ros2_ws/install/px4_msgs/include/px4_msgs/px4_msgs/msg/detail/estimator_aid_source3d__rosidl_typesupport_fastrtps_cpp.hpp\n'}
[3.877991] (px4_msgs) StdoutLine: {'line': b'-- Up-to-date symlink: /home/dolphiinn/ros2_ws/install/px4_msgs/include/px4_msgs/px4_msgs/msg/detail/estimator_bias3d__rosidl_typesupport_fastrtps_cpp.hpp\n'}
[3.878334] (px4_msgs) StdoutLine: {'line': b'-- Up-to-date symlink: /home/dolphiinn/ros2_ws/install/px4_msgs/include/px4_msgs/px4_msgs/msg/detail/estimator_bias__rosidl_typesupport_fastrtps_cpp.hpp\n'}
[3.878812] (px4_msgs) StdoutLine: {'line': b'-- Up-to-date symlink: /home/dolphiinn/ros2_ws/install/px4_msgs/include/px4_msgs/px4_msgs/msg/detail/estimator_event_flags__rosidl_typesupport_fastrtps_cpp.hpp\n'}
[3.879251] (px4_msgs) StdoutLine: {'line': b'-- Up-to-date symlink: /home/dolphiinn/ros2_ws/install/px4_msgs/include/px4_msgs/px4_msgs/msg/detail/estimator_gps_status__rosidl_typesupport_fastrtps_cpp.hpp\n'}
[3.879715] (px4_msgs) StdoutLine: {'line': b'-- Up-to-date symlink: /home/dolphiinn/ros2_ws/install/px4_msgs/include/px4_msgs/px4_msgs/msg/detail/estimator_innovations__rosidl_typesupport_fastrtps_cpp.hpp\n'}
[3.880034] (px4_msgs) StdoutLine: {'line': b'-- Up-to-date symlink: /home/dolphiinn/ros2_ws/install/px4_msgs/include/px4_msgs/px4_msgs/msg/detail/estimator_selector_status__rosidl_typesupport_fastrtps_cpp.hpp\n'}
[3.880389] (px4_msgs) StdoutLine: {'line': b'-- Up-to-date symlink: /home/dolphiinn/ros2_ws/install/px4_msgs/include/px4_msgs/px4_msgs/msg/detail/estimator_sensor_bias__rosidl_typesupport_fastrtps_cpp.hpp\n'}
[3.880874] (px4_msgs) StdoutLine: {'line': b'-- Up-to-date symlink: /home/dolphiinn/ros2_ws/install/px4_msgs/include/px4_msgs/px4_msgs/msg/detail/estimator_states__rosidl_typesupport_fastrtps_cpp.hpp\n'}
[3.881621] (px4_msgs) StdoutLine: {'line': b'-- Up-to-date symlink: /home/dolphiinn/ros2_ws/install/px4_msgs/include/px4_msgs/px4_msgs/msg/detail/estimator_status__rosidl_typesupport_fastrtps_cpp.hpp\n'}
[3.882108] (px4_msgs) StdoutLine: {'line': b'-- Up-to-date symlink: /home/dolphiinn/ros2_ws/install/px4_msgs/include/px4_msgs/px4_msgs/msg/detail/estimator_status_flags__rosidl_typesupport_fastrtps_cpp.hpp\n'}
[3.882532] (px4_msgs) StdoutLine: {'line': b'-- Up-to-date symlink: /home/dolphiinn/ros2_ws/install/px4_msgs/include/px4_msgs/px4_msgs/msg/detail/event__rosidl_typesupport_fastrtps_cpp.hpp\n'}
[3.883185] (px4_msgs) StdoutLine: {'line': b'-- Up-to-date symlink: /home/dolphiinn/ros2_ws/install/px4_msgs/include/px4_msgs/px4_msgs/msg/detail/failsafe_flags__rosidl_typesupport_fastrtps_cpp.hpp\n'}
[3.883486] (px4_msgs) StdoutLine: {'line': b'-- Up-to-date symlink: /home/dolphiinn/ros2_ws/install/px4_msgs/include/px4_msgs/px4_msgs/msg/detail/failure_detector_status__rosidl_typesupport_fastrtps_cpp.hpp\n'}
[3.883896] (px4_msgs) StdoutLine: {'line': b'-- Up-to-date symlink: /home/dolphiinn/ros2_ws/install/px4_msgs/include/px4_msgs/px4_msgs/msg/detail/figure_eight_status__rosidl_typesupport_fastrtps_cpp.hpp\n'}
[3.884528] (px4_msgs) StdoutLine: {'line': b'-- Up-to-date symlink: /home/dolphiinn/ros2_ws/install/px4_msgs/include/px4_msgs/px4_msgs/msg/detail/fixed_wing_lateral_guidance_status__rosidl_typesupport_fastrtps_cpp.hpp\n'}
[3.884815] (px4_msgs) StdoutLine: {'line': b'-- Up-to-date symlink: /home/dolphiinn/ros2_ws/install/px4_msgs/include/px4_msgs/px4_msgs/msg/detail/fixed_wing_lateral_setpoint__rosidl_typesupport_fastrtps_cpp.hpp\n'}
[3.885107] (px4_msgs) StdoutLine: {'line': b'-- Up-to-date symlink: /home/dolphiinn/ros2_ws/install/px4_msgs/include/px4_msgs/px4_msgs/msg/detail/fixed_wing_lateral_status__rosidl_typesupport_fastrtps_cpp.hpp\n'}
[3.885556] (px4_msgs) StdoutLine: {'line': b'-- Up-to-date symlink: /home/dolphiinn/ros2_ws/install/px4_msgs/include/px4_msgs/px4_msgs/msg/detail/fixed_wing_longitudinal_setpoint__rosidl_typesupport_fastrtps_cpp.hpp\n'}
[3.885874] (px4_msgs) StdoutLine: {'line': b'-- Up-to-date symlink: /home/dolphiinn/ros2_ws/install/px4_msgs/include/px4_msgs/px4_msgs/msg/detail/fixed_wing_runway_control__rosidl_typesupport_fastrtps_cpp.hpp\n'}
[3.886360] (px4_msgs) StdoutLine: {'line': b'-- Up-to-date symlink: /home/dolphiinn/ros2_ws/install/px4_msgs/include/px4_msgs/px4_msgs/msg/detail/flight_phase_estimation__rosidl_typesupport_fastrtps_cpp.hpp\n'}
[3.886797] (px4_msgs) StdoutLine: {'line': b'-- Up-to-date symlink: /home/dolphiinn/ros2_ws/install/px4_msgs/include/px4_msgs/px4_msgs/msg/detail/follow_target__rosidl_typesupport_fastrtps_cpp.hpp\n'}
[3.887306] (px4_msgs) StdoutLine: {'line': b'-- Up-to-date symlink: /home/dolphiinn/ros2_ws/install/px4_msgs/include/px4_msgs/px4_msgs/msg/detail/follow_target_estimator__rosidl_typesupport_fastrtps_cpp.hpp\n'}
[3.887612] (px4_msgs) StdoutLine: {'line': b'-- Up-to-date symlink: /home/dolphiinn/ros2_ws/install/px4_msgs/include/px4_msgs/px4_msgs/msg/detail/follow_target_status__rosidl_typesupport_fastrtps_cpp.hpp\n'}
[3.888123] (px4_msgs) StdoutLine: {'line': b'-- Up-to-date symlink: /home/dolphiinn/ros2_ws/install/px4_msgs/include/px4_msgs/px4_msgs/msg/detail/fuel_tank_status__rosidl_typesupport_fastrtps_cpp.hpp\n'}
[3.888779] (px4_msgs) StdoutLine: {'line': b'-- Up-to-date symlink: /home/dolphiinn/ros2_ws/install/px4_msgs/include/px4_msgs/px4_msgs/msg/detail/generator_status__rosidl_typesupport_fastrtps_cpp.hpp\n'}
[3.888997] (px4_msgs) StdoutLine: {'line': b'-- Up-to-date symlink: /home/dolphiinn/ros2_ws/install/px4_msgs/include/px4_msgs/px4_msgs/msg/detail/geofence_result__rosidl_typesupport_fastrtps_cpp.hpp\n'}
[3.889216] (px4_msgs) StdoutLine: {'line': b'-- Up-to-date symlink: /home/dolphiinn/ros2_ws/install/px4_msgs/include/px4_msgs/px4_msgs/msg/detail/geofence_status__rosidl_typesupport_fastrtps_cpp.hpp\n'}
[3.890052] (px4_msgs) StdoutLine: {'line': b'-- Up-to-date symlink: /home/dolphiinn/ros2_ws/install/px4_msgs/include/px4_msgs/px4_msgs/msg/detail/gimbal_controls__rosidl_typesupport_fastrtps_cpp.hpp\n'}
[3.890267] (px4_msgs) StdoutLine: {'line': b'-- Up-to-date symlink: /home/dolphiinn/ros2_ws/install/px4_msgs/include/px4_msgs/px4_msgs/msg/detail/gimbal_device_attitude_status__rosidl_typesupport_fastrtps_cpp.hpp\n'}
[3.890600] (px4_msgs) StdoutLine: {'line': b'-- Up-to-date symlink: /home/dolphiinn/ros2_ws/install/px4_msgs/include/px4_msgs/px4_msgs/msg/detail/gimbal_device_information__rosidl_typesupport_fastrtps_cpp.hpp\n'}
[3.891028] (px4_msgs) StdoutLine: {'line': b'-- Up-to-date symlink: /home/dolphiinn/ros2_ws/install/px4_msgs/include/px4_msgs/px4_msgs/msg/detail/gimbal_device_set_attitude__rosidl_typesupport_fastrtps_cpp.hpp\n'}
[3.892238] (px4_msgs) StdoutLine: {'line': b'-- Up-to-date symlink: /home/dolphiinn/ros2_ws/install/px4_msgs/include/px4_msgs/px4_msgs/msg/detail/gimbal_manager_information__rosidl_typesupport_fastrtps_cpp.hpp\n'}
[3.892779] (px4_msgs) StdoutLine: {'line': b'-- Up-to-date symlink: /home/dolphiinn/ros2_ws/install/px4_msgs/include/px4_msgs/px4_msgs/msg/detail/gimbal_manager_set_attitude__rosidl_typesupport_fastrtps_cpp.hpp\n'}
[3.893201] (px4_msgs) StdoutLine: {'line': b'-- Up-to-date symlink: /home/dolphiinn/ros2_ws/install/px4_msgs/include/px4_msgs/px4_msgs/msg/detail/gimbal_manager_set_manual_control__rosidl_typesupport_fastrtps_cpp.hpp\n'}
[3.893553] (px4_msgs) StdoutLine: {'line': b'-- Up-to-date symlink: /home/dolphiinn/ros2_ws/install/px4_msgs/include/px4_msgs/px4_msgs/msg/detail/gimbal_manager_status__rosidl_typesupport_fastrtps_cpp.hpp\n'}
[3.893736] (px4_msgs) StdoutLine: {'line': b'-- Up-to-date symlink: /home/dolphiinn/ros2_ws/install/px4_msgs/include/px4_msgs/px4_msgs/msg/detail/goto_setpoint__rosidl_typesupport_fastrtps_cpp.hpp\n'}
[3.893999] (px4_msgs) StdoutLine: {'line': b'-- Up-to-date symlink: /home/dolphiinn/ros2_ws/install/px4_msgs/include/px4_msgs/px4_msgs/msg/detail/gpio_config__rosidl_typesupport_fastrtps_cpp.hpp\n'}
[3.894707] (px4_msgs) StdoutLine: {'line': b'-- Up-to-date symlink: /home/dolphiinn/ros2_ws/install/px4_msgs/include/px4_msgs/px4_msgs/msg/detail/gpio_in__rosidl_typesupport_fastrtps_cpp.hpp\n'}
[3.895527] (px4_msgs) StdoutLine: {'line': b'-- Up-to-date symlink: /home/dolphiinn/ros2_ws/install/px4_msgs/include/px4_msgs/px4_msgs/msg/detail/gpio_out__rosidl_typesupport_fastrtps_cpp.hpp\n'}
[3.895930] (px4_msgs) StdoutLine: {'line': b'-- Up-to-date symlink: /home/dolphiinn/ros2_ws/install/px4_msgs/include/px4_msgs/px4_msgs/msg/detail/gpio_request__rosidl_typesupport_fastrtps_cpp.hpp\n'}
[3.896358] (px4_msgs) StdoutLine: {'line': b'-- Up-to-date symlink: /home/dolphiinn/ros2_ws/install/px4_msgs/include/px4_msgs/px4_msgs/msg/detail/gps_dump__rosidl_typesupport_fastrtps_cpp.hpp\n'}
[3.896701] (px4_msgs) StdoutLine: {'line': b'-- Up-to-date symlink: /home/dolphiinn/ros2_ws/install/px4_msgs/include/px4_msgs/px4_msgs/msg/detail/gps_inject_data__rosidl_typesupport_fastrtps_cpp.hpp\n'}
[3.898511] (px4_msgs) StdoutLine: {'line': b'-- Up-to-date symlink: /home/dolphiinn/ros2_ws/install/px4_msgs/include/px4_msgs/px4_msgs/msg/detail/gripper__rosidl_typesupport_fastrtps_cpp.hpp\n'}
[3.899797] (px4_msgs) StdoutLine: {'line': b'-- Up-to-date symlink: /home/dolphiinn/ros2_ws/install/px4_msgs/include/px4_msgs/px4_msgs/msg/detail/health_report__rosidl_typesupport_fastrtps_cpp.hpp\n'}
[3.900082] (px4_msgs) StdoutLine: {'line': b'-- Up-to-date symlink: /home/dolphiinn/ros2_ws/install/px4_msgs/include/px4_msgs/px4_msgs/msg/detail/heater_status__rosidl_typesupport_fastrtps_cpp.hpp\n'}
[3.900194] (px4_msgs) StdoutLine: {'line': b'-- Up-to-date symlink: /home/dolphiinn/ros2_ws/install/px4_msgs/include/px4_msgs/px4_msgs/msg/detail/home_position__rosidl_typesupport_fastrtps_cpp.hpp\n'}
[3.900320] (px4_msgs) StdoutLine: {'line': b'-- Up-to-date symlink: /home/dolphiinn/ros2_ws/install/px4_msgs/include/px4_msgs/px4_msgs/msg/detail/hover_thrust_estimate__rosidl_typesupport_fastrtps_cpp.hpp\n'}
[3.900470] (px4_msgs) StdoutLine: {'line': b'-- Up-to-date symlink: /home/dolphiinn/ros2_ws/install/px4_msgs/include/px4_msgs/px4_msgs/msg/detail/input_rc__rosidl_typesupport_fastrtps_cpp.hpp\n'}
[3.900625] (px4_msgs) StdoutLine: {'line': b'-- Up-to-date symlink: /home/dolphiinn/ros2_ws/install/px4_msgs/include/px4_msgs/px4_msgs/msg/detail/internal_combustion_engine_control__rosidl_typesupport_fastrtps_cpp.hpp\n'}
[3.900759] (px4_msgs) StdoutLine: {'line': b'-- Up-to-date symlink: /home/dolphiinn/ros2_ws/install/px4_msgs/include/px4_msgs/px4_msgs/msg/detail/internal_combustion_engine_status__rosidl_typesupport_fastrtps_cpp.hpp\n'}
[3.901050] (px4_msgs) StdoutLine: {'line': b'-- Up-to-date symlink: /home/dolphiinn/ros2_ws/install/px4_msgs/include/px4_msgs/px4_msgs/msg/detail/iridiumsbd_status__rosidl_typesupport_fastrtps_cpp.hpp\n'}
[3.901284] (px4_msgs) StdoutLine: {'line': b'-- Up-to-date symlink: /home/dolphiinn/ros2_ws/install/px4_msgs/include/px4_msgs/px4_msgs/msg/detail/irlock_report__rosidl_typesupport_fastrtps_cpp.hpp\n'}
[3.901608] (px4_msgs) StdoutLine: {'line': b'-- Up-to-date symlink: /home/dolphiinn/ros2_ws/install/px4_msgs/include/px4_msgs/px4_msgs/msg/detail/landing_gear__rosidl_typesupport_fastrtps_cpp.hpp\n'}
[3.902151] (px4_msgs) StdoutLine: {'line': b'-- Up-to-date symlink: /home/dolphiinn/ros2_ws/install/px4_msgs/include/px4_msgs/px4_msgs/msg/detail/landing_gear_wheel__rosidl_typesupport_fastrtps_cpp.hpp\n'}
[3.902528] (px4_msgs) StdoutLine: {'line': b'-- Up-to-date symlink: /home/dolphiinn/ros2_ws/install/px4_msgs/include/px4_msgs/px4_msgs/msg/detail/landing_target_innovations__rosidl_typesupport_fastrtps_cpp.hpp\n'}
[3.903569] (px4_msgs) StdoutLine: {'line': b'-- Up-to-date symlink: /home/dolphiinn/ros2_ws/install/px4_msgs/include/px4_msgs/px4_msgs/msg/detail/landing_target_pose__rosidl_typesupport_fastrtps_cpp.hpp\n'}
[3.903893] (px4_msgs) StdoutLine: {'line': b'-- Up-to-date symlink: /home/dolphiinn/ros2_ws/install/px4_msgs/include/px4_msgs/px4_msgs/msg/detail/lateral_control_configuration__rosidl_typesupport_fastrtps_cpp.hpp\n'}
[3.904153] (px4_msgs) StdoutLine: {'line': b'-- Up-to-date symlink: /home/dolphiinn/ros2_ws/install/px4_msgs/include/px4_msgs/px4_msgs/msg/detail/launch_detection_status__rosidl_typesupport_fastrtps_cpp.hpp\n'}
[3.904404] (px4_msgs) StdoutLine: {'line': b'-- Up-to-date symlink: /home/dolphiinn/ros2_ws/install/px4_msgs/include/px4_msgs/px4_msgs/msg/detail/led_control__rosidl_typesupport_fastrtps_cpp.hpp\n'}
[3.904698] (px4_msgs) StdoutLine: {'line': b'-- Up-to-date symlink: /home/dolphiinn/ros2_ws/install/px4_msgs/include/px4_msgs/px4_msgs/msg/detail/log_message__rosidl_typesupport_fastrtps_cpp.hpp\n'}
[3.905079] (px4_msgs) StdoutLine: {'line': b'-- Up-to-date symlink: /home/dolphiinn/ros2_ws/install/px4_msgs/include/px4_msgs/px4_msgs/msg/detail/logger_status__rosidl_typesupport_fastrtps_cpp.hpp\n'}
[3.905252] (px4_msgs) StdoutLine: {'line': b'-- Up-to-date symlink: /home/dolphiinn/ros2_ws/install/px4_msgs/include/px4_msgs/px4_msgs/msg/detail/longitudinal_control_configuration__rosidl_typesupport_fastrtps_cpp.hpp\n'}
[3.905532] (px4_msgs) StdoutLine: {'line': b'-- Up-to-date symlink: /home/dolphiinn/ros2_ws/install/px4_msgs/include/px4_msgs/px4_msgs/msg/detail/mag_worker_data__rosidl_typesupport_fastrtps_cpp.hpp\n'}
[3.906208] (px4_msgs) StdoutLine: {'line': b'-- Up-to-date symlink: /home/dolphiinn/ros2_ws/install/px4_msgs/include/px4_msgs/px4_msgs/msg/detail/magnetometer_bias_estimate__rosidl_typesupport_fastrtps_cpp.hpp\n'}
[3.906804] (px4_msgs) StdoutLine: {'line': b'-- Up-to-date symlink: /home/dolphiinn/ros2_ws/install/px4_msgs/include/px4_msgs/px4_msgs/msg/detail/manual_control_setpoint__rosidl_typesupport_fastrtps_cpp.hpp\n'}
[3.907161] (px4_msgs) StdoutLine: {'line': b'-- Up-to-date symlink: /home/dolphiinn/ros2_ws/install/px4_msgs/include/px4_msgs/px4_msgs/msg/detail/manual_control_switches__rosidl_typesupport_fastrtps_cpp.hpp\n'}
[3.907418] (px4_msgs) StdoutLine: {'line': b'-- Up-to-date symlink: /home/dolphiinn/ros2_ws/install/px4_msgs/include/px4_msgs/px4_msgs/msg/detail/mavlink_log__rosidl_typesupport_fastrtps_cpp.hpp\n'}
[3.907742] (px4_msgs) StdoutLine: {'line': b'-- Up-to-date symlink: /home/dolphiinn/ros2_ws/install/px4_msgs/include/px4_msgs/px4_msgs/msg/detail/mavlink_tunnel__rosidl_typesupport_fastrtps_cpp.hpp\n'}
[3.907995] (px4_msgs) StdoutLine: {'line': b'-- Up-to-date symlink: /home/dolphiinn/ros2_ws/install/px4_msgs/include/px4_msgs/px4_msgs/msg/detail/message_format_request__rosidl_typesupport_fastrtps_cpp.hpp\n'}
[3.908352] (px4_msgs) StdoutLine: {'line': b'-- Up-to-date symlink: /home/dolphiinn/ros2_ws/install/px4_msgs/include/px4_msgs/px4_msgs/msg/detail/message_format_response__rosidl_typesupport_fastrtps_cpp.hpp\n'}
[3.908800] (px4_msgs) StdoutLine: {'line': b'-- Up-to-date symlink: /home/dolphiinn/ros2_ws/install/px4_msgs/include/px4_msgs/px4_msgs/msg/detail/mission__rosidl_typesupport_fastrtps_cpp.hpp\n'}
[3.909200] (px4_msgs) StdoutLine: {'line': b'-- Up-to-date symlink: /home/dolphiinn/ros2_ws/install/px4_msgs/include/px4_msgs/px4_msgs/msg/detail/mission_result__rosidl_typesupport_fastrtps_cpp.hpp\n'}
[3.909499] (px4_msgs) StdoutLine: {'line': b'-- Up-to-date symlink: /home/dolphiinn/ros2_ws/install/px4_msgs/include/px4_msgs/px4_msgs/msg/detail/mode_completed__rosidl_typesupport_fastrtps_cpp.hpp\n'}
[3.909935] (px4_msgs) StdoutLine: {'line': b'-- Up-to-date symlink: /home/dolphiinn/ros2_ws/install/px4_msgs/include/px4_msgs/px4_msgs/msg/detail/mount_orientation__rosidl_typesupport_fastrtps_cpp.hpp\n'}
[3.910759] (px4_msgs) StdoutLine: {'line': b'-- Up-to-date symlink: /home/dolphiinn/ros2_ws/install/px4_msgs/include/px4_msgs/px4_msgs/msg/detail/navigator_mission_item__rosidl_typesupport_fastrtps_cpp.hpp\n'}
[3.911181] (-) TimerEvent: {}
[3.911460] (px4_msgs) StdoutLine: {'line': b'-- Up-to-date symlink: /home/dolphiinn/ros2_ws/install/px4_msgs/include/px4_msgs/px4_msgs/msg/detail/navigator_status__rosidl_typesupport_fastrtps_cpp.hpp\n'}
[3.911686] (px4_msgs) StdoutLine: {'line': b'-- Up-to-date symlink: /home/dolphiinn/ros2_ws/install/px4_msgs/include/px4_msgs/px4_msgs/msg/detail/neural_control__rosidl_typesupport_fastrtps_cpp.hpp\n'}
[3.911829] (px4_msgs) StdoutLine: {'line': b'-- Up-to-date symlink: /home/dolphiinn/ros2_ws/install/px4_msgs/include/px4_msgs/px4_msgs/msg/detail/normalized_unsigned_setpoint__rosidl_typesupport_fastrtps_cpp.hpp\n'}
[3.912035] (px4_msgs) StdoutLine: {'line': b'-- Up-to-date symlink: /home/dolphiinn/ros2_ws/install/px4_msgs/include/px4_msgs/px4_msgs/msg/detail/obstacle_distance__rosidl_typesupport_fastrtps_cpp.hpp\n'}
[3.912246] (px4_msgs) StdoutLine: {'line': b'-- Up-to-date symlink: /home/dolphiinn/ros2_ws/install/px4_msgs/include/px4_msgs/px4_msgs/msg/detail/offboard_control_mode__rosidl_typesupport_fastrtps_cpp.hpp\n'}
[3.912350] (px4_msgs) StdoutLine: {'line': b'-- Up-to-date symlink: /home/dolphiinn/ros2_ws/install/px4_msgs/include/px4_msgs/px4_msgs/msg/detail/onboard_computer_status__rosidl_typesupport_fastrtps_cpp.hpp\n'}
[3.912536] (px4_msgs) StdoutLine: {'line': b'-- Up-to-date symlink: /home/dolphiinn/ros2_ws/install/px4_msgs/include/px4_msgs/px4_msgs/msg/detail/open_drone_id_arm_status__rosidl_typesupport_fastrtps_cpp.hpp\n'}
[3.912767] (px4_msgs) StdoutLine: {'line': b'-- Up-to-date symlink: /home/dolphiinn/ros2_ws/install/px4_msgs/include/px4_msgs/px4_msgs/msg/detail/open_drone_id_operator_id__rosidl_typesupport_fastrtps_cpp.hpp\n'}
[3.913096] (px4_msgs) StdoutLine: {'line': b'-- Up-to-date symlink: /home/dolphiinn/ros2_ws/install/px4_msgs/include/px4_msgs/px4_msgs/msg/detail/open_drone_id_self_id__rosidl_typesupport_fastrtps_cpp.hpp\n'}
[3.913377] (px4_msgs) StdoutLine: {'line': b'-- Up-to-date symlink: /home/dolphiinn/ros2_ws/install/px4_msgs/include/px4_msgs/px4_msgs/msg/detail/open_drone_id_system__rosidl_typesupport_fastrtps_cpp.hpp\n'}
[3.913804] (px4_msgs) StdoutLine: {'line': b'-- Up-to-date symlink: /home/dolphiinn/ros2_ws/install/px4_msgs/include/px4_msgs/px4_msgs/msg/detail/orb_test__rosidl_typesupport_fastrtps_cpp.hpp\n'}
[3.914223] (px4_msgs) StdoutLine: {'line': b'-- Up-to-date symlink: /home/dolphiinn/ros2_ws/install/px4_msgs/include/px4_msgs/px4_msgs/msg/detail/orb_test_large__rosidl_typesupport_fastrtps_cpp.hpp\n'}
[3.914697] (px4_msgs) StdoutLine: {'line': b'-- Up-to-date symlink: /home/dolphiinn/ros2_ws/install/px4_msgs/include/px4_msgs/px4_msgs/msg/detail/orb_test_medium__rosidl_typesupport_fastrtps_cpp.hpp\n'}
[3.915153] (px4_msgs) StdoutLine: {'line': b'-- Up-to-date symlink: /home/dolphiinn/ros2_ws/install/px4_msgs/include/px4_msgs/px4_msgs/msg/detail/orbit_status__rosidl_typesupport_fastrtps_cpp.hpp\n'}
[3.915533] (px4_msgs) StdoutLine: {'line': b'-- Up-to-date symlink: /home/dolphiinn/ros2_ws/install/px4_msgs/include/px4_msgs/px4_msgs/msg/detail/parameter_reset_request__rosidl_typesupport_fastrtps_cpp.hpp\n'}
[3.915851] (px4_msgs) StdoutLine: {'line': b'-- Up-to-date symlink: /home/dolphiinn/ros2_ws/install/px4_msgs/include/px4_msgs/px4_msgs/msg/detail/parameter_set_used_request__rosidl_typesupport_fastrtps_cpp.hpp\n'}
[3.916976] (px4_msgs) StdoutLine: {'line': b'-- Up-to-date symlink: /home/dolphiinn/ros2_ws/install/px4_msgs/include/px4_msgs/px4_msgs/msg/detail/parameter_set_value_request__rosidl_typesupport_fastrtps_cpp.hpp\n'}
[3.917322] (px4_msgs) StdoutLine: {'line': b'-- Up-to-date symlink: /home/dolphiinn/ros2_ws/install/px4_msgs/include/px4_msgs/px4_msgs/msg/detail/parameter_set_value_response__rosidl_typesupport_fastrtps_cpp.hpp\n'}
[3.917889] (px4_msgs) StdoutLine: {'line': b'-- Up-to-date symlink: /home/dolphiinn/ros2_ws/install/px4_msgs/include/px4_msgs/px4_msgs/msg/detail/parameter_update__rosidl_typesupport_fastrtps_cpp.hpp\n'}
[3.918156] (px4_msgs) StdoutLine: {'line': b'-- Up-to-date symlink: /home/dolphiinn/ros2_ws/install/px4_msgs/include/px4_msgs/px4_msgs/msg/detail/ping__rosidl_typesupport_fastrtps_cpp.hpp\n'}
[3.918531] (px4_msgs) StdoutLine: {'line': b'-- Up-to-date symlink: /home/dolphiinn/ros2_ws/install/px4_msgs/include/px4_msgs/px4_msgs/msg/detail/position_controller_landing_status__rosidl_typesupport_fastrtps_cpp.hpp\n'}
[3.918946] (px4_msgs) StdoutLine: {'line': b'-- Up-to-date symlink: /home/dolphiinn/ros2_ws/install/px4_msgs/include/px4_msgs/px4_msgs/msg/detail/position_controller_status__rosidl_typesupport_fastrtps_cpp.hpp\n'}
[3.919422] (px4_msgs) StdoutLine: {'line': b'-- Up-to-date symlink: /home/dolphiinn/ros2_ws/install/px4_msgs/include/px4_msgs/px4_msgs/msg/detail/position_setpoint__rosidl_typesupport_fastrtps_cpp.hpp\n'}
[3.919748] (px4_msgs) StdoutLine: {'line': b'-- Up-to-date symlink: /home/dolphiinn/ros2_ws/install/px4_msgs/include/px4_msgs/px4_msgs/msg/detail/position_setpoint_triplet__rosidl_typesupport_fastrtps_cpp.hpp\n'}
[3.920045] (px4_msgs) StdoutLine: {'line': b'-- Up-to-date symlink: /home/dolphiinn/ros2_ws/install/px4_msgs/include/px4_msgs/px4_msgs/msg/detail/power_button_state__rosidl_typesupport_fastrtps_cpp.hpp\n'}
[3.920345] (px4_msgs) StdoutLine: {'line': b'-- Up-to-date symlink: /home/dolphiinn/ros2_ws/install/px4_msgs/include/px4_msgs/px4_msgs/msg/detail/power_monitor__rosidl_typesupport_fastrtps_cpp.hpp\n'}
[3.920555] (px4_msgs) StdoutLine: {'line': b'-- Up-to-date symlink: /home/dolphiinn/ros2_ws/install/px4_msgs/include/px4_msgs/px4_msgs/msg/detail/pps_capture__rosidl_typesupport_fastrtps_cpp.hpp\n'}
[3.921169] (px4_msgs) StdoutLine: {'line': b'-- Up-to-date symlink: /home/dolphiinn/ros2_ws/install/px4_msgs/include/px4_msgs/px4_msgs/msg/detail/pure_pursuit_status__rosidl_typesupport_fastrtps_cpp.hpp\n'}
[3.921784] (px4_msgs) StdoutLine: {'line': b'-- Up-to-date symlink: /home/dolphiinn/ros2_ws/install/px4_msgs/include/px4_msgs/px4_msgs/msg/detail/pwm_input__rosidl_typesupport_fastrtps_cpp.hpp\n'}
[3.922927] (px4_msgs) StdoutLine: {'line': b'-- Up-to-date symlink: /home/dolphiinn/ros2_ws/install/px4_msgs/include/px4_msgs/px4_msgs/msg/detail/px4io_status__rosidl_typesupport_fastrtps_cpp.hpp\n'}
[3.923458] (px4_msgs) StdoutLine: {'line': b'-- Up-to-date symlink: /home/dolphiinn/ros2_ws/install/px4_msgs/include/px4_msgs/px4_msgs/msg/detail/qshell_req__rosidl_typesupport_fastrtps_cpp.hpp\n'}
[3.923795] (px4_msgs) StdoutLine: {'line': b'-- Up-to-date symlink: /home/dolphiinn/ros2_ws/install/px4_msgs/include/px4_msgs/px4_msgs/msg/detail/qshell_retval__rosidl_typesupport_fastrtps_cpp.hpp\n'}
[3.924206] (px4_msgs) StdoutLine: {'line': b'-- Up-to-date symlink: /home/dolphiinn/ros2_ws/install/px4_msgs/include/px4_msgs/px4_msgs/msg/detail/radio_status__rosidl_typesupport_fastrtps_cpp.hpp\n'}
[3.924597] (px4_msgs) StdoutLine: {'line': b'-- Up-to-date symlink: /home/dolphiinn/ros2_ws/install/px4_msgs/include/px4_msgs/px4_msgs/msg/detail/rate_ctrl_status__rosidl_typesupport_fastrtps_cpp.hpp\n'}
[3.925226] (px4_msgs) StdoutLine: {'line': b'-- Up-to-date symlink: /home/dolphiinn/ros2_ws/install/px4_msgs/include/px4_msgs/px4_msgs/msg/detail/rc_channels__rosidl_typesupport_fastrtps_cpp.hpp\n'}
[3.925681] (px4_msgs) StdoutLine: {'line': b'-- Up-to-date symlink: /home/dolphiinn/ros2_ws/install/px4_msgs/include/px4_msgs/px4_msgs/msg/detail/rc_parameter_map__rosidl_typesupport_fastrtps_cpp.hpp\n'}
[3.926189] (px4_msgs) StdoutLine: {'line': b'-- Up-to-date symlink: /home/dolphiinn/ros2_ws/install/px4_msgs/include/px4_msgs/px4_msgs/msg/detail/register_ext_component_reply__rosidl_typesupport_fastrtps_cpp.hpp\n'}
[3.926761] (px4_msgs) StdoutLine: {'line': b'-- Up-to-date symlink: /home/dolphiinn/ros2_ws/install/px4_msgs/include/px4_msgs/px4_msgs/msg/detail/register_ext_component_request__rosidl_typesupport_fastrtps_cpp.hpp\n'}
[3.927140] (px4_msgs) StdoutLine: {'line': b'-- Up-to-date symlink: /home/dolphiinn/ros2_ws/install/px4_msgs/include/px4_msgs/px4_msgs/msg/detail/rover_attitude_setpoint__rosidl_typesupport_fastrtps_cpp.hpp\n'}
[3.927371] (px4_msgs) StdoutLine: {'line': b'-- Up-to-date symlink: /home/dolphiinn/ros2_ws/install/px4_msgs/include/px4_msgs/px4_msgs/msg/detail/rover_attitude_status__rosidl_typesupport_fastrtps_cpp.hpp\n'}
[3.927711] (px4_msgs) StdoutLine: {'line': b'-- Up-to-date symlink: /home/dolphiinn/ros2_ws/install/px4_msgs/include/px4_msgs/px4_msgs/msg/detail/rover_position_setpoint__rosidl_typesupport_fastrtps_cpp.hpp\n'}
[3.928133] (px4_msgs) StdoutLine: {'line': b'-- Up-to-date symlink: /home/dolphiinn/ros2_ws/install/px4_msgs/include/px4_msgs/px4_msgs/msg/detail/rover_rate_setpoint__rosidl_typesupport_fastrtps_cpp.hpp\n'}
[3.928502] (px4_msgs) StdoutLine: {'line': b'-- Up-to-date symlink: /home/dolphiinn/ros2_ws/install/px4_msgs/include/px4_msgs/px4_msgs/msg/detail/rover_rate_status__rosidl_typesupport_fastrtps_cpp.hpp\n'}
[3.928827] (px4_msgs) StdoutLine: {'line': b'-- Up-to-date symlink: /home/dolphiinn/ros2_ws/install/px4_msgs/include/px4_msgs/px4_msgs/msg/detail/rover_speed_setpoint__rosidl_typesupport_fastrtps_cpp.hpp\n'}
[3.929202] (px4_msgs) StdoutLine: {'line': b'-- Up-to-date symlink: /home/dolphiinn/ros2_ws/install/px4_msgs/include/px4_msgs/px4_msgs/msg/detail/rover_speed_status__rosidl_typesupport_fastrtps_cpp.hpp\n'}
[3.929601] (px4_msgs) StdoutLine: {'line': b'-- Up-to-date symlink: /home/dolphiinn/ros2_ws/install/px4_msgs/include/px4_msgs/px4_msgs/msg/detail/rover_steering_setpoint__rosidl_typesupport_fastrtps_cpp.hpp\n'}
[3.930848] (px4_msgs) StdoutLine: {'line': b'-- Up-to-date symlink: /home/dolphiinn/ros2_ws/install/px4_msgs/include/px4_msgs/px4_msgs/msg/detail/rover_throttle_setpoint__rosidl_typesupport_fastrtps_cpp.hpp\n'}
[3.931241] (px4_msgs) StdoutLine: {'line': b'-- Up-to-date symlink: /home/dolphiinn/ros2_ws/install/px4_msgs/include/px4_msgs/px4_msgs/msg/detail/rpm__rosidl_typesupport_fastrtps_cpp.hpp\n'}
[3.931738] (px4_msgs) StdoutLine: {'line': b'-- Up-to-date symlink: /home/dolphiinn/ros2_ws/install/px4_msgs/include/px4_msgs/px4_msgs/msg/detail/rtl_status__rosidl_typesupport_fastrtps_cpp.hpp\n'}
[3.932239] (px4_msgs) StdoutLine: {'line': b'-- Up-to-date symlink: /home/dolphiinn/ros2_ws/install/px4_msgs/include/px4_msgs/px4_msgs/msg/detail/rtl_time_estimate__rosidl_typesupport_fastrtps_cpp.hpp\n'}
[3.932643] (px4_msgs) StdoutLine: {'line': b'-- Up-to-date symlink: /home/dolphiinn/ros2_ws/install/px4_msgs/include/px4_msgs/px4_msgs/msg/detail/satellite_info__rosidl_typesupport_fastrtps_cpp.hpp\n'}
[3.932933] (px4_msgs) StdoutLine: {'line': b'-- Up-to-date symlink: /home/dolphiinn/ros2_ws/install/px4_msgs/include/px4_msgs/px4_msgs/msg/detail/sensor_accel__rosidl_typesupport_fastrtps_cpp.hpp\n'}
[3.933281] (px4_msgs) StdoutLine: {'line': b'-- Up-to-date symlink: /home/dolphiinn/ros2_ws/install/px4_msgs/include/px4_msgs/px4_msgs/msg/detail/sensor_accel_fifo__rosidl_typesupport_fastrtps_cpp.hpp\n'}
[3.933996] (px4_msgs) StdoutLine: {'line': b'-- Up-to-date symlink: /home/dolphiinn/ros2_ws/install/px4_msgs/include/px4_msgs/px4_msgs/msg/detail/sensor_airflow__rosidl_typesupport_fastrtps_cpp.hpp\n'}
[3.934495] (px4_msgs) StdoutLine: {'line': b'-- Up-to-date symlink: /home/dolphiinn/ros2_ws/install/px4_msgs/include/px4_msgs/px4_msgs/msg/detail/sensor_baro__rosidl_typesupport_fastrtps_cpp.hpp\n'}
[3.934918] (px4_msgs) StdoutLine: {'line': b'-- Up-to-date symlink: /home/dolphiinn/ros2_ws/install/px4_msgs/include/px4_msgs/px4_msgs/msg/detail/sensor_combined__rosidl_typesupport_fastrtps_cpp.hpp\n'}
[3.935470] (px4_msgs) StdoutLine: {'line': b'-- Up-to-date symlink: /home/dolphiinn/ros2_ws/install/px4_msgs/include/px4_msgs/px4_msgs/msg/detail/sensor_correction__rosidl_typesupport_fastrtps_cpp.hpp\n'}
[3.935826] (px4_msgs) StdoutLine: {'line': b'-- Up-to-date symlink: /home/dolphiinn/ros2_ws/install/px4_msgs/include/px4_msgs/px4_msgs/msg/detail/sensor_gnss_relative__rosidl_typesupport_fastrtps_cpp.hpp\n'}
[3.936453] (px4_msgs) StdoutLine: {'line': b'-- Up-to-date symlink: /home/dolphiinn/ros2_ws/install/px4_msgs/include/px4_msgs/px4_msgs/msg/detail/sensor_gnss_status__rosidl_typesupport_fastrtps_cpp.hpp\n'}
[3.936938] (px4_msgs) StdoutLine: {'line': b'-- Up-to-date symlink: /home/dolphiinn/ros2_ws/install/px4_msgs/include/px4_msgs/px4_msgs/msg/detail/sensor_gps__rosidl_typesupport_fastrtps_cpp.hpp\n'}
[3.937466] (px4_msgs) StdoutLine: {'line': b'-- Up-to-date symlink: /home/dolphiinn/ros2_ws/install/px4_msgs/include/px4_msgs/px4_msgs/msg/detail/sensor_gyro__rosidl_typesupport_fastrtps_cpp.hpp\n'}
[3.938192] (px4_msgs) StdoutLine: {'line': b'-- Up-to-date symlink: /home/dolphiinn/ros2_ws/install/px4_msgs/include/px4_msgs/px4_msgs/msg/detail/sensor_gyro_fft__rosidl_typesupport_fastrtps_cpp.hpp\n'}
[3.938532] (px4_msgs) StdoutLine: {'line': b'-- Up-to-date symlink: /home/dolphiinn/ros2_ws/install/px4_msgs/include/px4_msgs/px4_msgs/msg/detail/sensor_gyro_fifo__rosidl_typesupport_fastrtps_cpp.hpp\n'}
[3.938980] (px4_msgs) StdoutLine: {'line': b'-- Up-to-date symlink: /home/dolphiinn/ros2_ws/install/px4_msgs/include/px4_msgs/px4_msgs/msg/detail/sensor_hygrometer__rosidl_typesupport_fastrtps_cpp.hpp\n'}
[3.939412] (px4_msgs) StdoutLine: {'line': b'-- Up-to-date symlink: /home/dolphiinn/ros2_ws/install/px4_msgs/include/px4_msgs/px4_msgs/msg/detail/sensor_mag__rosidl_typesupport_fastrtps_cpp.hpp\n'}
[3.939756] (px4_msgs) StdoutLine: {'line': b'-- Up-to-date symlink: /home/dolphiinn/ros2_ws/install/px4_msgs/include/px4_msgs/px4_msgs/msg/detail/sensor_optical_flow__rosidl_typesupport_fastrtps_cpp.hpp\n'}
[3.940168] (px4_msgs) StdoutLine: {'line': b'-- Up-to-date symlink: /home/dolphiinn/ros2_ws/install/px4_msgs/include/px4_msgs/px4_msgs/msg/detail/sensor_preflight_mag__rosidl_typesupport_fastrtps_cpp.hpp\n'}
[3.940492] (px4_msgs) StdoutLine: {'line': b'-- Up-to-date symlink: /home/dolphiinn/ros2_ws/install/px4_msgs/include/px4_msgs/px4_msgs/msg/detail/sensor_selection__rosidl_typesupport_fastrtps_cpp.hpp\n'}
[3.940893] (px4_msgs) StdoutLine: {'line': b'-- Up-to-date symlink: /home/dolphiinn/ros2_ws/install/px4_msgs/include/px4_msgs/px4_msgs/msg/detail/sensor_uwb__rosidl_typesupport_fastrtps_cpp.hpp\n'}
[3.941157] (px4_msgs) StdoutLine: {'line': b'-- Up-to-date symlink: /home/dolphiinn/ros2_ws/install/px4_msgs/include/px4_msgs/px4_msgs/msg/detail/sensors_status__rosidl_typesupport_fastrtps_cpp.hpp\n'}
[3.941339] (px4_msgs) StdoutLine: {'line': b'-- Up-to-date symlink: /home/dolphiinn/ros2_ws/install/px4_msgs/include/px4_msgs/px4_msgs/msg/detail/sensors_status_imu__rosidl_typesupport_fastrtps_cpp.hpp\n'}
[3.941879] (px4_msgs) StdoutLine: {'line': b'-- Up-to-date symlink: /home/dolphiinn/ros2_ws/install/px4_msgs/include/px4_msgs/px4_msgs/msg/detail/system_power__rosidl_typesupport_fastrtps_cpp.hpp\n'}
[3.942189] (px4_msgs) StdoutLine: {'line': b'-- Up-to-date symlink: /home/dolphiinn/ros2_ws/install/px4_msgs/include/px4_msgs/px4_msgs/msg/detail/takeoff_status__rosidl_typesupport_fastrtps_cpp.hpp\n'}
[3.942484] (px4_msgs) StdoutLine: {'line': b'-- Up-to-date symlink: /home/dolphiinn/ros2_ws/install/px4_msgs/include/px4_msgs/px4_msgs/msg/detail/task_stack_info__rosidl_typesupport_fastrtps_cpp.hpp\n'}
[3.942843] (px4_msgs) StdoutLine: {'line': b'-- Up-to-date symlink: /home/dolphiinn/ros2_ws/install/px4_msgs/include/px4_msgs/px4_msgs/msg/detail/tecs_status__rosidl_typesupport_fastrtps_cpp.hpp\n'}
[3.943114] (px4_msgs) StdoutLine: {'line': b'-- Up-to-date symlink: /home/dolphiinn/ros2_ws/install/px4_msgs/include/px4_msgs/px4_msgs/msg/detail/telemetry_status__rosidl_typesupport_fastrtps_cpp.hpp\n'}
[3.943527] (px4_msgs) StdoutLine: {'line': b'-- Up-to-date symlink: /home/dolphiinn/ros2_ws/install/px4_msgs/include/px4_msgs/px4_msgs/msg/detail/tiltrotor_extra_controls__rosidl_typesupport_fastrtps_cpp.hpp\n'}
[3.943908] (px4_msgs) StdoutLine: {'line': b'-- Up-to-date symlink: /home/dolphiinn/ros2_ws/install/px4_msgs/include/px4_msgs/px4_msgs/msg/detail/timesync_status__rosidl_typesupport_fastrtps_cpp.hpp\n'}
[3.944323] (px4_msgs) StdoutLine: {'line': b'-- Up-to-date symlink: /home/dolphiinn/ros2_ws/install/px4_msgs/include/px4_msgs/px4_msgs/msg/detail/trajectory_setpoint6dof__rosidl_typesupport_fastrtps_cpp.hpp\n'}
[3.944627] (px4_msgs) StdoutLine: {'line': b'-- Up-to-date symlink: /home/dolphiinn/ros2_ws/install/px4_msgs/include/px4_msgs/px4_msgs/msg/detail/trajectory_setpoint__rosidl_typesupport_fastrtps_cpp.hpp\n'}
[3.945169] (px4_msgs) StdoutLine: {'line': b'-- Up-to-date symlink: /home/dolphiinn/ros2_ws/install/px4_msgs/include/px4_msgs/px4_msgs/msg/detail/transponder_report__rosidl_typesupport_fastrtps_cpp.hpp\n'}
[3.945343] (px4_msgs) StdoutLine: {'line': b'-- Up-to-date symlink: /home/dolphiinn/ros2_ws/install/px4_msgs/include/px4_msgs/px4_msgs/msg/detail/tune_control__rosidl_typesupport_fastrtps_cpp.hpp\n'}
[3.945560] (px4_msgs) StdoutLine: {'line': b'-- Up-to-date symlink: /home/dolphiinn/ros2_ws/install/px4_msgs/include/px4_msgs/px4_msgs/msg/detail/uavcan_parameter_request__rosidl_typesupport_fastrtps_cpp.hpp\n'}
[3.945971] (px4_msgs) StdoutLine: {'line': b'-- Up-to-date symlink: /home/dolphiinn/ros2_ws/install/px4_msgs/include/px4_msgs/px4_msgs/msg/detail/uavcan_parameter_value__rosidl_typesupport_fastrtps_cpp.hpp\n'}
[3.947158] (px4_msgs) StdoutLine: {'line': b'-- Up-to-date symlink: /home/dolphiinn/ros2_ws/install/px4_msgs/include/px4_msgs/px4_msgs/msg/detail/ulog_stream__rosidl_typesupport_fastrtps_cpp.hpp\n'}
[3.947504] (px4_msgs) StdoutLine: {'line': b'-- Up-to-date symlink: /home/dolphiinn/ros2_ws/install/px4_msgs/include/px4_msgs/px4_msgs/msg/detail/ulog_stream_ack__rosidl_typesupport_fastrtps_cpp.hpp\n'}
[3.947668] (px4_msgs) StdoutLine: {'line': b'-- Up-to-date symlink: /home/dolphiinn/ros2_ws/install/px4_msgs/include/px4_msgs/px4_msgs/msg/detail/unregister_ext_component__rosidl_typesupport_fastrtps_cpp.hpp\n'}
[3.947923] (px4_msgs) StdoutLine: {'line': b'-- Up-to-date symlink: /home/dolphiinn/ros2_ws/install/px4_msgs/include/px4_msgs/px4_msgs/msg/detail/vehicle_acceleration__rosidl_typesupport_fastrtps_cpp.hpp\n'}
[3.948188] (px4_msgs) StdoutLine: {'line': b'-- Up-to-date symlink: /home/dolphiinn/ros2_ws/install/px4_msgs/include/px4_msgs/px4_msgs/msg/detail/vehicle_air_data__rosidl_typesupport_fastrtps_cpp.hpp\n'}
[3.948633] (px4_msgs) StdoutLine: {'line': b'-- Up-to-date symlink: /home/dolphiinn/ros2_ws/install/px4_msgs/include/px4_msgs/px4_msgs/msg/detail/vehicle_angular_acceleration_setpoint__rosidl_typesupport_fastrtps_cpp.hpp\n'}
[3.948997] (px4_msgs) StdoutLine: {'line': b'-- Up-to-date symlink: /home/dolphiinn/ros2_ws/install/px4_msgs/include/px4_msgs/px4_msgs/msg/detail/vehicle_angular_velocity__rosidl_typesupport_fastrtps_cpp.hpp\n'}
[3.949232] (px4_msgs) StdoutLine: {'line': b'-- Up-to-date symlink: /home/dolphiinn/ros2_ws/install/px4_msgs/include/px4_msgs/px4_msgs/msg/detail/vehicle_attitude__rosidl_typesupport_fastrtps_cpp.hpp\n'}
[3.949691] (px4_msgs) StdoutLine: {'line': b'-- Up-to-date symlink: /home/dolphiinn/ros2_ws/install/px4_msgs/include/px4_msgs/px4_msgs/msg/detail/vehicle_attitude_setpoint__rosidl_typesupport_fastrtps_cpp.hpp\n'}
[3.950156] (px4_msgs) StdoutLine: {'line': b'-- Up-to-date symlink: /home/dolphiinn/ros2_ws/install/px4_msgs/include/px4_msgs/px4_msgs/msg/detail/vehicle_command__rosidl_typesupport_fastrtps_cpp.hpp\n'}
[3.951010] (px4_msgs) StdoutLine: {'line': b'-- Up-to-date symlink: /home/dolphiinn/ros2_ws/install/px4_msgs/include/px4_msgs/px4_msgs/msg/detail/vehicle_command_ack__rosidl_typesupport_fastrtps_cpp.hpp\n'}
[3.951185] (px4_msgs) StdoutLine: {'line': b'-- Up-to-date symlink: /home/dolphiinn/ros2_ws/install/px4_msgs/include/px4_msgs/px4_msgs/msg/detail/vehicle_constraints__rosidl_typesupport_fastrtps_cpp.hpp\n'}
[3.951359] (px4_msgs) StdoutLine: {'line': b'-- Up-to-date symlink: /home/dolphiinn/ros2_ws/install/px4_msgs/include/px4_msgs/px4_msgs/msg/detail/vehicle_control_mode__rosidl_typesupport_fastrtps_cpp.hpp\n'}
[3.951559] (px4_msgs) StdoutLine: {'line': b'-- Up-to-date symlink: /home/dolphiinn/ros2_ws/install/px4_msgs/include/px4_msgs/px4_msgs/msg/detail/vehicle_global_position__rosidl_typesupport_fastrtps_cpp.hpp\n'}
[3.951776] (px4_msgs) StdoutLine: {'line': b'-- Up-to-date symlink: /home/dolphiinn/ros2_ws/install/px4_msgs/include/px4_msgs/px4_msgs/msg/detail/vehicle_imu__rosidl_typesupport_fastrtps_cpp.hpp\n'}
[3.952000] (px4_msgs) StdoutLine: {'line': b'-- Up-to-date symlink: /home/dolphiinn/ros2_ws/install/px4_msgs/include/px4_msgs/px4_msgs/msg/detail/vehicle_imu_status__rosidl_typesupport_fastrtps_cpp.hpp\n'}
[3.952541] (px4_msgs) StdoutLine: {'line': b'-- Up-to-date symlink: /home/dolphiinn/ros2_ws/install/px4_msgs/include/px4_msgs/px4_msgs/msg/detail/vehicle_land_detected__rosidl_typesupport_fastrtps_cpp.hpp\n'}
[3.952908] (px4_msgs) StdoutLine: {'line': b'-- Up-to-date symlink: /home/dolphiinn/ros2_ws/install/px4_msgs/include/px4_msgs/px4_msgs/msg/detail/vehicle_local_position__rosidl_typesupport_fastrtps_cpp.hpp\n'}
[3.953226] (px4_msgs) StdoutLine: {'line': b'-- Up-to-date symlink: /home/dolphiinn/ros2_ws/install/px4_msgs/include/px4_msgs/px4_msgs/msg/detail/vehicle_local_position_setpoint__rosidl_typesupport_fastrtps_cpp.hpp\n'}
[3.953464] (px4_msgs) StdoutLine: {'line': b'-- Up-to-date symlink: /home/dolphiinn/ros2_ws/install/px4_msgs/include/px4_msgs/px4_msgs/msg/detail/vehicle_magnetometer__rosidl_typesupport_fastrtps_cpp.hpp\n'}
[3.953904] (px4_msgs) StdoutLine: {'line': b'-- Up-to-date symlink: /home/dolphiinn/ros2_ws/install/px4_msgs/include/px4_msgs/px4_msgs/msg/detail/vehicle_odometry__rosidl_typesupport_fastrtps_cpp.hpp\n'}
[3.954869] (px4_msgs) StdoutLine: {'line': b'-- Up-to-date symlink: /home/dolphiinn/ros2_ws/install/px4_msgs/include/px4_msgs/px4_msgs/msg/detail/vehicle_optical_flow__rosidl_typesupport_fastrtps_cpp.hpp\n'}
[3.955011] (px4_msgs) StdoutLine: {'line': b'-- Up-to-date symlink: /home/dolphiinn/ros2_ws/install/px4_msgs/include/px4_msgs/px4_msgs/msg/detail/vehicle_optical_flow_vel__rosidl_typesupport_fastrtps_cpp.hpp\n'}
[3.955340] (px4_msgs) StdoutLine: {'line': b'-- Up-to-date symlink: /home/dolphiinn/ros2_ws/install/px4_msgs/include/px4_msgs/px4_msgs/msg/detail/vehicle_rates_setpoint__rosidl_typesupport_fastrtps_cpp.hpp\n'}
[3.955804] (px4_msgs) StdoutLine: {'line': b'-- Up-to-date symlink: /home/dolphiinn/ros2_ws/install/px4_msgs/include/px4_msgs/px4_msgs/msg/detail/vehicle_roi__rosidl_typesupport_fastrtps_cpp.hpp\n'}
[3.956267] (px4_msgs) StdoutLine: {'line': b'-- Up-to-date symlink: /home/dolphiinn/ros2_ws/install/px4_msgs/include/px4_msgs/px4_msgs/msg/detail/vehicle_status__rosidl_typesupport_fastrtps_cpp.hpp\n'}
[3.956679] (px4_msgs) StdoutLine: {'line': b'-- Up-to-date symlink: /home/dolphiinn/ros2_ws/install/px4_msgs/include/px4_msgs/px4_msgs/msg/detail/vehicle_thrust_setpoint__rosidl_typesupport_fastrtps_cpp.hpp\n'}
[3.957248] (px4_msgs) StdoutLine: {'line': b'-- Up-to-date symlink: /home/dolphiinn/ros2_ws/install/px4_msgs/include/px4_msgs/px4_msgs/msg/detail/vehicle_torque_setpoint__rosidl_typesupport_fastrtps_cpp.hpp\n'}
[3.957552] (px4_msgs) StdoutLine: {'line': b'-- Up-to-date symlink: /home/dolphiinn/ros2_ws/install/px4_msgs/include/px4_msgs/px4_msgs/msg/detail/velocity_limits__rosidl_typesupport_fastrtps_cpp.hpp\n'}
[3.957948] (px4_msgs) StdoutLine: {'line': b'-- Up-to-date symlink: /home/dolphiinn/ros2_ws/install/px4_msgs/include/px4_msgs/px4_msgs/msg/detail/vtol_vehicle_status__rosidl_typesupport_fastrtps_cpp.hpp\n'}
[3.958305] (px4_msgs) StdoutLine: {'line': b'-- Up-to-date symlink: /home/dolphiinn/ros2_ws/install/px4_msgs/include/px4_msgs/px4_msgs/msg/detail/wheel_encoders__rosidl_typesupport_fastrtps_cpp.hpp\n'}
[3.958653] (px4_msgs) StdoutLine: {'line': b'-- Up-to-date symlink: /home/dolphiinn/ros2_ws/install/px4_msgs/include/px4_msgs/px4_msgs/msg/detail/wind__rosidl_typesupport_fastrtps_cpp.hpp\n'}
[3.959002] (px4_msgs) StdoutLine: {'line': b'-- Up-to-date symlink: /home/dolphiinn/ros2_ws/install/px4_msgs/include/px4_msgs/px4_msgs/msg/detail/yaw_estimator_status__rosidl_typesupport_fastrtps_cpp.hpp\n'}
[3.959344] (px4_msgs) StdoutLine: {'line': b'-- Up-to-date symlink: /home/dolphiinn/ros2_ws/install/px4_msgs/include/px4_msgs/px4_msgs/msg/rosidl_typesupport_fastrtps_cpp__visibility_control.h\n'}
[3.959668] (px4_msgs) StdoutLine: {'line': b'-- Up-to-date symlink: /home/dolphiinn/ros2_ws/install/px4_msgs/include/px4_msgs/px4_msgs/srv/detail/vehicle_command__rosidl_typesupport_fastrtps_cpp.hpp\n'}
[3.966894] (px4_msgs) StdoutLine: {'line': b'-- Up-to-date symlink: /home/dolphiinn/ros2_ws/install/px4_msgs/include/px4_msgs/px4_msgs/msg/detail/action_request__rosidl_typesupport_introspection_c.h\n'}
[3.967256] (px4_msgs) StdoutLine: {'line': b'-- Up-to-date symlink: /home/dolphiinn/ros2_ws/install/px4_msgs/include/px4_msgs/px4_msgs/msg/detail/actuator_armed__rosidl_typesupport_introspection_c.h\n'}
[3.967439] (px4_msgs) StdoutLine: {'line': b'-- Up-to-date symlink: /home/dolphiinn/ros2_ws/install/px4_msgs/include/px4_msgs/px4_msgs/msg/detail/actuator_controls_status__rosidl_typesupport_introspection_c.h\n'}
[3.967680] (px4_msgs) StdoutLine: {'line': b'-- Up-to-date symlink: /home/dolphiinn/ros2_ws/install/px4_msgs/include/px4_msgs/px4_msgs/msg/detail/actuator_motors__rosidl_typesupport_introspection_c.h\n'}
[3.967999] (px4_msgs) StdoutLine: {'line': b'-- Up-to-date symlink: /home/dolphiinn/ros2_ws/install/px4_msgs/include/px4_msgs/px4_msgs/msg/detail/actuator_outputs__rosidl_typesupport_introspection_c.h\n'}
[3.968427] (px4_msgs) StdoutLine: {'line': b'-- Up-to-date symlink: /home/dolphiinn/ros2_ws/install/px4_msgs/include/px4_msgs/px4_msgs/msg/detail/actuator_servos__rosidl_typesupport_introspection_c.h\n'}
[3.968900] (px4_msgs) StdoutLine: {'line': b'-- Up-to-date symlink: /home/dolphiinn/ros2_ws/install/px4_msgs/include/px4_msgs/px4_msgs/msg/detail/actuator_servos_trim__rosidl_typesupport_introspection_c.h\n'}
[3.969630] (px4_msgs) StdoutLine: {'line': b'-- Up-to-date symlink: /home/dolphiinn/ros2_ws/install/px4_msgs/include/px4_msgs/px4_msgs/msg/detail/actuator_test__rosidl_typesupport_introspection_c.h\n'}
[3.969895] (px4_msgs) StdoutLine: {'line': b'-- Up-to-date symlink: /home/dolphiinn/ros2_ws/install/px4_msgs/include/px4_msgs/px4_msgs/msg/detail/adc_report__rosidl_typesupport_introspection_c.h\n'}
[3.970643] (px4_msgs) StdoutLine: {'line': b'-- Up-to-date symlink: /home/dolphiinn/ros2_ws/install/px4_msgs/include/px4_msgs/px4_msgs/msg/detail/airspeed__rosidl_typesupport_introspection_c.h\n'}
[3.970997] (px4_msgs) StdoutLine: {'line': b'-- Up-to-date symlink: /home/dolphiinn/ros2_ws/install/px4_msgs/include/px4_msgs/px4_msgs/msg/detail/airspeed_validated__rosidl_typesupport_introspection_c.h\n'}
[3.971329] (px4_msgs) StdoutLine: {'line': b'-- Up-to-date symlink: /home/dolphiinn/ros2_ws/install/px4_msgs/include/px4_msgs/px4_msgs/msg/detail/airspeed_wind__rosidl_typesupport_introspection_c.h\n'}
[3.971502] (px4_msgs) StdoutLine: {'line': b'-- Up-to-date symlink: /home/dolphiinn/ros2_ws/install/px4_msgs/include/px4_msgs/px4_msgs/msg/detail/arming_check_reply__rosidl_typesupport_introspection_c.h\n'}
[3.971794] (px4_msgs) StdoutLine: {'line': b'-- Up-to-date symlink: /home/dolphiinn/ros2_ws/install/px4_msgs/include/px4_msgs/px4_msgs/msg/detail/arming_check_request__rosidl_typesupport_introspection_c.h\n'}
[3.972032] (px4_msgs) StdoutLine: {'line': b'-- Up-to-date symlink: /home/dolphiinn/ros2_ws/install/px4_msgs/include/px4_msgs/px4_msgs/msg/detail/autotune_attitude_control_status__rosidl_typesupport_introspection_c.h\n'}
[3.972253] (px4_msgs) StdoutLine: {'line': b'-- Up-to-date symlink: /home/dolphiinn/ros2_ws/install/px4_msgs/include/px4_msgs/px4_msgs/msg/detail/battery_info__rosidl_typesupport_introspection_c.h\n'}
[3.972465] (px4_msgs) StdoutLine: {'line': b'-- Up-to-date symlink: /home/dolphiinn/ros2_ws/install/px4_msgs/include/px4_msgs/px4_msgs/msg/detail/battery_status__rosidl_typesupport_introspection_c.h\n'}
[3.972900] (px4_msgs) StdoutLine: {'line': b'-- Up-to-date symlink: /home/dolphiinn/ros2_ws/install/px4_msgs/include/px4_msgs/px4_msgs/msg/detail/button_event__rosidl_typesupport_introspection_c.h\n'}
[3.973144] (px4_msgs) StdoutLine: {'line': b'-- Up-to-date symlink: /home/dolphiinn/ros2_ws/install/px4_msgs/include/px4_msgs/px4_msgs/msg/detail/camera_capture__rosidl_typesupport_introspection_c.h\n'}
[3.973433] (px4_msgs) StdoutLine: {'line': b'-- Up-to-date symlink: /home/dolphiinn/ros2_ws/install/px4_msgs/include/px4_msgs/px4_msgs/msg/detail/camera_status__rosidl_typesupport_introspection_c.h\n'}
[3.973862] (px4_msgs) StdoutLine: {'line': b'-- Up-to-date symlink: /home/dolphiinn/ros2_ws/install/px4_msgs/include/px4_msgs/px4_msgs/msg/detail/camera_trigger__rosidl_typesupport_introspection_c.h\n'}
[3.974322] (px4_msgs) StdoutLine: {'line': b'-- Up-to-date symlink: /home/dolphiinn/ros2_ws/install/px4_msgs/include/px4_msgs/px4_msgs/msg/detail/can_interface_status__rosidl_typesupport_introspection_c.h\n'}
[3.974585] (px4_msgs) StdoutLine: {'line': b'-- Up-to-date symlink: /home/dolphiinn/ros2_ws/install/px4_msgs/include/px4_msgs/px4_msgs/msg/detail/cellular_status__rosidl_typesupport_introspection_c.h\n'}
[3.974895] (px4_msgs) StdoutLine: {'line': b'-- Up-to-date symlink: /home/dolphiinn/ros2_ws/install/px4_msgs/include/px4_msgs/px4_msgs/msg/detail/collision_constraints__rosidl_typesupport_introspection_c.h\n'}
[3.975329] (px4_msgs) StdoutLine: {'line': b'-- Up-to-date symlink: /home/dolphiinn/ros2_ws/install/px4_msgs/include/px4_msgs/px4_msgs/msg/detail/config_overrides__rosidl_typesupport_introspection_c.h\n'}
[3.975709] (px4_msgs) StdoutLine: {'line': b'-- Up-to-date symlink: /home/dolphiinn/ros2_ws/install/px4_msgs/include/px4_msgs/px4_msgs/msg/detail/control_allocator_status__rosidl_typesupport_introspection_c.h\n'}
[3.975976] (px4_msgs) StdoutLine: {'line': b'-- Up-to-date symlink: /home/dolphiinn/ros2_ws/install/px4_msgs/include/px4_msgs/px4_msgs/msg/detail/cpuload__rosidl_typesupport_introspection_c.h\n'}
[3.976273] (px4_msgs) StdoutLine: {'line': b'-- Up-to-date symlink: /home/dolphiinn/ros2_ws/install/px4_msgs/include/px4_msgs/px4_msgs/msg/detail/dataman_request__rosidl_typesupport_introspection_c.h\n'}
[3.976523] (px4_msgs) StdoutLine: {'line': b'-- Up-to-date symlink: /home/dolphiinn/ros2_ws/install/px4_msgs/include/px4_msgs/px4_msgs/msg/detail/dataman_response__rosidl_typesupport_introspection_c.h\n'}
[3.976917] (px4_msgs) StdoutLine: {'line': b'-- Up-to-date symlink: /home/dolphiinn/ros2_ws/install/px4_msgs/include/px4_msgs/px4_msgs/msg/detail/debug_array__rosidl_typesupport_introspection_c.h\n'}
[3.977408] (px4_msgs) StdoutLine: {'line': b'-- Up-to-date symlink: /home/dolphiinn/ros2_ws/install/px4_msgs/include/px4_msgs/px4_msgs/msg/detail/debug_key_value__rosidl_typesupport_introspection_c.h\n'}
[3.977741] (px4_msgs) StdoutLine: {'line': b'-- Up-to-date symlink: /home/dolphiinn/ros2_ws/install/px4_msgs/include/px4_msgs/px4_msgs/msg/detail/debug_value__rosidl_typesupport_introspection_c.h\n'}
[3.978071] (px4_msgs) StdoutLine: {'line': b'-- Up-to-date symlink: /home/dolphiinn/ros2_ws/install/px4_msgs/include/px4_msgs/px4_msgs/msg/detail/debug_vect__rosidl_typesupport_introspection_c.h\n'}
[3.978578] (px4_msgs) StdoutLine: {'line': b'-- Up-to-date symlink: /home/dolphiinn/ros2_ws/install/px4_msgs/include/px4_msgs/px4_msgs/msg/detail/differential_pressure__rosidl_typesupport_introspection_c.h\n'}
[3.978817] (px4_msgs) StdoutLine: {'line': b'-- Up-to-date symlink: /home/dolphiinn/ros2_ws/install/px4_msgs/include/px4_msgs/px4_msgs/msg/detail/distance_sensor__rosidl_typesupport_introspection_c.h\n'}
[3.979075] (px4_msgs) StdoutLine: {'line': b'-- Up-to-date symlink: /home/dolphiinn/ros2_ws/install/px4_msgs/include/px4_msgs/px4_msgs/msg/detail/distance_sensor_mode_change_request__rosidl_typesupport_introspection_c.h\n'}
[3.979347] (px4_msgs) StdoutLine: {'line': b'-- Up-to-date symlink: /home/dolphiinn/ros2_ws/install/px4_msgs/include/px4_msgs/px4_msgs/msg/detail/dronecan_node_status__rosidl_typesupport_introspection_c.h\n'}
[3.979703] (px4_msgs) StdoutLine: {'line': b'-- Up-to-date symlink: /home/dolphiinn/ros2_ws/install/px4_msgs/include/px4_msgs/px4_msgs/msg/detail/ekf2_timestamps__rosidl_typesupport_introspection_c.h\n'}
[3.980812] (px4_msgs) StdoutLine: {'line': b'-- Up-to-date symlink: /home/dolphiinn/ros2_ws/install/px4_msgs/include/px4_msgs/px4_msgs/msg/detail/esc_report__rosidl_typesupport_introspection_c.h\n'}
[3.981030] (px4_msgs) StdoutLine: {'line': b'-- Up-to-date symlink: /home/dolphiinn/ros2_ws/install/px4_msgs/include/px4_msgs/px4_msgs/msg/detail/esc_status__rosidl_typesupport_introspection_c.h\n'}
[3.981173] (px4_msgs) StdoutLine: {'line': b'-- Up-to-date symlink: /home/dolphiinn/ros2_ws/install/px4_msgs/include/px4_msgs/px4_msgs/msg/detail/estimator_aid_source1d__rosidl_typesupport_introspection_c.h\n'}
[3.981393] (px4_msgs) StdoutLine: {'line': b'-- Up-to-date symlink: /home/dolphiinn/ros2_ws/install/px4_msgs/include/px4_msgs/px4_msgs/msg/detail/estimator_aid_source2d__rosidl_typesupport_introspection_c.h\n'}
[3.981665] (px4_msgs) StdoutLine: {'line': b'-- Up-to-date symlink: /home/dolphiinn/ros2_ws/install/px4_msgs/include/px4_msgs/px4_msgs/msg/detail/estimator_aid_source3d__rosidl_typesupport_introspection_c.h\n'}
[3.981991] (px4_msgs) StdoutLine: {'line': b'-- Up-to-date symlink: /home/dolphiinn/ros2_ws/install/px4_msgs/include/px4_msgs/px4_msgs/msg/detail/estimator_bias3d__rosidl_typesupport_introspection_c.h\n'}
[3.982224] (px4_msgs) StdoutLine: {'line': b'-- Up-to-date symlink: /home/dolphiinn/ros2_ws/install/px4_msgs/include/px4_msgs/px4_msgs/msg/detail/estimator_bias__rosidl_typesupport_introspection_c.h\n'}
[3.982608] (px4_msgs) StdoutLine: {'line': b'-- Up-to-date symlink: /home/dolphiinn/ros2_ws/install/px4_msgs/include/px4_msgs/px4_msgs/msg/detail/estimator_event_flags__rosidl_typesupport_introspection_c.h\n'}
[3.983012] (px4_msgs) StdoutLine: {'line': b'-- Up-to-date symlink: /home/dolphiinn/ros2_ws/install/px4_msgs/include/px4_msgs/px4_msgs/msg/detail/estimator_gps_status__rosidl_typesupport_introspection_c.h\n'}
[3.983361] (px4_msgs) StdoutLine: {'line': b'-- Up-to-date symlink: /home/dolphiinn/ros2_ws/install/px4_msgs/include/px4_msgs/px4_msgs/msg/detail/estimator_innovations__rosidl_typesupport_introspection_c.h\n'}
[3.983721] (px4_msgs) StdoutLine: {'line': b'-- Up-to-date symlink: /home/dolphiinn/ros2_ws/install/px4_msgs/include/px4_msgs/px4_msgs/msg/detail/estimator_selector_status__rosidl_typesupport_introspection_c.h\n'}
[3.984151] (px4_msgs) StdoutLine: {'line': b'-- Up-to-date symlink: /home/dolphiinn/ros2_ws/install/px4_msgs/include/px4_msgs/px4_msgs/msg/detail/estimator_sensor_bias__rosidl_typesupport_introspection_c.h\n'}
[3.984410] (px4_msgs) StdoutLine: {'line': b'-- Up-to-date symlink: /home/dolphiinn/ros2_ws/install/px4_msgs/include/px4_msgs/px4_msgs/msg/detail/estimator_states__rosidl_typesupport_introspection_c.h\n'}
[3.984662] (px4_msgs) StdoutLine: {'line': b'-- Up-to-date symlink: /home/dolphiinn/ros2_ws/install/px4_msgs/include/px4_msgs/px4_msgs/msg/detail/estimator_status__rosidl_typesupport_introspection_c.h\n'}
[3.985226] (px4_msgs) StdoutLine: {'line': b'-- Up-to-date symlink: /home/dolphiinn/ros2_ws/install/px4_msgs/include/px4_msgs/px4_msgs/msg/detail/estimator_status_flags__rosidl_typesupport_introspection_c.h\n'}
[3.986256] (px4_msgs) StdoutLine: {'line': b'-- Up-to-date symlink: /home/dolphiinn/ros2_ws/install/px4_msgs/include/px4_msgs/px4_msgs/msg/detail/event__rosidl_typesupport_introspection_c.h\n'}
[3.986595] (px4_msgs) StdoutLine: {'line': b'-- Up-to-date symlink: /home/dolphiinn/ros2_ws/install/px4_msgs/include/px4_msgs/px4_msgs/msg/detail/failsafe_flags__rosidl_typesupport_introspection_c.h\n'}
[3.986781] (px4_msgs) StdoutLine: {'line': b'-- Up-to-date symlink: /home/dolphiinn/ros2_ws/install/px4_msgs/include/px4_msgs/px4_msgs/msg/detail/failure_detector_status__rosidl_typesupport_introspection_c.h\n'}
[3.987121] (px4_msgs) StdoutLine: {'line': b'-- Up-to-date symlink: /home/dolphiinn/ros2_ws/install/px4_msgs/include/px4_msgs/px4_msgs/msg/detail/figure_eight_status__rosidl_typesupport_introspection_c.h\n'}
[3.987519] (px4_msgs) StdoutLine: {'line': b'-- Up-to-date symlink: /home/dolphiinn/ros2_ws/install/px4_msgs/include/px4_msgs/px4_msgs/msg/detail/fixed_wing_lateral_guidance_status__rosidl_typesupport_introspection_c.h\n'}
[3.987920] (px4_msgs) StdoutLine: {'line': b'-- Up-to-date symlink: /home/dolphiinn/ros2_ws/install/px4_msgs/include/px4_msgs/px4_msgs/msg/detail/fixed_wing_lateral_setpoint__rosidl_typesupport_introspection_c.h\n'}
[3.988255] (px4_msgs) StdoutLine: {'line': b'-- Up-to-date symlink: /home/dolphiinn/ros2_ws/install/px4_msgs/include/px4_msgs/px4_msgs/msg/detail/fixed_wing_lateral_status__rosidl_typesupport_introspection_c.h\n'}
[3.988584] (px4_msgs) StdoutLine: {'line': b'-- Up-to-date symlink: /home/dolphiinn/ros2_ws/install/px4_msgs/include/px4_msgs/px4_msgs/msg/detail/fixed_wing_longitudinal_setpoint__rosidl_typesupport_introspection_c.h\n'}
[3.989112] (px4_msgs) StdoutLine: {'line': b'-- Up-to-date symlink: /home/dolphiinn/ros2_ws/install/px4_msgs/include/px4_msgs/px4_msgs/msg/detail/fixed_wing_runway_control__rosidl_typesupport_introspection_c.h\n'}
[3.989397] (px4_msgs) StdoutLine: {'line': b'-- Up-to-date symlink: /home/dolphiinn/ros2_ws/install/px4_msgs/include/px4_msgs/px4_msgs/msg/detail/flight_phase_estimation__rosidl_typesupport_introspection_c.h\n'}
[3.989756] (px4_msgs) StdoutLine: {'line': b'-- Up-to-date symlink: /home/dolphiinn/ros2_ws/install/px4_msgs/include/px4_msgs/px4_msgs/msg/detail/follow_target__rosidl_typesupport_introspection_c.h\n'}
[3.990143] (px4_msgs) StdoutLine: {'line': b'-- Up-to-date symlink: /home/dolphiinn/ros2_ws/install/px4_msgs/include/px4_msgs/px4_msgs/msg/detail/follow_target_estimator__rosidl_typesupport_introspection_c.h\n'}
[3.990649] (px4_msgs) StdoutLine: {'line': b'-- Up-to-date symlink: /home/dolphiinn/ros2_ws/install/px4_msgs/include/px4_msgs/px4_msgs/msg/detail/follow_target_status__rosidl_typesupport_introspection_c.h\n'}
[3.991094] (px4_msgs) StdoutLine: {'line': b'-- Up-to-date symlink: /home/dolphiinn/ros2_ws/install/px4_msgs/include/px4_msgs/px4_msgs/msg/detail/fuel_tank_status__rosidl_typesupport_introspection_c.h\n'}
[3.991363] (px4_msgs) StdoutLine: {'line': b'-- Up-to-date symlink: /home/dolphiinn/ros2_ws/install/px4_msgs/include/px4_msgs/px4_msgs/msg/detail/generator_status__rosidl_typesupport_introspection_c.h\n'}
[3.991679] (px4_msgs) StdoutLine: {'line': b'-- Up-to-date symlink: /home/dolphiinn/ros2_ws/install/px4_msgs/include/px4_msgs/px4_msgs/msg/detail/geofence_result__rosidl_typesupport_introspection_c.h\n'}
[3.992141] (px4_msgs) StdoutLine: {'line': b'-- Up-to-date symlink: /home/dolphiinn/ros2_ws/install/px4_msgs/include/px4_msgs/px4_msgs/msg/detail/geofence_status__rosidl_typesupport_introspection_c.h\n'}
[3.992631] (px4_msgs) StdoutLine: {'line': b'-- Up-to-date symlink: /home/dolphiinn/ros2_ws/install/px4_msgs/include/px4_msgs/px4_msgs/msg/detail/gimbal_controls__rosidl_typesupport_introspection_c.h\n'}
[3.993069] (px4_msgs) StdoutLine: {'line': b'-- Up-to-date symlink: /home/dolphiinn/ros2_ws/install/px4_msgs/include/px4_msgs/px4_msgs/msg/detail/gimbal_device_attitude_status__rosidl_typesupport_introspection_c.h\n'}
[3.993541] (px4_msgs) StdoutLine: {'line': b'-- Up-to-date symlink: /home/dolphiinn/ros2_ws/install/px4_msgs/include/px4_msgs/px4_msgs/msg/detail/gimbal_device_information__rosidl_typesupport_introspection_c.h\n'}
[3.993971] (px4_msgs) StdoutLine: {'line': b'-- Up-to-date symlink: /home/dolphiinn/ros2_ws/install/px4_msgs/include/px4_msgs/px4_msgs/msg/detail/gimbal_device_set_attitude__rosidl_typesupport_introspection_c.h\n'}
[3.994646] (px4_msgs) StdoutLine: {'line': b'-- Up-to-date symlink: /home/dolphiinn/ros2_ws/install/px4_msgs/include/px4_msgs/px4_msgs/msg/detail/gimbal_manager_information__rosidl_typesupport_introspection_c.h\n'}
[3.995113] (px4_msgs) StdoutLine: {'line': b'-- Up-to-date symlink: /home/dolphiinn/ros2_ws/install/px4_msgs/include/px4_msgs/px4_msgs/msg/detail/gimbal_manager_set_attitude__rosidl_typesupport_introspection_c.h\n'}
[3.995553] (px4_msgs) StdoutLine: {'line': b'-- Up-to-date symlink: /home/dolphiinn/ros2_ws/install/px4_msgs/include/px4_msgs/px4_msgs/msg/detail/gimbal_manager_set_manual_control__rosidl_typesupport_introspection_c.h\n'}
[3.996200] (px4_msgs) StdoutLine: {'line': b'-- Up-to-date symlink: /home/dolphiinn/ros2_ws/install/px4_msgs/include/px4_msgs/px4_msgs/msg/detail/gimbal_manager_status__rosidl_typesupport_introspection_c.h\n'}
[3.996602] (px4_msgs) StdoutLine: {'line': b'-- Up-to-date symlink: /home/dolphiinn/ros2_ws/install/px4_msgs/include/px4_msgs/px4_msgs/msg/detail/goto_setpoint__rosidl_typesupport_introspection_c.h\n'}
[3.996890] (px4_msgs) StdoutLine: {'line': b'-- Up-to-date symlink: /home/dolphiinn/ros2_ws/install/px4_msgs/include/px4_msgs/px4_msgs/msg/detail/gpio_config__rosidl_typesupport_introspection_c.h\n'}
[3.997339] (px4_msgs) StdoutLine: {'line': b'-- Up-to-date symlink: /home/dolphiinn/ros2_ws/install/px4_msgs/include/px4_msgs/px4_msgs/msg/detail/gpio_in__rosidl_typesupport_introspection_c.h\n'}
[3.997775] (px4_msgs) StdoutLine: {'line': b'-- Up-to-date symlink: /home/dolphiinn/ros2_ws/install/px4_msgs/include/px4_msgs/px4_msgs/msg/detail/gpio_out__rosidl_typesupport_introspection_c.h\n'}
[3.998564] (px4_msgs) StdoutLine: {'line': b'-- Up-to-date symlink: /home/dolphiinn/ros2_ws/install/px4_msgs/include/px4_msgs/px4_msgs/msg/detail/gpio_request__rosidl_typesupport_introspection_c.h\n'}
[3.998897] (px4_msgs) StdoutLine: {'line': b'-- Up-to-date symlink: /home/dolphiinn/ros2_ws/install/px4_msgs/include/px4_msgs/px4_msgs/msg/detail/gps_dump__rosidl_typesupport_introspection_c.h\n'}
[3.999081] (px4_msgs) StdoutLine: {'line': b'-- Up-to-date symlink: /home/dolphiinn/ros2_ws/install/px4_msgs/include/px4_msgs/px4_msgs/msg/detail/gps_inject_data__rosidl_typesupport_introspection_c.h\n'}
[3.999366] (px4_msgs) StdoutLine: {'line': b'-- Up-to-date symlink: /home/dolphiinn/ros2_ws/install/px4_msgs/include/px4_msgs/px4_msgs/msg/detail/gripper__rosidl_typesupport_introspection_c.h\n'}
[3.999625] (px4_msgs) StdoutLine: {'line': b'-- Up-to-date symlink: /home/dolphiinn/ros2_ws/install/px4_msgs/include/px4_msgs/px4_msgs/msg/detail/health_report__rosidl_typesupport_introspection_c.h\n'}
[3.999857] (px4_msgs) StdoutLine: {'line': b'-- Up-to-date symlink: /home/dolphiinn/ros2_ws/install/px4_msgs/include/px4_msgs/px4_msgs/msg/detail/heater_status__rosidl_typesupport_introspection_c.h\n'}
[4.000140] (px4_msgs) StdoutLine: {'line': b'-- Up-to-date symlink: /home/dolphiinn/ros2_ws/install/px4_msgs/include/px4_msgs/px4_msgs/msg/detail/home_position__rosidl_typesupport_introspection_c.h\n'}
[4.000352] (px4_msgs) StdoutLine: {'line': b'-- Up-to-date symlink: /home/dolphiinn/ros2_ws/install/px4_msgs/include/px4_msgs/px4_msgs/msg/detail/hover_thrust_estimate__rosidl_typesupport_introspection_c.h\n'}
[4.001383] (px4_msgs) StdoutLine: {'line': b'-- Up-to-date symlink: /home/dolphiinn/ros2_ws/install/px4_msgs/include/px4_msgs/px4_msgs/msg/detail/input_rc__rosidl_typesupport_introspection_c.h\n'}
[4.001803] (px4_msgs) StdoutLine: {'line': b'-- Up-to-date symlink: /home/dolphiinn/ros2_ws/install/px4_msgs/include/px4_msgs/px4_msgs/msg/detail/internal_combustion_engine_control__rosidl_typesupport_introspection_c.h\n'}
[4.002385] (px4_msgs) StdoutLine: {'line': b'-- Up-to-date symlink: /home/dolphiinn/ros2_ws/install/px4_msgs/include/px4_msgs/px4_msgs/msg/detail/internal_combustion_engine_status__rosidl_typesupport_introspection_c.h\n'}
[4.002630] (px4_msgs) StdoutLine: {'line': b'-- Up-to-date symlink: /home/dolphiinn/ros2_ws/install/px4_msgs/include/px4_msgs/px4_msgs/msg/detail/iridiumsbd_status__rosidl_typesupport_introspection_c.h\n'}
[4.003055] (px4_msgs) StdoutLine: {'line': b'-- Up-to-date symlink: /home/dolphiinn/ros2_ws/install/px4_msgs/include/px4_msgs/px4_msgs/msg/detail/irlock_report__rosidl_typesupport_introspection_c.h\n'}
[4.003567] (px4_msgs) StdoutLine: {'line': b'-- Up-to-date symlink: /home/dolphiinn/ros2_ws/install/px4_msgs/include/px4_msgs/px4_msgs/msg/detail/landing_gear__rosidl_typesupport_introspection_c.h\n'}
[4.003856] (px4_msgs) StdoutLine: {'line': b'-- Up-to-date symlink: /home/dolphiinn/ros2_ws/install/px4_msgs/include/px4_msgs/px4_msgs/msg/detail/landing_gear_wheel__rosidl_typesupport_introspection_c.h\n'}
[4.004100] (px4_msgs) StdoutLine: {'line': b'-- Up-to-date symlink: /home/dolphiinn/ros2_ws/install/px4_msgs/include/px4_msgs/px4_msgs/msg/detail/landing_target_innovations__rosidl_typesupport_introspection_c.h\n'}
[4.004345] (px4_msgs) StdoutLine: {'line': b'-- Up-to-date symlink: /home/dolphiinn/ros2_ws/install/px4_msgs/include/px4_msgs/px4_msgs/msg/detail/landing_target_pose__rosidl_typesupport_introspection_c.h\n'}
[4.004802] (px4_msgs) StdoutLine: {'line': b'-- Up-to-date symlink: /home/dolphiinn/ros2_ws/install/px4_msgs/include/px4_msgs/px4_msgs/msg/detail/lateral_control_configuration__rosidl_typesupport_introspection_c.h\n'}
[4.005268] (px4_msgs) StdoutLine: {'line': b'-- Up-to-date symlink: /home/dolphiinn/ros2_ws/install/px4_msgs/include/px4_msgs/px4_msgs/msg/detail/launch_detection_status__rosidl_typesupport_introspection_c.h\n'}
[4.005599] (px4_msgs) StdoutLine: {'line': b'-- Up-to-date symlink: /home/dolphiinn/ros2_ws/install/px4_msgs/include/px4_msgs/px4_msgs/msg/detail/led_control__rosidl_typesupport_introspection_c.h\n'}
[4.006095] (px4_msgs) StdoutLine: {'line': b'-- Up-to-date symlink: /home/dolphiinn/ros2_ws/install/px4_msgs/include/px4_msgs/px4_msgs/msg/detail/log_message__rosidl_typesupport_introspection_c.h\n'}
[4.006467] (px4_msgs) StdoutLine: {'line': b'-- Up-to-date symlink: /home/dolphiinn/ros2_ws/install/px4_msgs/include/px4_msgs/px4_msgs/msg/detail/logger_status__rosidl_typesupport_introspection_c.h\n'}
[4.006820] (px4_msgs) StdoutLine: {'line': b'-- Up-to-date symlink: /home/dolphiinn/ros2_ws/install/px4_msgs/include/px4_msgs/px4_msgs/msg/detail/longitudinal_control_configuration__rosidl_typesupport_introspection_c.h\n'}
[4.007116] (px4_msgs) StdoutLine: {'line': b'-- Up-to-date symlink: /home/dolphiinn/ros2_ws/install/px4_msgs/include/px4_msgs/px4_msgs/msg/detail/mag_worker_data__rosidl_typesupport_introspection_c.h\n'}
[4.007339] (px4_msgs) StdoutLine: {'line': b'-- Up-to-date symlink: /home/dolphiinn/ros2_ws/install/px4_msgs/include/px4_msgs/px4_msgs/msg/detail/magnetometer_bias_estimate__rosidl_typesupport_introspection_c.h\n'}
[4.007573] (px4_msgs) StdoutLine: {'line': b'-- Up-to-date symlink: /home/dolphiinn/ros2_ws/install/px4_msgs/include/px4_msgs/px4_msgs/msg/detail/manual_control_setpoint__rosidl_typesupport_introspection_c.h\n'}
[4.007798] (px4_msgs) StdoutLine: {'line': b'-- Up-to-date symlink: /home/dolphiinn/ros2_ws/install/px4_msgs/include/px4_msgs/px4_msgs/msg/detail/manual_control_switches__rosidl_typesupport_introspection_c.h\n'}
[4.008069] (px4_msgs) StdoutLine: {'line': b'-- Up-to-date symlink: /home/dolphiinn/ros2_ws/install/px4_msgs/include/px4_msgs/px4_msgs/msg/detail/mavlink_log__rosidl_typesupport_introspection_c.h\n'}
[4.008288] (px4_msgs) StdoutLine: {'line': b'-- Up-to-date symlink: /home/dolphiinn/ros2_ws/install/px4_msgs/include/px4_msgs/px4_msgs/msg/detail/mavlink_tunnel__rosidl_typesupport_introspection_c.h\n'}
[4.008521] (px4_msgs) StdoutLine: {'line': b'-- Up-to-date symlink: /home/dolphiinn/ros2_ws/install/px4_msgs/include/px4_msgs/px4_msgs/msg/detail/message_format_request__rosidl_typesupport_introspection_c.h\n'}
[4.008754] (px4_msgs) StdoutLine: {'line': b'-- Up-to-date symlink: /home/dolphiinn/ros2_ws/install/px4_msgs/include/px4_msgs/px4_msgs/msg/detail/message_format_response__rosidl_typesupport_introspection_c.h\n'}
[4.009118] (px4_msgs) StdoutLine: {'line': b'-- Up-to-date symlink: /home/dolphiinn/ros2_ws/install/px4_msgs/include/px4_msgs/px4_msgs/msg/detail/mission__rosidl_typesupport_introspection_c.h\n'}
[4.009465] (px4_msgs) StdoutLine: {'line': b'-- Up-to-date symlink: /home/dolphiinn/ros2_ws/install/px4_msgs/include/px4_msgs/px4_msgs/msg/detail/mission_result__rosidl_typesupport_introspection_c.h\n'}
[4.010195] (px4_msgs) StdoutLine: {'line': b'-- Up-to-date symlink: /home/dolphiinn/ros2_ws/install/px4_msgs/include/px4_msgs/px4_msgs/msg/detail/mode_completed__rosidl_typesupport_introspection_c.h\n'}
[4.010567] (px4_msgs) StdoutLine: {'line': b'-- Up-to-date symlink: /home/dolphiinn/ros2_ws/install/px4_msgs/include/px4_msgs/px4_msgs/msg/detail/mount_orientation__rosidl_typesupport_introspection_c.h\n'}
[4.010744] (px4_msgs) StdoutLine: {'line': b'-- Up-to-date symlink: /home/dolphiinn/ros2_ws/install/px4_msgs/include/px4_msgs/px4_msgs/msg/detail/navigator_mission_item__rosidl_typesupport_introspection_c.h\n'}
[4.010931] (px4_msgs) StdoutLine: {'line': b'-- Up-to-date symlink: /home/dolphiinn/ros2_ws/install/px4_msgs/include/px4_msgs/px4_msgs/msg/detail/navigator_status__rosidl_typesupport_introspection_c.h\n'}
[4.011188] (-) TimerEvent: {}
[4.011486] (px4_msgs) StdoutLine: {'line': b'-- Up-to-date symlink: /home/dolphiinn/ros2_ws/install/px4_msgs/include/px4_msgs/px4_msgs/msg/detail/neural_control__rosidl_typesupport_introspection_c.h\n'}
[4.011806] (px4_msgs) StdoutLine: {'line': b'-- Up-to-date symlink: /home/dolphiinn/ros2_ws/install/px4_msgs/include/px4_msgs/px4_msgs/msg/detail/normalized_unsigned_setpoint__rosidl_typesupport_introspection_c.h\n'}
[4.012012] (px4_msgs) StdoutLine: {'line': b'-- Up-to-date symlink: /home/dolphiinn/ros2_ws/install/px4_msgs/include/px4_msgs/px4_msgs/msg/detail/obstacle_distance__rosidl_typesupport_introspection_c.h\n'}
[4.012247] (px4_msgs) StdoutLine: {'line': b'-- Up-to-date symlink: /home/dolphiinn/ros2_ws/install/px4_msgs/include/px4_msgs/px4_msgs/msg/detail/offboard_control_mode__rosidl_typesupport_introspection_c.h\n'}
[4.012534] (px4_msgs) StdoutLine: {'line': b'-- Up-to-date symlink: /home/dolphiinn/ros2_ws/install/px4_msgs/include/px4_msgs/px4_msgs/msg/detail/onboard_computer_status__rosidl_typesupport_introspection_c.h\n'}
[4.012929] (px4_msgs) StdoutLine: {'line': b'-- Up-to-date symlink: /home/dolphiinn/ros2_ws/install/px4_msgs/include/px4_msgs/px4_msgs/msg/detail/open_drone_id_arm_status__rosidl_typesupport_introspection_c.h\n'}
[4.013333] (px4_msgs) StdoutLine: {'line': b'-- Up-to-date symlink: /home/dolphiinn/ros2_ws/install/px4_msgs/include/px4_msgs/px4_msgs/msg/detail/open_drone_id_operator_id__rosidl_typesupport_introspection_c.h\n'}
[4.013686] (px4_msgs) StdoutLine: {'line': b'-- Up-to-date symlink: /home/dolphiinn/ros2_ws/install/px4_msgs/include/px4_msgs/px4_msgs/msg/detail/open_drone_id_self_id__rosidl_typesupport_introspection_c.h\n'}
[4.014282] (px4_msgs) StdoutLine: {'line': b'-- Up-to-date symlink: /home/dolphiinn/ros2_ws/install/px4_msgs/include/px4_msgs/px4_msgs/msg/detail/open_drone_id_system__rosidl_typesupport_introspection_c.h\n'}
[4.014544] (px4_msgs) StdoutLine: {'line': b'-- Up-to-date symlink: /home/dolphiinn/ros2_ws/install/px4_msgs/include/px4_msgs/px4_msgs/msg/detail/orb_test__rosidl_typesupport_introspection_c.h\n'}
[4.014781] (px4_msgs) StdoutLine: {'line': b'-- Up-to-date symlink: /home/dolphiinn/ros2_ws/install/px4_msgs/include/px4_msgs/px4_msgs/msg/detail/orb_test_large__rosidl_typesupport_introspection_c.h\n'}
[4.015168] (px4_msgs) StdoutLine: {'line': b'-- Up-to-date symlink: /home/dolphiinn/ros2_ws/install/px4_msgs/include/px4_msgs/px4_msgs/msg/detail/orb_test_medium__rosidl_typesupport_introspection_c.h\n'}
[4.015543] (px4_msgs) StdoutLine: {'line': b'-- Up-to-date symlink: /home/dolphiinn/ros2_ws/install/px4_msgs/include/px4_msgs/px4_msgs/msg/detail/orbit_status__rosidl_typesupport_introspection_c.h\n'}
[4.016013] (px4_msgs) StdoutLine: {'line': b'-- Up-to-date symlink: /home/dolphiinn/ros2_ws/install/px4_msgs/include/px4_msgs/px4_msgs/msg/detail/parameter_reset_request__rosidl_typesupport_introspection_c.h\n'}
[4.016317] (px4_msgs) StdoutLine: {'line': b'-- Up-to-date symlink: /home/dolphiinn/ros2_ws/install/px4_msgs/include/px4_msgs/px4_msgs/msg/detail/parameter_set_used_request__rosidl_typesupport_introspection_c.h\n'}
[4.017802] (px4_msgs) StdoutLine: {'line': b'-- Up-to-date symlink: /home/dolphiinn/ros2_ws/install/px4_msgs/include/px4_msgs/px4_msgs/msg/detail/parameter_set_value_request__rosidl_typesupport_introspection_c.h\n'}
[4.018105] (px4_msgs) StdoutLine: {'line': b'-- Up-to-date symlink: /home/dolphiinn/ros2_ws/install/px4_msgs/include/px4_msgs/px4_msgs/msg/detail/parameter_set_value_response__rosidl_typesupport_introspection_c.h\n'}
[4.018307] (px4_msgs) StdoutLine: {'line': b'-- Up-to-date symlink: /home/dolphiinn/ros2_ws/install/px4_msgs/include/px4_msgs/px4_msgs/msg/detail/parameter_update__rosidl_typesupport_introspection_c.h\n'}
[4.018523] (px4_msgs) StdoutLine: {'line': b'-- Up-to-date symlink: /home/dolphiinn/ros2_ws/install/px4_msgs/include/px4_msgs/px4_msgs/msg/detail/ping__rosidl_typesupport_introspection_c.h\n'}
[4.018757] (px4_msgs) StdoutLine: {'line': b'-- Up-to-date symlink: /home/dolphiinn/ros2_ws/install/px4_msgs/include/px4_msgs/px4_msgs/msg/detail/position_controller_landing_status__rosidl_typesupport_introspection_c.h\n'}
[4.019147] (px4_msgs) StdoutLine: {'line': b'-- Up-to-date symlink: /home/dolphiinn/ros2_ws/install/px4_msgs/include/px4_msgs/px4_msgs/msg/detail/position_controller_status__rosidl_typesupport_introspection_c.h\n'}
[4.019547] (px4_msgs) StdoutLine: {'line': b'-- Up-to-date symlink: /home/dolphiinn/ros2_ws/install/px4_msgs/include/px4_msgs/px4_msgs/msg/detail/position_setpoint__rosidl_typesupport_introspection_c.h\n'}
[4.019810] (px4_msgs) StdoutLine: {'line': b'-- Up-to-date symlink: /home/dolphiinn/ros2_ws/install/px4_msgs/include/px4_msgs/px4_msgs/msg/detail/position_setpoint_triplet__rosidl_typesupport_introspection_c.h\n'}
[4.020039] (px4_msgs) StdoutLine: {'line': b'-- Up-to-date symlink: /home/dolphiinn/ros2_ws/install/px4_msgs/include/px4_msgs/px4_msgs/msg/detail/power_button_state__rosidl_typesupport_introspection_c.h\n'}
[4.020266] (px4_msgs) StdoutLine: {'line': b'-- Up-to-date symlink: /home/dolphiinn/ros2_ws/install/px4_msgs/include/px4_msgs/px4_msgs/msg/detail/power_monitor__rosidl_typesupport_introspection_c.h\n'}
[4.020624] (px4_msgs) StdoutLine: {'line': b'-- Up-to-date symlink: /home/dolphiinn/ros2_ws/install/px4_msgs/include/px4_msgs/px4_msgs/msg/detail/pps_capture__rosidl_typesupport_introspection_c.h\n'}
[4.020880] (px4_msgs) StdoutLine: {'line': b'-- Up-to-date symlink: /home/dolphiinn/ros2_ws/install/px4_msgs/include/px4_msgs/px4_msgs/msg/detail/pure_pursuit_status__rosidl_typesupport_introspection_c.h\n'}
[4.021203] (px4_msgs) StdoutLine: {'line': b'-- Up-to-date symlink: /home/dolphiinn/ros2_ws/install/px4_msgs/include/px4_msgs/px4_msgs/msg/detail/pwm_input__rosidl_typesupport_introspection_c.h\n'}
[4.021512] (px4_msgs) StdoutLine: {'line': b'-- Up-to-date symlink: /home/dolphiinn/ros2_ws/install/px4_msgs/include/px4_msgs/px4_msgs/msg/detail/px4io_status__rosidl_typesupport_introspection_c.h\n'}
[4.021961] (px4_msgs) StdoutLine: {'line': b'-- Up-to-date symlink: /home/dolphiinn/ros2_ws/install/px4_msgs/include/px4_msgs/px4_msgs/msg/detail/qshell_req__rosidl_typesupport_introspection_c.h\n'}
[4.022365] (px4_msgs) StdoutLine: {'line': b'-- Up-to-date symlink: /home/dolphiinn/ros2_ws/install/px4_msgs/include/px4_msgs/px4_msgs/msg/detail/qshell_retval__rosidl_typesupport_introspection_c.h\n'}
[4.023056] (px4_msgs) StdoutLine: {'line': b'-- Up-to-date symlink: /home/dolphiinn/ros2_ws/install/px4_msgs/include/px4_msgs/px4_msgs/msg/detail/radio_status__rosidl_typesupport_introspection_c.h\n'}
[4.023447] (px4_msgs) StdoutLine: {'line': b'-- Up-to-date symlink: /home/dolphiinn/ros2_ws/install/px4_msgs/include/px4_msgs/px4_msgs/msg/detail/rate_ctrl_status__rosidl_typesupport_introspection_c.h\n'}
[4.023846] (px4_msgs) StdoutLine: {'line': b'-- Up-to-date symlink: /home/dolphiinn/ros2_ws/install/px4_msgs/include/px4_msgs/px4_msgs/msg/detail/rc_channels__rosidl_typesupport_introspection_c.h\n'}
[4.024223] (px4_msgs) StdoutLine: {'line': b'-- Up-to-date symlink: /home/dolphiinn/ros2_ws/install/px4_msgs/include/px4_msgs/px4_msgs/msg/detail/rc_parameter_map__rosidl_typesupport_introspection_c.h\n'}
[4.024549] (px4_msgs) StdoutLine: {'line': b'-- Up-to-date symlink: /home/dolphiinn/ros2_ws/install/px4_msgs/include/px4_msgs/px4_msgs/msg/detail/register_ext_component_reply__rosidl_typesupport_introspection_c.h\n'}
[4.024864] (px4_msgs) StdoutLine: {'line': b'-- Up-to-date symlink: /home/dolphiinn/ros2_ws/install/px4_msgs/include/px4_msgs/px4_msgs/msg/detail/register_ext_component_request__rosidl_typesupport_introspection_c.h\n'}
[4.025202] (px4_msgs) StdoutLine: {'line': b'-- Up-to-date symlink: /home/dolphiinn/ros2_ws/install/px4_msgs/include/px4_msgs/px4_msgs/msg/detail/rover_attitude_setpoint__rosidl_typesupport_introspection_c.h\n'}
[4.025698] (px4_msgs) StdoutLine: {'line': b'-- Up-to-date symlink: /home/dolphiinn/ros2_ws/install/px4_msgs/include/px4_msgs/px4_msgs/msg/detail/rover_attitude_status__rosidl_typesupport_introspection_c.h\n'}
[4.026130] (px4_msgs) StdoutLine: {'line': b'-- Up-to-date symlink: /home/dolphiinn/ros2_ws/install/px4_msgs/include/px4_msgs/px4_msgs/msg/detail/rover_position_setpoint__rosidl_typesupport_introspection_c.h\n'}
[4.026658] (px4_msgs) StdoutLine: {'line': b'-- Up-to-date symlink: /home/dolphiinn/ros2_ws/install/px4_msgs/include/px4_msgs/px4_msgs/msg/detail/rover_rate_setpoint__rosidl_typesupport_introspection_c.h\n'}
[4.027067] (px4_msgs) StdoutLine: {'line': b'-- Up-to-date symlink: /home/dolphiinn/ros2_ws/install/px4_msgs/include/px4_msgs/px4_msgs/msg/detail/rover_rate_status__rosidl_typesupport_introspection_c.h\n'}
[4.027408] (px4_msgs) StdoutLine: {'line': b'-- Up-to-date symlink: /home/dolphiinn/ros2_ws/install/px4_msgs/include/px4_msgs/px4_msgs/msg/detail/rover_speed_setpoint__rosidl_typesupport_introspection_c.h\n'}
[4.027879] (px4_msgs) StdoutLine: {'line': b'-- Up-to-date symlink: /home/dolphiinn/ros2_ws/install/px4_msgs/include/px4_msgs/px4_msgs/msg/detail/rover_speed_status__rosidl_typesupport_introspection_c.h\n'}
[4.028339] (px4_msgs) StdoutLine: {'line': b'-- Up-to-date symlink: /home/dolphiinn/ros2_ws/install/px4_msgs/include/px4_msgs/px4_msgs/msg/detail/rover_steering_setpoint__rosidl_typesupport_introspection_c.h\n'}
[4.029606] (px4_msgs) StdoutLine: {'line': b'-- Up-to-date symlink: /home/dolphiinn/ros2_ws/install/px4_msgs/include/px4_msgs/px4_msgs/msg/detail/rover_throttle_setpoint__rosidl_typesupport_introspection_c.h\n'}
[4.030069] (px4_msgs) StdoutLine: {'line': b'-- Up-to-date symlink: /home/dolphiinn/ros2_ws/install/px4_msgs/include/px4_msgs/px4_msgs/msg/detail/rpm__rosidl_typesupport_introspection_c.h\n'}
[4.030230] (px4_msgs) StdoutLine: {'line': b'-- Up-to-date symlink: /home/dolphiinn/ros2_ws/install/px4_msgs/include/px4_msgs/px4_msgs/msg/detail/rtl_status__rosidl_typesupport_introspection_c.h\n'}
[4.030639] (px4_msgs) StdoutLine: {'line': b'-- Up-to-date symlink: /home/dolphiinn/ros2_ws/install/px4_msgs/include/px4_msgs/px4_msgs/msg/detail/rtl_time_estimate__rosidl_typesupport_introspection_c.h\n'}
[4.031109] (px4_msgs) StdoutLine: {'line': b'-- Up-to-date symlink: /home/dolphiinn/ros2_ws/install/px4_msgs/include/px4_msgs/px4_msgs/msg/detail/satellite_info__rosidl_typesupport_introspection_c.h\n'}
[4.031579] (px4_msgs) StdoutLine: {'line': b'-- Up-to-date symlink: /home/dolphiinn/ros2_ws/install/px4_msgs/include/px4_msgs/px4_msgs/msg/detail/sensor_accel__rosidl_typesupport_introspection_c.h\n'}
[4.031919] (px4_msgs) StdoutLine: {'line': b'-- Up-to-date symlink: /home/dolphiinn/ros2_ws/install/px4_msgs/include/px4_msgs/px4_msgs/msg/detail/sensor_accel_fifo__rosidl_typesupport_introspection_c.h\n'}
[4.032293] (px4_msgs) StdoutLine: {'line': b'-- Up-to-date symlink: /home/dolphiinn/ros2_ws/install/px4_msgs/include/px4_msgs/px4_msgs/msg/detail/sensor_airflow__rosidl_typesupport_introspection_c.h\n'}
[4.032570] (px4_msgs) StdoutLine: {'line': b'-- Up-to-date symlink: /home/dolphiinn/ros2_ws/install/px4_msgs/include/px4_msgs/px4_msgs/msg/detail/sensor_baro__rosidl_typesupport_introspection_c.h\n'}
[4.032847] (px4_msgs) StdoutLine: {'line': b'-- Up-to-date symlink: /home/dolphiinn/ros2_ws/install/px4_msgs/include/px4_msgs/px4_msgs/msg/detail/sensor_combined__rosidl_typesupport_introspection_c.h\n'}
[4.033210] (px4_msgs) StdoutLine: {'line': b'-- Up-to-date symlink: /home/dolphiinn/ros2_ws/install/px4_msgs/include/px4_msgs/px4_msgs/msg/detail/sensor_correction__rosidl_typesupport_introspection_c.h\n'}
[4.033732] (px4_msgs) StdoutLine: {'line': b'-- Up-to-date symlink: /home/dolphiinn/ros2_ws/install/px4_msgs/include/px4_msgs/px4_msgs/msg/detail/sensor_gnss_relative__rosidl_typesupport_introspection_c.h\n'}
[4.034088] (px4_msgs) StdoutLine: {'line': b'-- Up-to-date symlink: /home/dolphiinn/ros2_ws/install/px4_msgs/include/px4_msgs/px4_msgs/msg/detail/sensor_gnss_status__rosidl_typesupport_introspection_c.h\n'}
[4.035280] (px4_msgs) StdoutLine: {'line': b'-- Up-to-date symlink: /home/dolphiinn/ros2_ws/install/px4_msgs/include/px4_msgs/px4_msgs/msg/detail/sensor_gps__rosidl_typesupport_introspection_c.h\n'}
[4.035518] (px4_msgs) StdoutLine: {'line': b'-- Up-to-date symlink: /home/dolphiinn/ros2_ws/install/px4_msgs/include/px4_msgs/px4_msgs/msg/detail/sensor_gyro__rosidl_typesupport_introspection_c.h\n'}
[4.035790] (px4_msgs) StdoutLine: {'line': b'-- Up-to-date symlink: /home/dolphiinn/ros2_ws/install/px4_msgs/include/px4_msgs/px4_msgs/msg/detail/sensor_gyro_fft__rosidl_typesupport_introspection_c.h\n'}
[4.035999] (px4_msgs) StdoutLine: {'line': b'-- Up-to-date symlink: /home/dolphiinn/ros2_ws/install/px4_msgs/include/px4_msgs/px4_msgs/msg/detail/sensor_gyro_fifo__rosidl_typesupport_introspection_c.h\n'}
[4.036206] (px4_msgs) StdoutLine: {'line': b'-- Up-to-date symlink: /home/dolphiinn/ros2_ws/install/px4_msgs/include/px4_msgs/px4_msgs/msg/detail/sensor_hygrometer__rosidl_typesupport_introspection_c.h\n'}
[4.036405] (px4_msgs) StdoutLine: {'line': b'-- Up-to-date symlink: /home/dolphiinn/ros2_ws/install/px4_msgs/include/px4_msgs/px4_msgs/msg/detail/sensor_mag__rosidl_typesupport_introspection_c.h\n'}
[4.036617] (px4_msgs) StdoutLine: {'line': b'-- Up-to-date symlink: /home/dolphiinn/ros2_ws/install/px4_msgs/include/px4_msgs/px4_msgs/msg/detail/sensor_optical_flow__rosidl_typesupport_introspection_c.h\n'}
[4.036876] (px4_msgs) StdoutLine: {'line': b'-- Up-to-date symlink: /home/dolphiinn/ros2_ws/install/px4_msgs/include/px4_msgs/px4_msgs/msg/detail/sensor_preflight_mag__rosidl_typesupport_introspection_c.h\n'}
[4.037242] (px4_msgs) StdoutLine: {'line': b'-- Up-to-date symlink: /home/dolphiinn/ros2_ws/install/px4_msgs/include/px4_msgs/px4_msgs/msg/detail/sensor_selection__rosidl_typesupport_introspection_c.h\n'}
[4.038034] (px4_msgs) StdoutLine: {'line': b'-- Up-to-date symlink: /home/dolphiinn/ros2_ws/install/px4_msgs/include/px4_msgs/px4_msgs/msg/detail/sensor_uwb__rosidl_typesupport_introspection_c.h\n'}
[4.039256] (px4_msgs) StdoutLine: {'line': b'-- Up-to-date symlink: /home/dolphiinn/ros2_ws/install/px4_msgs/include/px4_msgs/px4_msgs/msg/detail/sensors_status__rosidl_typesupport_introspection_c.h\n'}
[4.039595] (px4_msgs) StdoutLine: {'line': b'-- Up-to-date symlink: /home/dolphiinn/ros2_ws/install/px4_msgs/include/px4_msgs/px4_msgs/msg/detail/sensors_status_imu__rosidl_typesupport_introspection_c.h\n'}
[4.039988] (px4_msgs) StdoutLine: {'line': b'-- Up-to-date symlink: /home/dolphiinn/ros2_ws/install/px4_msgs/include/px4_msgs/px4_msgs/msg/detail/system_power__rosidl_typesupport_introspection_c.h\n'}
[4.040248] (px4_msgs) StdoutLine: {'line': b'-- Up-to-date symlink: /home/dolphiinn/ros2_ws/install/px4_msgs/include/px4_msgs/px4_msgs/msg/detail/takeoff_status__rosidl_typesupport_introspection_c.h\n'}
[4.040466] (px4_msgs) StdoutLine: {'line': b'-- Up-to-date symlink: /home/dolphiinn/ros2_ws/install/px4_msgs/include/px4_msgs/px4_msgs/msg/detail/task_stack_info__rosidl_typesupport_introspection_c.h\n'}
[4.040796] (px4_msgs) StdoutLine: {'line': b'-- Up-to-date symlink: /home/dolphiinn/ros2_ws/install/px4_msgs/include/px4_msgs/px4_msgs/msg/detail/tecs_status__rosidl_typesupport_introspection_c.h\n'}
[4.041097] (px4_msgs) StdoutLine: {'line': b'-- Up-to-date symlink: /home/dolphiinn/ros2_ws/install/px4_msgs/include/px4_msgs/px4_msgs/msg/detail/telemetry_status__rosidl_typesupport_introspection_c.h\n'}
[4.041384] (px4_msgs) StdoutLine: {'line': b'-- Up-to-date symlink: /home/dolphiinn/ros2_ws/install/px4_msgs/include/px4_msgs/px4_msgs/msg/detail/tiltrotor_extra_controls__rosidl_typesupport_introspection_c.h\n'}
[4.041930] (px4_msgs) StdoutLine: {'line': b'-- Up-to-date symlink: /home/dolphiinn/ros2_ws/install/px4_msgs/include/px4_msgs/px4_msgs/msg/detail/timesync_status__rosidl_typesupport_introspection_c.h\n'}
[4.042770] (px4_msgs) StdoutLine: {'line': b'-- Up-to-date symlink: /home/dolphiinn/ros2_ws/install/px4_msgs/include/px4_msgs/px4_msgs/msg/detail/trajectory_setpoint6dof__rosidl_typesupport_introspection_c.h\n'}
[4.043182] (px4_msgs) StdoutLine: {'line': b'-- Up-to-date symlink: /home/dolphiinn/ros2_ws/install/px4_msgs/include/px4_msgs/px4_msgs/msg/detail/trajectory_setpoint__rosidl_typesupport_introspection_c.h\n'}
[4.043645] (px4_msgs) StdoutLine: {'line': b'-- Up-to-date symlink: /home/dolphiinn/ros2_ws/install/px4_msgs/include/px4_msgs/px4_msgs/msg/detail/transponder_report__rosidl_typesupport_introspection_c.h\n'}
[4.043923] (px4_msgs) StdoutLine: {'line': b'-- Up-to-date symlink: /home/dolphiinn/ros2_ws/install/px4_msgs/include/px4_msgs/px4_msgs/msg/detail/tune_control__rosidl_typesupport_introspection_c.h\n'}
[4.044458] (px4_msgs) StdoutLine: {'line': b'-- Up-to-date symlink: /home/dolphiinn/ros2_ws/install/px4_msgs/include/px4_msgs/px4_msgs/msg/detail/uavcan_parameter_request__rosidl_typesupport_introspection_c.h\n'}
[4.044770] (px4_msgs) StdoutLine: {'line': b'-- Up-to-date symlink: /home/dolphiinn/ros2_ws/install/px4_msgs/include/px4_msgs/px4_msgs/msg/detail/uavcan_parameter_value__rosidl_typesupport_introspection_c.h\n'}
[4.045684] (px4_msgs) StdoutLine: {'line': b'-- Up-to-date symlink: /home/dolphiinn/ros2_ws/install/px4_msgs/include/px4_msgs/px4_msgs/msg/detail/ulog_stream__rosidl_typesupport_introspection_c.h\n'}
[4.045962] (px4_msgs) StdoutLine: {'line': b'-- Up-to-date symlink: /home/dolphiinn/ros2_ws/install/px4_msgs/include/px4_msgs/px4_msgs/msg/detail/ulog_stream_ack__rosidl_typesupport_introspection_c.h\n'}
[4.046341] (px4_msgs) StdoutLine: {'line': b'-- Up-to-date symlink: /home/dolphiinn/ros2_ws/install/px4_msgs/include/px4_msgs/px4_msgs/msg/detail/unregister_ext_component__rosidl_typesupport_introspection_c.h\n'}
[4.046613] (px4_msgs) StdoutLine: {'line': b'-- Up-to-date symlink: /home/dolphiinn/ros2_ws/install/px4_msgs/include/px4_msgs/px4_msgs/msg/detail/vehicle_acceleration__rosidl_typesupport_introspection_c.h\n'}
[4.046937] (px4_msgs) StdoutLine: {'line': b'-- Up-to-date symlink: /home/dolphiinn/ros2_ws/install/px4_msgs/include/px4_msgs/px4_msgs/msg/detail/vehicle_air_data__rosidl_typesupport_introspection_c.h\n'}
[4.048136] (px4_msgs) StdoutLine: {'line': b'-- Up-to-date symlink: /home/dolphiinn/ros2_ws/install/px4_msgs/include/px4_msgs/px4_msgs/msg/detail/vehicle_angular_acceleration_setpoint__rosidl_typesupport_introspection_c.h\n'}
[4.048486] (px4_msgs) StdoutLine: {'line': b'-- Up-to-date symlink: /home/dolphiinn/ros2_ws/install/px4_msgs/include/px4_msgs/px4_msgs/msg/detail/vehicle_angular_velocity__rosidl_typesupport_introspection_c.h\n'}
[4.048661] (px4_msgs) StdoutLine: {'line': b'-- Up-to-date symlink: /home/dolphiinn/ros2_ws/install/px4_msgs/include/px4_msgs/px4_msgs/msg/detail/vehicle_attitude__rosidl_typesupport_introspection_c.h\n'}
[4.048924] (px4_msgs) StdoutLine: {'line': b'-- Up-to-date symlink: /home/dolphiinn/ros2_ws/install/px4_msgs/include/px4_msgs/px4_msgs/msg/detail/vehicle_attitude_setpoint__rosidl_typesupport_introspection_c.h\n'}
[4.049290] (px4_msgs) StdoutLine: {'line': b'-- Up-to-date symlink: /home/dolphiinn/ros2_ws/install/px4_msgs/include/px4_msgs/px4_msgs/msg/detail/vehicle_command__rosidl_typesupport_introspection_c.h\n'}
[4.049648] (px4_msgs) StdoutLine: {'line': b'-- Up-to-date symlink: /home/dolphiinn/ros2_ws/install/px4_msgs/include/px4_msgs/px4_msgs/msg/detail/vehicle_command_ack__rosidl_typesupport_introspection_c.h\n'}
[4.049994] (px4_msgs) StdoutLine: {'line': b'-- Up-to-date symlink: /home/dolphiinn/ros2_ws/install/px4_msgs/include/px4_msgs/px4_msgs/msg/detail/vehicle_constraints__rosidl_typesupport_introspection_c.h\n'}
[4.050873] (px4_msgs) StdoutLine: {'line': b'-- Up-to-date symlink: /home/dolphiinn/ros2_ws/install/px4_msgs/include/px4_msgs/px4_msgs/msg/detail/vehicle_control_mode__rosidl_typesupport_introspection_c.h\n'}
[4.051398] (px4_msgs) StdoutLine: {'line': b'-- Up-to-date symlink: /home/dolphiinn/ros2_ws/install/px4_msgs/include/px4_msgs/px4_msgs/msg/detail/vehicle_global_position__rosidl_typesupport_introspection_c.h\n'}
[4.051828] (px4_msgs) StdoutLine: {'line': b'-- Up-to-date symlink: /home/dolphiinn/ros2_ws/install/px4_msgs/include/px4_msgs/px4_msgs/msg/detail/vehicle_imu__rosidl_typesupport_introspection_c.h\n'}
[4.052118] (px4_msgs) StdoutLine: {'line': b'-- Up-to-date symlink: /home/dolphiinn/ros2_ws/install/px4_msgs/include/px4_msgs/px4_msgs/msg/detail/vehicle_imu_status__rosidl_typesupport_introspection_c.h\n'}
[4.052450] (px4_msgs) StdoutLine: {'line': b'-- Up-to-date symlink: /home/dolphiinn/ros2_ws/install/px4_msgs/include/px4_msgs/px4_msgs/msg/detail/vehicle_land_detected__rosidl_typesupport_introspection_c.h\n'}
[4.052886] (px4_msgs) StdoutLine: {'line': b'-- Up-to-date symlink: /home/dolphiinn/ros2_ws/install/px4_msgs/include/px4_msgs/px4_msgs/msg/detail/vehicle_local_position__rosidl_typesupport_introspection_c.h\n'}
[4.053406] (px4_msgs) StdoutLine: {'line': b'-- Up-to-date symlink: /home/dolphiinn/ros2_ws/install/px4_msgs/include/px4_msgs/px4_msgs/msg/detail/vehicle_local_position_setpoint__rosidl_typesupport_introspection_c.h\n'}
[4.054070] (px4_msgs) StdoutLine: {'line': b'-- Up-to-date symlink: /home/dolphiinn/ros2_ws/install/px4_msgs/include/px4_msgs/px4_msgs/msg/detail/vehicle_magnetometer__rosidl_typesupport_introspection_c.h\n'}
[4.054418] (px4_msgs) StdoutLine: {'line': b'-- Up-to-date symlink: /home/dolphiinn/ros2_ws/install/px4_msgs/include/px4_msgs/px4_msgs/msg/detail/vehicle_odometry__rosidl_typesupport_introspection_c.h\n'}
[4.054749] (px4_msgs) StdoutLine: {'line': b'-- Up-to-date symlink: /home/dolphiinn/ros2_ws/install/px4_msgs/include/px4_msgs/px4_msgs/msg/detail/vehicle_optical_flow__rosidl_typesupport_introspection_c.h\n'}
[4.055060] (px4_msgs) StdoutLine: {'line': b'-- Up-to-date symlink: /home/dolphiinn/ros2_ws/install/px4_msgs/include/px4_msgs/px4_msgs/msg/detail/vehicle_optical_flow_vel__rosidl_typesupport_introspection_c.h\n'}
[4.055428] (px4_msgs) StdoutLine: {'line': b'-- Up-to-date symlink: /home/dolphiinn/ros2_ws/install/px4_msgs/include/px4_msgs/px4_msgs/msg/detail/vehicle_rates_setpoint__rosidl_typesupport_introspection_c.h\n'}
[4.055812] (px4_msgs) StdoutLine: {'line': b'-- Up-to-date symlink: /home/dolphiinn/ros2_ws/install/px4_msgs/include/px4_msgs/px4_msgs/msg/detail/vehicle_roi__rosidl_typesupport_introspection_c.h\n'}
[4.056145] (px4_msgs) StdoutLine: {'line': b'-- Up-to-date symlink: /home/dolphiinn/ros2_ws/install/px4_msgs/include/px4_msgs/px4_msgs/msg/detail/vehicle_status__rosidl_typesupport_introspection_c.h\n'}
[4.056554] (px4_msgs) StdoutLine: {'line': b'-- Up-to-date symlink: /home/dolphiinn/ros2_ws/install/px4_msgs/include/px4_msgs/px4_msgs/msg/detail/vehicle_thrust_setpoint__rosidl_typesupport_introspection_c.h\n'}
[4.057075] (px4_msgs) StdoutLine: {'line': b'-- Up-to-date symlink: /home/dolphiinn/ros2_ws/install/px4_msgs/include/px4_msgs/px4_msgs/msg/detail/vehicle_torque_setpoint__rosidl_typesupport_introspection_c.h\n'}
[4.057699] (px4_msgs) StdoutLine: {'line': b'-- Up-to-date symlink: /home/dolphiinn/ros2_ws/install/px4_msgs/include/px4_msgs/px4_msgs/msg/detail/velocity_limits__rosidl_typesupport_introspection_c.h\n'}
[4.058208] (px4_msgs) StdoutLine: {'line': b'-- Up-to-date symlink: /home/dolphiinn/ros2_ws/install/px4_msgs/include/px4_msgs/px4_msgs/msg/detail/vtol_vehicle_status__rosidl_typesupport_introspection_c.h\n'}
[4.058585] (px4_msgs) StdoutLine: {'line': b'-- Up-to-date symlink: /home/dolphiinn/ros2_ws/install/px4_msgs/include/px4_msgs/px4_msgs/msg/detail/wheel_encoders__rosidl_typesupport_introspection_c.h\n'}
[4.059833] (px4_msgs) StdoutLine: {'line': b'-- Up-to-date symlink: /home/dolphiinn/ros2_ws/install/px4_msgs/include/px4_msgs/px4_msgs/msg/detail/wind__rosidl_typesupport_introspection_c.h\n'}
[4.060097] (px4_msgs) StdoutLine: {'line': b'-- Up-to-date symlink: /home/dolphiinn/ros2_ws/install/px4_msgs/include/px4_msgs/px4_msgs/msg/detail/yaw_estimator_status__rosidl_typesupport_introspection_c.h\n'}
[4.060191] (px4_msgs) StdoutLine: {'line': b'-- Up-to-date symlink: /home/dolphiinn/ros2_ws/install/px4_msgs/include/px4_msgs/px4_msgs/msg/rosidl_typesupport_introspection_c__visibility_control.h\n'}
[4.060462] (px4_msgs) StdoutLine: {'line': b'-- Up-to-date symlink: /home/dolphiinn/ros2_ws/install/px4_msgs/include/px4_msgs/px4_msgs/srv/detail/vehicle_command__rosidl_typesupport_introspection_c.h\n'}
[4.067699] (px4_msgs) StdoutLine: {'line': b'-- Up-to-date symlink: /home/dolphiinn/ros2_ws/install/px4_msgs/include/px4_msgs/px4_msgs/msg/detail/action_request__rosidl_typesupport_introspection_cpp.hpp\n'}
[4.068211] (px4_msgs) StdoutLine: {'line': b'-- Up-to-date symlink: /home/dolphiinn/ros2_ws/install/px4_msgs/include/px4_msgs/px4_msgs/msg/detail/actuator_armed__rosidl_typesupport_introspection_cpp.hpp\n'}
[4.068525] (px4_msgs) StdoutLine: {'line': b'-- Up-to-date symlink: /home/dolphiinn/ros2_ws/install/px4_msgs/include/px4_msgs/px4_msgs/msg/detail/actuator_controls_status__rosidl_typesupport_introspection_cpp.hpp\n'}
[4.068756] (px4_msgs) StdoutLine: {'line': b'-- Up-to-date symlink: /home/dolphiinn/ros2_ws/install/px4_msgs/include/px4_msgs/px4_msgs/msg/detail/actuator_motors__rosidl_typesupport_introspection_cpp.hpp\n'}
[4.069220] (px4_msgs) StdoutLine: {'line': b'-- Up-to-date symlink: /home/dolphiinn/ros2_ws/install/px4_msgs/include/px4_msgs/px4_msgs/msg/detail/actuator_outputs__rosidl_typesupport_introspection_cpp.hpp\n'}
[4.069619] (px4_msgs) StdoutLine: {'line': b'-- Up-to-date symlink: /home/dolphiinn/ros2_ws/install/px4_msgs/include/px4_msgs/px4_msgs/msg/detail/actuator_servos__rosidl_typesupport_introspection_cpp.hpp\n'}
[4.070188] (px4_msgs) StdoutLine: {'line': b'-- Up-to-date symlink: /home/dolphiinn/ros2_ws/install/px4_msgs/include/px4_msgs/px4_msgs/msg/detail/actuator_servos_trim__rosidl_typesupport_introspection_cpp.hpp\n'}
[4.070699] (px4_msgs) StdoutLine: {'line': b'-- Up-to-date symlink: /home/dolphiinn/ros2_ws/install/px4_msgs/include/px4_msgs/px4_msgs/msg/detail/actuator_test__rosidl_typesupport_introspection_cpp.hpp\n'}
[4.071058] (px4_msgs) StdoutLine: {'line': b'-- Up-to-date symlink: /home/dolphiinn/ros2_ws/install/px4_msgs/include/px4_msgs/px4_msgs/msg/detail/adc_report__rosidl_typesupport_introspection_cpp.hpp\n'}
[4.071368] (px4_msgs) StdoutLine: {'line': b'-- Up-to-date symlink: /home/dolphiinn/ros2_ws/install/px4_msgs/include/px4_msgs/px4_msgs/msg/detail/airspeed__rosidl_typesupport_introspection_cpp.hpp\n'}
[4.071648] (px4_msgs) StdoutLine: {'line': b'-- Up-to-date symlink: /home/dolphiinn/ros2_ws/install/px4_msgs/include/px4_msgs/px4_msgs/msg/detail/airspeed_validated__rosidl_typesupport_introspection_cpp.hpp\n'}
[4.071937] (px4_msgs) StdoutLine: {'line': b'-- Up-to-date symlink: /home/dolphiinn/ros2_ws/install/px4_msgs/include/px4_msgs/px4_msgs/msg/detail/airspeed_wind__rosidl_typesupport_introspection_cpp.hpp\n'}
[4.072291] (px4_msgs) StdoutLine: {'line': b'-- Up-to-date symlink: /home/dolphiinn/ros2_ws/install/px4_msgs/include/px4_msgs/px4_msgs/msg/detail/arming_check_reply__rosidl_typesupport_introspection_cpp.hpp\n'}
[4.072648] (px4_msgs) StdoutLine: {'line': b'-- Up-to-date symlink: /home/dolphiinn/ros2_ws/install/px4_msgs/include/px4_msgs/px4_msgs/msg/detail/arming_check_request__rosidl_typesupport_introspection_cpp.hpp\n'}
[4.073040] (px4_msgs) StdoutLine: {'line': b'-- Up-to-date symlink: /home/dolphiinn/ros2_ws/install/px4_msgs/include/px4_msgs/px4_msgs/msg/detail/autotune_attitude_control_status__rosidl_typesupport_introspection_cpp.hpp\n'}
[4.073342] (px4_msgs) StdoutLine: {'line': b'-- Up-to-date symlink: /home/dolphiinn/ros2_ws/install/px4_msgs/include/px4_msgs/px4_msgs/msg/detail/battery_info__rosidl_typesupport_introspection_cpp.hpp\n'}
[4.073874] (px4_msgs) StdoutLine: {'line': b'-- Up-to-date symlink: /home/dolphiinn/ros2_ws/install/px4_msgs/include/px4_msgs/px4_msgs/msg/detail/battery_status__rosidl_typesupport_introspection_cpp.hpp\n'}
[4.074250] (px4_msgs) StdoutLine: {'line': b'-- Up-to-date symlink: /home/dolphiinn/ros2_ws/install/px4_msgs/include/px4_msgs/px4_msgs/msg/detail/button_event__rosidl_typesupport_introspection_cpp.hpp\n'}
[4.074691] (px4_msgs) StdoutLine: {'line': b'-- Up-to-date symlink: /home/dolphiinn/ros2_ws/install/px4_msgs/include/px4_msgs/px4_msgs/msg/detail/camera_capture__rosidl_typesupport_introspection_cpp.hpp\n'}
[4.075016] (px4_msgs) StdoutLine: {'line': b'-- Up-to-date symlink: /home/dolphiinn/ros2_ws/install/px4_msgs/include/px4_msgs/px4_msgs/msg/detail/camera_status__rosidl_typesupport_introspection_cpp.hpp\n'}
[4.075419] (px4_msgs) StdoutLine: {'line': b'-- Up-to-date symlink: /home/dolphiinn/ros2_ws/install/px4_msgs/include/px4_msgs/px4_msgs/msg/detail/camera_trigger__rosidl_typesupport_introspection_cpp.hpp\n'}
[4.075658] (px4_msgs) StdoutLine: {'line': b'-- Up-to-date symlink: /home/dolphiinn/ros2_ws/install/px4_msgs/include/px4_msgs/px4_msgs/msg/detail/can_interface_status__rosidl_typesupport_introspection_cpp.hpp\n'}
[4.075844] (px4_msgs) StdoutLine: {'line': b'-- Up-to-date symlink: /home/dolphiinn/ros2_ws/install/px4_msgs/include/px4_msgs/px4_msgs/msg/detail/cellular_status__rosidl_typesupport_introspection_cpp.hpp\n'}
[4.076072] (px4_msgs) StdoutLine: {'line': b'-- Up-to-date symlink: /home/dolphiinn/ros2_ws/install/px4_msgs/include/px4_msgs/px4_msgs/msg/detail/collision_constraints__rosidl_typesupport_introspection_cpp.hpp\n'}
[4.076304] (px4_msgs) StdoutLine: {'line': b'-- Up-to-date symlink: /home/dolphiinn/ros2_ws/install/px4_msgs/include/px4_msgs/px4_msgs/msg/detail/config_overrides__rosidl_typesupport_introspection_cpp.hpp\n'}
[4.076559] (px4_msgs) StdoutLine: {'line': b'-- Up-to-date symlink: /home/dolphiinn/ros2_ws/install/px4_msgs/include/px4_msgs/px4_msgs/msg/detail/control_allocator_status__rosidl_typesupport_introspection_cpp.hpp\n'}
[4.076855] (px4_msgs) StdoutLine: {'line': b'-- Up-to-date symlink: /home/dolphiinn/ros2_ws/install/px4_msgs/include/px4_msgs/px4_msgs/msg/detail/cpuload__rosidl_typesupport_introspection_cpp.hpp\n'}
[4.077184] (px4_msgs) StdoutLine: {'line': b'-- Up-to-date symlink: /home/dolphiinn/ros2_ws/install/px4_msgs/include/px4_msgs/px4_msgs/msg/detail/dataman_request__rosidl_typesupport_introspection_cpp.hpp\n'}
[4.077507] (px4_msgs) StdoutLine: {'line': b'-- Up-to-date symlink: /home/dolphiinn/ros2_ws/install/px4_msgs/include/px4_msgs/px4_msgs/msg/detail/dataman_response__rosidl_typesupport_introspection_cpp.hpp\n'}
[4.078069] (px4_msgs) StdoutLine: {'line': b'-- Up-to-date symlink: /home/dolphiinn/ros2_ws/install/px4_msgs/include/px4_msgs/px4_msgs/msg/detail/debug_array__rosidl_typesupport_introspection_cpp.hpp\n'}
[4.078506] (px4_msgs) StdoutLine: {'line': b'-- Up-to-date symlink: /home/dolphiinn/ros2_ws/install/px4_msgs/include/px4_msgs/px4_msgs/msg/detail/debug_key_value__rosidl_typesupport_introspection_cpp.hpp\n'}
[4.078903] (px4_msgs) StdoutLine: {'line': b'-- Up-to-date symlink: /home/dolphiinn/ros2_ws/install/px4_msgs/include/px4_msgs/px4_msgs/msg/detail/debug_value__rosidl_typesupport_introspection_cpp.hpp\n'}
[4.079183] (px4_msgs) StdoutLine: {'line': b'-- Up-to-date symlink: /home/dolphiinn/ros2_ws/install/px4_msgs/include/px4_msgs/px4_msgs/msg/detail/debug_vect__rosidl_typesupport_introspection_cpp.hpp\n'}
[4.079497] (px4_msgs) StdoutLine: {'line': b'-- Up-to-date symlink: /home/dolphiinn/ros2_ws/install/px4_msgs/include/px4_msgs/px4_msgs/msg/detail/differential_pressure__rosidl_typesupport_introspection_cpp.hpp\n'}
[4.079836] (px4_msgs) StdoutLine: {'line': b'-- Up-to-date symlink: /home/dolphiinn/ros2_ws/install/px4_msgs/include/px4_msgs/px4_msgs/msg/detail/distance_sensor__rosidl_typesupport_introspection_cpp.hpp\n'}
[4.080151] (px4_msgs) StdoutLine: {'line': b'-- Up-to-date symlink: /home/dolphiinn/ros2_ws/install/px4_msgs/include/px4_msgs/px4_msgs/msg/detail/distance_sensor_mode_change_request__rosidl_typesupport_introspection_cpp.hpp\n'}
[4.080390] (px4_msgs) StdoutLine: {'line': b'-- Up-to-date symlink: /home/dolphiinn/ros2_ws/install/px4_msgs/include/px4_msgs/px4_msgs/msg/detail/dronecan_node_status__rosidl_typesupport_introspection_cpp.hpp\n'}
[4.080986] (px4_msgs) StdoutLine: {'line': b'-- Up-to-date symlink: /home/dolphiinn/ros2_ws/install/px4_msgs/include/px4_msgs/px4_msgs/msg/detail/ekf2_timestamps__rosidl_typesupport_introspection_cpp.hpp\n'}
[4.081421] (px4_msgs) StdoutLine: {'line': b'-- Up-to-date symlink: /home/dolphiinn/ros2_ws/install/px4_msgs/include/px4_msgs/px4_msgs/msg/detail/esc_report__rosidl_typesupport_introspection_cpp.hpp\n'}
[4.082370] (px4_msgs) StdoutLine: {'line': b'-- Up-to-date symlink: /home/dolphiinn/ros2_ws/install/px4_msgs/include/px4_msgs/px4_msgs/msg/detail/esc_status__rosidl_typesupport_introspection_cpp.hpp\n'}
[4.082704] (px4_msgs) StdoutLine: {'line': b'-- Up-to-date symlink: /home/dolphiinn/ros2_ws/install/px4_msgs/include/px4_msgs/px4_msgs/msg/detail/estimator_aid_source1d__rosidl_typesupport_introspection_cpp.hpp\n'}
[4.082873] (px4_msgs) StdoutLine: {'line': b'-- Up-to-date symlink: /home/dolphiinn/ros2_ws/install/px4_msgs/include/px4_msgs/px4_msgs/msg/detail/estimator_aid_source2d__rosidl_typesupport_introspection_cpp.hpp\n'}
[4.083079] (px4_msgs) StdoutLine: {'line': b'-- Up-to-date symlink: /home/dolphiinn/ros2_ws/install/px4_msgs/include/px4_msgs/px4_msgs/msg/detail/estimator_aid_source3d__rosidl_typesupport_introspection_cpp.hpp\n'}
[4.083398] (px4_msgs) StdoutLine: {'line': b'-- Up-to-date symlink: /home/dolphiinn/ros2_ws/install/px4_msgs/include/px4_msgs/px4_msgs/msg/detail/estimator_bias3d__rosidl_typesupport_introspection_cpp.hpp\n'}
[4.083829] (px4_msgs) StdoutLine: {'line': b'-- Up-to-date symlink: /home/dolphiinn/ros2_ws/install/px4_msgs/include/px4_msgs/px4_msgs/msg/detail/estimator_bias__rosidl_typesupport_introspection_cpp.hpp\n'}
[4.084370] (px4_msgs) StdoutLine: {'line': b'-- Up-to-date symlink: /home/dolphiinn/ros2_ws/install/px4_msgs/include/px4_msgs/px4_msgs/msg/detail/estimator_event_flags__rosidl_typesupport_introspection_cpp.hpp\n'}
[4.086016] (px4_msgs) StdoutLine: {'line': b'-- Up-to-date symlink: /home/dolphiinn/ros2_ws/install/px4_msgs/include/px4_msgs/px4_msgs/msg/detail/estimator_gps_status__rosidl_typesupport_introspection_cpp.hpp\n'}
[4.086251] (px4_msgs) StdoutLine: {'line': b'-- Up-to-date symlink: /home/dolphiinn/ros2_ws/install/px4_msgs/include/px4_msgs/px4_msgs/msg/detail/estimator_innovations__rosidl_typesupport_introspection_cpp.hpp\n'}
[4.086418] (px4_msgs) StdoutLine: {'line': b'-- Up-to-date symlink: /home/dolphiinn/ros2_ws/install/px4_msgs/include/px4_msgs/px4_msgs/msg/detail/estimator_selector_status__rosidl_typesupport_introspection_cpp.hpp\n'}
[4.086736] (px4_msgs) StdoutLine: {'line': b'-- Up-to-date symlink: /home/dolphiinn/ros2_ws/install/px4_msgs/include/px4_msgs/px4_msgs/msg/detail/estimator_sensor_bias__rosidl_typesupport_introspection_cpp.hpp\n'}
[4.086917] (px4_msgs) StdoutLine: {'line': b'-- Up-to-date symlink: /home/dolphiinn/ros2_ws/install/px4_msgs/include/px4_msgs/px4_msgs/msg/detail/estimator_states__rosidl_typesupport_introspection_cpp.hpp\n'}
[4.087133] (px4_msgs) StdoutLine: {'line': b'-- Up-to-date symlink: /home/dolphiinn/ros2_ws/install/px4_msgs/include/px4_msgs/px4_msgs/msg/detail/estimator_status__rosidl_typesupport_introspection_cpp.hpp\n'}
[4.087593] (px4_msgs) StdoutLine: {'line': b'-- Up-to-date symlink: /home/dolphiinn/ros2_ws/install/px4_msgs/include/px4_msgs/px4_msgs/msg/detail/estimator_status_flags__rosidl_typesupport_introspection_cpp.hpp\n'}
[4.088172] (px4_msgs) StdoutLine: {'line': b'-- Up-to-date symlink: /home/dolphiinn/ros2_ws/install/px4_msgs/include/px4_msgs/px4_msgs/msg/detail/event__rosidl_typesupport_introspection_cpp.hpp\n'}
[4.088616] (px4_msgs) StdoutLine: {'line': b'-- Up-to-date symlink: /home/dolphiinn/ros2_ws/install/px4_msgs/include/px4_msgs/px4_msgs/msg/detail/failsafe_flags__rosidl_typesupport_introspection_cpp.hpp\n'}
[4.088902] (px4_msgs) StdoutLine: {'line': b'-- Up-to-date symlink: /home/dolphiinn/ros2_ws/install/px4_msgs/include/px4_msgs/px4_msgs/msg/detail/failure_detector_status__rosidl_typesupport_introspection_cpp.hpp\n'}
[4.089323] (px4_msgs) StdoutLine: {'line': b'-- Up-to-date symlink: /home/dolphiinn/ros2_ws/install/px4_msgs/include/px4_msgs/px4_msgs/msg/detail/figure_eight_status__rosidl_typesupport_introspection_cpp.hpp\n'}
[4.089793] (px4_msgs) StdoutLine: {'line': b'-- Up-to-date symlink: /home/dolphiinn/ros2_ws/install/px4_msgs/include/px4_msgs/px4_msgs/msg/detail/fixed_wing_lateral_guidance_status__rosidl_typesupport_introspection_cpp.hpp\n'}
[4.090169] (px4_msgs) StdoutLine: {'line': b'-- Up-to-date symlink: /home/dolphiinn/ros2_ws/install/px4_msgs/include/px4_msgs/px4_msgs/msg/detail/fixed_wing_lateral_setpoint__rosidl_typesupport_introspection_cpp.hpp\n'}
[4.091188] (px4_msgs) StdoutLine: {'line': b'-- Up-to-date symlink: /home/dolphiinn/ros2_ws/install/px4_msgs/include/px4_msgs/px4_msgs/msg/detail/fixed_wing_lateral_status__rosidl_typesupport_introspection_cpp.hpp\n'}
[4.091755] (px4_msgs) StdoutLine: {'line': b'-- Up-to-date symlink: /home/dolphiinn/ros2_ws/install/px4_msgs/include/px4_msgs/px4_msgs/msg/detail/fixed_wing_longitudinal_setpoint__rosidl_typesupport_introspection_cpp.hpp\n'}
[4.092008] (px4_msgs) StdoutLine: {'line': b'-- Up-to-date symlink: /home/dolphiinn/ros2_ws/install/px4_msgs/include/px4_msgs/px4_msgs/msg/detail/fixed_wing_runway_control__rosidl_typesupport_introspection_cpp.hpp\n'}
[4.092327] (px4_msgs) StdoutLine: {'line': b'-- Up-to-date symlink: /home/dolphiinn/ros2_ws/install/px4_msgs/include/px4_msgs/px4_msgs/msg/detail/flight_phase_estimation__rosidl_typesupport_introspection_cpp.hpp\n'}
[4.092631] (px4_msgs) StdoutLine: {'line': b'-- Up-to-date symlink: /home/dolphiinn/ros2_ws/install/px4_msgs/include/px4_msgs/px4_msgs/msg/detail/follow_target__rosidl_typesupport_introspection_cpp.hpp\n'}
[4.093202] (px4_msgs) StdoutLine: {'line': b'-- Up-to-date symlink: /home/dolphiinn/ros2_ws/install/px4_msgs/include/px4_msgs/px4_msgs/msg/detail/follow_target_estimator__rosidl_typesupport_introspection_cpp.hpp\n'}
[4.094006] (px4_msgs) StdoutLine: {'line': b'-- Up-to-date symlink: /home/dolphiinn/ros2_ws/install/px4_msgs/include/px4_msgs/px4_msgs/msg/detail/follow_target_status__rosidl_typesupport_introspection_cpp.hpp\n'}
[4.094673] (px4_msgs) StdoutLine: {'line': b'-- Up-to-date symlink: /home/dolphiinn/ros2_ws/install/px4_msgs/include/px4_msgs/px4_msgs/msg/detail/fuel_tank_status__rosidl_typesupport_introspection_cpp.hpp\n'}
[4.095000] (px4_msgs) StdoutLine: {'line': b'-- Up-to-date symlink: /home/dolphiinn/ros2_ws/install/px4_msgs/include/px4_msgs/px4_msgs/msg/detail/generator_status__rosidl_typesupport_introspection_cpp.hpp\n'}
[4.095550] (px4_msgs) StdoutLine: {'line': b'-- Up-to-date symlink: /home/dolphiinn/ros2_ws/install/px4_msgs/include/px4_msgs/px4_msgs/msg/detail/geofence_result__rosidl_typesupport_introspection_cpp.hpp\n'}
[4.095947] (px4_msgs) StdoutLine: {'line': b'-- Up-to-date symlink: /home/dolphiinn/ros2_ws/install/px4_msgs/include/px4_msgs/px4_msgs/msg/detail/geofence_status__rosidl_typesupport_introspection_cpp.hpp\n'}
[4.096364] (px4_msgs) StdoutLine: {'line': b'-- Up-to-date symlink: /home/dolphiinn/ros2_ws/install/px4_msgs/include/px4_msgs/px4_msgs/msg/detail/gimbal_controls__rosidl_typesupport_introspection_cpp.hpp\n'}
[4.097662] (px4_msgs) StdoutLine: {'line': b'-- Up-to-date symlink: /home/dolphiinn/ros2_ws/install/px4_msgs/include/px4_msgs/px4_msgs/msg/detail/gimbal_device_attitude_status__rosidl_typesupport_introspection_cpp.hpp\n'}
[4.098337] (px4_msgs) StdoutLine: {'line': b'-- Up-to-date symlink: /home/dolphiinn/ros2_ws/install/px4_msgs/include/px4_msgs/px4_msgs/msg/detail/gimbal_device_information__rosidl_typesupport_introspection_cpp.hpp\n'}
[4.099402] (px4_msgs) StdoutLine: {'line': b'-- Up-to-date symlink: /home/dolphiinn/ros2_ws/install/px4_msgs/include/px4_msgs/px4_msgs/msg/detail/gimbal_device_set_attitude__rosidl_typesupport_introspection_cpp.hpp\n'}
[4.099771] (px4_msgs) StdoutLine: {'line': b'-- Up-to-date symlink: /home/dolphiinn/ros2_ws/install/px4_msgs/include/px4_msgs/px4_msgs/msg/detail/gimbal_manager_information__rosidl_typesupport_introspection_cpp.hpp\n'}
[4.100025] (px4_msgs) StdoutLine: {'line': b'-- Up-to-date symlink: /home/dolphiinn/ros2_ws/install/px4_msgs/include/px4_msgs/px4_msgs/msg/detail/gimbal_manager_set_attitude__rosidl_typesupport_introspection_cpp.hpp\n'}
[4.100399] (px4_msgs) StdoutLine: {'line': b'-- Up-to-date symlink: /home/dolphiinn/ros2_ws/install/px4_msgs/include/px4_msgs/px4_msgs/msg/detail/gimbal_manager_set_manual_control__rosidl_typesupport_introspection_cpp.hpp\n'}
[4.100864] (px4_msgs) StdoutLine: {'line': b'-- Up-to-date symlink: /home/dolphiinn/ros2_ws/install/px4_msgs/include/px4_msgs/px4_msgs/msg/detail/gimbal_manager_status__rosidl_typesupport_introspection_cpp.hpp\n'}
[4.101236] (px4_msgs) StdoutLine: {'line': b'-- Up-to-date symlink: /home/dolphiinn/ros2_ws/install/px4_msgs/include/px4_msgs/px4_msgs/msg/detail/goto_setpoint__rosidl_typesupport_introspection_cpp.hpp\n'}
[4.101629] (px4_msgs) StdoutLine: {'line': b'-- Up-to-date symlink: /home/dolphiinn/ros2_ws/install/px4_msgs/include/px4_msgs/px4_msgs/msg/detail/gpio_config__rosidl_typesupport_introspection_cpp.hpp\n'}
[4.102066] (px4_msgs) StdoutLine: {'line': b'-- Up-to-date symlink: /home/dolphiinn/ros2_ws/install/px4_msgs/include/px4_msgs/px4_msgs/msg/detail/gpio_in__rosidl_typesupport_introspection_cpp.hpp\n'}
[4.102354] (px4_msgs) StdoutLine: {'line': b'-- Up-to-date symlink: /home/dolphiinn/ros2_ws/install/px4_msgs/include/px4_msgs/px4_msgs/msg/detail/gpio_out__rosidl_typesupport_introspection_cpp.hpp\n'}
[4.103497] (px4_msgs) StdoutLine: {'line': b'-- Up-to-date symlink: /home/dolphiinn/ros2_ws/install/px4_msgs/include/px4_msgs/px4_msgs/msg/detail/gpio_request__rosidl_typesupport_introspection_cpp.hpp\n'}
[4.103882] (px4_msgs) StdoutLine: {'line': b'-- Up-to-date symlink: /home/dolphiinn/ros2_ws/install/px4_msgs/include/px4_msgs/px4_msgs/msg/detail/gps_dump__rosidl_typesupport_introspection_cpp.hpp\n'}
[4.104296] (px4_msgs) StdoutLine: {'line': b'-- Up-to-date symlink: /home/dolphiinn/ros2_ws/install/px4_msgs/include/px4_msgs/px4_msgs/msg/detail/gps_inject_data__rosidl_typesupport_introspection_cpp.hpp\n'}
[4.104740] (px4_msgs) StdoutLine: {'line': b'-- Up-to-date symlink: /home/dolphiinn/ros2_ws/install/px4_msgs/include/px4_msgs/px4_msgs/msg/detail/gripper__rosidl_typesupport_introspection_cpp.hpp\n'}
[4.105157] (px4_msgs) StdoutLine: {'line': b'-- Up-to-date symlink: /home/dolphiinn/ros2_ws/install/px4_msgs/include/px4_msgs/px4_msgs/msg/detail/health_report__rosidl_typesupport_introspection_cpp.hpp\n'}
[4.105512] (px4_msgs) StdoutLine: {'line': b'-- Up-to-date symlink: /home/dolphiinn/ros2_ws/install/px4_msgs/include/px4_msgs/px4_msgs/msg/detail/heater_status__rosidl_typesupport_introspection_cpp.hpp\n'}
[4.105947] (px4_msgs) StdoutLine: {'line': b'-- Up-to-date symlink: /home/dolphiinn/ros2_ws/install/px4_msgs/include/px4_msgs/px4_msgs/msg/detail/home_position__rosidl_typesupport_introspection_cpp.hpp\n'}
[4.106851] (px4_msgs) StdoutLine: {'line': b'-- Up-to-date symlink: /home/dolphiinn/ros2_ws/install/px4_msgs/include/px4_msgs/px4_msgs/msg/detail/hover_thrust_estimate__rosidl_typesupport_introspection_cpp.hpp\n'}
[4.107196] (px4_msgs) StdoutLine: {'line': b'-- Up-to-date symlink: /home/dolphiinn/ros2_ws/install/px4_msgs/include/px4_msgs/px4_msgs/msg/detail/input_rc__rosidl_typesupport_introspection_cpp.hpp\n'}
[4.107470] (px4_msgs) StdoutLine: {'line': b'-- Up-to-date symlink: /home/dolphiinn/ros2_ws/install/px4_msgs/include/px4_msgs/px4_msgs/msg/detail/internal_combustion_engine_control__rosidl_typesupport_introspection_cpp.hpp\n'}
[4.107890] (px4_msgs) StdoutLine: {'line': b'-- Up-to-date symlink: /home/dolphiinn/ros2_ws/install/px4_msgs/include/px4_msgs/px4_msgs/msg/detail/internal_combustion_engine_status__rosidl_typesupport_introspection_cpp.hpp\n'}
[4.108221] (px4_msgs) StdoutLine: {'line': b'-- Up-to-date symlink: /home/dolphiinn/ros2_ws/install/px4_msgs/include/px4_msgs/px4_msgs/msg/detail/iridiumsbd_status__rosidl_typesupport_introspection_cpp.hpp\n'}
[4.108594] (px4_msgs) StdoutLine: {'line': b'-- Up-to-date symlink: /home/dolphiinn/ros2_ws/install/px4_msgs/include/px4_msgs/px4_msgs/msg/detail/irlock_report__rosidl_typesupport_introspection_cpp.hpp\n'}
[4.108952] (px4_msgs) StdoutLine: {'line': b'-- Up-to-date symlink: /home/dolphiinn/ros2_ws/install/px4_msgs/include/px4_msgs/px4_msgs/msg/detail/landing_gear__rosidl_typesupport_introspection_cpp.hpp\n'}
[4.109283] (px4_msgs) StdoutLine: {'line': b'-- Up-to-date symlink: /home/dolphiinn/ros2_ws/install/px4_msgs/include/px4_msgs/px4_msgs/msg/detail/landing_gear_wheel__rosidl_typesupport_introspection_cpp.hpp\n'}
[4.109573] (px4_msgs) StdoutLine: {'line': b'-- Up-to-date symlink: /home/dolphiinn/ros2_ws/install/px4_msgs/include/px4_msgs/px4_msgs/msg/detail/landing_target_innovations__rosidl_typesupport_introspection_cpp.hpp\n'}
[4.110361] (px4_msgs) StdoutLine: {'line': b'-- Up-to-date symlink: /home/dolphiinn/ros2_ws/install/px4_msgs/include/px4_msgs/px4_msgs/msg/detail/landing_target_pose__rosidl_typesupport_introspection_cpp.hpp\n'}
[4.110645] (px4_msgs) StdoutLine: {'line': b'-- Up-to-date symlink: /home/dolphiinn/ros2_ws/install/px4_msgs/include/px4_msgs/px4_msgs/msg/detail/lateral_control_configuration__rosidl_typesupport_introspection_cpp.hpp\n'}
[4.110962] (px4_msgs) StdoutLine: {'line': b'-- Up-to-date symlink: /home/dolphiinn/ros2_ws/install/px4_msgs/include/px4_msgs/px4_msgs/msg/detail/launch_detection_status__rosidl_typesupport_introspection_cpp.hpp\n'}
[4.111304] (-) TimerEvent: {}
[4.111623] (px4_msgs) StdoutLine: {'line': b'-- Up-to-date symlink: /home/dolphiinn/ros2_ws/install/px4_msgs/include/px4_msgs/px4_msgs/msg/detail/led_control__rosidl_typesupport_introspection_cpp.hpp\n'}
[4.111839] (px4_msgs) StdoutLine: {'line': b'-- Up-to-date symlink: /home/dolphiinn/ros2_ws/install/px4_msgs/include/px4_msgs/px4_msgs/msg/detail/log_message__rosidl_typesupport_introspection_cpp.hpp\n'}
[4.112116] (px4_msgs) StdoutLine: {'line': b'-- Up-to-date symlink: /home/dolphiinn/ros2_ws/install/px4_msgs/include/px4_msgs/px4_msgs/msg/detail/logger_status__rosidl_typesupport_introspection_cpp.hpp\n'}
[4.112689] (px4_msgs) StdoutLine: {'line': b'-- Up-to-date symlink: /home/dolphiinn/ros2_ws/install/px4_msgs/include/px4_msgs/px4_msgs/msg/detail/longitudinal_control_configuration__rosidl_typesupport_introspection_cpp.hpp\n'}
[4.113117] (px4_msgs) StdoutLine: {'line': b'-- Up-to-date symlink: /home/dolphiinn/ros2_ws/install/px4_msgs/include/px4_msgs/px4_msgs/msg/detail/mag_worker_data__rosidl_typesupport_introspection_cpp.hpp\n'}
[4.113469] (px4_msgs) StdoutLine: {'line': b'-- Up-to-date symlink: /home/dolphiinn/ros2_ws/install/px4_msgs/include/px4_msgs/px4_msgs/msg/detail/magnetometer_bias_estimate__rosidl_typesupport_introspection_cpp.hpp\n'}
[4.114359] (px4_msgs) StdoutLine: {'line': b'-- Up-to-date symlink: /home/dolphiinn/ros2_ws/install/px4_msgs/include/px4_msgs/px4_msgs/msg/detail/manual_control_setpoint__rosidl_typesupport_introspection_cpp.hpp\n'}
[4.114714] (px4_msgs) StdoutLine: {'line': b'-- Up-to-date symlink: /home/dolphiinn/ros2_ws/install/px4_msgs/include/px4_msgs/px4_msgs/msg/detail/manual_control_switches__rosidl_typesupport_introspection_cpp.hpp\n'}
[4.114903] (px4_msgs) StdoutLine: {'line': b'-- Up-to-date symlink: /home/dolphiinn/ros2_ws/install/px4_msgs/include/px4_msgs/px4_msgs/msg/detail/mavlink_log__rosidl_typesupport_introspection_cpp.hpp\n'}
[4.115315] (px4_msgs) StdoutLine: {'line': b'-- Up-to-date symlink: /home/dolphiinn/ros2_ws/install/px4_msgs/include/px4_msgs/px4_msgs/msg/detail/mavlink_tunnel__rosidl_typesupport_introspection_cpp.hpp\n'}
[4.115680] (px4_msgs) StdoutLine: {'line': b'-- Up-to-date symlink: /home/dolphiinn/ros2_ws/install/px4_msgs/include/px4_msgs/px4_msgs/msg/detail/message_format_request__rosidl_typesupport_introspection_cpp.hpp\n'}
[4.116040] (px4_msgs) StdoutLine: {'line': b'-- Up-to-date symlink: /home/dolphiinn/ros2_ws/install/px4_msgs/include/px4_msgs/px4_msgs/msg/detail/message_format_response__rosidl_typesupport_introspection_cpp.hpp\n'}
[4.116354] (px4_msgs) StdoutLine: {'line': b'-- Up-to-date symlink: /home/dolphiinn/ros2_ws/install/px4_msgs/include/px4_msgs/px4_msgs/msg/detail/mission__rosidl_typesupport_introspection_cpp.hpp\n'}
[4.117469] (px4_msgs) StdoutLine: {'line': b'-- Up-to-date symlink: /home/dolphiinn/ros2_ws/install/px4_msgs/include/px4_msgs/px4_msgs/msg/detail/mission_result__rosidl_typesupport_introspection_cpp.hpp\n'}
[4.117857] (px4_msgs) StdoutLine: {'line': b'-- Up-to-date symlink: /home/dolphiinn/ros2_ws/install/px4_msgs/include/px4_msgs/px4_msgs/msg/detail/mode_completed__rosidl_typesupport_introspection_cpp.hpp\n'}
[4.118011] (px4_msgs) StdoutLine: {'line': b'-- Up-to-date symlink: /home/dolphiinn/ros2_ws/install/px4_msgs/include/px4_msgs/px4_msgs/msg/detail/mount_orientation__rosidl_typesupport_introspection_cpp.hpp\n'}
[4.118398] (px4_msgs) StdoutLine: {'line': b'-- Up-to-date symlink: /home/dolphiinn/ros2_ws/install/px4_msgs/include/px4_msgs/px4_msgs/msg/detail/navigator_mission_item__rosidl_typesupport_introspection_cpp.hpp\n'}
[4.118735] (px4_msgs) StdoutLine: {'line': b'-- Up-to-date symlink: /home/dolphiinn/ros2_ws/install/px4_msgs/include/px4_msgs/px4_msgs/msg/detail/navigator_status__rosidl_typesupport_introspection_cpp.hpp\n'}
[4.118974] (px4_msgs) StdoutLine: {'line': b'-- Up-to-date symlink: /home/dolphiinn/ros2_ws/install/px4_msgs/include/px4_msgs/px4_msgs/msg/detail/neural_control__rosidl_typesupport_introspection_cpp.hpp\n'}
[4.119244] (px4_msgs) StdoutLine: {'line': b'-- Up-to-date symlink: /home/dolphiinn/ros2_ws/install/px4_msgs/include/px4_msgs/px4_msgs/msg/detail/normalized_unsigned_setpoint__rosidl_typesupport_introspection_cpp.hpp\n'}
[4.119887] (px4_msgs) StdoutLine: {'line': b'-- Up-to-date symlink: /home/dolphiinn/ros2_ws/install/px4_msgs/include/px4_msgs/px4_msgs/msg/detail/obstacle_distance__rosidl_typesupport_introspection_cpp.hpp\n'}
[4.120361] (px4_msgs) StdoutLine: {'line': b'-- Up-to-date symlink: /home/dolphiinn/ros2_ws/install/px4_msgs/include/px4_msgs/px4_msgs/msg/detail/offboard_control_mode__rosidl_typesupport_introspection_cpp.hpp\n'}
[4.120755] (px4_msgs) StdoutLine: {'line': b'-- Up-to-date symlink: /home/dolphiinn/ros2_ws/install/px4_msgs/include/px4_msgs/px4_msgs/msg/detail/onboard_computer_status__rosidl_typesupport_introspection_cpp.hpp\n'}
[4.121150] (px4_msgs) StdoutLine: {'line': b'-- Up-to-date symlink: /home/dolphiinn/ros2_ws/install/px4_msgs/include/px4_msgs/px4_msgs/msg/detail/open_drone_id_arm_status__rosidl_typesupport_introspection_cpp.hpp\n'}
[4.121637] (px4_msgs) StdoutLine: {'line': b'-- Up-to-date symlink: /home/dolphiinn/ros2_ws/install/px4_msgs/include/px4_msgs/px4_msgs/msg/detail/open_drone_id_operator_id__rosidl_typesupport_introspection_cpp.hpp\n'}
[4.122464] (px4_msgs) StdoutLine: {'line': b'-- Up-to-date symlink: /home/dolphiinn/ros2_ws/install/px4_msgs/include/px4_msgs/px4_msgs/msg/detail/open_drone_id_self_id__rosidl_typesupport_introspection_cpp.hpp\n'}
[4.123106] (px4_msgs) StdoutLine: {'line': b'-- Up-to-date symlink: /home/dolphiinn/ros2_ws/install/px4_msgs/include/px4_msgs/px4_msgs/msg/detail/open_drone_id_system__rosidl_typesupport_introspection_cpp.hpp\n'}
[4.123408] (px4_msgs) StdoutLine: {'line': b'-- Up-to-date symlink: /home/dolphiinn/ros2_ws/install/px4_msgs/include/px4_msgs/px4_msgs/msg/detail/orb_test__rosidl_typesupport_introspection_cpp.hpp\n'}
[4.124033] (px4_msgs) StdoutLine: {'line': b'-- Up-to-date symlink: /home/dolphiinn/ros2_ws/install/px4_msgs/include/px4_msgs/px4_msgs/msg/detail/orb_test_large__rosidl_typesupport_introspection_cpp.hpp\n'}
[4.124531] (px4_msgs) StdoutLine: {'line': b'-- Up-to-date symlink: /home/dolphiinn/ros2_ws/install/px4_msgs/include/px4_msgs/px4_msgs/msg/detail/orb_test_medium__rosidl_typesupport_introspection_cpp.hpp\n'}
[4.125085] (px4_msgs) StdoutLine: {'line': b'-- Up-to-date symlink: /home/dolphiinn/ros2_ws/install/px4_msgs/include/px4_msgs/px4_msgs/msg/detail/orbit_status__rosidl_typesupport_introspection_cpp.hpp\n'}
[4.125530] (px4_msgs) StdoutLine: {'line': b'-- Up-to-date symlink: /home/dolphiinn/ros2_ws/install/px4_msgs/include/px4_msgs/px4_msgs/msg/detail/parameter_reset_request__rosidl_typesupport_introspection_cpp.hpp\n'}
[4.126103] (px4_msgs) StdoutLine: {'line': b'-- Up-to-date symlink: /home/dolphiinn/ros2_ws/install/px4_msgs/include/px4_msgs/px4_msgs/msg/detail/parameter_set_used_request__rosidl_typesupport_introspection_cpp.hpp\n'}
[4.126820] (px4_msgs) StdoutLine: {'line': b'-- Up-to-date symlink: /home/dolphiinn/ros2_ws/install/px4_msgs/include/px4_msgs/px4_msgs/msg/detail/parameter_set_value_request__rosidl_typesupport_introspection_cpp.hpp\n'}
[4.127426] (px4_msgs) StdoutLine: {'line': b'-- Up-to-date symlink: /home/dolphiinn/ros2_ws/install/px4_msgs/include/px4_msgs/px4_msgs/msg/detail/parameter_set_value_response__rosidl_typesupport_introspection_cpp.hpp\n'}
[4.128021] (px4_msgs) StdoutLine: {'line': b'-- Up-to-date symlink: /home/dolphiinn/ros2_ws/install/px4_msgs/include/px4_msgs/px4_msgs/msg/detail/parameter_update__rosidl_typesupport_introspection_cpp.hpp\n'}
[4.129421] (px4_msgs) StdoutLine: {'line': b'-- Up-to-date symlink: /home/dolphiinn/ros2_ws/install/px4_msgs/include/px4_msgs/px4_msgs/msg/detail/ping__rosidl_typesupport_introspection_cpp.hpp\n'}
[4.130503] (px4_msgs) StdoutLine: {'line': b'-- Up-to-date symlink: /home/dolphiinn/ros2_ws/install/px4_msgs/include/px4_msgs/px4_msgs/msg/detail/position_controller_landing_status__rosidl_typesupport_introspection_cpp.hpp\n'}
[4.130791] (px4_msgs) StdoutLine: {'line': b'-- Up-to-date symlink: /home/dolphiinn/ros2_ws/install/px4_msgs/include/px4_msgs/px4_msgs/msg/detail/position_controller_status__rosidl_typesupport_introspection_cpp.hpp\n'}
[4.131071] (px4_msgs) StdoutLine: {'line': b'-- Up-to-date symlink: /home/dolphiinn/ros2_ws/install/px4_msgs/include/px4_msgs/px4_msgs/msg/detail/position_setpoint__rosidl_typesupport_introspection_cpp.hpp\n'}
[4.131506] (px4_msgs) StdoutLine: {'line': b'-- Up-to-date symlink: /home/dolphiinn/ros2_ws/install/px4_msgs/include/px4_msgs/px4_msgs/msg/detail/position_setpoint_triplet__rosidl_typesupport_introspection_cpp.hpp\n'}
[4.131845] (px4_msgs) StdoutLine: {'line': b'-- Up-to-date symlink: /home/dolphiinn/ros2_ws/install/px4_msgs/include/px4_msgs/px4_msgs/msg/detail/power_button_state__rosidl_typesupport_introspection_cpp.hpp\n'}
[4.132824] (px4_msgs) StdoutLine: {'line': b'-- Up-to-date symlink: /home/dolphiinn/ros2_ws/install/px4_msgs/include/px4_msgs/px4_msgs/msg/detail/power_monitor__rosidl_typesupport_introspection_cpp.hpp\n'}
[4.133371] (px4_msgs) StdoutLine: {'line': b'-- Up-to-date symlink: /home/dolphiinn/ros2_ws/install/px4_msgs/include/px4_msgs/px4_msgs/msg/detail/pps_capture__rosidl_typesupport_introspection_cpp.hpp\n'}
[4.134242] (px4_msgs) StdoutLine: {'line': b'-- Up-to-date symlink: /home/dolphiinn/ros2_ws/install/px4_msgs/include/px4_msgs/px4_msgs/msg/detail/pure_pursuit_status__rosidl_typesupport_introspection_cpp.hpp\n'}
[4.134609] (px4_msgs) StdoutLine: {'line': b'-- Up-to-date symlink: /home/dolphiinn/ros2_ws/install/px4_msgs/include/px4_msgs/px4_msgs/msg/detail/pwm_input__rosidl_typesupport_introspection_cpp.hpp\n'}
[4.135233] (px4_msgs) StdoutLine: {'line': b'-- Up-to-date symlink: /home/dolphiinn/ros2_ws/install/px4_msgs/include/px4_msgs/px4_msgs/msg/detail/px4io_status__rosidl_typesupport_introspection_cpp.hpp\n'}
[4.136602] (px4_msgs) StdoutLine: {'line': b'-- Up-to-date symlink: /home/dolphiinn/ros2_ws/install/px4_msgs/include/px4_msgs/px4_msgs/msg/detail/qshell_req__rosidl_typesupport_introspection_cpp.hpp\n'}
[4.136924] (px4_msgs) StdoutLine: {'line': b'-- Up-to-date symlink: /home/dolphiinn/ros2_ws/install/px4_msgs/include/px4_msgs/px4_msgs/msg/detail/qshell_retval__rosidl_typesupport_introspection_cpp.hpp\n'}
[4.138186] (px4_msgs) StdoutLine: {'line': b'-- Up-to-date symlink: /home/dolphiinn/ros2_ws/install/px4_msgs/include/px4_msgs/px4_msgs/msg/detail/radio_status__rosidl_typesupport_introspection_cpp.hpp\n'}
[4.140156] (px4_msgs) StdoutLine: {'line': b'-- Up-to-date symlink: /home/dolphiinn/ros2_ws/install/px4_msgs/include/px4_msgs/px4_msgs/msg/detail/rate_ctrl_status__rosidl_typesupport_introspection_cpp.hpp\n'}
[4.140410] (px4_msgs) StdoutLine: {'line': b'-- Up-to-date symlink: /home/dolphiinn/ros2_ws/install/px4_msgs/include/px4_msgs/px4_msgs/msg/detail/rc_channels__rosidl_typesupport_introspection_cpp.hpp\n'}
[4.140898] (px4_msgs) StdoutLine: {'line': b'-- Up-to-date symlink: /home/dolphiinn/ros2_ws/install/px4_msgs/include/px4_msgs/px4_msgs/msg/detail/rc_parameter_map__rosidl_typesupport_introspection_cpp.hpp\n'}
[4.141082] (px4_msgs) StdoutLine: {'line': b'-- Up-to-date symlink: /home/dolphiinn/ros2_ws/install/px4_msgs/include/px4_msgs/px4_msgs/msg/detail/register_ext_component_reply__rosidl_typesupport_introspection_cpp.hpp\n'}
[4.141287] (px4_msgs) StdoutLine: {'line': b'-- Up-to-date symlink: /home/dolphiinn/ros2_ws/install/px4_msgs/include/px4_msgs/px4_msgs/msg/detail/register_ext_component_request__rosidl_typesupport_introspection_cpp.hpp\n'}
[4.141376] (px4_msgs) StdoutLine: {'line': b'-- Up-to-date symlink: /home/dolphiinn/ros2_ws/install/px4_msgs/include/px4_msgs/px4_msgs/msg/detail/rover_attitude_setpoint__rosidl_typesupport_introspection_cpp.hpp\n'}
[4.141470] (px4_msgs) StdoutLine: {'line': b'-- Up-to-date symlink: /home/dolphiinn/ros2_ws/install/px4_msgs/include/px4_msgs/px4_msgs/msg/detail/rover_attitude_status__rosidl_typesupport_introspection_cpp.hpp\n'}
[4.141613] (px4_msgs) StdoutLine: {'line': b'-- Up-to-date symlink: /home/dolphiinn/ros2_ws/install/px4_msgs/include/px4_msgs/px4_msgs/msg/detail/rover_position_setpoint__rosidl_typesupport_introspection_cpp.hpp\n'}
[4.141745] (px4_msgs) StdoutLine: {'line': b'-- Up-to-date symlink: /home/dolphiinn/ros2_ws/install/px4_msgs/include/px4_msgs/px4_msgs/msg/detail/rover_rate_setpoint__rosidl_typesupport_introspection_cpp.hpp\n'}
[4.141900] (px4_msgs) StdoutLine: {'line': b'-- Up-to-date symlink: /home/dolphiinn/ros2_ws/install/px4_msgs/include/px4_msgs/px4_msgs/msg/detail/rover_rate_status__rosidl_typesupport_introspection_cpp.hpp\n'}
[4.142627] (px4_msgs) StdoutLine: {'line': b'-- Up-to-date symlink: /home/dolphiinn/ros2_ws/install/px4_msgs/include/px4_msgs/px4_msgs/msg/detail/rover_speed_setpoint__rosidl_typesupport_introspection_cpp.hpp\n'}
[4.143164] (px4_msgs) StdoutLine: {'line': b'-- Up-to-date symlink: /home/dolphiinn/ros2_ws/install/px4_msgs/include/px4_msgs/px4_msgs/msg/detail/rover_speed_status__rosidl_typesupport_introspection_cpp.hpp\n'}
[4.143543] (px4_msgs) StdoutLine: {'line': b'-- Up-to-date symlink: /home/dolphiinn/ros2_ws/install/px4_msgs/include/px4_msgs/px4_msgs/msg/detail/rover_steering_setpoint__rosidl_typesupport_introspection_cpp.hpp\n'}
[4.144024] (px4_msgs) StdoutLine: {'line': b'-- Up-to-date symlink: /home/dolphiinn/ros2_ws/install/px4_msgs/include/px4_msgs/px4_msgs/msg/detail/rover_throttle_setpoint__rosidl_typesupport_introspection_cpp.hpp\n'}
[4.144263] (px4_msgs) StdoutLine: {'line': b'-- Up-to-date symlink: /home/dolphiinn/ros2_ws/install/px4_msgs/include/px4_msgs/px4_msgs/msg/detail/rpm__rosidl_typesupport_introspection_cpp.hpp\n'}
[4.144437] (px4_msgs) StdoutLine: {'line': b'-- Up-to-date symlink: /home/dolphiinn/ros2_ws/install/px4_msgs/include/px4_msgs/px4_msgs/msg/detail/rtl_status__rosidl_typesupport_introspection_cpp.hpp\n'}
[4.144700] (px4_msgs) StdoutLine: {'line': b'-- Up-to-date symlink: /home/dolphiinn/ros2_ws/install/px4_msgs/include/px4_msgs/px4_msgs/msg/detail/rtl_time_estimate__rosidl_typesupport_introspection_cpp.hpp\n'}
[4.145166] (px4_msgs) StdoutLine: {'line': b'-- Up-to-date symlink: /home/dolphiinn/ros2_ws/install/px4_msgs/include/px4_msgs/px4_msgs/msg/detail/satellite_info__rosidl_typesupport_introspection_cpp.hpp\n'}
[4.145497] (px4_msgs) StdoutLine: {'line': b'-- Up-to-date symlink: /home/dolphiinn/ros2_ws/install/px4_msgs/include/px4_msgs/px4_msgs/msg/detail/sensor_accel__rosidl_typesupport_introspection_cpp.hpp\n'}
[4.145850] (px4_msgs) StdoutLine: {'line': b'-- Up-to-date symlink: /home/dolphiinn/ros2_ws/install/px4_msgs/include/px4_msgs/px4_msgs/msg/detail/sensor_accel_fifo__rosidl_typesupport_introspection_cpp.hpp\n'}
[4.146182] (px4_msgs) StdoutLine: {'line': b'-- Up-to-date symlink: /home/dolphiinn/ros2_ws/install/px4_msgs/include/px4_msgs/px4_msgs/msg/detail/sensor_airflow__rosidl_typesupport_introspection_cpp.hpp\n'}
[4.146772] (px4_msgs) StdoutLine: {'line': b'-- Up-to-date symlink: /home/dolphiinn/ros2_ws/install/px4_msgs/include/px4_msgs/px4_msgs/msg/detail/sensor_baro__rosidl_typesupport_introspection_cpp.hpp\n'}
[4.147173] (px4_msgs) StdoutLine: {'line': b'-- Up-to-date symlink: /home/dolphiinn/ros2_ws/install/px4_msgs/include/px4_msgs/px4_msgs/msg/detail/sensor_combined__rosidl_typesupport_introspection_cpp.hpp\n'}
[4.147486] (px4_msgs) StdoutLine: {'line': b'-- Up-to-date symlink: /home/dolphiinn/ros2_ws/install/px4_msgs/include/px4_msgs/px4_msgs/msg/detail/sensor_correction__rosidl_typesupport_introspection_cpp.hpp\n'}
[4.147788] (px4_msgs) StdoutLine: {'line': b'-- Up-to-date symlink: /home/dolphiinn/ros2_ws/install/px4_msgs/include/px4_msgs/px4_msgs/msg/detail/sensor_gnss_relative__rosidl_typesupport_introspection_cpp.hpp\n'}
[4.148376] (px4_msgs) StdoutLine: {'line': b'-- Up-to-date symlink: /home/dolphiinn/ros2_ws/install/px4_msgs/include/px4_msgs/px4_msgs/msg/detail/sensor_gnss_status__rosidl_typesupport_introspection_cpp.hpp\n'}
[4.149118] (px4_msgs) StdoutLine: {'line': b'-- Up-to-date symlink: /home/dolphiinn/ros2_ws/install/px4_msgs/include/px4_msgs/px4_msgs/msg/detail/sensor_gps__rosidl_typesupport_introspection_cpp.hpp\n'}
[4.149403] (px4_msgs) StdoutLine: {'line': b'-- Up-to-date symlink: /home/dolphiinn/ros2_ws/install/px4_msgs/include/px4_msgs/px4_msgs/msg/detail/sensor_gyro__rosidl_typesupport_introspection_cpp.hpp\n'}
[4.149975] (px4_msgs) StdoutLine: {'line': b'-- Up-to-date symlink: /home/dolphiinn/ros2_ws/install/px4_msgs/include/px4_msgs/px4_msgs/msg/detail/sensor_gyro_fft__rosidl_typesupport_introspection_cpp.hpp\n'}
[4.150659] (px4_msgs) StdoutLine: {'line': b'-- Up-to-date symlink: /home/dolphiinn/ros2_ws/install/px4_msgs/include/px4_msgs/px4_msgs/msg/detail/sensor_gyro_fifo__rosidl_typesupport_introspection_cpp.hpp\n'}
[4.150879] (px4_msgs) StdoutLine: {'line': b'-- Up-to-date symlink: /home/dolphiinn/ros2_ws/install/px4_msgs/include/px4_msgs/px4_msgs/msg/detail/sensor_hygrometer__rosidl_typesupport_introspection_cpp.hpp\n'}
[4.151246] (px4_msgs) StdoutLine: {'line': b'-- Up-to-date symlink: /home/dolphiinn/ros2_ws/install/px4_msgs/include/px4_msgs/px4_msgs/msg/detail/sensor_mag__rosidl_typesupport_introspection_cpp.hpp\n'}
[4.151543] (px4_msgs) StdoutLine: {'line': b'-- Up-to-date symlink: /home/dolphiinn/ros2_ws/install/px4_msgs/include/px4_msgs/px4_msgs/msg/detail/sensor_optical_flow__rosidl_typesupport_introspection_cpp.hpp\n'}
[4.151775] (px4_msgs) StdoutLine: {'line': b'-- Up-to-date symlink: /home/dolphiinn/ros2_ws/install/px4_msgs/include/px4_msgs/px4_msgs/msg/detail/sensor_preflight_mag__rosidl_typesupport_introspection_cpp.hpp\n'}
[4.152046] (px4_msgs) StdoutLine: {'line': b'-- Up-to-date symlink: /home/dolphiinn/ros2_ws/install/px4_msgs/include/px4_msgs/px4_msgs/msg/detail/sensor_selection__rosidl_typesupport_introspection_cpp.hpp\n'}
[4.152348] (px4_msgs) StdoutLine: {'line': b'-- Up-to-date symlink: /home/dolphiinn/ros2_ws/install/px4_msgs/include/px4_msgs/px4_msgs/msg/detail/sensor_uwb__rosidl_typesupport_introspection_cpp.hpp\n'}
[4.152751] (px4_msgs) StdoutLine: {'line': b'-- Up-to-date symlink: /home/dolphiinn/ros2_ws/install/px4_msgs/include/px4_msgs/px4_msgs/msg/detail/sensors_status__rosidl_typesupport_introspection_cpp.hpp\n'}
[4.153239] (px4_msgs) StdoutLine: {'line': b'-- Up-to-date symlink: /home/dolphiinn/ros2_ws/install/px4_msgs/include/px4_msgs/px4_msgs/msg/detail/sensors_status_imu__rosidl_typesupport_introspection_cpp.hpp\n'}
[4.153749] (px4_msgs) StdoutLine: {'line': b'-- Up-to-date symlink: /home/dolphiinn/ros2_ws/install/px4_msgs/include/px4_msgs/px4_msgs/msg/detail/system_power__rosidl_typesupport_introspection_cpp.hpp\n'}
[4.154283] (px4_msgs) StdoutLine: {'line': b'-- Up-to-date symlink: /home/dolphiinn/ros2_ws/install/px4_msgs/include/px4_msgs/px4_msgs/msg/detail/takeoff_status__rosidl_typesupport_introspection_cpp.hpp\n'}
[4.154728] (px4_msgs) StdoutLine: {'line': b'-- Up-to-date symlink: /home/dolphiinn/ros2_ws/install/px4_msgs/include/px4_msgs/px4_msgs/msg/detail/task_stack_info__rosidl_typesupport_introspection_cpp.hpp\n'}
[4.155285] (px4_msgs) StdoutLine: {'line': b'-- Up-to-date symlink: /home/dolphiinn/ros2_ws/install/px4_msgs/include/px4_msgs/px4_msgs/msg/detail/tecs_status__rosidl_typesupport_introspection_cpp.hpp\n'}
[4.156172] (px4_msgs) StdoutLine: {'line': b'-- Up-to-date symlink: /home/dolphiinn/ros2_ws/install/px4_msgs/include/px4_msgs/px4_msgs/msg/detail/telemetry_status__rosidl_typesupport_introspection_cpp.hpp\n'}
[4.157180] (px4_msgs) StdoutLine: {'line': b'-- Up-to-date symlink: /home/dolphiinn/ros2_ws/install/px4_msgs/include/px4_msgs/px4_msgs/msg/detail/tiltrotor_extra_controls__rosidl_typesupport_introspection_cpp.hpp\n'}
[4.157395] (px4_msgs) StdoutLine: {'line': b'-- Up-to-date symlink: /home/dolphiinn/ros2_ws/install/px4_msgs/include/px4_msgs/px4_msgs/msg/detail/timesync_status__rosidl_typesupport_introspection_cpp.hpp\n'}
[4.157577] (px4_msgs) StdoutLine: {'line': b'-- Up-to-date symlink: /home/dolphiinn/ros2_ws/install/px4_msgs/include/px4_msgs/px4_msgs/msg/detail/trajectory_setpoint6dof__rosidl_typesupport_introspection_cpp.hpp\n'}
[4.157805] (px4_msgs) StdoutLine: {'line': b'-- Up-to-date symlink: /home/dolphiinn/ros2_ws/install/px4_msgs/include/px4_msgs/px4_msgs/msg/detail/trajectory_setpoint__rosidl_typesupport_introspection_cpp.hpp\n'}
[4.158100] (px4_msgs) StdoutLine: {'line': b'-- Up-to-date symlink: /home/dolphiinn/ros2_ws/install/px4_msgs/include/px4_msgs/px4_msgs/msg/detail/transponder_report__rosidl_typesupport_introspection_cpp.hpp\n'}
[4.158389] (px4_msgs) StdoutLine: {'line': b'-- Up-to-date symlink: /home/dolphiinn/ros2_ws/install/px4_msgs/include/px4_msgs/px4_msgs/msg/detail/tune_control__rosidl_typesupport_introspection_cpp.hpp\n'}
[4.159142] (px4_msgs) StdoutLine: {'line': b'-- Up-to-date symlink: /home/dolphiinn/ros2_ws/install/px4_msgs/include/px4_msgs/px4_msgs/msg/detail/uavcan_parameter_request__rosidl_typesupport_introspection_cpp.hpp\n'}
[4.160062] (px4_msgs) StdoutLine: {'line': b'-- Up-to-date symlink: /home/dolphiinn/ros2_ws/install/px4_msgs/include/px4_msgs/px4_msgs/msg/detail/uavcan_parameter_value__rosidl_typesupport_introspection_cpp.hpp\n'}
[4.160680] (px4_msgs) StdoutLine: {'line': b'-- Up-to-date symlink: /home/dolphiinn/ros2_ws/install/px4_msgs/include/px4_msgs/px4_msgs/msg/detail/ulog_stream__rosidl_typesupport_introspection_cpp.hpp\n'}
[4.161044] (px4_msgs) StdoutLine: {'line': b'-- Up-to-date symlink: /home/dolphiinn/ros2_ws/install/px4_msgs/include/px4_msgs/px4_msgs/msg/detail/ulog_stream_ack__rosidl_typesupport_introspection_cpp.hpp\n'}
[4.161403] (px4_msgs) StdoutLine: {'line': b'-- Up-to-date symlink: /home/dolphiinn/ros2_ws/install/px4_msgs/include/px4_msgs/px4_msgs/msg/detail/unregister_ext_component__rosidl_typesupport_introspection_cpp.hpp\n'}
[4.163321] (px4_msgs) StdoutLine: {'line': b'-- Up-to-date symlink: /home/dolphiinn/ros2_ws/install/px4_msgs/include/px4_msgs/px4_msgs/msg/detail/vehicle_acceleration__rosidl_typesupport_introspection_cpp.hpp\n'}
[4.163699] (px4_msgs) StdoutLine: {'line': b'-- Up-to-date symlink: /home/dolphiinn/ros2_ws/install/px4_msgs/include/px4_msgs/px4_msgs/msg/detail/vehicle_air_data__rosidl_typesupport_introspection_cpp.hpp\n'}
[4.164224] (px4_msgs) StdoutLine: {'line': b'-- Up-to-date symlink: /home/dolphiinn/ros2_ws/install/px4_msgs/include/px4_msgs/px4_msgs/msg/detail/vehicle_angular_acceleration_setpoint__rosidl_typesupport_introspection_cpp.hpp\n'}
[4.164643] (px4_msgs) StdoutLine: {'line': b'-- Up-to-date symlink: /home/dolphiinn/ros2_ws/install/px4_msgs/include/px4_msgs/px4_msgs/msg/detail/vehicle_angular_velocity__rosidl_typesupport_introspection_cpp.hpp\n'}
[4.165402] (px4_msgs) StdoutLine: {'line': b'-- Up-to-date symlink: /home/dolphiinn/ros2_ws/install/px4_msgs/include/px4_msgs/px4_msgs/msg/detail/vehicle_attitude__rosidl_typesupport_introspection_cpp.hpp\n'}
[4.165931] (px4_msgs) StdoutLine: {'line': b'-- Up-to-date symlink: /home/dolphiinn/ros2_ws/install/px4_msgs/include/px4_msgs/px4_msgs/msg/detail/vehicle_attitude_setpoint__rosidl_typesupport_introspection_cpp.hpp\n'}
[4.166664] (px4_msgs) StdoutLine: {'line': b'-- Up-to-date symlink: /home/dolphiinn/ros2_ws/install/px4_msgs/include/px4_msgs/px4_msgs/msg/detail/vehicle_command__rosidl_typesupport_introspection_cpp.hpp\n'}
[4.167004] (px4_msgs) StdoutLine: {'line': b'-- Up-to-date symlink: /home/dolphiinn/ros2_ws/install/px4_msgs/include/px4_msgs/px4_msgs/msg/detail/vehicle_command_ack__rosidl_typesupport_introspection_cpp.hpp\n'}
[4.167331] (px4_msgs) StdoutLine: {'line': b'-- Up-to-date symlink: /home/dolphiinn/ros2_ws/install/px4_msgs/include/px4_msgs/px4_msgs/msg/detail/vehicle_constraints__rosidl_typesupport_introspection_cpp.hpp\n'}
[4.168056] (px4_msgs) StdoutLine: {'line': b'-- Up-to-date symlink: /home/dolphiinn/ros2_ws/install/px4_msgs/include/px4_msgs/px4_msgs/msg/detail/vehicle_control_mode__rosidl_typesupport_introspection_cpp.hpp\n'}
[4.168289] (px4_msgs) StdoutLine: {'line': b'-- Up-to-date symlink: /home/dolphiinn/ros2_ws/install/px4_msgs/include/px4_msgs/px4_msgs/msg/detail/vehicle_global_position__rosidl_typesupport_introspection_cpp.hpp\n'}
[4.168499] (px4_msgs) StdoutLine: {'line': b'-- Up-to-date symlink: /home/dolphiinn/ros2_ws/install/px4_msgs/include/px4_msgs/px4_msgs/msg/detail/vehicle_imu__rosidl_typesupport_introspection_cpp.hpp\n'}
[4.168744] (px4_msgs) StdoutLine: {'line': b'-- Up-to-date symlink: /home/dolphiinn/ros2_ws/install/px4_msgs/include/px4_msgs/px4_msgs/msg/detail/vehicle_imu_status__rosidl_typesupport_introspection_cpp.hpp\n'}
[4.168956] (px4_msgs) StdoutLine: {'line': b'-- Up-to-date symlink: /home/dolphiinn/ros2_ws/install/px4_msgs/include/px4_msgs/px4_msgs/msg/detail/vehicle_land_detected__rosidl_typesupport_introspection_cpp.hpp\n'}
[4.169362] (px4_msgs) StdoutLine: {'line': b'-- Up-to-date symlink: /home/dolphiinn/ros2_ws/install/px4_msgs/include/px4_msgs/px4_msgs/msg/detail/vehicle_local_position__rosidl_typesupport_introspection_cpp.hpp\n'}
[4.170185] (px4_msgs) StdoutLine: {'line': b'-- Up-to-date symlink: /home/dolphiinn/ros2_ws/install/px4_msgs/include/px4_msgs/px4_msgs/msg/detail/vehicle_local_position_setpoint__rosidl_typesupport_introspection_cpp.hpp\n'}
[4.170529] (px4_msgs) StdoutLine: {'line': b'-- Up-to-date symlink: /home/dolphiinn/ros2_ws/install/px4_msgs/include/px4_msgs/px4_msgs/msg/detail/vehicle_magnetometer__rosidl_typesupport_introspection_cpp.hpp\n'}
[4.170763] (px4_msgs) StdoutLine: {'line': b'-- Up-to-date symlink: /home/dolphiinn/ros2_ws/install/px4_msgs/include/px4_msgs/px4_msgs/msg/detail/vehicle_odometry__rosidl_typesupport_introspection_cpp.hpp\n'}
[4.171193] (px4_msgs) StdoutLine: {'line': b'-- Up-to-date symlink: /home/dolphiinn/ros2_ws/install/px4_msgs/include/px4_msgs/px4_msgs/msg/detail/vehicle_optical_flow__rosidl_typesupport_introspection_cpp.hpp\n'}
[4.172200] (px4_msgs) StdoutLine: {'line': b'-- Up-to-date symlink: /home/dolphiinn/ros2_ws/install/px4_msgs/include/px4_msgs/px4_msgs/msg/detail/vehicle_optical_flow_vel__rosidl_typesupport_introspection_cpp.hpp\n'}
[4.172593] (px4_msgs) StdoutLine: {'line': b'-- Up-to-date symlink: /home/dolphiinn/ros2_ws/install/px4_msgs/include/px4_msgs/px4_msgs/msg/detail/vehicle_rates_setpoint__rosidl_typesupport_introspection_cpp.hpp\n'}
[4.172920] (px4_msgs) StdoutLine: {'line': b'-- Up-to-date symlink: /home/dolphiinn/ros2_ws/install/px4_msgs/include/px4_msgs/px4_msgs/msg/detail/vehicle_roi__rosidl_typesupport_introspection_cpp.hpp\n'}
[4.173378] (px4_msgs) StdoutLine: {'line': b'-- Up-to-date symlink: /home/dolphiinn/ros2_ws/install/px4_msgs/include/px4_msgs/px4_msgs/msg/detail/vehicle_status__rosidl_typesupport_introspection_cpp.hpp\n'}
[4.173672] (px4_msgs) StdoutLine: {'line': b'-- Up-to-date symlink: /home/dolphiinn/ros2_ws/install/px4_msgs/include/px4_msgs/px4_msgs/msg/detail/vehicle_thrust_setpoint__rosidl_typesupport_introspection_cpp.hpp\n'}
[4.174129] (px4_msgs) StdoutLine: {'line': b'-- Up-to-date symlink: /home/dolphiinn/ros2_ws/install/px4_msgs/include/px4_msgs/px4_msgs/msg/detail/vehicle_torque_setpoint__rosidl_typesupport_introspection_cpp.hpp\n'}
[4.175114] (px4_msgs) StdoutLine: {'line': b'-- Up-to-date symlink: /home/dolphiinn/ros2_ws/install/px4_msgs/include/px4_msgs/px4_msgs/msg/detail/velocity_limits__rosidl_typesupport_introspection_cpp.hpp\n'}
[4.175401] (px4_msgs) StdoutLine: {'line': b'-- Up-to-date symlink: /home/dolphiinn/ros2_ws/install/px4_msgs/include/px4_msgs/px4_msgs/msg/detail/vtol_vehicle_status__rosidl_typesupport_introspection_cpp.hpp\n'}
[4.175628] (px4_msgs) StdoutLine: {'line': b'-- Up-to-date symlink: /home/dolphiinn/ros2_ws/install/px4_msgs/include/px4_msgs/px4_msgs/msg/detail/wheel_encoders__rosidl_typesupport_introspection_cpp.hpp\n'}
[4.175875] (px4_msgs) StdoutLine: {'line': b'-- Up-to-date symlink: /home/dolphiinn/ros2_ws/install/px4_msgs/include/px4_msgs/px4_msgs/msg/detail/wind__rosidl_typesupport_introspection_cpp.hpp\n'}
[4.176240] (px4_msgs) StdoutLine: {'line': b'-- Up-to-date symlink: /home/dolphiinn/ros2_ws/install/px4_msgs/include/px4_msgs/px4_msgs/msg/detail/yaw_estimator_status__rosidl_typesupport_introspection_cpp.hpp\n'}
[4.176745] (px4_msgs) StdoutLine: {'line': b'-- Up-to-date symlink: /home/dolphiinn/ros2_ws/install/px4_msgs/include/px4_msgs/px4_msgs/srv/detail/vehicle_command__rosidl_typesupport_introspection_cpp.hpp\n'}
[4.177554] (px4_msgs) StdoutLine: {'line': b'-- Up-to-date symlink: /home/dolphiinn/ros2_ws/install/px4_msgs/share/px4_msgs/environment/pythonpath.sh\n'}
[4.179397] (px4_msgs) StdoutLine: {'line': b'-- Up-to-date symlink: /home/dolphiinn/ros2_ws/install/px4_msgs/share/px4_msgs/environment/pythonpath.dsv\n'}
[4.180317] (px4_msgs) StdoutLine: {'line': b'-- Up-to-date symlink: /home/dolphiinn/ros2_ws/install/px4_msgs/local/lib/python3.10/dist-packages/px4_msgs-2.0.1-py3.10.egg-info/PKG-INFO\n'}
[4.180750] (px4_msgs) StdoutLine: {'line': b'-- Up-to-date symlink: /home/dolphiinn/ros2_ws/install/px4_msgs/local/lib/python3.10/dist-packages/px4_msgs-2.0.1-py3.10.egg-info/SOURCES.txt\n'}
[4.181253] (px4_msgs) StdoutLine: {'line': b'-- Up-to-date symlink: /home/dolphiinn/ros2_ws/install/px4_msgs/local/lib/python3.10/dist-packages/px4_msgs-2.0.1-py3.10.egg-info/dependency_links.txt\n'}
[4.181579] (px4_msgs) StdoutLine: {'line': b'-- Up-to-date symlink: /home/dolphiinn/ros2_ws/install/px4_msgs/local/lib/python3.10/dist-packages/px4_msgs-2.0.1-py3.10.egg-info/top_level.txt\n'}
[4.203295] (px4_msgs) StdoutLine: {'line': b'-- Up-to-date symlink: /home/dolphiinn/ros2_ws/install/px4_msgs/local/lib/python3.10/dist-packages/px4_msgs/__init__.py\n'}
[4.203842] (px4_msgs) StdoutLine: {'line': b'-- Up-to-date symlink: /home/dolphiinn/ros2_ws/install/px4_msgs/local/lib/python3.10/dist-packages/px4_msgs/_px4_msgs_s.ep.rosidl_typesupport_c.c\n'}
[4.204165] (px4_msgs) StdoutLine: {'line': b'-- Up-to-date symlink: /home/dolphiinn/ros2_ws/install/px4_msgs/local/lib/python3.10/dist-packages/px4_msgs/_px4_msgs_s.ep.rosidl_typesupport_fastrtps_c.c\n'}
[4.204390] (px4_msgs) StdoutLine: {'line': b'-- Up-to-date symlink: /home/dolphiinn/ros2_ws/install/px4_msgs/local/lib/python3.10/dist-packages/px4_msgs/_px4_msgs_s.ep.rosidl_typesupport_introspection_c.c\n'}
[4.204803] (px4_msgs) StdoutLine: {'line': b'-- Up-to-date symlink: /home/dolphiinn/ros2_ws/install/px4_msgs/local/lib/python3.10/dist-packages/px4_msgs/libpx4_msgs__rosidl_generator_py.so\n'}
[4.205631] (px4_msgs) StdoutLine: {'line': b'-- Up-to-date symlink: /home/dolphiinn/ros2_ws/install/px4_msgs/local/lib/python3.10/dist-packages/px4_msgs/msg/__init__.py\n'}
[4.206553] (px4_msgs) StdoutLine: {'line': b'-- Up-to-date symlink: /home/dolphiinn/ros2_ws/install/px4_msgs/local/lib/python3.10/dist-packages/px4_msgs/msg/_action_request.py\n'}
[4.207084] (px4_msgs) StdoutLine: {'line': b'-- Up-to-date symlink: /home/dolphiinn/ros2_ws/install/px4_msgs/local/lib/python3.10/dist-packages/px4_msgs/msg/_action_request_s.c\n'}
[4.207786] (px4_msgs) StdoutLine: {'line': b'-- Up-to-date symlink: /home/dolphiinn/ros2_ws/install/px4_msgs/local/lib/python3.10/dist-packages/px4_msgs/msg/_actuator_armed.py\n'}
[4.208272] (px4_msgs) StdoutLine: {'line': b'-- Up-to-date symlink: /home/dolphiinn/ros2_ws/install/px4_msgs/local/lib/python3.10/dist-packages/px4_msgs/msg/_actuator_armed_s.c\n'}
[4.208658] (px4_msgs) StdoutLine: {'line': b'-- Up-to-date symlink: /home/dolphiinn/ros2_ws/install/px4_msgs/local/lib/python3.10/dist-packages/px4_msgs/msg/_actuator_controls_status.py\n'}
[4.210312] (px4_msgs) StdoutLine: {'line': b'-- Up-to-date symlink: /home/dolphiinn/ros2_ws/install/px4_msgs/local/lib/python3.10/dist-packages/px4_msgs/msg/_actuator_controls_status_s.c\n'}
[4.210631] (px4_msgs) StdoutLine: {'line': b'-- Up-to-date symlink: /home/dolphiinn/ros2_ws/install/px4_msgs/local/lib/python3.10/dist-packages/px4_msgs/msg/_actuator_motors.py\n'}
[4.210803] (px4_msgs) StdoutLine: {'line': b'-- Up-to-date symlink: /home/dolphiinn/ros2_ws/install/px4_msgs/local/lib/python3.10/dist-packages/px4_msgs/msg/_actuator_motors_s.c\n'}
[4.211079] (px4_msgs) StdoutLine: {'line': b'-- Up-to-date symlink: /home/dolphiinn/ros2_ws/install/px4_msgs/local/lib/python3.10/dist-packages/px4_msgs/msg/_actuator_outputs.py\n'}
[4.211363] (px4_msgs) StdoutLine: {'line': b'-- Up-to-date symlink: /home/dolphiinn/ros2_ws/install/px4_msgs/local/lib/python3.10/dist-packages/px4_msgs/msg/_actuator_outputs_s.c\n'}
[4.211543] (-) TimerEvent: {}
[4.211965] (px4_msgs) StdoutLine: {'line': b'-- Up-to-date symlink: /home/dolphiinn/ros2_ws/install/px4_msgs/local/lib/python3.10/dist-packages/px4_msgs/msg/_actuator_servos.py\n'}
[4.212344] (px4_msgs) StdoutLine: {'line': b'-- Up-to-date symlink: /home/dolphiinn/ros2_ws/install/px4_msgs/local/lib/python3.10/dist-packages/px4_msgs/msg/_actuator_servos_s.c\n'}
[4.212700] (px4_msgs) StdoutLine: {'line': b'-- Up-to-date symlink: /home/dolphiinn/ros2_ws/install/px4_msgs/local/lib/python3.10/dist-packages/px4_msgs/msg/_actuator_servos_trim.py\n'}
[4.213142] (px4_msgs) StdoutLine: {'line': b'-- Up-to-date symlink: /home/dolphiinn/ros2_ws/install/px4_msgs/local/lib/python3.10/dist-packages/px4_msgs/msg/_actuator_servos_trim_s.c\n'}
[4.213643] (px4_msgs) StdoutLine: {'line': b'-- Up-to-date symlink: /home/dolphiinn/ros2_ws/install/px4_msgs/local/lib/python3.10/dist-packages/px4_msgs/msg/_actuator_test.py\n'}
[4.214323] (px4_msgs) StdoutLine: {'line': b'-- Up-to-date symlink: /home/dolphiinn/ros2_ws/install/px4_msgs/local/lib/python3.10/dist-packages/px4_msgs/msg/_actuator_test_s.c\n'}
[4.214942] (px4_msgs) StdoutLine: {'line': b'-- Up-to-date symlink: /home/dolphiinn/ros2_ws/install/px4_msgs/local/lib/python3.10/dist-packages/px4_msgs/msg/_adc_report.py\n'}
[4.215325] (px4_msgs) StdoutLine: {'line': b'-- Up-to-date symlink: /home/dolphiinn/ros2_ws/install/px4_msgs/local/lib/python3.10/dist-packages/px4_msgs/msg/_adc_report_s.c\n'}
[4.215669] (px4_msgs) StdoutLine: {'line': b'-- Up-to-date symlink: /home/dolphiinn/ros2_ws/install/px4_msgs/local/lib/python3.10/dist-packages/px4_msgs/msg/_airspeed.py\n'}
[4.215944] (px4_msgs) StdoutLine: {'line': b'-- Up-to-date symlink: /home/dolphiinn/ros2_ws/install/px4_msgs/local/lib/python3.10/dist-packages/px4_msgs/msg/_airspeed_s.c\n'}
[4.216197] (px4_msgs) StdoutLine: {'line': b'-- Up-to-date symlink: /home/dolphiinn/ros2_ws/install/px4_msgs/local/lib/python3.10/dist-packages/px4_msgs/msg/_airspeed_validated.py\n'}
[4.216417] (px4_msgs) StdoutLine: {'line': b'-- Up-to-date symlink: /home/dolphiinn/ros2_ws/install/px4_msgs/local/lib/python3.10/dist-packages/px4_msgs/msg/_airspeed_validated_s.c\n'}
[4.216772] (px4_msgs) StdoutLine: {'line': b'-- Up-to-date symlink: /home/dolphiinn/ros2_ws/install/px4_msgs/local/lib/python3.10/dist-packages/px4_msgs/msg/_airspeed_wind.py\n'}
[4.217053] (px4_msgs) StdoutLine: {'line': b'-- Up-to-date symlink: /home/dolphiinn/ros2_ws/install/px4_msgs/local/lib/python3.10/dist-packages/px4_msgs/msg/_airspeed_wind_s.c\n'}
[4.218329] (px4_msgs) StdoutLine: {'line': b'-- Up-to-date symlink: /home/dolphiinn/ros2_ws/install/px4_msgs/local/lib/python3.10/dist-packages/px4_msgs/msg/_arming_check_reply.py\n'}
[4.218563] (px4_msgs) StdoutLine: {'line': b'-- Up-to-date symlink: /home/dolphiinn/ros2_ws/install/px4_msgs/local/lib/python3.10/dist-packages/px4_msgs/msg/_arming_check_reply_s.c\n'}
[4.219150] (px4_msgs) StdoutLine: {'line': b'-- Up-to-date symlink: /home/dolphiinn/ros2_ws/install/px4_msgs/local/lib/python3.10/dist-packages/px4_msgs/msg/_arming_check_request.py\n'}
[4.219454] (px4_msgs) StdoutLine: {'line': b'-- Up-to-date symlink: /home/dolphiinn/ros2_ws/install/px4_msgs/local/lib/python3.10/dist-packages/px4_msgs/msg/_arming_check_request_s.c\n'}
[4.219737] (px4_msgs) StdoutLine: {'line': b'-- Up-to-date symlink: /home/dolphiinn/ros2_ws/install/px4_msgs/local/lib/python3.10/dist-packages/px4_msgs/msg/_autotune_attitude_control_status.py\n'}
[4.220046] (px4_msgs) StdoutLine: {'line': b'-- Up-to-date symlink: /home/dolphiinn/ros2_ws/install/px4_msgs/local/lib/python3.10/dist-packages/px4_msgs/msg/_autotune_attitude_control_status_s.c\n'}
[4.220298] (px4_msgs) StdoutLine: {'line': b'-- Up-to-date symlink: /home/dolphiinn/ros2_ws/install/px4_msgs/local/lib/python3.10/dist-packages/px4_msgs/msg/_battery_info.py\n'}
[4.221163] (px4_msgs) StdoutLine: {'line': b'-- Up-to-date symlink: /home/dolphiinn/ros2_ws/install/px4_msgs/local/lib/python3.10/dist-packages/px4_msgs/msg/_battery_info_s.c\n'}
[4.221681] (px4_msgs) StdoutLine: {'line': b'-- Up-to-date symlink: /home/dolphiinn/ros2_ws/install/px4_msgs/local/lib/python3.10/dist-packages/px4_msgs/msg/_battery_status.py\n'}
[4.222634] (px4_msgs) StdoutLine: {'line': b'-- Up-to-date symlink: /home/dolphiinn/ros2_ws/install/px4_msgs/local/lib/python3.10/dist-packages/px4_msgs/msg/_battery_status_s.c\n'}
[4.223123] (px4_msgs) StdoutLine: {'line': b'-- Up-to-date symlink: /home/dolphiinn/ros2_ws/install/px4_msgs/local/lib/python3.10/dist-packages/px4_msgs/msg/_button_event.py\n'}
[4.223323] (px4_msgs) StdoutLine: {'line': b'-- Up-to-date symlink: /home/dolphiinn/ros2_ws/install/px4_msgs/local/lib/python3.10/dist-packages/px4_msgs/msg/_button_event_s.c\n'}
[4.223655] (px4_msgs) StdoutLine: {'line': b'-- Up-to-date symlink: /home/dolphiinn/ros2_ws/install/px4_msgs/local/lib/python3.10/dist-packages/px4_msgs/msg/_camera_capture.py\n'}
[4.224218] (px4_msgs) StdoutLine: {'line': b'-- Up-to-date symlink: /home/dolphiinn/ros2_ws/install/px4_msgs/local/lib/python3.10/dist-packages/px4_msgs/msg/_camera_capture_s.c\n'}
[4.224764] (px4_msgs) StdoutLine: {'line': b'-- Up-to-date symlink: /home/dolphiinn/ros2_ws/install/px4_msgs/local/lib/python3.10/dist-packages/px4_msgs/msg/_camera_status.py\n'}
[4.225187] (px4_msgs) StdoutLine: {'line': b'-- Up-to-date symlink: /home/dolphiinn/ros2_ws/install/px4_msgs/local/lib/python3.10/dist-packages/px4_msgs/msg/_camera_status_s.c\n'}
[4.225470] (px4_msgs) StdoutLine: {'line': b'-- Up-to-date symlink: /home/dolphiinn/ros2_ws/install/px4_msgs/local/lib/python3.10/dist-packages/px4_msgs/msg/_camera_trigger.py\n'}
[4.225861] (px4_msgs) StdoutLine: {'line': b'-- Up-to-date symlink: /home/dolphiinn/ros2_ws/install/px4_msgs/local/lib/python3.10/dist-packages/px4_msgs/msg/_camera_trigger_s.c\n'}
[4.226259] (px4_msgs) StdoutLine: {'line': b'-- Up-to-date symlink: /home/dolphiinn/ros2_ws/install/px4_msgs/local/lib/python3.10/dist-packages/px4_msgs/msg/_can_interface_status.py\n'}
[4.226819] (px4_msgs) StdoutLine: {'line': b'-- Up-to-date symlink: /home/dolphiinn/ros2_ws/install/px4_msgs/local/lib/python3.10/dist-packages/px4_msgs/msg/_can_interface_status_s.c\n'}
[4.227336] (px4_msgs) StdoutLine: {'line': b'-- Up-to-date symlink: /home/dolphiinn/ros2_ws/install/px4_msgs/local/lib/python3.10/dist-packages/px4_msgs/msg/_cellular_status.py\n'}
[4.227873] (px4_msgs) StdoutLine: {'line': b'-- Up-to-date symlink: /home/dolphiinn/ros2_ws/install/px4_msgs/local/lib/python3.10/dist-packages/px4_msgs/msg/_cellular_status_s.c\n'}
[4.228399] (px4_msgs) StdoutLine: {'line': b'-- Up-to-date symlink: /home/dolphiinn/ros2_ws/install/px4_msgs/local/lib/python3.10/dist-packages/px4_msgs/msg/_collision_constraints.py\n'}
[4.228865] (px4_msgs) StdoutLine: {'line': b'-- Up-to-date symlink: /home/dolphiinn/ros2_ws/install/px4_msgs/local/lib/python3.10/dist-packages/px4_msgs/msg/_collision_constraints_s.c\n'}
[4.229367] (px4_msgs) StdoutLine: {'line': b'-- Up-to-date symlink: /home/dolphiinn/ros2_ws/install/px4_msgs/local/lib/python3.10/dist-packages/px4_msgs/msg/_config_overrides.py\n'}
[4.230488] (px4_msgs) StdoutLine: {'line': b'-- Up-to-date symlink: /home/dolphiinn/ros2_ws/install/px4_msgs/local/lib/python3.10/dist-packages/px4_msgs/msg/_config_overrides_s.c\n'}
[4.230901] (px4_msgs) StdoutLine: {'line': b'-- Up-to-date symlink: /home/dolphiinn/ros2_ws/install/px4_msgs/local/lib/python3.10/dist-packages/px4_msgs/msg/_control_allocator_status.py\n'}
[4.231096] (px4_msgs) StdoutLine: {'line': b'-- Up-to-date symlink: /home/dolphiinn/ros2_ws/install/px4_msgs/local/lib/python3.10/dist-packages/px4_msgs/msg/_control_allocator_status_s.c\n'}
[4.231401] (px4_msgs) StdoutLine: {'line': b'-- Up-to-date symlink: /home/dolphiinn/ros2_ws/install/px4_msgs/local/lib/python3.10/dist-packages/px4_msgs/msg/_cpuload.py\n'}
[4.231907] (px4_msgs) StdoutLine: {'line': b'-- Up-to-date symlink: /home/dolphiinn/ros2_ws/install/px4_msgs/local/lib/python3.10/dist-packages/px4_msgs/msg/_cpuload_s.c\n'}
[4.233940] (px4_msgs) StdoutLine: {'line': b'-- Up-to-date symlink: /home/dolphiinn/ros2_ws/install/px4_msgs/local/lib/python3.10/dist-packages/px4_msgs/msg/_dataman_request.py\n'}
[4.234288] (px4_msgs) StdoutLine: {'line': b'-- Up-to-date symlink: /home/dolphiinn/ros2_ws/install/px4_msgs/local/lib/python3.10/dist-packages/px4_msgs/msg/_dataman_request_s.c\n'}
[4.234490] (px4_msgs) StdoutLine: {'line': b'-- Up-to-date symlink: /home/dolphiinn/ros2_ws/install/px4_msgs/local/lib/python3.10/dist-packages/px4_msgs/msg/_dataman_response.py\n'}
[4.234672] (px4_msgs) StdoutLine: {'line': b'-- Up-to-date symlink: /home/dolphiinn/ros2_ws/install/px4_msgs/local/lib/python3.10/dist-packages/px4_msgs/msg/_dataman_response_s.c\n'}
[4.234842] (px4_msgs) StdoutLine: {'line': b'-- Up-to-date symlink: /home/dolphiinn/ros2_ws/install/px4_msgs/local/lib/python3.10/dist-packages/px4_msgs/msg/_debug_array.py\n'}
[4.235209] (px4_msgs) StdoutLine: {'line': b'-- Up-to-date symlink: /home/dolphiinn/ros2_ws/install/px4_msgs/local/lib/python3.10/dist-packages/px4_msgs/msg/_debug_array_s.c\n'}
[4.235501] (px4_msgs) StdoutLine: {'line': b'-- Up-to-date symlink: /home/dolphiinn/ros2_ws/install/px4_msgs/local/lib/python3.10/dist-packages/px4_msgs/msg/_debug_key_value.py\n'}
[4.236191] (px4_msgs) StdoutLine: {'line': b'-- Up-to-date symlink: /home/dolphiinn/ros2_ws/install/px4_msgs/local/lib/python3.10/dist-packages/px4_msgs/msg/_debug_key_value_s.c\n'}
[4.236335] (px4_msgs) StdoutLine: {'line': b'-- Up-to-date symlink: /home/dolphiinn/ros2_ws/install/px4_msgs/local/lib/python3.10/dist-packages/px4_msgs/msg/_debug_value.py\n'}
[4.236497] (px4_msgs) StdoutLine: {'line': b'-- Up-to-date symlink: /home/dolphiinn/ros2_ws/install/px4_msgs/local/lib/python3.10/dist-packages/px4_msgs/msg/_debug_value_s.c\n'}
[4.237332] (px4_msgs) StdoutLine: {'line': b'-- Up-to-date symlink: /home/dolphiinn/ros2_ws/install/px4_msgs/local/lib/python3.10/dist-packages/px4_msgs/msg/_debug_vect.py\n'}
[4.237491] (px4_msgs) StdoutLine: {'line': b'-- Up-to-date symlink: /home/dolphiinn/ros2_ws/install/px4_msgs/local/lib/python3.10/dist-packages/px4_msgs/msg/_debug_vect_s.c\n'}
[4.237658] (px4_msgs) StdoutLine: {'line': b'-- Up-to-date symlink: /home/dolphiinn/ros2_ws/install/px4_msgs/local/lib/python3.10/dist-packages/px4_msgs/msg/_differential_pressure.py\n'}
[4.237851] (px4_msgs) StdoutLine: {'line': b'-- Up-to-date symlink: /home/dolphiinn/ros2_ws/install/px4_msgs/local/lib/python3.10/dist-packages/px4_msgs/msg/_differential_pressure_s.c\n'}
[4.238097] (px4_msgs) StdoutLine: {'line': b'-- Up-to-date symlink: /home/dolphiinn/ros2_ws/install/px4_msgs/local/lib/python3.10/dist-packages/px4_msgs/msg/_distance_sensor.py\n'}
[4.240173] (px4_msgs) StdoutLine: {'line': b'-- Up-to-date symlink: /home/dolphiinn/ros2_ws/install/px4_msgs/local/lib/python3.10/dist-packages/px4_msgs/msg/_distance_sensor_mode_change_request.py\n'}
[4.240561] (px4_msgs) StdoutLine: {'line': b'-- Up-to-date symlink: /home/dolphiinn/ros2_ws/install/px4_msgs/local/lib/python3.10/dist-packages/px4_msgs/msg/_distance_sensor_mode_change_request_s.c\n'}
[4.240815] (px4_msgs) StdoutLine: {'line': b'-- Up-to-date symlink: /home/dolphiinn/ros2_ws/install/px4_msgs/local/lib/python3.10/dist-packages/px4_msgs/msg/_distance_sensor_s.c\n'}
[4.241200] (px4_msgs) StdoutLine: {'line': b'-- Up-to-date symlink: /home/dolphiinn/ros2_ws/install/px4_msgs/local/lib/python3.10/dist-packages/px4_msgs/msg/_dronecan_node_status.py\n'}
[4.241531] (px4_msgs) StdoutLine: {'line': b'-- Up-to-date symlink: /home/dolphiinn/ros2_ws/install/px4_msgs/local/lib/python3.10/dist-packages/px4_msgs/msg/_dronecan_node_status_s.c\n'}
[4.241859] (px4_msgs) StdoutLine: {'line': b'-- Up-to-date symlink: /home/dolphiinn/ros2_ws/install/px4_msgs/local/lib/python3.10/dist-packages/px4_msgs/msg/_ekf2_timestamps.py\n'}
[4.243578] (px4_msgs) StdoutLine: {'line': b'-- Up-to-date symlink: /home/dolphiinn/ros2_ws/install/px4_msgs/local/lib/python3.10/dist-packages/px4_msgs/msg/_ekf2_timestamps_s.c\n'}
[4.243934] (px4_msgs) StdoutLine: {'line': b'-- Up-to-date symlink: /home/dolphiinn/ros2_ws/install/px4_msgs/local/lib/python3.10/dist-packages/px4_msgs/msg/_esc_report.py\n'}
[4.244065] (px4_msgs) StdoutLine: {'line': b'-- Up-to-date symlink: /home/dolphiinn/ros2_ws/install/px4_msgs/local/lib/python3.10/dist-packages/px4_msgs/msg/_esc_report_s.c\n'}
[4.244163] (px4_msgs) StdoutLine: {'line': b'-- Up-to-date symlink: /home/dolphiinn/ros2_ws/install/px4_msgs/local/lib/python3.10/dist-packages/px4_msgs/msg/_esc_status.py\n'}
[4.244366] (px4_msgs) StdoutLine: {'line': b'-- Up-to-date symlink: /home/dolphiinn/ros2_ws/install/px4_msgs/local/lib/python3.10/dist-packages/px4_msgs/msg/_esc_status_s.c\n'}
[4.245234] (px4_msgs) StdoutLine: {'line': b'-- Up-to-date symlink: /home/dolphiinn/ros2_ws/install/px4_msgs/local/lib/python3.10/dist-packages/px4_msgs/msg/_estimator_aid_source1d.py\n'}
[4.245528] (px4_msgs) StdoutLine: {'line': b'-- Up-to-date symlink: /home/dolphiinn/ros2_ws/install/px4_msgs/local/lib/python3.10/dist-packages/px4_msgs/msg/_estimator_aid_source1d_s.c\n'}
[4.245977] (px4_msgs) StdoutLine: {'line': b'-- Up-to-date symlink: /home/dolphiinn/ros2_ws/install/px4_msgs/local/lib/python3.10/dist-packages/px4_msgs/msg/_estimator_aid_source2d.py\n'}
[4.246258] (px4_msgs) StdoutLine: {'line': b'-- Up-to-date symlink: /home/dolphiinn/ros2_ws/install/px4_msgs/local/lib/python3.10/dist-packages/px4_msgs/msg/_estimator_aid_source2d_s.c\n'}
[4.246645] (px4_msgs) StdoutLine: {'line': b'-- Up-to-date symlink: /home/dolphiinn/ros2_ws/install/px4_msgs/local/lib/python3.10/dist-packages/px4_msgs/msg/_estimator_aid_source3d.py\n'}
[4.247015] (px4_msgs) StdoutLine: {'line': b'-- Up-to-date symlink: /home/dolphiinn/ros2_ws/install/px4_msgs/local/lib/python3.10/dist-packages/px4_msgs/msg/_estimator_aid_source3d_s.c\n'}
[4.247939] (px4_msgs) StdoutLine: {'line': b'-- Up-to-date symlink: /home/dolphiinn/ros2_ws/install/px4_msgs/local/lib/python3.10/dist-packages/px4_msgs/msg/_estimator_bias.py\n'}
[4.248353] (px4_msgs) StdoutLine: {'line': b'-- Up-to-date symlink: /home/dolphiinn/ros2_ws/install/px4_msgs/local/lib/python3.10/dist-packages/px4_msgs/msg/_estimator_bias3d.py\n'}
[4.248655] (px4_msgs) StdoutLine: {'line': b'-- Up-to-date symlink: /home/dolphiinn/ros2_ws/install/px4_msgs/local/lib/python3.10/dist-packages/px4_msgs/msg/_estimator_bias3d_s.c\n'}
[4.249756] (px4_msgs) StdoutLine: {'line': b'-- Up-to-date symlink: /home/dolphiinn/ros2_ws/install/px4_msgs/local/lib/python3.10/dist-packages/px4_msgs/msg/_estimator_bias_s.c\n'}
[4.250239] (px4_msgs) StdoutLine: {'line': b'-- Up-to-date symlink: /home/dolphiinn/ros2_ws/install/px4_msgs/local/lib/python3.10/dist-packages/px4_msgs/msg/_estimator_event_flags.py\n'}
[4.250549] (px4_msgs) StdoutLine: {'line': b'-- Up-to-date symlink: /home/dolphiinn/ros2_ws/install/px4_msgs/local/lib/python3.10/dist-packages/px4_msgs/msg/_estimator_event_flags_s.c\n'}
[4.251024] (px4_msgs) StdoutLine: {'line': b'-- Up-to-date symlink: /home/dolphiinn/ros2_ws/install/px4_msgs/local/lib/python3.10/dist-packages/px4_msgs/msg/_estimator_gps_status.py\n'}
[4.251564] (px4_msgs) StdoutLine: {'line': b'-- Up-to-date symlink: /home/dolphiinn/ros2_ws/install/px4_msgs/local/lib/python3.10/dist-packages/px4_msgs/msg/_estimator_gps_status_s.c\n'}
[4.252569] (px4_msgs) StdoutLine: {'line': b'-- Up-to-date symlink: /home/dolphiinn/ros2_ws/install/px4_msgs/local/lib/python3.10/dist-packages/px4_msgs/msg/_estimator_innovations.py\n'}
[4.252806] (px4_msgs) StdoutLine: {'line': b'-- Up-to-date symlink: /home/dolphiinn/ros2_ws/install/px4_msgs/local/lib/python3.10/dist-packages/px4_msgs/msg/_estimator_innovations_s.c\n'}
[4.252927] (px4_msgs) StdoutLine: {'line': b'-- Up-to-date symlink: /home/dolphiinn/ros2_ws/install/px4_msgs/local/lib/python3.10/dist-packages/px4_msgs/msg/_estimator_selector_status.py\n'}
[4.253122] (px4_msgs) StdoutLine: {'line': b'-- Up-to-date symlink: /home/dolphiinn/ros2_ws/install/px4_msgs/local/lib/python3.10/dist-packages/px4_msgs/msg/_estimator_selector_status_s.c\n'}
[4.253380] (px4_msgs) StdoutLine: {'line': b'-- Up-to-date symlink: /home/dolphiinn/ros2_ws/install/px4_msgs/local/lib/python3.10/dist-packages/px4_msgs/msg/_estimator_sensor_bias.py\n'}
[4.254098] (px4_msgs) StdoutLine: {'line': b'-- Up-to-date symlink: /home/dolphiinn/ros2_ws/install/px4_msgs/local/lib/python3.10/dist-packages/px4_msgs/msg/_estimator_sensor_bias_s.c\n'}
[4.254800] (px4_msgs) StdoutLine: {'line': b'-- Up-to-date symlink: /home/dolphiinn/ros2_ws/install/px4_msgs/local/lib/python3.10/dist-packages/px4_msgs/msg/_estimator_states.py\n'}
[4.255066] (px4_msgs) StdoutLine: {'line': b'-- Up-to-date symlink: /home/dolphiinn/ros2_ws/install/px4_msgs/local/lib/python3.10/dist-packages/px4_msgs/msg/_estimator_states_s.c\n'}
[4.255282] (px4_msgs) StdoutLine: {'line': b'-- Up-to-date symlink: /home/dolphiinn/ros2_ws/install/px4_msgs/local/lib/python3.10/dist-packages/px4_msgs/msg/_estimator_status.py\n'}
[4.255716] (px4_msgs) StdoutLine: {'line': b'-- Up-to-date symlink: /home/dolphiinn/ros2_ws/install/px4_msgs/local/lib/python3.10/dist-packages/px4_msgs/msg/_estimator_status_flags.py\n'}
[4.256062] (px4_msgs) StdoutLine: {'line': b'-- Up-to-date symlink: /home/dolphiinn/ros2_ws/install/px4_msgs/local/lib/python3.10/dist-packages/px4_msgs/msg/_estimator_status_flags_s.c\n'}
[4.256332] (px4_msgs) StdoutLine: {'line': b'-- Up-to-date symlink: /home/dolphiinn/ros2_ws/install/px4_msgs/local/lib/python3.10/dist-packages/px4_msgs/msg/_estimator_status_s.c\n'}
[4.256685] (px4_msgs) StdoutLine: {'line': b'-- Up-to-date symlink: /home/dolphiinn/ros2_ws/install/px4_msgs/local/lib/python3.10/dist-packages/px4_msgs/msg/_event.py\n'}
[4.257123] (px4_msgs) StdoutLine: {'line': b'-- Up-to-date symlink: /home/dolphiinn/ros2_ws/install/px4_msgs/local/lib/python3.10/dist-packages/px4_msgs/msg/_event_s.c\n'}
[4.258236] (px4_msgs) StdoutLine: {'line': b'-- Up-to-date symlink: /home/dolphiinn/ros2_ws/install/px4_msgs/local/lib/python3.10/dist-packages/px4_msgs/msg/_failsafe_flags.py\n'}
[4.259391] (px4_msgs) StdoutLine: {'line': b'-- Up-to-date symlink: /home/dolphiinn/ros2_ws/install/px4_msgs/local/lib/python3.10/dist-packages/px4_msgs/msg/_failsafe_flags_s.c\n'}
[4.259741] (px4_msgs) StdoutLine: {'line': b'-- Up-to-date symlink: /home/dolphiinn/ros2_ws/install/px4_msgs/local/lib/python3.10/dist-packages/px4_msgs/msg/_failure_detector_status.py\n'}
[4.259996] (px4_msgs) StdoutLine: {'line': b'-- Up-to-date symlink: /home/dolphiinn/ros2_ws/install/px4_msgs/local/lib/python3.10/dist-packages/px4_msgs/msg/_failure_detector_status_s.c\n'}
[4.260299] (px4_msgs) StdoutLine: {'line': b'-- Up-to-date symlink: /home/dolphiinn/ros2_ws/install/px4_msgs/local/lib/python3.10/dist-packages/px4_msgs/msg/_figure_eight_status.py\n'}
[4.260709] (px4_msgs) StdoutLine: {'line': b'-- Up-to-date symlink: /home/dolphiinn/ros2_ws/install/px4_msgs/local/lib/python3.10/dist-packages/px4_msgs/msg/_figure_eight_status_s.c\n'}
[4.261153] (px4_msgs) StdoutLine: {'line': b'-- Up-to-date symlink: /home/dolphiinn/ros2_ws/install/px4_msgs/local/lib/python3.10/dist-packages/px4_msgs/msg/_fixed_wing_lateral_guidance_status.py\n'}
[4.261579] (px4_msgs) StdoutLine: {'line': b'-- Up-to-date symlink: /home/dolphiinn/ros2_ws/install/px4_msgs/local/lib/python3.10/dist-packages/px4_msgs/msg/_fixed_wing_lateral_guidance_status_s.c\n'}
[4.261858] (px4_msgs) StdoutLine: {'line': b'-- Up-to-date symlink: /home/dolphiinn/ros2_ws/install/px4_msgs/local/lib/python3.10/dist-packages/px4_msgs/msg/_fixed_wing_lateral_setpoint.py\n'}
[4.262404] (px4_msgs) StdoutLine: {'line': b'-- Up-to-date symlink: /home/dolphiinn/ros2_ws/install/px4_msgs/local/lib/python3.10/dist-packages/px4_msgs/msg/_fixed_wing_lateral_setpoint_s.c\n'}
[4.262795] (px4_msgs) StdoutLine: {'line': b'-- Up-to-date symlink: /home/dolphiinn/ros2_ws/install/px4_msgs/local/lib/python3.10/dist-packages/px4_msgs/msg/_fixed_wing_lateral_status.py\n'}
[4.263160] (px4_msgs) StdoutLine: {'line': b'-- Up-to-date symlink: /home/dolphiinn/ros2_ws/install/px4_msgs/local/lib/python3.10/dist-packages/px4_msgs/msg/_fixed_wing_lateral_status_s.c\n'}
[4.264086] (px4_msgs) StdoutLine: {'line': b'-- Up-to-date symlink: /home/dolphiinn/ros2_ws/install/px4_msgs/local/lib/python3.10/dist-packages/px4_msgs/msg/_fixed_wing_longitudinal_setpoint.py\n'}
[4.264487] (px4_msgs) StdoutLine: {'line': b'-- Up-to-date symlink: /home/dolphiinn/ros2_ws/install/px4_msgs/local/lib/python3.10/dist-packages/px4_msgs/msg/_fixed_wing_longitudinal_setpoint_s.c\n'}
[4.264658] (px4_msgs) StdoutLine: {'line': b'-- Up-to-date symlink: /home/dolphiinn/ros2_ws/install/px4_msgs/local/lib/python3.10/dist-packages/px4_msgs/msg/_fixed_wing_runway_control.py\n'}
[4.264898] (px4_msgs) StdoutLine: {'line': b'-- Up-to-date symlink: /home/dolphiinn/ros2_ws/install/px4_msgs/local/lib/python3.10/dist-packages/px4_msgs/msg/_fixed_wing_runway_control_s.c\n'}
[4.265074] (px4_msgs) StdoutLine: {'line': b'-- Up-to-date symlink: /home/dolphiinn/ros2_ws/install/px4_msgs/local/lib/python3.10/dist-packages/px4_msgs/msg/_flight_phase_estimation.py\n'}
[4.265323] (px4_msgs) StdoutLine: {'line': b'-- Up-to-date symlink: /home/dolphiinn/ros2_ws/install/px4_msgs/local/lib/python3.10/dist-packages/px4_msgs/msg/_flight_phase_estimation_s.c\n'}
[4.265598] (px4_msgs) StdoutLine: {'line': b'-- Up-to-date symlink: /home/dolphiinn/ros2_ws/install/px4_msgs/local/lib/python3.10/dist-packages/px4_msgs/msg/_follow_target.py\n'}
[4.266168] (px4_msgs) StdoutLine: {'line': b'-- Up-to-date symlink: /home/dolphiinn/ros2_ws/install/px4_msgs/local/lib/python3.10/dist-packages/px4_msgs/msg/_follow_target_estimator.py\n'}
[4.266919] (px4_msgs) StdoutLine: {'line': b'-- Up-to-date symlink: /home/dolphiinn/ros2_ws/install/px4_msgs/local/lib/python3.10/dist-packages/px4_msgs/msg/_follow_target_estimator_s.c\n'}
[4.267585] (px4_msgs) StdoutLine: {'line': b'-- Up-to-date symlink: /home/dolphiinn/ros2_ws/install/px4_msgs/local/lib/python3.10/dist-packages/px4_msgs/msg/_follow_target_s.c\n'}
[4.267971] (px4_msgs) StdoutLine: {'line': b'-- Up-to-date symlink: /home/dolphiinn/ros2_ws/install/px4_msgs/local/lib/python3.10/dist-packages/px4_msgs/msg/_follow_target_status.py\n'}
[4.268279] (px4_msgs) StdoutLine: {'line': b'-- Up-to-date symlink: /home/dolphiinn/ros2_ws/install/px4_msgs/local/lib/python3.10/dist-packages/px4_msgs/msg/_follow_target_status_s.c\n'}
[4.268465] (px4_msgs) StdoutLine: {'line': b'-- Up-to-date symlink: /home/dolphiinn/ros2_ws/install/px4_msgs/local/lib/python3.10/dist-packages/px4_msgs/msg/_fuel_tank_status.py\n'}
[4.268700] (px4_msgs) StdoutLine: {'line': b'-- Up-to-date symlink: /home/dolphiinn/ros2_ws/install/px4_msgs/local/lib/python3.10/dist-packages/px4_msgs/msg/_fuel_tank_status_s.c\n'}
[4.268997] (px4_msgs) StdoutLine: {'line': b'-- Up-to-date symlink: /home/dolphiinn/ros2_ws/install/px4_msgs/local/lib/python3.10/dist-packages/px4_msgs/msg/_generator_status.py\n'}
[4.269343] (px4_msgs) StdoutLine: {'line': b'-- Up-to-date symlink: /home/dolphiinn/ros2_ws/install/px4_msgs/local/lib/python3.10/dist-packages/px4_msgs/msg/_generator_status_s.c\n'}
[4.270069] (px4_msgs) StdoutLine: {'line': b'-- Up-to-date symlink: /home/dolphiinn/ros2_ws/install/px4_msgs/local/lib/python3.10/dist-packages/px4_msgs/msg/_geofence_result.py\n'}
[4.270661] (px4_msgs) StdoutLine: {'line': b'-- Up-to-date symlink: /home/dolphiinn/ros2_ws/install/px4_msgs/local/lib/python3.10/dist-packages/px4_msgs/msg/_geofence_result_s.c\n'}
[4.271052] (px4_msgs) StdoutLine: {'line': b'-- Up-to-date symlink: /home/dolphiinn/ros2_ws/install/px4_msgs/local/lib/python3.10/dist-packages/px4_msgs/msg/_geofence_status.py\n'}
[4.271431] (px4_msgs) StdoutLine: {'line': b'-- Up-to-date symlink: /home/dolphiinn/ros2_ws/install/px4_msgs/local/lib/python3.10/dist-packages/px4_msgs/msg/_geofence_status_s.c\n'}
[4.271829] (px4_msgs) StdoutLine: {'line': b'-- Up-to-date symlink: /home/dolphiinn/ros2_ws/install/px4_msgs/local/lib/python3.10/dist-packages/px4_msgs/msg/_gimbal_controls.py\n'}
[4.272069] (px4_msgs) StdoutLine: {'line': b'-- Up-to-date symlink: /home/dolphiinn/ros2_ws/install/px4_msgs/local/lib/python3.10/dist-packages/px4_msgs/msg/_gimbal_controls_s.c\n'}
[4.272298] (px4_msgs) StdoutLine: {'line': b'-- Up-to-date symlink: /home/dolphiinn/ros2_ws/install/px4_msgs/local/lib/python3.10/dist-packages/px4_msgs/msg/_gimbal_device_attitude_status.py\n'}
[4.272729] (px4_msgs) StdoutLine: {'line': b'-- Up-to-date symlink: /home/dolphiinn/ros2_ws/install/px4_msgs/local/lib/python3.10/dist-packages/px4_msgs/msg/_gimbal_device_attitude_status_s.c\n'}
[4.273019] (px4_msgs) StdoutLine: {'line': b'-- Up-to-date symlink: /home/dolphiinn/ros2_ws/install/px4_msgs/local/lib/python3.10/dist-packages/px4_msgs/msg/_gimbal_device_information.py\n'}
[4.273280] (px4_msgs) StdoutLine: {'line': b'-- Up-to-date symlink: /home/dolphiinn/ros2_ws/install/px4_msgs/local/lib/python3.10/dist-packages/px4_msgs/msg/_gimbal_device_information_s.c\n'}
[4.273595] (px4_msgs) StdoutLine: {'line': b'-- Up-to-date symlink: /home/dolphiinn/ros2_ws/install/px4_msgs/local/lib/python3.10/dist-packages/px4_msgs/msg/_gimbal_device_set_attitude.py\n'}
[4.274157] (px4_msgs) StdoutLine: {'line': b'-- Up-to-date symlink: /home/dolphiinn/ros2_ws/install/px4_msgs/local/lib/python3.10/dist-packages/px4_msgs/msg/_gimbal_device_set_attitude_s.c\n'}
[4.274496] (px4_msgs) StdoutLine: {'line': b'-- Up-to-date symlink: /home/dolphiinn/ros2_ws/install/px4_msgs/local/lib/python3.10/dist-packages/px4_msgs/msg/_gimbal_manager_information.py\n'}
[4.274886] (px4_msgs) StdoutLine: {'line': b'-- Up-to-date symlink: /home/dolphiinn/ros2_ws/install/px4_msgs/local/lib/python3.10/dist-packages/px4_msgs/msg/_gimbal_manager_information_s.c\n'}
[4.275210] (px4_msgs) StdoutLine: {'line': b'-- Up-to-date symlink: /home/dolphiinn/ros2_ws/install/px4_msgs/local/lib/python3.10/dist-packages/px4_msgs/msg/_gimbal_manager_set_attitude.py\n'}
[4.275558] (px4_msgs) StdoutLine: {'line': b'-- Up-to-date symlink: /home/dolphiinn/ros2_ws/install/px4_msgs/local/lib/python3.10/dist-packages/px4_msgs/msg/_gimbal_manager_set_attitude_s.c\n'}
[4.275809] (px4_msgs) StdoutLine: {'line': b'-- Up-to-date symlink: /home/dolphiinn/ros2_ws/install/px4_msgs/local/lib/python3.10/dist-packages/px4_msgs/msg/_gimbal_manager_set_manual_control.py\n'}
[4.276108] (px4_msgs) StdoutLine: {'line': b'-- Up-to-date symlink: /home/dolphiinn/ros2_ws/install/px4_msgs/local/lib/python3.10/dist-packages/px4_msgs/msg/_gimbal_manager_set_manual_control_s.c\n'}
[4.276361] (px4_msgs) StdoutLine: {'line': b'-- Up-to-date symlink: /home/dolphiinn/ros2_ws/install/px4_msgs/local/lib/python3.10/dist-packages/px4_msgs/msg/_gimbal_manager_status.py\n'}
[4.276921] (px4_msgs) StdoutLine: {'line': b'-- Up-to-date symlink: /home/dolphiinn/ros2_ws/install/px4_msgs/local/lib/python3.10/dist-packages/px4_msgs/msg/_gimbal_manager_status_s.c\n'}
[4.277386] (px4_msgs) StdoutLine: {'line': b'-- Up-to-date symlink: /home/dolphiinn/ros2_ws/install/px4_msgs/local/lib/python3.10/dist-packages/px4_msgs/msg/_goto_setpoint.py\n'}
[4.277821] (px4_msgs) StdoutLine: {'line': b'-- Up-to-date symlink: /home/dolphiinn/ros2_ws/install/px4_msgs/local/lib/python3.10/dist-packages/px4_msgs/msg/_goto_setpoint_s.c\n'}
[4.278293] (px4_msgs) StdoutLine: {'line': b'-- Up-to-date symlink: /home/dolphiinn/ros2_ws/install/px4_msgs/local/lib/python3.10/dist-packages/px4_msgs/msg/_gpio_config.py\n'}
[4.279026] (px4_msgs) StdoutLine: {'line': b'-- Up-to-date symlink: /home/dolphiinn/ros2_ws/install/px4_msgs/local/lib/python3.10/dist-packages/px4_msgs/msg/_gpio_config_s.c\n'}
[4.279372] (px4_msgs) StdoutLine: {'line': b'-- Up-to-date symlink: /home/dolphiinn/ros2_ws/install/px4_msgs/local/lib/python3.10/dist-packages/px4_msgs/msg/_gpio_in.py\n'}
[4.279704] (px4_msgs) StdoutLine: {'line': b'-- Up-to-date symlink: /home/dolphiinn/ros2_ws/install/px4_msgs/local/lib/python3.10/dist-packages/px4_msgs/msg/_gpio_in_s.c\n'}
[4.280863] (px4_msgs) StdoutLine: {'line': b'-- Up-to-date symlink: /home/dolphiinn/ros2_ws/install/px4_msgs/local/lib/python3.10/dist-packages/px4_msgs/msg/_gpio_out.py\n'}
[4.281049] (px4_msgs) StdoutLine: {'line': b'-- Up-to-date symlink: /home/dolphiinn/ros2_ws/install/px4_msgs/local/lib/python3.10/dist-packages/px4_msgs/msg/_gpio_out_s.c\n'}
[4.281263] (px4_msgs) StdoutLine: {'line': b'-- Up-to-date symlink: /home/dolphiinn/ros2_ws/install/px4_msgs/local/lib/python3.10/dist-packages/px4_msgs/msg/_gpio_request.py\n'}
[4.282066] (px4_msgs) StdoutLine: {'line': b'-- Up-to-date symlink: /home/dolphiinn/ros2_ws/install/px4_msgs/local/lib/python3.10/dist-packages/px4_msgs/msg/_gpio_request_s.c\n'}
[4.282412] (px4_msgs) StdoutLine: {'line': b'-- Up-to-date symlink: /home/dolphiinn/ros2_ws/install/px4_msgs/local/lib/python3.10/dist-packages/px4_msgs/msg/_gps_dump.py\n'}
[4.282629] (px4_msgs) StdoutLine: {'line': b'-- Up-to-date symlink: /home/dolphiinn/ros2_ws/install/px4_msgs/local/lib/python3.10/dist-packages/px4_msgs/msg/_gps_dump_s.c\n'}
[4.283194] (px4_msgs) StdoutLine: {'line': b'-- Up-to-date symlink: /home/dolphiinn/ros2_ws/install/px4_msgs/local/lib/python3.10/dist-packages/px4_msgs/msg/_gps_inject_data.py\n'}
[4.284197] (px4_msgs) StdoutLine: {'line': b'-- Up-to-date symlink: /home/dolphiinn/ros2_ws/install/px4_msgs/local/lib/python3.10/dist-packages/px4_msgs/msg/_gps_inject_data_s.c\n'}
[4.284421] (px4_msgs) StdoutLine: {'line': b'-- Up-to-date symlink: /home/dolphiinn/ros2_ws/install/px4_msgs/local/lib/python3.10/dist-packages/px4_msgs/msg/_gripper.py\n'}
[4.284723] (px4_msgs) StdoutLine: {'line': b'-- Up-to-date symlink: /home/dolphiinn/ros2_ws/install/px4_msgs/local/lib/python3.10/dist-packages/px4_msgs/msg/_gripper_s.c\n'}
[4.285043] (px4_msgs) StdoutLine: {'line': b'-- Up-to-date symlink: /home/dolphiinn/ros2_ws/install/px4_msgs/local/lib/python3.10/dist-packages/px4_msgs/msg/_health_report.py\n'}
[4.285559] (px4_msgs) StdoutLine: {'line': b'-- Up-to-date symlink: /home/dolphiinn/ros2_ws/install/px4_msgs/local/lib/python3.10/dist-packages/px4_msgs/msg/_health_report_s.c\n'}
[4.286392] (px4_msgs) StdoutLine: {'line': b'-- Up-to-date symlink: /home/dolphiinn/ros2_ws/install/px4_msgs/local/lib/python3.10/dist-packages/px4_msgs/msg/_heater_status.py\n'}
[4.286929] (px4_msgs) StdoutLine: {'line': b'-- Up-to-date symlink: /home/dolphiinn/ros2_ws/install/px4_msgs/local/lib/python3.10/dist-packages/px4_msgs/msg/_heater_status_s.c\n'}
[4.287339] (px4_msgs) StdoutLine: {'line': b'-- Up-to-date symlink: /home/dolphiinn/ros2_ws/install/px4_msgs/local/lib/python3.10/dist-packages/px4_msgs/msg/_home_position.py\n'}
[4.287614] (px4_msgs) StdoutLine: {'line': b'-- Up-to-date symlink: /home/dolphiinn/ros2_ws/install/px4_msgs/local/lib/python3.10/dist-packages/px4_msgs/msg/_home_position_s.c\n'}
[4.287948] (px4_msgs) StdoutLine: {'line': b'-- Up-to-date symlink: /home/dolphiinn/ros2_ws/install/px4_msgs/local/lib/python3.10/dist-packages/px4_msgs/msg/_hover_thrust_estimate.py\n'}
[4.288300] (px4_msgs) StdoutLine: {'line': b'-- Up-to-date symlink: /home/dolphiinn/ros2_ws/install/px4_msgs/local/lib/python3.10/dist-packages/px4_msgs/msg/_hover_thrust_estimate_s.c\n'}
[4.288748] (px4_msgs) StdoutLine: {'line': b'-- Up-to-date symlink: /home/dolphiinn/ros2_ws/install/px4_msgs/local/lib/python3.10/dist-packages/px4_msgs/msg/_input_rc.py\n'}
[4.289343] (px4_msgs) StdoutLine: {'line': b'-- Up-to-date symlink: /home/dolphiinn/ros2_ws/install/px4_msgs/local/lib/python3.10/dist-packages/px4_msgs/msg/_input_rc_s.c\n'}
[4.289859] (px4_msgs) StdoutLine: {'line': b'-- Up-to-date symlink: /home/dolphiinn/ros2_ws/install/px4_msgs/local/lib/python3.10/dist-packages/px4_msgs/msg/_internal_combustion_engine_control.py\n'}
[4.290499] (px4_msgs) StdoutLine: {'line': b'-- Up-to-date symlink: /home/dolphiinn/ros2_ws/install/px4_msgs/local/lib/python3.10/dist-packages/px4_msgs/msg/_internal_combustion_engine_control_s.c\n'}
[4.290949] (px4_msgs) StdoutLine: {'line': b'-- Up-to-date symlink: /home/dolphiinn/ros2_ws/install/px4_msgs/local/lib/python3.10/dist-packages/px4_msgs/msg/_internal_combustion_engine_status.py\n'}
[4.291298] (px4_msgs) StdoutLine: {'line': b'-- Up-to-date symlink: /home/dolphiinn/ros2_ws/install/px4_msgs/local/lib/python3.10/dist-packages/px4_msgs/msg/_internal_combustion_engine_status_s.c\n'}
[4.291679] (px4_msgs) StdoutLine: {'line': b'-- Up-to-date symlink: /home/dolphiinn/ros2_ws/install/px4_msgs/local/lib/python3.10/dist-packages/px4_msgs/msg/_iridiumsbd_status.py\n'}
[4.292086] (px4_msgs) StdoutLine: {'line': b'-- Up-to-date symlink: /home/dolphiinn/ros2_ws/install/px4_msgs/local/lib/python3.10/dist-packages/px4_msgs/msg/_iridiumsbd_status_s.c\n'}
[4.292340] (px4_msgs) StdoutLine: {'line': b'-- Up-to-date symlink: /home/dolphiinn/ros2_ws/install/px4_msgs/local/lib/python3.10/dist-packages/px4_msgs/msg/_irlock_report.py\n'}
[4.292625] (px4_msgs) StdoutLine: {'line': b'-- Up-to-date symlink: /home/dolphiinn/ros2_ws/install/px4_msgs/local/lib/python3.10/dist-packages/px4_msgs/msg/_irlock_report_s.c\n'}
[4.292982] (px4_msgs) StdoutLine: {'line': b'-- Up-to-date symlink: /home/dolphiinn/ros2_ws/install/px4_msgs/local/lib/python3.10/dist-packages/px4_msgs/msg/_landing_gear.py\n'}
[4.293354] (px4_msgs) StdoutLine: {'line': b'-- Up-to-date symlink: /home/dolphiinn/ros2_ws/install/px4_msgs/local/lib/python3.10/dist-packages/px4_msgs/msg/_landing_gear_s.c\n'}
[4.293823] (px4_msgs) StdoutLine: {'line': b'-- Up-to-date symlink: /home/dolphiinn/ros2_ws/install/px4_msgs/local/lib/python3.10/dist-packages/px4_msgs/msg/_landing_gear_wheel.py\n'}
[4.294220] (px4_msgs) StdoutLine: {'line': b'-- Up-to-date symlink: /home/dolphiinn/ros2_ws/install/px4_msgs/local/lib/python3.10/dist-packages/px4_msgs/msg/_landing_gear_wheel_s.c\n'}
[4.294631] (px4_msgs) StdoutLine: {'line': b'-- Up-to-date symlink: /home/dolphiinn/ros2_ws/install/px4_msgs/local/lib/python3.10/dist-packages/px4_msgs/msg/_landing_target_innovations.py\n'}
[4.294945] (px4_msgs) StdoutLine: {'line': b'-- Up-to-date symlink: /home/dolphiinn/ros2_ws/install/px4_msgs/local/lib/python3.10/dist-packages/px4_msgs/msg/_landing_target_innovations_s.c\n'}
[4.295172] (px4_msgs) StdoutLine: {'line': b'-- Up-to-date symlink: /home/dolphiinn/ros2_ws/install/px4_msgs/local/lib/python3.10/dist-packages/px4_msgs/msg/_landing_target_pose.py\n'}
[4.295512] (px4_msgs) StdoutLine: {'line': b'-- Up-to-date symlink: /home/dolphiinn/ros2_ws/install/px4_msgs/local/lib/python3.10/dist-packages/px4_msgs/msg/_landing_target_pose_s.c\n'}
[4.295955] (px4_msgs) StdoutLine: {'line': b'-- Up-to-date symlink: /home/dolphiinn/ros2_ws/install/px4_msgs/local/lib/python3.10/dist-packages/px4_msgs/msg/_lateral_control_configuration.py\n'}
[4.296383] (px4_msgs) StdoutLine: {'line': b'-- Up-to-date symlink: /home/dolphiinn/ros2_ws/install/px4_msgs/local/lib/python3.10/dist-packages/px4_msgs/msg/_lateral_control_configuration_s.c\n'}
[4.296764] (px4_msgs) StdoutLine: {'line': b'-- Up-to-date symlink: /home/dolphiinn/ros2_ws/install/px4_msgs/local/lib/python3.10/dist-packages/px4_msgs/msg/_launch_detection_status.py\n'}
[4.297353] (px4_msgs) StdoutLine: {'line': b'-- Up-to-date symlink: /home/dolphiinn/ros2_ws/install/px4_msgs/local/lib/python3.10/dist-packages/px4_msgs/msg/_launch_detection_status_s.c\n'}
[4.298686] (px4_msgs) StdoutLine: {'line': b'-- Up-to-date symlink: /home/dolphiinn/ros2_ws/install/px4_msgs/local/lib/python3.10/dist-packages/px4_msgs/msg/_led_control.py\n'}
[4.299060] (px4_msgs) StdoutLine: {'line': b'-- Up-to-date symlink: /home/dolphiinn/ros2_ws/install/px4_msgs/local/lib/python3.10/dist-packages/px4_msgs/msg/_led_control_s.c\n'}
[4.299219] (px4_msgs) StdoutLine: {'line': b'-- Up-to-date symlink: /home/dolphiinn/ros2_ws/install/px4_msgs/local/lib/python3.10/dist-packages/px4_msgs/msg/_log_message.py\n'}
[4.299522] (px4_msgs) StdoutLine: {'line': b'-- Up-to-date symlink: /home/dolphiinn/ros2_ws/install/px4_msgs/local/lib/python3.10/dist-packages/px4_msgs/msg/_log_message_s.c\n'}
[4.299797] (px4_msgs) StdoutLine: {'line': b'-- Up-to-date symlink: /home/dolphiinn/ros2_ws/install/px4_msgs/local/lib/python3.10/dist-packages/px4_msgs/msg/_logger_status.py\n'}
[4.300128] (px4_msgs) StdoutLine: {'line': b'-- Up-to-date symlink: /home/dolphiinn/ros2_ws/install/px4_msgs/local/lib/python3.10/dist-packages/px4_msgs/msg/_logger_status_s.c\n'}
[4.300427] (px4_msgs) StdoutLine: {'line': b'-- Up-to-date symlink: /home/dolphiinn/ros2_ws/install/px4_msgs/local/lib/python3.10/dist-packages/px4_msgs/msg/_longitudinal_control_configuration.py\n'}
[4.300838] (px4_msgs) StdoutLine: {'line': b'-- Up-to-date symlink: /home/dolphiinn/ros2_ws/install/px4_msgs/local/lib/python3.10/dist-packages/px4_msgs/msg/_longitudinal_control_configuration_s.c\n'}
[4.301152] (px4_msgs) StdoutLine: {'line': b'-- Up-to-date symlink: /home/dolphiinn/ros2_ws/install/px4_msgs/local/lib/python3.10/dist-packages/px4_msgs/msg/_mag_worker_data.py\n'}
[4.301483] (px4_msgs) StdoutLine: {'line': b'-- Up-to-date symlink: /home/dolphiinn/ros2_ws/install/px4_msgs/local/lib/python3.10/dist-packages/px4_msgs/msg/_mag_worker_data_s.c\n'}
[4.301873] (px4_msgs) StdoutLine: {'line': b'-- Up-to-date symlink: /home/dolphiinn/ros2_ws/install/px4_msgs/local/lib/python3.10/dist-packages/px4_msgs/msg/_magnetometer_bias_estimate.py\n'}
[4.302430] (px4_msgs) StdoutLine: {'line': b'-- Up-to-date symlink: /home/dolphiinn/ros2_ws/install/px4_msgs/local/lib/python3.10/dist-packages/px4_msgs/msg/_magnetometer_bias_estimate_s.c\n'}
[4.302756] (px4_msgs) StdoutLine: {'line': b'-- Up-to-date symlink: /home/dolphiinn/ros2_ws/install/px4_msgs/local/lib/python3.10/dist-packages/px4_msgs/msg/_manual_control_setpoint.py\n'}
[4.303022] (px4_msgs) StdoutLine: {'line': b'-- Up-to-date symlink: /home/dolphiinn/ros2_ws/install/px4_msgs/local/lib/python3.10/dist-packages/px4_msgs/msg/_manual_control_setpoint_s.c\n'}
[4.303262] (px4_msgs) StdoutLine: {'line': b'-- Up-to-date symlink: /home/dolphiinn/ros2_ws/install/px4_msgs/local/lib/python3.10/dist-packages/px4_msgs/msg/_manual_control_switches.py\n'}
[4.303750] (px4_msgs) StdoutLine: {'line': b'-- Up-to-date symlink: /home/dolphiinn/ros2_ws/install/px4_msgs/local/lib/python3.10/dist-packages/px4_msgs/msg/_manual_control_switches_s.c\n'}
[4.304303] (px4_msgs) StdoutLine: {'line': b'-- Up-to-date symlink: /home/dolphiinn/ros2_ws/install/px4_msgs/local/lib/python3.10/dist-packages/px4_msgs/msg/_mavlink_log.py\n'}
[4.304669] (px4_msgs) StdoutLine: {'line': b'-- Up-to-date symlink: /home/dolphiinn/ros2_ws/install/px4_msgs/local/lib/python3.10/dist-packages/px4_msgs/msg/_mavlink_log_s.c\n'}
[4.305069] (px4_msgs) StdoutLine: {'line': b'-- Up-to-date symlink: /home/dolphiinn/ros2_ws/install/px4_msgs/local/lib/python3.10/dist-packages/px4_msgs/msg/_mavlink_tunnel.py\n'}
[4.305542] (px4_msgs) StdoutLine: {'line': b'-- Up-to-date symlink: /home/dolphiinn/ros2_ws/install/px4_msgs/local/lib/python3.10/dist-packages/px4_msgs/msg/_mavlink_tunnel_s.c\n'}
[4.306221] (px4_msgs) StdoutLine: {'line': b'-- Up-to-date symlink: /home/dolphiinn/ros2_ws/install/px4_msgs/local/lib/python3.10/dist-packages/px4_msgs/msg/_message_format_request.py\n'}
[4.306668] (px4_msgs) StdoutLine: {'line': b'-- Up-to-date symlink: /home/dolphiinn/ros2_ws/install/px4_msgs/local/lib/python3.10/dist-packages/px4_msgs/msg/_message_format_request_s.c\n'}
[4.306956] (px4_msgs) StdoutLine: {'line': b'-- Up-to-date symlink: /home/dolphiinn/ros2_ws/install/px4_msgs/local/lib/python3.10/dist-packages/px4_msgs/msg/_message_format_response.py\n'}
[4.307149] (px4_msgs) StdoutLine: {'line': b'-- Up-to-date symlink: /home/dolphiinn/ros2_ws/install/px4_msgs/local/lib/python3.10/dist-packages/px4_msgs/msg/_message_format_response_s.c\n'}
[4.307360] (px4_msgs) StdoutLine: {'line': b'-- Up-to-date symlink: /home/dolphiinn/ros2_ws/install/px4_msgs/local/lib/python3.10/dist-packages/px4_msgs/msg/_mission.py\n'}
[4.307692] (px4_msgs) StdoutLine: {'line': b'-- Up-to-date symlink: /home/dolphiinn/ros2_ws/install/px4_msgs/local/lib/python3.10/dist-packages/px4_msgs/msg/_mission_result.py\n'}
[4.308048] (px4_msgs) StdoutLine: {'line': b'-- Up-to-date symlink: /home/dolphiinn/ros2_ws/install/px4_msgs/local/lib/python3.10/dist-packages/px4_msgs/msg/_mission_result_s.c\n'}
[4.308312] (px4_msgs) StdoutLine: {'line': b'-- Up-to-date symlink: /home/dolphiinn/ros2_ws/install/px4_msgs/local/lib/python3.10/dist-packages/px4_msgs/msg/_mission_s.c\n'}
[4.308614] (px4_msgs) StdoutLine: {'line': b'-- Up-to-date symlink: /home/dolphiinn/ros2_ws/install/px4_msgs/local/lib/python3.10/dist-packages/px4_msgs/msg/_mode_completed.py\n'}
[4.309058] (px4_msgs) StdoutLine: {'line': b'-- Up-to-date symlink: /home/dolphiinn/ros2_ws/install/px4_msgs/local/lib/python3.10/dist-packages/px4_msgs/msg/_mode_completed_s.c\n'}
[4.309571] (px4_msgs) StdoutLine: {'line': b'-- Up-to-date symlink: /home/dolphiinn/ros2_ws/install/px4_msgs/local/lib/python3.10/dist-packages/px4_msgs/msg/_mount_orientation.py\n'}
[4.310025] (px4_msgs) StdoutLine: {'line': b'-- Up-to-date symlink: /home/dolphiinn/ros2_ws/install/px4_msgs/local/lib/python3.10/dist-packages/px4_msgs/msg/_mount_orientation_s.c\n'}
[4.310433] (px4_msgs) StdoutLine: {'line': b'-- Up-to-date symlink: /home/dolphiinn/ros2_ws/install/px4_msgs/local/lib/python3.10/dist-packages/px4_msgs/msg/_navigator_mission_item.py\n'}
[4.310803] (px4_msgs) StdoutLine: {'line': b'-- Up-to-date symlink: /home/dolphiinn/ros2_ws/install/px4_msgs/local/lib/python3.10/dist-packages/px4_msgs/msg/_navigator_mission_item_s.c\n'}
[4.311164] (px4_msgs) StdoutLine: {'line': b'-- Up-to-date symlink: /home/dolphiinn/ros2_ws/install/px4_msgs/local/lib/python3.10/dist-packages/px4_msgs/msg/_navigator_status.py\n'}
[4.311487] (px4_msgs) StdoutLine: {'line': b'-- Up-to-date symlink: /home/dolphiinn/ros2_ws/install/px4_msgs/local/lib/python3.10/dist-packages/px4_msgs/msg/_navigator_status_s.c\n'}
[4.311745] (-) TimerEvent: {}
[4.311946] (px4_msgs) StdoutLine: {'line': b'-- Up-to-date symlink: /home/dolphiinn/ros2_ws/install/px4_msgs/local/lib/python3.10/dist-packages/px4_msgs/msg/_neural_control.py\n'}
[4.312110] (px4_msgs) StdoutLine: {'line': b'-- Up-to-date symlink: /home/dolphiinn/ros2_ws/install/px4_msgs/local/lib/python3.10/dist-packages/px4_msgs/msg/_neural_control_s.c\n'}
[4.312278] (px4_msgs) StdoutLine: {'line': b'-- Up-to-date symlink: /home/dolphiinn/ros2_ws/install/px4_msgs/local/lib/python3.10/dist-packages/px4_msgs/msg/_normalized_unsigned_setpoint.py\n'}
[4.312625] (px4_msgs) StdoutLine: {'line': b'-- Up-to-date symlink: /home/dolphiinn/ros2_ws/install/px4_msgs/local/lib/python3.10/dist-packages/px4_msgs/msg/_normalized_unsigned_setpoint_s.c\n'}
[4.313142] (px4_msgs) StdoutLine: {'line': b'-- Up-to-date symlink: /home/dolphiinn/ros2_ws/install/px4_msgs/local/lib/python3.10/dist-packages/px4_msgs/msg/_obstacle_distance.py\n'}
[4.313441] (px4_msgs) StdoutLine: {'line': b'-- Up-to-date symlink: /home/dolphiinn/ros2_ws/install/px4_msgs/local/lib/python3.10/dist-packages/px4_msgs/msg/_obstacle_distance_s.c\n'}
[4.314834] (px4_msgs) StdoutLine: {'line': b'-- Up-to-date symlink: /home/dolphiinn/ros2_ws/install/px4_msgs/local/lib/python3.10/dist-packages/px4_msgs/msg/_offboard_control_mode.py\n'}
[4.315176] (px4_msgs) StdoutLine: {'line': b'-- Up-to-date symlink: /home/dolphiinn/ros2_ws/install/px4_msgs/local/lib/python3.10/dist-packages/px4_msgs/msg/_offboard_control_mode_s.c\n'}
[4.315425] (px4_msgs) StdoutLine: {'line': b'-- Up-to-date symlink: /home/dolphiinn/ros2_ws/install/px4_msgs/local/lib/python3.10/dist-packages/px4_msgs/msg/_onboard_computer_status.py\n'}
[4.316443] (px4_msgs) StdoutLine: {'line': b'-- Up-to-date symlink: /home/dolphiinn/ros2_ws/install/px4_msgs/local/lib/python3.10/dist-packages/px4_msgs/msg/_onboard_computer_status_s.c\n'}
[4.316610] (px4_msgs) StdoutLine: {'line': b'-- Up-to-date symlink: /home/dolphiinn/ros2_ws/install/px4_msgs/local/lib/python3.10/dist-packages/px4_msgs/msg/_open_drone_id_arm_status.py\n'}
[4.316792] (px4_msgs) StdoutLine: {'line': b'-- Up-to-date symlink: /home/dolphiinn/ros2_ws/install/px4_msgs/local/lib/python3.10/dist-packages/px4_msgs/msg/_open_drone_id_arm_status_s.c\n'}
[4.316938] (px4_msgs) StdoutLine: {'line': b'-- Up-to-date symlink: /home/dolphiinn/ros2_ws/install/px4_msgs/local/lib/python3.10/dist-packages/px4_msgs/msg/_open_drone_id_operator_id.py\n'}
[4.317335] (px4_msgs) StdoutLine: {'line': b'-- Up-to-date symlink: /home/dolphiinn/ros2_ws/install/px4_msgs/local/lib/python3.10/dist-packages/px4_msgs/msg/_open_drone_id_operator_id_s.c\n'}
[4.317787] (px4_msgs) StdoutLine: {'line': b'-- Up-to-date symlink: /home/dolphiinn/ros2_ws/install/px4_msgs/local/lib/python3.10/dist-packages/px4_msgs/msg/_open_drone_id_self_id.py\n'}
[4.318339] (px4_msgs) StdoutLine: {'line': b'-- Up-to-date symlink: /home/dolphiinn/ros2_ws/install/px4_msgs/local/lib/python3.10/dist-packages/px4_msgs/msg/_open_drone_id_self_id_s.c\n'}
[4.318688] (px4_msgs) StdoutLine: {'line': b'-- Up-to-date symlink: /home/dolphiinn/ros2_ws/install/px4_msgs/local/lib/python3.10/dist-packages/px4_msgs/msg/_open_drone_id_system.py\n'}
[4.319019] (px4_msgs) StdoutLine: {'line': b'-- Up-to-date symlink: /home/dolphiinn/ros2_ws/install/px4_msgs/local/lib/python3.10/dist-packages/px4_msgs/msg/_open_drone_id_system_s.c\n'}
[4.319244] (px4_msgs) StdoutLine: {'line': b'-- Up-to-date symlink: /home/dolphiinn/ros2_ws/install/px4_msgs/local/lib/python3.10/dist-packages/px4_msgs/msg/_orb_test.py\n'}
[4.319486] (px4_msgs) StdoutLine: {'line': b'-- Up-to-date symlink: /home/dolphiinn/ros2_ws/install/px4_msgs/local/lib/python3.10/dist-packages/px4_msgs/msg/_orb_test_large.py\n'}
[4.319785] (px4_msgs) StdoutLine: {'line': b'-- Up-to-date symlink: /home/dolphiinn/ros2_ws/install/px4_msgs/local/lib/python3.10/dist-packages/px4_msgs/msg/_orb_test_large_s.c\n'}
[4.320117] (px4_msgs) StdoutLine: {'line': b'-- Up-to-date symlink: /home/dolphiinn/ros2_ws/install/px4_msgs/local/lib/python3.10/dist-packages/px4_msgs/msg/_orb_test_medium.py\n'}
[4.320581] (px4_msgs) StdoutLine: {'line': b'-- Up-to-date symlink: /home/dolphiinn/ros2_ws/install/px4_msgs/local/lib/python3.10/dist-packages/px4_msgs/msg/_orb_test_medium_s.c\n'}
[4.321039] (px4_msgs) StdoutLine: {'line': b'-- Up-to-date symlink: /home/dolphiinn/ros2_ws/install/px4_msgs/local/lib/python3.10/dist-packages/px4_msgs/msg/_orb_test_s.c\n'}
[4.321667] (px4_msgs) StdoutLine: {'line': b'-- Up-to-date symlink: /home/dolphiinn/ros2_ws/install/px4_msgs/local/lib/python3.10/dist-packages/px4_msgs/msg/_orbit_status.py\n'}
[4.322244] (px4_msgs) StdoutLine: {'line': b'-- Up-to-date symlink: /home/dolphiinn/ros2_ws/install/px4_msgs/local/lib/python3.10/dist-packages/px4_msgs/msg/_orbit_status_s.c\n'}
[4.323158] (px4_msgs) StdoutLine: {'line': b'-- Up-to-date symlink: /home/dolphiinn/ros2_ws/install/px4_msgs/local/lib/python3.10/dist-packages/px4_msgs/msg/_parameter_reset_request.py\n'}
[4.323552] (px4_msgs) StdoutLine: {'line': b'-- Up-to-date symlink: /home/dolphiinn/ros2_ws/install/px4_msgs/local/lib/python3.10/dist-packages/px4_msgs/msg/_parameter_reset_request_s.c\n'}
[4.323731] (px4_msgs) StdoutLine: {'line': b'-- Up-to-date symlink: /home/dolphiinn/ros2_ws/install/px4_msgs/local/lib/python3.10/dist-packages/px4_msgs/msg/_parameter_set_used_request.py\n'}
[4.323967] (px4_msgs) StdoutLine: {'line': b'-- Up-to-date symlink: /home/dolphiinn/ros2_ws/install/px4_msgs/local/lib/python3.10/dist-packages/px4_msgs/msg/_parameter_set_used_request_s.c\n'}
[4.324335] (px4_msgs) StdoutLine: {'line': b'-- Up-to-date symlink: /home/dolphiinn/ros2_ws/install/px4_msgs/local/lib/python3.10/dist-packages/px4_msgs/msg/_parameter_set_value_request.py\n'}
[4.324877] (px4_msgs) StdoutLine: {'line': b'-- Up-to-date symlink: /home/dolphiinn/ros2_ws/install/px4_msgs/local/lib/python3.10/dist-packages/px4_msgs/msg/_parameter_set_value_request_s.c\n'}
[4.325269] (px4_msgs) StdoutLine: {'line': b'-- Up-to-date symlink: /home/dolphiinn/ros2_ws/install/px4_msgs/local/lib/python3.10/dist-packages/px4_msgs/msg/_parameter_set_value_response.py\n'}
[4.325890] (px4_msgs) StdoutLine: {'line': b'-- Up-to-date symlink: /home/dolphiinn/ros2_ws/install/px4_msgs/local/lib/python3.10/dist-packages/px4_msgs/msg/_parameter_set_value_response_s.c\n'}
[4.326188] (px4_msgs) StdoutLine: {'line': b'-- Up-to-date symlink: /home/dolphiinn/ros2_ws/install/px4_msgs/local/lib/python3.10/dist-packages/px4_msgs/msg/_parameter_update.py\n'}
[4.326524] (px4_msgs) StdoutLine: {'line': b'-- Up-to-date symlink: /home/dolphiinn/ros2_ws/install/px4_msgs/local/lib/python3.10/dist-packages/px4_msgs/msg/_parameter_update_s.c\n'}
[4.326862] (px4_msgs) StdoutLine: {'line': b'-- Up-to-date symlink: /home/dolphiinn/ros2_ws/install/px4_msgs/local/lib/python3.10/dist-packages/px4_msgs/msg/_ping.py\n'}
[4.327180] (px4_msgs) StdoutLine: {'line': b'-- Up-to-date symlink: /home/dolphiinn/ros2_ws/install/px4_msgs/local/lib/python3.10/dist-packages/px4_msgs/msg/_ping_s.c\n'}
[4.327539] (px4_msgs) StdoutLine: {'line': b'-- Up-to-date symlink: /home/dolphiinn/ros2_ws/install/px4_msgs/local/lib/python3.10/dist-packages/px4_msgs/msg/_position_controller_landing_status.py\n'}
[4.327842] (px4_msgs) StdoutLine: {'line': b'-- Up-to-date symlink: /home/dolphiinn/ros2_ws/install/px4_msgs/local/lib/python3.10/dist-packages/px4_msgs/msg/_position_controller_landing_status_s.c\n'}
[4.328172] (px4_msgs) StdoutLine: {'line': b'-- Up-to-date symlink: /home/dolphiinn/ros2_ws/install/px4_msgs/local/lib/python3.10/dist-packages/px4_msgs/msg/_position_controller_status.py\n'}
[4.328440] (px4_msgs) StdoutLine: {'line': b'-- Up-to-date symlink: /home/dolphiinn/ros2_ws/install/px4_msgs/local/lib/python3.10/dist-packages/px4_msgs/msg/_position_controller_status_s.c\n'}
[4.329046] (px4_msgs) StdoutLine: {'line': b'-- Up-to-date symlink: /home/dolphiinn/ros2_ws/install/px4_msgs/local/lib/python3.10/dist-packages/px4_msgs/msg/_position_setpoint.py\n'}
[4.329290] (px4_msgs) StdoutLine: {'line': b'-- Up-to-date symlink: /home/dolphiinn/ros2_ws/install/px4_msgs/local/lib/python3.10/dist-packages/px4_msgs/msg/_position_setpoint_s.c\n'}
[4.329600] (px4_msgs) StdoutLine: {'line': b'-- Up-to-date symlink: /home/dolphiinn/ros2_ws/install/px4_msgs/local/lib/python3.10/dist-packages/px4_msgs/msg/_position_setpoint_triplet.py\n'}
[4.329911] (px4_msgs) StdoutLine: {'line': b'-- Up-to-date symlink: /home/dolphiinn/ros2_ws/install/px4_msgs/local/lib/python3.10/dist-packages/px4_msgs/msg/_position_setpoint_triplet_s.c\n'}
[4.330387] (px4_msgs) StdoutLine: {'line': b'-- Up-to-date symlink: /home/dolphiinn/ros2_ws/install/px4_msgs/local/lib/python3.10/dist-packages/px4_msgs/msg/_power_button_state.py\n'}
[4.330803] (px4_msgs) StdoutLine: {'line': b'-- Up-to-date symlink: /home/dolphiinn/ros2_ws/install/px4_msgs/local/lib/python3.10/dist-packages/px4_msgs/msg/_power_button_state_s.c\n'}
[4.331775] (px4_msgs) StdoutLine: {'line': b'-- Up-to-date symlink: /home/dolphiinn/ros2_ws/install/px4_msgs/local/lib/python3.10/dist-packages/px4_msgs/msg/_power_monitor.py\n'}
[4.332119] (px4_msgs) StdoutLine: {'line': b'-- Up-to-date symlink: /home/dolphiinn/ros2_ws/install/px4_msgs/local/lib/python3.10/dist-packages/px4_msgs/msg/_power_monitor_s.c\n'}
[4.332265] (px4_msgs) StdoutLine: {'line': b'-- Up-to-date symlink: /home/dolphiinn/ros2_ws/install/px4_msgs/local/lib/python3.10/dist-packages/px4_msgs/msg/_pps_capture.py\n'}
[4.332545] (px4_msgs) StdoutLine: {'line': b'-- Up-to-date symlink: /home/dolphiinn/ros2_ws/install/px4_msgs/local/lib/python3.10/dist-packages/px4_msgs/msg/_pps_capture_s.c\n'}
[4.333058] (px4_msgs) StdoutLine: {'line': b'-- Up-to-date symlink: /home/dolphiinn/ros2_ws/install/px4_msgs/local/lib/python3.10/dist-packages/px4_msgs/msg/_pure_pursuit_status.py\n'}
[4.333405] (px4_msgs) StdoutLine: {'line': b'-- Up-to-date symlink: /home/dolphiinn/ros2_ws/install/px4_msgs/local/lib/python3.10/dist-packages/px4_msgs/msg/_pure_pursuit_status_s.c\n'}
[4.334220] (px4_msgs) StdoutLine: {'line': b'-- Up-to-date symlink: /home/dolphiinn/ros2_ws/install/px4_msgs/local/lib/python3.10/dist-packages/px4_msgs/msg/_pwm_input.py\n'}
[4.334872] (px4_msgs) StdoutLine: {'line': b'-- Up-to-date symlink: /home/dolphiinn/ros2_ws/install/px4_msgs/local/lib/python3.10/dist-packages/px4_msgs/msg/_pwm_input_s.c\n'}
[4.335198] (px4_msgs) StdoutLine: {'line': b'-- Up-to-date symlink: /home/dolphiinn/ros2_ws/install/px4_msgs/local/lib/python3.10/dist-packages/px4_msgs/msg/_px4io_status.py\n'}
[4.335528] (px4_msgs) StdoutLine: {'line': b'-- Up-to-date symlink: /home/dolphiinn/ros2_ws/install/px4_msgs/local/lib/python3.10/dist-packages/px4_msgs/msg/_px4io_status_s.c\n'}
[4.335842] (px4_msgs) StdoutLine: {'line': b'-- Up-to-date symlink: /home/dolphiinn/ros2_ws/install/px4_msgs/local/lib/python3.10/dist-packages/px4_msgs/msg/_qshell_req.py\n'}
[4.336418] (px4_msgs) StdoutLine: {'line': b'-- Up-to-date symlink: /home/dolphiinn/ros2_ws/install/px4_msgs/local/lib/python3.10/dist-packages/px4_msgs/msg/_qshell_req_s.c\n'}
[4.336815] (px4_msgs) StdoutLine: {'line': b'-- Up-to-date symlink: /home/dolphiinn/ros2_ws/install/px4_msgs/local/lib/python3.10/dist-packages/px4_msgs/msg/_qshell_retval.py\n'}
[4.337042] (px4_msgs) StdoutLine: {'line': b'-- Up-to-date symlink: /home/dolphiinn/ros2_ws/install/px4_msgs/local/lib/python3.10/dist-packages/px4_msgs/msg/_qshell_retval_s.c\n'}
[4.337416] (px4_msgs) StdoutLine: {'line': b'-- Up-to-date symlink: /home/dolphiinn/ros2_ws/install/px4_msgs/local/lib/python3.10/dist-packages/px4_msgs/msg/_radio_status.py\n'}
[4.337874] (px4_msgs) StdoutLine: {'line': b'-- Up-to-date symlink: /home/dolphiinn/ros2_ws/install/px4_msgs/local/lib/python3.10/dist-packages/px4_msgs/msg/_radio_status_s.c\n'}
[4.338534] (px4_msgs) StdoutLine: {'line': b'-- Up-to-date symlink: /home/dolphiinn/ros2_ws/install/px4_msgs/local/lib/python3.10/dist-packages/px4_msgs/msg/_rate_ctrl_status.py\n'}
[4.338995] (px4_msgs) StdoutLine: {'line': b'-- Up-to-date symlink: /home/dolphiinn/ros2_ws/install/px4_msgs/local/lib/python3.10/dist-packages/px4_msgs/msg/_rate_ctrl_status_s.c\n'}
[4.339313] (px4_msgs) StdoutLine: {'line': b'-- Up-to-date symlink: /home/dolphiinn/ros2_ws/install/px4_msgs/local/lib/python3.10/dist-packages/px4_msgs/msg/_rc_channels.py\n'}
[4.339648] (px4_msgs) StdoutLine: {'line': b'-- Up-to-date symlink: /home/dolphiinn/ros2_ws/install/px4_msgs/local/lib/python3.10/dist-packages/px4_msgs/msg/_rc_channels_s.c\n'}
[4.339938] (px4_msgs) StdoutLine: {'line': b'-- Up-to-date symlink: /home/dolphiinn/ros2_ws/install/px4_msgs/local/lib/python3.10/dist-packages/px4_msgs/msg/_rc_parameter_map.py\n'}
[4.340179] (px4_msgs) StdoutLine: {'line': b'-- Up-to-date symlink: /home/dolphiinn/ros2_ws/install/px4_msgs/local/lib/python3.10/dist-packages/px4_msgs/msg/_rc_parameter_map_s.c\n'}
[4.340498] (px4_msgs) StdoutLine: {'line': b'-- Up-to-date symlink: /home/dolphiinn/ros2_ws/install/px4_msgs/local/lib/python3.10/dist-packages/px4_msgs/msg/_register_ext_component_reply.py\n'}
[4.340691] (px4_msgs) StdoutLine: {'line': b'-- Up-to-date symlink: /home/dolphiinn/ros2_ws/install/px4_msgs/local/lib/python3.10/dist-packages/px4_msgs/msg/_register_ext_component_reply_s.c\n'}
[4.340978] (px4_msgs) StdoutLine: {'line': b'-- Up-to-date symlink: /home/dolphiinn/ros2_ws/install/px4_msgs/local/lib/python3.10/dist-packages/px4_msgs/msg/_register_ext_component_request.py\n'}
[4.341285] (px4_msgs) StdoutLine: {'line': b'-- Up-to-date symlink: /home/dolphiinn/ros2_ws/install/px4_msgs/local/lib/python3.10/dist-packages/px4_msgs/msg/_register_ext_component_request_s.c\n'}
[4.341640] (px4_msgs) StdoutLine: {'line': b'-- Up-to-date symlink: /home/dolphiinn/ros2_ws/install/px4_msgs/local/lib/python3.10/dist-packages/px4_msgs/msg/_rover_attitude_setpoint.py\n'}
[4.342072] (px4_msgs) StdoutLine: {'line': b'-- Up-to-date symlink: /home/dolphiinn/ros2_ws/install/px4_msgs/local/lib/python3.10/dist-packages/px4_msgs/msg/_rover_attitude_setpoint_s.c\n'}
[4.342444] (px4_msgs) StdoutLine: {'line': b'-- Up-to-date symlink: /home/dolphiinn/ros2_ws/install/px4_msgs/local/lib/python3.10/dist-packages/px4_msgs/msg/_rover_attitude_status.py\n'}
[4.342808] (px4_msgs) StdoutLine: {'line': b'-- Up-to-date symlink: /home/dolphiinn/ros2_ws/install/px4_msgs/local/lib/python3.10/dist-packages/px4_msgs/msg/_rover_attitude_status_s.c\n'}
[4.343094] (px4_msgs) StdoutLine: {'line': b'-- Up-to-date symlink: /home/dolphiinn/ros2_ws/install/px4_msgs/local/lib/python3.10/dist-packages/px4_msgs/msg/_rover_position_setpoint.py\n'}
[4.343283] (px4_msgs) StdoutLine: {'line': b'-- Up-to-date symlink: /home/dolphiinn/ros2_ws/install/px4_msgs/local/lib/python3.10/dist-packages/px4_msgs/msg/_rover_position_setpoint_s.c\n'}
[4.343516] (px4_msgs) StdoutLine: {'line': b'-- Up-to-date symlink: /home/dolphiinn/ros2_ws/install/px4_msgs/local/lib/python3.10/dist-packages/px4_msgs/msg/_rover_rate_setpoint.py\n'}
[4.343803] (px4_msgs) StdoutLine: {'line': b'-- Up-to-date symlink: /home/dolphiinn/ros2_ws/install/px4_msgs/local/lib/python3.10/dist-packages/px4_msgs/msg/_rover_rate_setpoint_s.c\n'}
[4.344028] (px4_msgs) StdoutLine: {'line': b'-- Up-to-date symlink: /home/dolphiinn/ros2_ws/install/px4_msgs/local/lib/python3.10/dist-packages/px4_msgs/msg/_rover_rate_status.py\n'}
[4.344413] (px4_msgs) StdoutLine: {'line': b'-- Up-to-date symlink: /home/dolphiinn/ros2_ws/install/px4_msgs/local/lib/python3.10/dist-packages/px4_msgs/msg/_rover_rate_status_s.c\n'}
[4.344716] (px4_msgs) StdoutLine: {'line': b'-- Up-to-date symlink: /home/dolphiinn/ros2_ws/install/px4_msgs/local/lib/python3.10/dist-packages/px4_msgs/msg/_rover_speed_setpoint.py\n'}
[4.345094] (px4_msgs) StdoutLine: {'line': b'-- Up-to-date symlink: /home/dolphiinn/ros2_ws/install/px4_msgs/local/lib/python3.10/dist-packages/px4_msgs/msg/_rover_speed_setpoint_s.c\n'}
[4.345335] (px4_msgs) StdoutLine: {'line': b'-- Up-to-date symlink: /home/dolphiinn/ros2_ws/install/px4_msgs/local/lib/python3.10/dist-packages/px4_msgs/msg/_rover_speed_status.py\n'}
[4.345669] (px4_msgs) StdoutLine: {'line': b'-- Up-to-date symlink: /home/dolphiinn/ros2_ws/install/px4_msgs/local/lib/python3.10/dist-packages/px4_msgs/msg/_rover_speed_status_s.c\n'}
[4.346028] (px4_msgs) StdoutLine: {'line': b'-- Up-to-date symlink: /home/dolphiinn/ros2_ws/install/px4_msgs/local/lib/python3.10/dist-packages/px4_msgs/msg/_rover_steering_setpoint.py\n'}
[4.346673] (px4_msgs) StdoutLine: {'line': b'-- Up-to-date symlink: /home/dolphiinn/ros2_ws/install/px4_msgs/local/lib/python3.10/dist-packages/px4_msgs/msg/_rover_steering_setpoint_s.c\n'}
[4.347092] (px4_msgs) StdoutLine: {'line': b'-- Up-to-date symlink: /home/dolphiinn/ros2_ws/install/px4_msgs/local/lib/python3.10/dist-packages/px4_msgs/msg/_rover_throttle_setpoint.py\n'}
[4.347430] (px4_msgs) StdoutLine: {'line': b'-- Up-to-date symlink: /home/dolphiinn/ros2_ws/install/px4_msgs/local/lib/python3.10/dist-packages/px4_msgs/msg/_rover_throttle_setpoint_s.c\n'}
[4.347833] (px4_msgs) StdoutLine: {'line': b'-- Up-to-date symlink: /home/dolphiinn/ros2_ws/install/px4_msgs/local/lib/python3.10/dist-packages/px4_msgs/msg/_rpm.py\n'}
[4.348114] (px4_msgs) StdoutLine: {'line': b'-- Up-to-date symlink: /home/dolphiinn/ros2_ws/install/px4_msgs/local/lib/python3.10/dist-packages/px4_msgs/msg/_rpm_s.c\n'}
[4.348382] (px4_msgs) StdoutLine: {'line': b'-- Up-to-date symlink: /home/dolphiinn/ros2_ws/install/px4_msgs/local/lib/python3.10/dist-packages/px4_msgs/msg/_rtl_status.py\n'}
[4.348849] (px4_msgs) StdoutLine: {'line': b'-- Up-to-date symlink: /home/dolphiinn/ros2_ws/install/px4_msgs/local/lib/python3.10/dist-packages/px4_msgs/msg/_rtl_status_s.c\n'}
[4.349294] (px4_msgs) StdoutLine: {'line': b'-- Up-to-date symlink: /home/dolphiinn/ros2_ws/install/px4_msgs/local/lib/python3.10/dist-packages/px4_msgs/msg/_rtl_time_estimate.py\n'}
[4.350129] (px4_msgs) StdoutLine: {'line': b'-- Up-to-date symlink: /home/dolphiinn/ros2_ws/install/px4_msgs/local/lib/python3.10/dist-packages/px4_msgs/msg/_rtl_time_estimate_s.c\n'}
[4.350689] (px4_msgs) StdoutLine: {'line': b'-- Up-to-date symlink: /home/dolphiinn/ros2_ws/install/px4_msgs/local/lib/python3.10/dist-packages/px4_msgs/msg/_satellite_info.py\n'}
[4.350877] (px4_msgs) StdoutLine: {'line': b'-- Up-to-date symlink: /home/dolphiinn/ros2_ws/install/px4_msgs/local/lib/python3.10/dist-packages/px4_msgs/msg/_satellite_info_s.c\n'}
[4.351191] (px4_msgs) StdoutLine: {'line': b'-- Up-to-date symlink: /home/dolphiinn/ros2_ws/install/px4_msgs/local/lib/python3.10/dist-packages/px4_msgs/msg/_sensor_accel.py\n'}
[4.351422] (px4_msgs) StdoutLine: {'line': b'-- Up-to-date symlink: /home/dolphiinn/ros2_ws/install/px4_msgs/local/lib/python3.10/dist-packages/px4_msgs/msg/_sensor_accel_fifo.py\n'}
[4.351702] (px4_msgs) StdoutLine: {'line': b'-- Up-to-date symlink: /home/dolphiinn/ros2_ws/install/px4_msgs/local/lib/python3.10/dist-packages/px4_msgs/msg/_sensor_accel_fifo_s.c\n'}
[4.352162] (px4_msgs) StdoutLine: {'line': b'-- Up-to-date symlink: /home/dolphiinn/ros2_ws/install/px4_msgs/local/lib/python3.10/dist-packages/px4_msgs/msg/_sensor_accel_s.c\n'}
[4.352753] (px4_msgs) StdoutLine: {'line': b'-- Up-to-date symlink: /home/dolphiinn/ros2_ws/install/px4_msgs/local/lib/python3.10/dist-packages/px4_msgs/msg/_sensor_airflow.py\n'}
[4.353264] (px4_msgs) StdoutLine: {'line': b'-- Up-to-date symlink: /home/dolphiinn/ros2_ws/install/px4_msgs/local/lib/python3.10/dist-packages/px4_msgs/msg/_sensor_airflow_s.c\n'}
[4.353593] (px4_msgs) StdoutLine: {'line': b'-- Up-to-date symlink: /home/dolphiinn/ros2_ws/install/px4_msgs/local/lib/python3.10/dist-packages/px4_msgs/msg/_sensor_baro.py\n'}
[4.354191] (px4_msgs) StdoutLine: {'line': b'-- Up-to-date symlink: /home/dolphiinn/ros2_ws/install/px4_msgs/local/lib/python3.10/dist-packages/px4_msgs/msg/_sensor_baro_s.c\n'}
[4.354818] (px4_msgs) StdoutLine: {'line': b'-- Up-to-date symlink: /home/dolphiinn/ros2_ws/install/px4_msgs/local/lib/python3.10/dist-packages/px4_msgs/msg/_sensor_combined.py\n'}
[4.355309] (px4_msgs) StdoutLine: {'line': b'-- Up-to-date symlink: /home/dolphiinn/ros2_ws/install/px4_msgs/local/lib/python3.10/dist-packages/px4_msgs/msg/_sensor_combined_s.c\n'}
[4.355767] (px4_msgs) StdoutLine: {'line': b'-- Up-to-date symlink: /home/dolphiinn/ros2_ws/install/px4_msgs/local/lib/python3.10/dist-packages/px4_msgs/msg/_sensor_correction.py\n'}
[4.356289] (px4_msgs) StdoutLine: {'line': b'-- Up-to-date symlink: /home/dolphiinn/ros2_ws/install/px4_msgs/local/lib/python3.10/dist-packages/px4_msgs/msg/_sensor_correction_s.c\n'}
[4.356775] (px4_msgs) StdoutLine: {'line': b'-- Up-to-date symlink: /home/dolphiinn/ros2_ws/install/px4_msgs/local/lib/python3.10/dist-packages/px4_msgs/msg/_sensor_gnss_relative.py\n'}
[4.357246] (px4_msgs) StdoutLine: {'line': b'-- Up-to-date symlink: /home/dolphiinn/ros2_ws/install/px4_msgs/local/lib/python3.10/dist-packages/px4_msgs/msg/_sensor_gnss_relative_s.c\n'}
[4.357551] (px4_msgs) StdoutLine: {'line': b'-- Up-to-date symlink: /home/dolphiinn/ros2_ws/install/px4_msgs/local/lib/python3.10/dist-packages/px4_msgs/msg/_sensor_gnss_status.py\n'}
[4.358083] (px4_msgs) StdoutLine: {'line': b'-- Up-to-date symlink: /home/dolphiinn/ros2_ws/install/px4_msgs/local/lib/python3.10/dist-packages/px4_msgs/msg/_sensor_gnss_status_s.c\n'}
[4.358430] (px4_msgs) StdoutLine: {'line': b'-- Up-to-date symlink: /home/dolphiinn/ros2_ws/install/px4_msgs/local/lib/python3.10/dist-packages/px4_msgs/msg/_sensor_gps.py\n'}
[4.359002] (px4_msgs) StdoutLine: {'line': b'-- Up-to-date symlink: /home/dolphiinn/ros2_ws/install/px4_msgs/local/lib/python3.10/dist-packages/px4_msgs/msg/_sensor_gps_s.c\n'}
[4.359227] (px4_msgs) StdoutLine: {'line': b'-- Up-to-date symlink: /home/dolphiinn/ros2_ws/install/px4_msgs/local/lib/python3.10/dist-packages/px4_msgs/msg/_sensor_gyro.py\n'}
[4.359621] (px4_msgs) StdoutLine: {'line': b'-- Up-to-date symlink: /home/dolphiinn/ros2_ws/install/px4_msgs/local/lib/python3.10/dist-packages/px4_msgs/msg/_sensor_gyro_fft.py\n'}
[4.360021] (px4_msgs) StdoutLine: {'line': b'-- Up-to-date symlink: /home/dolphiinn/ros2_ws/install/px4_msgs/local/lib/python3.10/dist-packages/px4_msgs/msg/_sensor_gyro_fft_s.c\n'}
[4.360346] (px4_msgs) StdoutLine: {'line': b'-- Up-to-date symlink: /home/dolphiinn/ros2_ws/install/px4_msgs/local/lib/python3.10/dist-packages/px4_msgs/msg/_sensor_gyro_fifo.py\n'}
[4.360794] (px4_msgs) StdoutLine: {'line': b'-- Up-to-date symlink: /home/dolphiinn/ros2_ws/install/px4_msgs/local/lib/python3.10/dist-packages/px4_msgs/msg/_sensor_gyro_fifo_s.c\n'}
[4.361290] (px4_msgs) StdoutLine: {'line': b'-- Up-to-date symlink: /home/dolphiinn/ros2_ws/install/px4_msgs/local/lib/python3.10/dist-packages/px4_msgs/msg/_sensor_gyro_s.c\n'}
[4.361736] (px4_msgs) StdoutLine: {'line': b'-- Up-to-date symlink: /home/dolphiinn/ros2_ws/install/px4_msgs/local/lib/python3.10/dist-packages/px4_msgs/msg/_sensor_hygrometer.py\n'}
[4.362266] (px4_msgs) StdoutLine: {'line': b'-- Up-to-date symlink: /home/dolphiinn/ros2_ws/install/px4_msgs/local/lib/python3.10/dist-packages/px4_msgs/msg/_sensor_hygrometer_s.c\n'}
[4.362737] (px4_msgs) StdoutLine: {'line': b'-- Up-to-date symlink: /home/dolphiinn/ros2_ws/install/px4_msgs/local/lib/python3.10/dist-packages/px4_msgs/msg/_sensor_mag.py\n'}
[4.363352] (px4_msgs) StdoutLine: {'line': b'-- Up-to-date symlink: /home/dolphiinn/ros2_ws/install/px4_msgs/local/lib/python3.10/dist-packages/px4_msgs/msg/_sensor_mag_s.c\n'}
[4.364188] (px4_msgs) StdoutLine: {'line': b'-- Up-to-date symlink: /home/dolphiinn/ros2_ws/install/px4_msgs/local/lib/python3.10/dist-packages/px4_msgs/msg/_sensor_optical_flow.py\n'}
[4.364560] (px4_msgs) StdoutLine: {'line': b'-- Up-to-date symlink: /home/dolphiinn/ros2_ws/install/px4_msgs/local/lib/python3.10/dist-packages/px4_msgs/msg/_sensor_optical_flow_s.c\n'}
[4.364794] (px4_msgs) StdoutLine: {'line': b'-- Up-to-date symlink: /home/dolphiinn/ros2_ws/install/px4_msgs/local/lib/python3.10/dist-packages/px4_msgs/msg/_sensor_preflight_mag.py\n'}
[4.365257] (px4_msgs) StdoutLine: {'line': b'-- Up-to-date symlink: /home/dolphiinn/ros2_ws/install/px4_msgs/local/lib/python3.10/dist-packages/px4_msgs/msg/_sensor_preflight_mag_s.c\n'}
[4.365749] (px4_msgs) StdoutLine: {'line': b'-- Up-to-date symlink: /home/dolphiinn/ros2_ws/install/px4_msgs/local/lib/python3.10/dist-packages/px4_msgs/msg/_sensor_selection.py\n'}
[4.366189] (px4_msgs) StdoutLine: {'line': b'-- Up-to-date symlink: /home/dolphiinn/ros2_ws/install/px4_msgs/local/lib/python3.10/dist-packages/px4_msgs/msg/_sensor_selection_s.c\n'}
[4.366710] (px4_msgs) StdoutLine: {'line': b'-- Up-to-date symlink: /home/dolphiinn/ros2_ws/install/px4_msgs/local/lib/python3.10/dist-packages/px4_msgs/msg/_sensor_uwb.py\n'}
[4.367104] (px4_msgs) StdoutLine: {'line': b'-- Up-to-date symlink: /home/dolphiinn/ros2_ws/install/px4_msgs/local/lib/python3.10/dist-packages/px4_msgs/msg/_sensor_uwb_s.c\n'}
[4.367454] (px4_msgs) StdoutLine: {'line': b'-- Up-to-date symlink: /home/dolphiinn/ros2_ws/install/px4_msgs/local/lib/python3.10/dist-packages/px4_msgs/msg/_sensors_status.py\n'}
[4.367802] (px4_msgs) StdoutLine: {'line': b'-- Up-to-date symlink: /home/dolphiinn/ros2_ws/install/px4_msgs/local/lib/python3.10/dist-packages/px4_msgs/msg/_sensors_status_imu.py\n'}
[4.368208] (px4_msgs) StdoutLine: {'line': b'-- Up-to-date symlink: /home/dolphiinn/ros2_ws/install/px4_msgs/local/lib/python3.10/dist-packages/px4_msgs/msg/_sensors_status_imu_s.c\n'}
[4.368517] (px4_msgs) StdoutLine: {'line': b'-- Up-to-date symlink: /home/dolphiinn/ros2_ws/install/px4_msgs/local/lib/python3.10/dist-packages/px4_msgs/msg/_sensors_status_s.c\n'}
[4.368826] (px4_msgs) StdoutLine: {'line': b'-- Up-to-date symlink: /home/dolphiinn/ros2_ws/install/px4_msgs/local/lib/python3.10/dist-packages/px4_msgs/msg/_system_power.py\n'}
[4.369145] (px4_msgs) StdoutLine: {'line': b'-- Up-to-date symlink: /home/dolphiinn/ros2_ws/install/px4_msgs/local/lib/python3.10/dist-packages/px4_msgs/msg/_system_power_s.c\n'}
[4.369463] (px4_msgs) StdoutLine: {'line': b'-- Up-to-date symlink: /home/dolphiinn/ros2_ws/install/px4_msgs/local/lib/python3.10/dist-packages/px4_msgs/msg/_takeoff_status.py\n'}
[4.370144] (px4_msgs) StdoutLine: {'line': b'-- Up-to-date symlink: /home/dolphiinn/ros2_ws/install/px4_msgs/local/lib/python3.10/dist-packages/px4_msgs/msg/_takeoff_status_s.c\n'}
[4.370534] (px4_msgs) StdoutLine: {'line': b'-- Up-to-date symlink: /home/dolphiinn/ros2_ws/install/px4_msgs/local/lib/python3.10/dist-packages/px4_msgs/msg/_task_stack_info.py\n'}
[4.370884] (px4_msgs) StdoutLine: {'line': b'-- Up-to-date symlink: /home/dolphiinn/ros2_ws/install/px4_msgs/local/lib/python3.10/dist-packages/px4_msgs/msg/_task_stack_info_s.c\n'}
[4.371133] (px4_msgs) StdoutLine: {'line': b'-- Up-to-date symlink: /home/dolphiinn/ros2_ws/install/px4_msgs/local/lib/python3.10/dist-packages/px4_msgs/msg/_tecs_status.py\n'}
[4.371669] (px4_msgs) StdoutLine: {'line': b'-- Up-to-date symlink: /home/dolphiinn/ros2_ws/install/px4_msgs/local/lib/python3.10/dist-packages/px4_msgs/msg/_tecs_status_s.c\n'}
[4.372123] (px4_msgs) StdoutLine: {'line': b'-- Up-to-date symlink: /home/dolphiinn/ros2_ws/install/px4_msgs/local/lib/python3.10/dist-packages/px4_msgs/msg/_telemetry_status.py\n'}
[4.372468] (px4_msgs) StdoutLine: {'line': b'-- Up-to-date symlink: /home/dolphiinn/ros2_ws/install/px4_msgs/local/lib/python3.10/dist-packages/px4_msgs/msg/_telemetry_status_s.c\n'}
[4.372853] (px4_msgs) StdoutLine: {'line': b'-- Up-to-date symlink: /home/dolphiinn/ros2_ws/install/px4_msgs/local/lib/python3.10/dist-packages/px4_msgs/msg/_tiltrotor_extra_controls.py\n'}
[4.373268] (px4_msgs) StdoutLine: {'line': b'-- Up-to-date symlink: /home/dolphiinn/ros2_ws/install/px4_msgs/local/lib/python3.10/dist-packages/px4_msgs/msg/_tiltrotor_extra_controls_s.c\n'}
[4.373645] (px4_msgs) StdoutLine: {'line': b'-- Up-to-date symlink: /home/dolphiinn/ros2_ws/install/px4_msgs/local/lib/python3.10/dist-packages/px4_msgs/msg/_timesync_status.py\n'}
[4.374511] (px4_msgs) StdoutLine: {'line': b'-- Up-to-date symlink: /home/dolphiinn/ros2_ws/install/px4_msgs/local/lib/python3.10/dist-packages/px4_msgs/msg/_timesync_status_s.c\n'}
[4.374965] (px4_msgs) StdoutLine: {'line': b'-- Up-to-date symlink: /home/dolphiinn/ros2_ws/install/px4_msgs/local/lib/python3.10/dist-packages/px4_msgs/msg/_trajectory_setpoint.py\n'}
[4.375311] (px4_msgs) StdoutLine: {'line': b'-- Up-to-date symlink: /home/dolphiinn/ros2_ws/install/px4_msgs/local/lib/python3.10/dist-packages/px4_msgs/msg/_trajectory_setpoint6dof.py\n'}
[4.375682] (px4_msgs) StdoutLine: {'line': b'-- Up-to-date symlink: /home/dolphiinn/ros2_ws/install/px4_msgs/local/lib/python3.10/dist-packages/px4_msgs/msg/_trajectory_setpoint6dof_s.c\n'}
[4.376053] (px4_msgs) StdoutLine: {'line': b'-- Up-to-date symlink: /home/dolphiinn/ros2_ws/install/px4_msgs/local/lib/python3.10/dist-packages/px4_msgs/msg/_trajectory_setpoint_s.c\n'}
[4.376309] (px4_msgs) StdoutLine: {'line': b'-- Up-to-date symlink: /home/dolphiinn/ros2_ws/install/px4_msgs/local/lib/python3.10/dist-packages/px4_msgs/msg/_transponder_report.py\n'}
[4.376636] (px4_msgs) StdoutLine: {'line': b'-- Up-to-date symlink: /home/dolphiinn/ros2_ws/install/px4_msgs/local/lib/python3.10/dist-packages/px4_msgs/msg/_transponder_report_s.c\n'}
[4.376929] (px4_msgs) StdoutLine: {'line': b'-- Up-to-date symlink: /home/dolphiinn/ros2_ws/install/px4_msgs/local/lib/python3.10/dist-packages/px4_msgs/msg/_tune_control.py\n'}
[4.377588] (px4_msgs) StdoutLine: {'line': b'-- Up-to-date symlink: /home/dolphiinn/ros2_ws/install/px4_msgs/local/lib/python3.10/dist-packages/px4_msgs/msg/_tune_control_s.c\n'}
[4.378006] (px4_msgs) StdoutLine: {'line': b'-- Up-to-date symlink: /home/dolphiinn/ros2_ws/install/px4_msgs/local/lib/python3.10/dist-packages/px4_msgs/msg/_uavcan_parameter_request.py\n'}
[4.378429] (px4_msgs) StdoutLine: {'line': b'-- Up-to-date symlink: /home/dolphiinn/ros2_ws/install/px4_msgs/local/lib/python3.10/dist-packages/px4_msgs/msg/_uavcan_parameter_request_s.c\n'}
[4.378763] (px4_msgs) StdoutLine: {'line': b'-- Up-to-date symlink: /home/dolphiinn/ros2_ws/install/px4_msgs/local/lib/python3.10/dist-packages/px4_msgs/msg/_uavcan_parameter_value.py\n'}
[4.379220] (px4_msgs) StdoutLine: {'line': b'-- Up-to-date symlink: /home/dolphiinn/ros2_ws/install/px4_msgs/local/lib/python3.10/dist-packages/px4_msgs/msg/_uavcan_parameter_value_s.c\n'}
[4.379570] (px4_msgs) StdoutLine: {'line': b'-- Up-to-date symlink: /home/dolphiinn/ros2_ws/install/px4_msgs/local/lib/python3.10/dist-packages/px4_msgs/msg/_ulog_stream.py\n'}
[4.379944] (px4_msgs) StdoutLine: {'line': b'-- Up-to-date symlink: /home/dolphiinn/ros2_ws/install/px4_msgs/local/lib/python3.10/dist-packages/px4_msgs/msg/_ulog_stream_ack.py\n'}
[4.380365] (px4_msgs) StdoutLine: {'line': b'-- Up-to-date symlink: /home/dolphiinn/ros2_ws/install/px4_msgs/local/lib/python3.10/dist-packages/px4_msgs/msg/_ulog_stream_ack_s.c\n'}
[4.380951] (px4_msgs) StdoutLine: {'line': b'-- Up-to-date symlink: /home/dolphiinn/ros2_ws/install/px4_msgs/local/lib/python3.10/dist-packages/px4_msgs/msg/_ulog_stream_s.c\n'}
[4.381683] (px4_msgs) StdoutLine: {'line': b'-- Up-to-date symlink: /home/dolphiinn/ros2_ws/install/px4_msgs/local/lib/python3.10/dist-packages/px4_msgs/msg/_unregister_ext_component.py\n'}
[4.382106] (px4_msgs) StdoutLine: {'line': b'-- Up-to-date symlink: /home/dolphiinn/ros2_ws/install/px4_msgs/local/lib/python3.10/dist-packages/px4_msgs/msg/_unregister_ext_component_s.c\n'}
[4.382789] (px4_msgs) StdoutLine: {'line': b'-- Up-to-date symlink: /home/dolphiinn/ros2_ws/install/px4_msgs/local/lib/python3.10/dist-packages/px4_msgs/msg/_vehicle_acceleration.py\n'}
[4.383051] (px4_msgs) StdoutLine: {'line': b'-- Up-to-date symlink: /home/dolphiinn/ros2_ws/install/px4_msgs/local/lib/python3.10/dist-packages/px4_msgs/msg/_vehicle_acceleration_s.c\n'}
[4.383981] (px4_msgs) StdoutLine: {'line': b'-- Up-to-date symlink: /home/dolphiinn/ros2_ws/install/px4_msgs/local/lib/python3.10/dist-packages/px4_msgs/msg/_vehicle_air_data.py\n'}
[4.384219] (px4_msgs) StdoutLine: {'line': b'-- Up-to-date symlink: /home/dolphiinn/ros2_ws/install/px4_msgs/local/lib/python3.10/dist-packages/px4_msgs/msg/_vehicle_air_data_s.c\n'}
[4.384504] (px4_msgs) StdoutLine: {'line': b'-- Up-to-date symlink: /home/dolphiinn/ros2_ws/install/px4_msgs/local/lib/python3.10/dist-packages/px4_msgs/msg/_vehicle_angular_acceleration_setpoint.py\n'}
[4.384756] (px4_msgs) StdoutLine: {'line': b'-- Up-to-date symlink: /home/dolphiinn/ros2_ws/install/px4_msgs/local/lib/python3.10/dist-packages/px4_msgs/msg/_vehicle_angular_acceleration_setpoint_s.c\n'}
[4.385069] (px4_msgs) StdoutLine: {'line': b'-- Up-to-date symlink: /home/dolphiinn/ros2_ws/install/px4_msgs/local/lib/python3.10/dist-packages/px4_msgs/msg/_vehicle_angular_velocity.py\n'}
[4.385821] (px4_msgs) StdoutLine: {'line': b'-- Up-to-date symlink: /home/dolphiinn/ros2_ws/install/px4_msgs/local/lib/python3.10/dist-packages/px4_msgs/msg/_vehicle_angular_velocity_s.c\n'}
[4.386425] (px4_msgs) StdoutLine: {'line': b'-- Up-to-date symlink: /home/dolphiinn/ros2_ws/install/px4_msgs/local/lib/python3.10/dist-packages/px4_msgs/msg/_vehicle_attitude.py\n'}
[4.387019] (px4_msgs) StdoutLine: {'line': b'-- Up-to-date symlink: /home/dolphiinn/ros2_ws/install/px4_msgs/local/lib/python3.10/dist-packages/px4_msgs/msg/_vehicle_attitude_s.c\n'}
[4.387538] (px4_msgs) StdoutLine: {'line': b'-- Up-to-date symlink: /home/dolphiinn/ros2_ws/install/px4_msgs/local/lib/python3.10/dist-packages/px4_msgs/msg/_vehicle_attitude_setpoint.py\n'}
[4.387889] (px4_msgs) StdoutLine: {'line': b'-- Up-to-date symlink: /home/dolphiinn/ros2_ws/install/px4_msgs/local/lib/python3.10/dist-packages/px4_msgs/msg/_vehicle_attitude_setpoint_s.c\n'}
[4.388163] (px4_msgs) StdoutLine: {'line': b'-- Up-to-date symlink: /home/dolphiinn/ros2_ws/install/px4_msgs/local/lib/python3.10/dist-packages/px4_msgs/msg/_vehicle_command.py\n'}
[4.388464] (px4_msgs) StdoutLine: {'line': b'-- Up-to-date symlink: /home/dolphiinn/ros2_ws/install/px4_msgs/local/lib/python3.10/dist-packages/px4_msgs/msg/_vehicle_command_ack.py\n'}
[4.388867] (px4_msgs) StdoutLine: {'line': b'-- Up-to-date symlink: /home/dolphiinn/ros2_ws/install/px4_msgs/local/lib/python3.10/dist-packages/px4_msgs/msg/_vehicle_command_ack_s.c\n'}
[4.389365] (px4_msgs) StdoutLine: {'line': b'-- Up-to-date symlink: /home/dolphiinn/ros2_ws/install/px4_msgs/local/lib/python3.10/dist-packages/px4_msgs/msg/_vehicle_command_s.c\n'}
[4.389752] (px4_msgs) StdoutLine: {'line': b'-- Up-to-date symlink: /home/dolphiinn/ros2_ws/install/px4_msgs/local/lib/python3.10/dist-packages/px4_msgs/msg/_vehicle_constraints.py\n'}
[4.390196] (px4_msgs) StdoutLine: {'line': b'-- Up-to-date symlink: /home/dolphiinn/ros2_ws/install/px4_msgs/local/lib/python3.10/dist-packages/px4_msgs/msg/_vehicle_constraints_s.c\n'}
[4.390560] (px4_msgs) StdoutLine: {'line': b'-- Up-to-date symlink: /home/dolphiinn/ros2_ws/install/px4_msgs/local/lib/python3.10/dist-packages/px4_msgs/msg/_vehicle_control_mode.py\n'}
[4.390833] (px4_msgs) StdoutLine: {'line': b'-- Up-to-date symlink: /home/dolphiinn/ros2_ws/install/px4_msgs/local/lib/python3.10/dist-packages/px4_msgs/msg/_vehicle_control_mode_s.c\n'}
[4.391053] (px4_msgs) StdoutLine: {'line': b'-- Up-to-date symlink: /home/dolphiinn/ros2_ws/install/px4_msgs/local/lib/python3.10/dist-packages/px4_msgs/msg/_vehicle_global_position.py\n'}
[4.391280] (px4_msgs) StdoutLine: {'line': b'-- Up-to-date symlink: /home/dolphiinn/ros2_ws/install/px4_msgs/local/lib/python3.10/dist-packages/px4_msgs/msg/_vehicle_global_position_s.c\n'}
[4.391515] (px4_msgs) StdoutLine: {'line': b'-- Up-to-date symlink: /home/dolphiinn/ros2_ws/install/px4_msgs/local/lib/python3.10/dist-packages/px4_msgs/msg/_vehicle_imu.py\n'}
[4.391828] (px4_msgs) StdoutLine: {'line': b'-- Up-to-date symlink: /home/dolphiinn/ros2_ws/install/px4_msgs/local/lib/python3.10/dist-packages/px4_msgs/msg/_vehicle_imu_s.c\n'}
[4.392072] (px4_msgs) StdoutLine: {'line': b'-- Up-to-date symlink: /home/dolphiinn/ros2_ws/install/px4_msgs/local/lib/python3.10/dist-packages/px4_msgs/msg/_vehicle_imu_status.py\n'}
[4.392275] (px4_msgs) StdoutLine: {'line': b'-- Up-to-date symlink: /home/dolphiinn/ros2_ws/install/px4_msgs/local/lib/python3.10/dist-packages/px4_msgs/msg/_vehicle_imu_status_s.c\n'}
[4.392507] (px4_msgs) StdoutLine: {'line': b'-- Up-to-date symlink: /home/dolphiinn/ros2_ws/install/px4_msgs/local/lib/python3.10/dist-packages/px4_msgs/msg/_vehicle_land_detected.py\n'}
[4.392910] (px4_msgs) StdoutLine: {'line': b'-- Up-to-date symlink: /home/dolphiinn/ros2_ws/install/px4_msgs/local/lib/python3.10/dist-packages/px4_msgs/msg/_vehicle_land_detected_s.c\n'}
[4.393251] (px4_msgs) StdoutLine: {'line': b'-- Up-to-date symlink: /home/dolphiinn/ros2_ws/install/px4_msgs/local/lib/python3.10/dist-packages/px4_msgs/msg/_vehicle_local_position.py\n'}
[4.393527] (px4_msgs) StdoutLine: {'line': b'-- Up-to-date symlink: /home/dolphiinn/ros2_ws/install/px4_msgs/local/lib/python3.10/dist-packages/px4_msgs/msg/_vehicle_local_position_s.c\n'}
[4.394466] (px4_msgs) StdoutLine: {'line': b'-- Up-to-date symlink: /home/dolphiinn/ros2_ws/install/px4_msgs/local/lib/python3.10/dist-packages/px4_msgs/msg/_vehicle_local_position_setpoint.py\n'}
[4.394996] (px4_msgs) StdoutLine: {'line': b'-- Up-to-date symlink: /home/dolphiinn/ros2_ws/install/px4_msgs/local/lib/python3.10/dist-packages/px4_msgs/msg/_vehicle_local_position_setpoint_s.c\n'}
[4.395188] (px4_msgs) StdoutLine: {'line': b'-- Up-to-date symlink: /home/dolphiinn/ros2_ws/install/px4_msgs/local/lib/python3.10/dist-packages/px4_msgs/msg/_vehicle_magnetometer.py\n'}
[4.395517] (px4_msgs) StdoutLine: {'line': b'-- Up-to-date symlink: /home/dolphiinn/ros2_ws/install/px4_msgs/local/lib/python3.10/dist-packages/px4_msgs/msg/_vehicle_magnetometer_s.c\n'}
[4.395852] (px4_msgs) StdoutLine: {'line': b'-- Up-to-date symlink: /home/dolphiinn/ros2_ws/install/px4_msgs/local/lib/python3.10/dist-packages/px4_msgs/msg/_vehicle_odometry.py\n'}
[4.396184] (px4_msgs) StdoutLine: {'line': b'-- Up-to-date symlink: /home/dolphiinn/ros2_ws/install/px4_msgs/local/lib/python3.10/dist-packages/px4_msgs/msg/_vehicle_odometry_s.c\n'}
[4.396499] (px4_msgs) StdoutLine: {'line': b'-- Up-to-date symlink: /home/dolphiinn/ros2_ws/install/px4_msgs/local/lib/python3.10/dist-packages/px4_msgs/msg/_vehicle_optical_flow.py\n'}
[4.396851] (px4_msgs) StdoutLine: {'line': b'-- Up-to-date symlink: /home/dolphiinn/ros2_ws/install/px4_msgs/local/lib/python3.10/dist-packages/px4_msgs/msg/_vehicle_optical_flow_s.c\n'}
[4.397511] (px4_msgs) StdoutLine: {'line': b'-- Up-to-date symlink: /home/dolphiinn/ros2_ws/install/px4_msgs/local/lib/python3.10/dist-packages/px4_msgs/msg/_vehicle_optical_flow_vel.py\n'}
[4.397878] (px4_msgs) StdoutLine: {'line': b'-- Up-to-date symlink: /home/dolphiinn/ros2_ws/install/px4_msgs/local/lib/python3.10/dist-packages/px4_msgs/msg/_vehicle_optical_flow_vel_s.c\n'}
[4.398292] (px4_msgs) StdoutLine: {'line': b'-- Up-to-date symlink: /home/dolphiinn/ros2_ws/install/px4_msgs/local/lib/python3.10/dist-packages/px4_msgs/msg/_vehicle_rates_setpoint.py\n'}
[4.398972] (px4_msgs) StdoutLine: {'line': b'-- Up-to-date symlink: /home/dolphiinn/ros2_ws/install/px4_msgs/local/lib/python3.10/dist-packages/px4_msgs/msg/_vehicle_rates_setpoint_s.c\n'}
[4.399261] (px4_msgs) StdoutLine: {'line': b'-- Up-to-date symlink: /home/dolphiinn/ros2_ws/install/px4_msgs/local/lib/python3.10/dist-packages/px4_msgs/msg/_vehicle_roi.py\n'}
[4.399576] (px4_msgs) StdoutLine: {'line': b'-- Up-to-date symlink: /home/dolphiinn/ros2_ws/install/px4_msgs/local/lib/python3.10/dist-packages/px4_msgs/msg/_vehicle_roi_s.c\n'}
[4.399874] (px4_msgs) StdoutLine: {'line': b'-- Up-to-date symlink: /home/dolphiinn/ros2_ws/install/px4_msgs/local/lib/python3.10/dist-packages/px4_msgs/msg/_vehicle_status.py\n'}
[4.400209] (px4_msgs) StdoutLine: {'line': b'-- Up-to-date symlink: /home/dolphiinn/ros2_ws/install/px4_msgs/local/lib/python3.10/dist-packages/px4_msgs/msg/_vehicle_status_s.c\n'}
[4.400678] (px4_msgs) StdoutLine: {'line': b'-- Up-to-date symlink: /home/dolphiinn/ros2_ws/install/px4_msgs/local/lib/python3.10/dist-packages/px4_msgs/msg/_vehicle_thrust_setpoint.py\n'}
[4.401065] (px4_msgs) StdoutLine: {'line': b'-- Up-to-date symlink: /home/dolphiinn/ros2_ws/install/px4_msgs/local/lib/python3.10/dist-packages/px4_msgs/msg/_vehicle_thrust_setpoint_s.c\n'}
[4.402166] (px4_msgs) StdoutLine: {'line': b'-- Up-to-date symlink: /home/dolphiinn/ros2_ws/install/px4_msgs/local/lib/python3.10/dist-packages/px4_msgs/msg/_vehicle_torque_setpoint.py\n'}
[4.402383] (px4_msgs) StdoutLine: {'line': b'-- Up-to-date symlink: /home/dolphiinn/ros2_ws/install/px4_msgs/local/lib/python3.10/dist-packages/px4_msgs/msg/_vehicle_torque_setpoint_s.c\n'}
[4.402625] (px4_msgs) StdoutLine: {'line': b'-- Up-to-date symlink: /home/dolphiinn/ros2_ws/install/px4_msgs/local/lib/python3.10/dist-packages/px4_msgs/msg/_velocity_limits.py\n'}
[4.402906] (px4_msgs) StdoutLine: {'line': b'-- Up-to-date symlink: /home/dolphiinn/ros2_ws/install/px4_msgs/local/lib/python3.10/dist-packages/px4_msgs/msg/_velocity_limits_s.c\n'}
[4.403190] (px4_msgs) StdoutLine: {'line': b'-- Up-to-date symlink: /home/dolphiinn/ros2_ws/install/px4_msgs/local/lib/python3.10/dist-packages/px4_msgs/msg/_vtol_vehicle_status.py\n'}
[4.403606] (px4_msgs) StdoutLine: {'line': b'-- Up-to-date symlink: /home/dolphiinn/ros2_ws/install/px4_msgs/local/lib/python3.10/dist-packages/px4_msgs/msg/_vtol_vehicle_status_s.c\n'}
[4.404358] (px4_msgs) StdoutLine: {'line': b'-- Up-to-date symlink: /home/dolphiinn/ros2_ws/install/px4_msgs/local/lib/python3.10/dist-packages/px4_msgs/msg/_wheel_encoders.py\n'}
[4.404877] (px4_msgs) StdoutLine: {'line': b'-- Up-to-date symlink: /home/dolphiinn/ros2_ws/install/px4_msgs/local/lib/python3.10/dist-packages/px4_msgs/msg/_wheel_encoders_s.c\n'}
[4.405271] (px4_msgs) StdoutLine: {'line': b'-- Up-to-date symlink: /home/dolphiinn/ros2_ws/install/px4_msgs/local/lib/python3.10/dist-packages/px4_msgs/msg/_wind.py\n'}
[4.405608] (px4_msgs) StdoutLine: {'line': b'-- Up-to-date symlink: /home/dolphiinn/ros2_ws/install/px4_msgs/local/lib/python3.10/dist-packages/px4_msgs/msg/_wind_s.c\n'}
[4.406095] (px4_msgs) StdoutLine: {'line': b'-- Up-to-date symlink: /home/dolphiinn/ros2_ws/install/px4_msgs/local/lib/python3.10/dist-packages/px4_msgs/msg/_yaw_estimator_status.py\n'}
[4.406492] (px4_msgs) StdoutLine: {'line': b'-- Up-to-date symlink: /home/dolphiinn/ros2_ws/install/px4_msgs/local/lib/python3.10/dist-packages/px4_msgs/msg/_yaw_estimator_status_s.c\n'}
[4.407250] (px4_msgs) StdoutLine: {'line': b'-- Up-to-date symlink: /home/dolphiinn/ros2_ws/install/px4_msgs/local/lib/python3.10/dist-packages/px4_msgs/px4_msgs_s__rosidl_typesupport_c.cpython-310-x86_64-linux-gnu.so\n'}
[4.407666] (px4_msgs) StdoutLine: {'line': b'-- Up-to-date symlink: /home/dolphiinn/ros2_ws/install/px4_msgs/local/lib/python3.10/dist-packages/px4_msgs/px4_msgs_s__rosidl_typesupport_fastrtps_c.cpython-310-x86_64-linux-gnu.so\n'}
[4.408023] (px4_msgs) StdoutLine: {'line': b'-- Up-to-date symlink: /home/dolphiinn/ros2_ws/install/px4_msgs/local/lib/python3.10/dist-packages/px4_msgs/px4_msgs_s__rosidl_typesupport_introspection_c.cpython-310-x86_64-linux-gnu.so\n'}
[4.408861] (px4_msgs) StdoutLine: {'line': b'-- Up-to-date symlink: /home/dolphiinn/ros2_ws/install/px4_msgs/local/lib/python3.10/dist-packages/px4_msgs/srv/__init__.py\n'}
[4.409172] (px4_msgs) StdoutLine: {'line': b'-- Up-to-date symlink: /home/dolphiinn/ros2_ws/install/px4_msgs/local/lib/python3.10/dist-packages/px4_msgs/srv/_vehicle_command.py\n'}
[4.409564] (px4_msgs) StdoutLine: {'line': b'-- Up-to-date symlink: /home/dolphiinn/ros2_ws/install/px4_msgs/local/lib/python3.10/dist-packages/px4_msgs/srv/_vehicle_command_s.c\n'}
[4.410661] (px4_msgs) StdoutLine: {'line': b'-- Up-to-date symlink: /home/dolphiinn/ros2_ws/install/px4_msgs/local/lib/python3.10/dist-packages/px4_msgs/px4_msgs_s__rosidl_typesupport_fastrtps_c.cpython-310-x86_64-linux-gnu.so\n'}
[4.411409] (px4_msgs) StdoutLine: {'line': b'-- Up-to-date symlink: /home/dolphiinn/ros2_ws/install/px4_msgs/local/lib/python3.10/dist-packages/px4_msgs/px4_msgs_s__rosidl_typesupport_introspection_c.cpython-310-x86_64-linux-gnu.so\n'}
[4.411835] (-) TimerEvent: {}
[4.412129] (px4_msgs) StdoutLine: {'line': b'-- Up-to-date symlink: /home/dolphiinn/ros2_ws/install/px4_msgs/local/lib/python3.10/dist-packages/px4_msgs/px4_msgs_s__rosidl_typesupport_c.cpython-310-x86_64-linux-gnu.so\n'}
[4.412929] (px4_msgs) StdoutLine: {'line': b'-- Up-to-date symlink: /home/dolphiinn/ros2_ws/install/px4_msgs/share/ament_index/resource_index/rust_packages/px4_msgs\n'}
[4.414959] (px4_msgs) StdoutLine: {'line': b'-- Up-to-date symlink: /home/dolphiinn/ros2_ws/install/px4_msgs/share/px4_msgs/rust/Cargo.toml\n'}
[4.415350] (px4_msgs) StdoutLine: {'line': b'-- Up-to-date symlink: /home/dolphiinn/ros2_ws/install/px4_msgs/share/px4_msgs/rust/build.rs\n'}
[4.415465] (px4_msgs) StdoutLine: {'line': b'-- Up-to-date symlink: /home/dolphiinn/ros2_ws/install/px4_msgs/share/px4_msgs/rust/src/lib.rs\n'}
[4.415657] (px4_msgs) StdoutLine: {'line': b'-- Up-to-date symlink: /home/dolphiinn/ros2_ws/install/px4_msgs/share/px4_msgs/rust/src/msg.rs\n'}
[4.416270] (px4_msgs) StdoutLine: {'line': b'-- Up-to-date symlink: /home/dolphiinn/ros2_ws/install/px4_msgs/share/px4_msgs/rust/src/msg/rmw.rs\n'}
[4.416664] (px4_msgs) StdoutLine: {'line': b'-- Up-to-date symlink: /home/dolphiinn/ros2_ws/install/px4_msgs/share/px4_msgs/rust/src/srv.rs\n'}
[4.417252] (px4_msgs) StdoutLine: {'line': b'-- Up-to-date symlink: /home/dolphiinn/ros2_ws/install/px4_msgs/share/px4_msgs/rust/src/srv/rmw.rs\n'}
[4.418343] (px4_msgs) StdoutLine: {'line': b'-- Up-to-date symlink: /home/dolphiinn/ros2_ws/install/px4_msgs/share/px4_msgs/msg/ActionRequest.idl\n'}
[4.418985] (px4_msgs) StdoutLine: {'line': b'-- Up-to-date symlink: /home/dolphiinn/ros2_ws/install/px4_msgs/share/px4_msgs/msg/ActuatorArmed.idl\n'}
[4.419814] (px4_msgs) StdoutLine: {'line': b'-- Up-to-date symlink: /home/dolphiinn/ros2_ws/install/px4_msgs/share/px4_msgs/msg/ActuatorControlsStatus.idl\n'}
[4.420548] (px4_msgs) StdoutLine: {'line': b'-- Up-to-date symlink: /home/dolphiinn/ros2_ws/install/px4_msgs/share/px4_msgs/msg/ActuatorMotors.idl\n'}
[4.421096] (px4_msgs) StdoutLine: {'line': b'-- Up-to-date symlink: /home/dolphiinn/ros2_ws/install/px4_msgs/share/px4_msgs/msg/ActuatorOutputs.idl\n'}
[4.423027] (px4_msgs) StdoutLine: {'line': b'-- Up-to-date symlink: /home/dolphiinn/ros2_ws/install/px4_msgs/share/px4_msgs/msg/ActuatorServos.idl\n'}
[4.423353] (px4_msgs) StdoutLine: {'line': b'-- Up-to-date symlink: /home/dolphiinn/ros2_ws/install/px4_msgs/share/px4_msgs/msg/ActuatorServosTrim.idl\n'}
[4.423562] (px4_msgs) StdoutLine: {'line': b'-- Up-to-date symlink: /home/dolphiinn/ros2_ws/install/px4_msgs/share/px4_msgs/msg/ActuatorTest.idl\n'}
[4.424326] (px4_msgs) StdoutLine: {'line': b'-- Up-to-date symlink: /home/dolphiinn/ros2_ws/install/px4_msgs/share/px4_msgs/msg/AdcReport.idl\n'}
[4.424540] (px4_msgs) StdoutLine: {'line': b'-- Up-to-date symlink: /home/dolphiinn/ros2_ws/install/px4_msgs/share/px4_msgs/msg/Airspeed.idl\n'}
[4.424743] (px4_msgs) StdoutLine: {'line': b'-- Up-to-date symlink: /home/dolphiinn/ros2_ws/install/px4_msgs/share/px4_msgs/msg/AirspeedValidated.idl\n'}
[4.425171] (px4_msgs) StdoutLine: {'line': b'-- Up-to-date symlink: /home/dolphiinn/ros2_ws/install/px4_msgs/share/px4_msgs/msg/AirspeedWind.idl\n'}
[4.425728] (px4_msgs) StdoutLine: {'line': b'-- Up-to-date symlink: /home/dolphiinn/ros2_ws/install/px4_msgs/share/px4_msgs/msg/ArmingCheckReply.idl\n'}
[4.426176] (px4_msgs) StdoutLine: {'line': b'-- Up-to-date symlink: /home/dolphiinn/ros2_ws/install/px4_msgs/share/px4_msgs/msg/ArmingCheckRequest.idl\n'}
[4.426800] (px4_msgs) StdoutLine: {'line': b'-- Up-to-date symlink: /home/dolphiinn/ros2_ws/install/px4_msgs/share/px4_msgs/msg/AutotuneAttitudeControlStatus.idl\n'}
[4.427451] (px4_msgs) StdoutLine: {'line': b'-- Up-to-date symlink: /home/dolphiinn/ros2_ws/install/px4_msgs/share/px4_msgs/msg/BatteryInfo.idl\n'}
[4.427914] (px4_msgs) StdoutLine: {'line': b'-- Up-to-date symlink: /home/dolphiinn/ros2_ws/install/px4_msgs/share/px4_msgs/msg/BatteryStatus.idl\n'}
[4.428396] (px4_msgs) StdoutLine: {'line': b'-- Up-to-date symlink: /home/dolphiinn/ros2_ws/install/px4_msgs/share/px4_msgs/msg/ButtonEvent.idl\n'}
[4.428852] (px4_msgs) StdoutLine: {'line': b'-- Up-to-date symlink: /home/dolphiinn/ros2_ws/install/px4_msgs/share/px4_msgs/msg/CameraCapture.idl\n'}
[4.429338] (px4_msgs) StdoutLine: {'line': b'-- Up-to-date symlink: /home/dolphiinn/ros2_ws/install/px4_msgs/share/px4_msgs/msg/CameraStatus.idl\n'}
[4.429875] (px4_msgs) StdoutLine: {'line': b'-- Up-to-date symlink: /home/dolphiinn/ros2_ws/install/px4_msgs/share/px4_msgs/msg/CameraTrigger.idl\n'}
[4.430505] (px4_msgs) StdoutLine: {'line': b'-- Up-to-date symlink: /home/dolphiinn/ros2_ws/install/px4_msgs/share/px4_msgs/msg/CanInterfaceStatus.idl\n'}
[4.431021] (px4_msgs) StdoutLine: {'line': b'-- Up-to-date symlink: /home/dolphiinn/ros2_ws/install/px4_msgs/share/px4_msgs/msg/CellularStatus.idl\n'}
[4.431555] (px4_msgs) StdoutLine: {'line': b'-- Up-to-date symlink: /home/dolphiinn/ros2_ws/install/px4_msgs/share/px4_msgs/msg/CollisionConstraints.idl\n'}
[4.432037] (px4_msgs) StdoutLine: {'line': b'-- Up-to-date symlink: /home/dolphiinn/ros2_ws/install/px4_msgs/share/px4_msgs/msg/ConfigOverrides.idl\n'}
[4.432405] (px4_msgs) StdoutLine: {'line': b'-- Up-to-date symlink: /home/dolphiinn/ros2_ws/install/px4_msgs/share/px4_msgs/msg/ControlAllocatorStatus.idl\n'}
[4.432756] (px4_msgs) StdoutLine: {'line': b'-- Up-to-date symlink: /home/dolphiinn/ros2_ws/install/px4_msgs/share/px4_msgs/msg/Cpuload.idl\n'}
[4.433401] (px4_msgs) StdoutLine: {'line': b'-- Up-to-date symlink: /home/dolphiinn/ros2_ws/install/px4_msgs/share/px4_msgs/msg/DatamanRequest.idl\n'}
[4.433748] (px4_msgs) StdoutLine: {'line': b'-- Up-to-date symlink: /home/dolphiinn/ros2_ws/install/px4_msgs/share/px4_msgs/msg/DatamanResponse.idl\n'}
[4.434124] (px4_msgs) StdoutLine: {'line': b'-- Up-to-date symlink: /home/dolphiinn/ros2_ws/install/px4_msgs/share/px4_msgs/msg/DebugArray.idl\n'}
[4.434597] (px4_msgs) StdoutLine: {'line': b'-- Up-to-date symlink: /home/dolphiinn/ros2_ws/install/px4_msgs/share/px4_msgs/msg/DebugKeyValue.idl\n'}
[4.435020] (px4_msgs) StdoutLine: {'line': b'-- Up-to-date symlink: /home/dolphiinn/ros2_ws/install/px4_msgs/share/px4_msgs/msg/DebugValue.idl\n'}
[4.435630] (px4_msgs) StdoutLine: {'line': b'-- Up-to-date symlink: /home/dolphiinn/ros2_ws/install/px4_msgs/share/px4_msgs/msg/DebugVect.idl\n'}
[4.436088] (px4_msgs) StdoutLine: {'line': b'-- Up-to-date symlink: /home/dolphiinn/ros2_ws/install/px4_msgs/share/px4_msgs/msg/DifferentialPressure.idl\n'}
[4.436608] (px4_msgs) StdoutLine: {'line': b'-- Up-to-date symlink: /home/dolphiinn/ros2_ws/install/px4_msgs/share/px4_msgs/msg/DistanceSensor.idl\n'}
[4.436862] (px4_msgs) StdoutLine: {'line': b'-- Up-to-date symlink: /home/dolphiinn/ros2_ws/install/px4_msgs/share/px4_msgs/msg/DistanceSensorModeChangeRequest.idl\n'}
[4.437279] (px4_msgs) StdoutLine: {'line': b'-- Up-to-date symlink: /home/dolphiinn/ros2_ws/install/px4_msgs/share/px4_msgs/msg/DronecanNodeStatus.idl\n'}
[4.438018] (px4_msgs) StdoutLine: {'line': b'-- Up-to-date symlink: /home/dolphiinn/ros2_ws/install/px4_msgs/share/px4_msgs/msg/Ekf2Timestamps.idl\n'}
[4.438606] (px4_msgs) StdoutLine: {'line': b'-- Up-to-date symlink: /home/dolphiinn/ros2_ws/install/px4_msgs/share/px4_msgs/msg/EscReport.idl\n'}
[4.438986] (px4_msgs) StdoutLine: {'line': b'-- Up-to-date symlink: /home/dolphiinn/ros2_ws/install/px4_msgs/share/px4_msgs/msg/EscStatus.idl\n'}
[4.439406] (px4_msgs) StdoutLine: {'line': b'-- Up-to-date symlink: /home/dolphiinn/ros2_ws/install/px4_msgs/share/px4_msgs/msg/EstimatorAidSource1d.idl\n'}
[4.439779] (px4_msgs) StdoutLine: {'line': b'-- Up-to-date symlink: /home/dolphiinn/ros2_ws/install/px4_msgs/share/px4_msgs/msg/EstimatorAidSource2d.idl\n'}
[4.440136] (px4_msgs) StdoutLine: {'line': b'-- Up-to-date symlink: /home/dolphiinn/ros2_ws/install/px4_msgs/share/px4_msgs/msg/EstimatorAidSource3d.idl\n'}
[4.440463] (px4_msgs) StdoutLine: {'line': b'-- Up-to-date symlink: /home/dolphiinn/ros2_ws/install/px4_msgs/share/px4_msgs/msg/EstimatorBias.idl\n'}
[4.440866] (px4_msgs) StdoutLine: {'line': b'-- Up-to-date symlink: /home/dolphiinn/ros2_ws/install/px4_msgs/share/px4_msgs/msg/EstimatorBias3d.idl\n'}
[4.441431] (px4_msgs) StdoutLine: {'line': b'-- Up-to-date symlink: /home/dolphiinn/ros2_ws/install/px4_msgs/share/px4_msgs/msg/EstimatorEventFlags.idl\n'}
[4.441989] (px4_msgs) StdoutLine: {'line': b'-- Up-to-date symlink: /home/dolphiinn/ros2_ws/install/px4_msgs/share/px4_msgs/msg/EstimatorGpsStatus.idl\n'}
[4.442778] (px4_msgs) StdoutLine: {'line': b'-- Up-to-date symlink: /home/dolphiinn/ros2_ws/install/px4_msgs/share/px4_msgs/msg/EstimatorInnovations.idl\n'}
[4.443061] (px4_msgs) StdoutLine: {'line': b'-- Up-to-date symlink: /home/dolphiinn/ros2_ws/install/px4_msgs/share/px4_msgs/msg/EstimatorSelectorStatus.idl\n'}
[4.443425] (px4_msgs) StdoutLine: {'line': b'-- Up-to-date symlink: /home/dolphiinn/ros2_ws/install/px4_msgs/share/px4_msgs/msg/EstimatorSensorBias.idl\n'}
[4.443868] (px4_msgs) StdoutLine: {'line': b'-- Up-to-date symlink: /home/dolphiinn/ros2_ws/install/px4_msgs/share/px4_msgs/msg/EstimatorStates.idl\n'}
[4.444319] (px4_msgs) StdoutLine: {'line': b'-- Up-to-date symlink: /home/dolphiinn/ros2_ws/install/px4_msgs/share/px4_msgs/msg/EstimatorStatus.idl\n'}
[4.444715] (px4_msgs) StdoutLine: {'line': b'-- Up-to-date symlink: /home/dolphiinn/ros2_ws/install/px4_msgs/share/px4_msgs/msg/EstimatorStatusFlags.idl\n'}
[4.445133] (px4_msgs) StdoutLine: {'line': b'-- Up-to-date symlink: /home/dolphiinn/ros2_ws/install/px4_msgs/share/px4_msgs/msg/Event.idl\n'}
[4.445641] (px4_msgs) StdoutLine: {'line': b'-- Up-to-date symlink: /home/dolphiinn/ros2_ws/install/px4_msgs/share/px4_msgs/msg/FailsafeFlags.idl\n'}
[4.446138] (px4_msgs) StdoutLine: {'line': b'-- Up-to-date symlink: /home/dolphiinn/ros2_ws/install/px4_msgs/share/px4_msgs/msg/FailureDetectorStatus.idl\n'}
[4.446594] (px4_msgs) StdoutLine: {'line': b'-- Up-to-date symlink: /home/dolphiinn/ros2_ws/install/px4_msgs/share/px4_msgs/msg/FigureEightStatus.idl\n'}
[4.447074] (px4_msgs) StdoutLine: {'line': b'-- Up-to-date symlink: /home/dolphiinn/ros2_ws/install/px4_msgs/share/px4_msgs/msg/FixedWingLateralGuidanceStatus.idl\n'}
[4.447607] (px4_msgs) StdoutLine: {'line': b'-- Up-to-date symlink: /home/dolphiinn/ros2_ws/install/px4_msgs/share/px4_msgs/msg/FixedWingLateralSetpoint.idl\n'}
[4.448233] (px4_msgs) StdoutLine: {'line': b'-- Up-to-date symlink: /home/dolphiinn/ros2_ws/install/px4_msgs/share/px4_msgs/msg/FixedWingLateralStatus.idl\n'}
[4.448696] (px4_msgs) StdoutLine: {'line': b'-- Up-to-date symlink: /home/dolphiinn/ros2_ws/install/px4_msgs/share/px4_msgs/msg/FixedWingLongitudinalSetpoint.idl\n'}
[4.449163] (px4_msgs) StdoutLine: {'line': b'-- Up-to-date symlink: /home/dolphiinn/ros2_ws/install/px4_msgs/share/px4_msgs/msg/FixedWingRunwayControl.idl\n'}
[4.449777] (px4_msgs) StdoutLine: {'line': b'-- Up-to-date symlink: /home/dolphiinn/ros2_ws/install/px4_msgs/share/px4_msgs/msg/FlightPhaseEstimation.idl\n'}
[4.450323] (px4_msgs) StdoutLine: {'line': b'-- Up-to-date symlink: /home/dolphiinn/ros2_ws/install/px4_msgs/share/px4_msgs/msg/FollowTarget.idl\n'}
[4.451286] (px4_msgs) StdoutLine: {'line': b'-- Up-to-date symlink: /home/dolphiinn/ros2_ws/install/px4_msgs/share/px4_msgs/msg/FollowTargetEstimator.idl\n'}
[4.451801] (px4_msgs) StdoutLine: {'line': b'-- Up-to-date symlink: /home/dolphiinn/ros2_ws/install/px4_msgs/share/px4_msgs/msg/FollowTargetStatus.idl\n'}
[4.452327] (px4_msgs) StdoutLine: {'line': b'-- Up-to-date symlink: /home/dolphiinn/ros2_ws/install/px4_msgs/share/px4_msgs/msg/FuelTankStatus.idl\n'}
[4.452796] (px4_msgs) StdoutLine: {'line': b'-- Up-to-date symlink: /home/dolphiinn/ros2_ws/install/px4_msgs/share/px4_msgs/msg/GeneratorStatus.idl\n'}
[4.453710] (px4_msgs) StdoutLine: {'line': b'-- Up-to-date symlink: /home/dolphiinn/ros2_ws/install/px4_msgs/share/px4_msgs/msg/GeofenceResult.idl\n'}
[4.454594] (px4_msgs) StdoutLine: {'line': b'-- Up-to-date symlink: /home/dolphiinn/ros2_ws/install/px4_msgs/share/px4_msgs/msg/GeofenceStatus.idl\n'}
[4.455171] (px4_msgs) StdoutLine: {'line': b'-- Up-to-date symlink: /home/dolphiinn/ros2_ws/install/px4_msgs/share/px4_msgs/msg/GimbalControls.idl\n'}
[4.455925] (px4_msgs) StdoutLine: {'line': b'-- Up-to-date symlink: /home/dolphiinn/ros2_ws/install/px4_msgs/share/px4_msgs/msg/GimbalDeviceAttitudeStatus.idl\n'}
[4.456194] (px4_msgs) StdoutLine: {'line': b'-- Up-to-date symlink: /home/dolphiinn/ros2_ws/install/px4_msgs/share/px4_msgs/msg/GimbalDeviceInformation.idl\n'}
[4.456495] (px4_msgs) StdoutLine: {'line': b'-- Up-to-date symlink: /home/dolphiinn/ros2_ws/install/px4_msgs/share/px4_msgs/msg/GimbalDeviceSetAttitude.idl\n'}
[4.456876] (px4_msgs) StdoutLine: {'line': b'-- Up-to-date symlink: /home/dolphiinn/ros2_ws/install/px4_msgs/share/px4_msgs/msg/GimbalManagerInformation.idl\n'}
[4.457346] (px4_msgs) StdoutLine: {'line': b'-- Up-to-date symlink: /home/dolphiinn/ros2_ws/install/px4_msgs/share/px4_msgs/msg/GimbalManagerSetAttitude.idl\n'}
[4.457970] (px4_msgs) StdoutLine: {'line': b'-- Up-to-date symlink: /home/dolphiinn/ros2_ws/install/px4_msgs/share/px4_msgs/msg/GimbalManagerSetManualControl.idl\n'}
[4.458460] (px4_msgs) StdoutLine: {'line': b'-- Up-to-date symlink: /home/dolphiinn/ros2_ws/install/px4_msgs/share/px4_msgs/msg/GimbalManagerStatus.idl\n'}
[4.458829] (px4_msgs) StdoutLine: {'line': b'-- Up-to-date symlink: /home/dolphiinn/ros2_ws/install/px4_msgs/share/px4_msgs/msg/GotoSetpoint.idl\n'}
[4.459086] (px4_msgs) StdoutLine: {'line': b'-- Up-to-date symlink: /home/dolphiinn/ros2_ws/install/px4_msgs/share/px4_msgs/msg/GpioConfig.idl\n'}
[4.459388] (px4_msgs) StdoutLine: {'line': b'-- Up-to-date symlink: /home/dolphiinn/ros2_ws/install/px4_msgs/share/px4_msgs/msg/GpioIn.idl\n'}
[4.459983] (px4_msgs) StdoutLine: {'line': b'-- Up-to-date symlink: /home/dolphiinn/ros2_ws/install/px4_msgs/share/px4_msgs/msg/GpioOut.idl\n'}
[4.460386] (px4_msgs) StdoutLine: {'line': b'-- Up-to-date symlink: /home/dolphiinn/ros2_ws/install/px4_msgs/share/px4_msgs/msg/GpioRequest.idl\n'}
[4.461041] (px4_msgs) StdoutLine: {'line': b'-- Up-to-date symlink: /home/dolphiinn/ros2_ws/install/px4_msgs/share/px4_msgs/msg/GpsDump.idl\n'}
[4.461376] (px4_msgs) StdoutLine: {'line': b'-- Up-to-date symlink: /home/dolphiinn/ros2_ws/install/px4_msgs/share/px4_msgs/msg/GpsInjectData.idl\n'}
[4.461925] (px4_msgs) StdoutLine: {'line': b'-- Up-to-date symlink: /home/dolphiinn/ros2_ws/install/px4_msgs/share/px4_msgs/msg/Gripper.idl\n'}
[4.462469] (px4_msgs) StdoutLine: {'line': b'-- Up-to-date symlink: /home/dolphiinn/ros2_ws/install/px4_msgs/share/px4_msgs/msg/HealthReport.idl\n'}
[4.462972] (px4_msgs) StdoutLine: {'line': b'-- Up-to-date symlink: /home/dolphiinn/ros2_ws/install/px4_msgs/share/px4_msgs/msg/HeaterStatus.idl\n'}
[4.463404] (px4_msgs) StdoutLine: {'line': b'-- Up-to-date symlink: /home/dolphiinn/ros2_ws/install/px4_msgs/share/px4_msgs/msg/HomePosition.idl\n'}
[4.463952] (px4_msgs) StdoutLine: {'line': b'-- Up-to-date symlink: /home/dolphiinn/ros2_ws/install/px4_msgs/share/px4_msgs/msg/HoverThrustEstimate.idl\n'}
[4.465268] (px4_msgs) StdoutLine: {'line': b'-- Up-to-date symlink: /home/dolphiinn/ros2_ws/install/px4_msgs/share/px4_msgs/msg/InputRc.idl\n'}
[4.465653] (px4_msgs) StdoutLine: {'line': b'-- Up-to-date symlink: /home/dolphiinn/ros2_ws/install/px4_msgs/share/px4_msgs/msg/InternalCombustionEngineControl.idl\n'}
[4.465912] (px4_msgs) StdoutLine: {'line': b'-- Up-to-date symlink: /home/dolphiinn/ros2_ws/install/px4_msgs/share/px4_msgs/msg/InternalCombustionEngineStatus.idl\n'}
[4.466294] (px4_msgs) StdoutLine: {'line': b'-- Up-to-date symlink: /home/dolphiinn/ros2_ws/install/px4_msgs/share/px4_msgs/msg/IridiumsbdStatus.idl\n'}
[4.467070] (px4_msgs) StdoutLine: {'line': b'-- Up-to-date symlink: /home/dolphiinn/ros2_ws/install/px4_msgs/share/px4_msgs/msg/IrlockReport.idl\n'}
[4.467642] (px4_msgs) StdoutLine: {'line': b'-- Up-to-date symlink: /home/dolphiinn/ros2_ws/install/px4_msgs/share/px4_msgs/msg/LandingGear.idl\n'}
[4.468209] (px4_msgs) StdoutLine: {'line': b'-- Up-to-date symlink: /home/dolphiinn/ros2_ws/install/px4_msgs/share/px4_msgs/msg/LandingGearWheel.idl\n'}
[4.468633] (px4_msgs) StdoutLine: {'line': b'-- Up-to-date symlink: /home/dolphiinn/ros2_ws/install/px4_msgs/share/px4_msgs/msg/LandingTargetInnovations.idl\n'}
[4.469124] (px4_msgs) StdoutLine: {'line': b'-- Up-to-date symlink: /home/dolphiinn/ros2_ws/install/px4_msgs/share/px4_msgs/msg/LandingTargetPose.idl\n'}
[4.469641] (px4_msgs) StdoutLine: {'line': b'-- Up-to-date symlink: /home/dolphiinn/ros2_ws/install/px4_msgs/share/px4_msgs/msg/LateralControlConfiguration.idl\n'}
[4.470139] (px4_msgs) StdoutLine: {'line': b'-- Up-to-date symlink: /home/dolphiinn/ros2_ws/install/px4_msgs/share/px4_msgs/msg/LaunchDetectionStatus.idl\n'}
[4.470811] (px4_msgs) StdoutLine: {'line': b'-- Up-to-date symlink: /home/dolphiinn/ros2_ws/install/px4_msgs/share/px4_msgs/msg/LedControl.idl\n'}
[4.471241] (px4_msgs) StdoutLine: {'line': b'-- Up-to-date symlink: /home/dolphiinn/ros2_ws/install/px4_msgs/share/px4_msgs/msg/LogMessage.idl\n'}
[4.471732] (px4_msgs) StdoutLine: {'line': b'-- Up-to-date symlink: /home/dolphiinn/ros2_ws/install/px4_msgs/share/px4_msgs/msg/LoggerStatus.idl\n'}
[4.472171] (px4_msgs) StdoutLine: {'line': b'-- Up-to-date symlink: /home/dolphiinn/ros2_ws/install/px4_msgs/share/px4_msgs/msg/LongitudinalControlConfiguration.idl\n'}
[4.472654] (px4_msgs) StdoutLine: {'line': b'-- Up-to-date symlink: /home/dolphiinn/ros2_ws/install/px4_msgs/share/px4_msgs/msg/MagWorkerData.idl\n'}
[4.473067] (px4_msgs) StdoutLine: {'line': b'-- Up-to-date symlink: /home/dolphiinn/ros2_ws/install/px4_msgs/share/px4_msgs/msg/MagnetometerBiasEstimate.idl\n'}
[4.473624] (px4_msgs) StdoutLine: {'line': b'-- Up-to-date symlink: /home/dolphiinn/ros2_ws/install/px4_msgs/share/px4_msgs/msg/ManualControlSetpoint.idl\n'}
[4.474666] (px4_msgs) StdoutLine: {'line': b'-- Up-to-date symlink: /home/dolphiinn/ros2_ws/install/px4_msgs/share/px4_msgs/msg/ManualControlSwitches.idl\n'}
[4.474904] (px4_msgs) StdoutLine: {'line': b'-- Up-to-date symlink: /home/dolphiinn/ros2_ws/install/px4_msgs/share/px4_msgs/msg/MavlinkLog.idl\n'}
[4.475166] (px4_msgs) StdoutLine: {'line': b'-- Up-to-date symlink: /home/dolphiinn/ros2_ws/install/px4_msgs/share/px4_msgs/msg/MavlinkTunnel.idl\n'}
[4.475630] (px4_msgs) StdoutLine: {'line': b'-- Up-to-date symlink: /home/dolphiinn/ros2_ws/install/px4_msgs/share/px4_msgs/msg/MessageFormatRequest.idl\n'}
[4.476074] (px4_msgs) StdoutLine: {'line': b'-- Up-to-date symlink: /home/dolphiinn/ros2_ws/install/px4_msgs/share/px4_msgs/msg/MessageFormatResponse.idl\n'}
[4.476506] (px4_msgs) StdoutLine: {'line': b'-- Up-to-date symlink: /home/dolphiinn/ros2_ws/install/px4_msgs/share/px4_msgs/msg/Mission.idl\n'}
[4.476903] (px4_msgs) StdoutLine: {'line': b'-- Up-to-date symlink: /home/dolphiinn/ros2_ws/install/px4_msgs/share/px4_msgs/msg/MissionResult.idl\n'}
[4.477406] (px4_msgs) StdoutLine: {'line': b'-- Up-to-date symlink: /home/dolphiinn/ros2_ws/install/px4_msgs/share/px4_msgs/msg/ModeCompleted.idl\n'}
[4.477957] (px4_msgs) StdoutLine: {'line': b'-- Up-to-date symlink: /home/dolphiinn/ros2_ws/install/px4_msgs/share/px4_msgs/msg/MountOrientation.idl\n'}
[4.478383] (px4_msgs) StdoutLine: {'line': b'-- Up-to-date symlink: /home/dolphiinn/ros2_ws/install/px4_msgs/share/px4_msgs/msg/NavigatorMissionItem.idl\n'}
[4.478904] (px4_msgs) StdoutLine: {'line': b'-- Up-to-date symlink: /home/dolphiinn/ros2_ws/install/px4_msgs/share/px4_msgs/msg/NavigatorStatus.idl\n'}
[4.479293] (px4_msgs) StdoutLine: {'line': b'-- Up-to-date symlink: /home/dolphiinn/ros2_ws/install/px4_msgs/share/px4_msgs/msg/NeuralControl.idl\n'}
[4.479703] (px4_msgs) StdoutLine: {'line': b'-- Up-to-date symlink: /home/dolphiinn/ros2_ws/install/px4_msgs/share/px4_msgs/msg/NormalizedUnsignedSetpoint.idl\n'}
[4.480121] (px4_msgs) StdoutLine: {'line': b'-- Up-to-date symlink: /home/dolphiinn/ros2_ws/install/px4_msgs/share/px4_msgs/msg/ObstacleDistance.idl\n'}
[4.481291] (px4_msgs) StdoutLine: {'line': b'-- Up-to-date symlink: /home/dolphiinn/ros2_ws/install/px4_msgs/share/px4_msgs/msg/OffboardControlMode.idl\n'}
[4.482368] (px4_msgs) StdoutLine: {'line': b'-- Up-to-date symlink: /home/dolphiinn/ros2_ws/install/px4_msgs/share/px4_msgs/msg/OnboardComputerStatus.idl\n'}
[4.482604] (px4_msgs) StdoutLine: {'line': b'-- Up-to-date symlink: /home/dolphiinn/ros2_ws/install/px4_msgs/share/px4_msgs/msg/OpenDroneIdArmStatus.idl\n'}
[4.482757] (px4_msgs) StdoutLine: {'line': b'-- Up-to-date symlink: /home/dolphiinn/ros2_ws/install/px4_msgs/share/px4_msgs/msg/OpenDroneIdOperatorId.idl\n'}
[4.482982] (px4_msgs) StdoutLine: {'line': b'-- Up-to-date symlink: /home/dolphiinn/ros2_ws/install/px4_msgs/share/px4_msgs/msg/OpenDroneIdSelfId.idl\n'}
[4.483376] (px4_msgs) StdoutLine: {'line': b'-- Up-to-date symlink: /home/dolphiinn/ros2_ws/install/px4_msgs/share/px4_msgs/msg/OpenDroneIdSystem.idl\n'}
[4.483856] (px4_msgs) StdoutLine: {'line': b'-- Up-to-date symlink: /home/dolphiinn/ros2_ws/install/px4_msgs/share/px4_msgs/msg/OrbTest.idl\n'}
[4.484270] (px4_msgs) StdoutLine: {'line': b'-- Up-to-date symlink: /home/dolphiinn/ros2_ws/install/px4_msgs/share/px4_msgs/msg/OrbTestLarge.idl\n'}
[4.484839] (px4_msgs) StdoutLine: {'line': b'-- Up-to-date symlink: /home/dolphiinn/ros2_ws/install/px4_msgs/share/px4_msgs/msg/OrbTestMedium.idl\n'}
[4.485426] (px4_msgs) StdoutLine: {'line': b'-- Up-to-date symlink: /home/dolphiinn/ros2_ws/install/px4_msgs/share/px4_msgs/msg/OrbitStatus.idl\n'}
[4.486073] (px4_msgs) StdoutLine: {'line': b'-- Up-to-date symlink: /home/dolphiinn/ros2_ws/install/px4_msgs/share/px4_msgs/msg/ParameterResetRequest.idl\n'}
[4.486819] (px4_msgs) StdoutLine: {'line': b'-- Up-to-date symlink: /home/dolphiinn/ros2_ws/install/px4_msgs/share/px4_msgs/msg/ParameterSetUsedRequest.idl\n'}
[4.487422] (px4_msgs) StdoutLine: {'line': b'-- Up-to-date symlink: /home/dolphiinn/ros2_ws/install/px4_msgs/share/px4_msgs/msg/ParameterSetValueRequest.idl\n'}
[4.488010] (px4_msgs) StdoutLine: {'line': b'-- Up-to-date symlink: /home/dolphiinn/ros2_ws/install/px4_msgs/share/px4_msgs/msg/ParameterSetValueResponse.idl\n'}
[4.488521] (px4_msgs) StdoutLine: {'line': b'-- Up-to-date symlink: /home/dolphiinn/ros2_ws/install/px4_msgs/share/px4_msgs/msg/ParameterUpdate.idl\n'}
[4.488918] (px4_msgs) StdoutLine: {'line': b'-- Up-to-date symlink: /home/dolphiinn/ros2_ws/install/px4_msgs/share/px4_msgs/msg/Ping.idl\n'}
[4.489499] (px4_msgs) StdoutLine: {'line': b'-- Up-to-date symlink: /home/dolphiinn/ros2_ws/install/px4_msgs/share/px4_msgs/msg/PositionControllerLandingStatus.idl\n'}
[4.490263] (px4_msgs) StdoutLine: {'line': b'-- Up-to-date symlink: /home/dolphiinn/ros2_ws/install/px4_msgs/share/px4_msgs/msg/PositionControllerStatus.idl\n'}
[4.490846] (px4_msgs) StdoutLine: {'line': b'-- Up-to-date symlink: /home/dolphiinn/ros2_ws/install/px4_msgs/share/px4_msgs/msg/PositionSetpoint.idl\n'}
[4.491314] (px4_msgs) StdoutLine: {'line': b'-- Up-to-date symlink: /home/dolphiinn/ros2_ws/install/px4_msgs/share/px4_msgs/msg/PositionSetpointTriplet.idl\n'}
[4.491755] (px4_msgs) StdoutLine: {'line': b'-- Up-to-date symlink: /home/dolphiinn/ros2_ws/install/px4_msgs/share/px4_msgs/msg/PowerButtonState.idl\n'}
[4.492118] (px4_msgs) StdoutLine: {'line': b'-- Up-to-date symlink: /home/dolphiinn/ros2_ws/install/px4_msgs/share/px4_msgs/msg/PowerMonitor.idl\n'}
[4.492494] (px4_msgs) StdoutLine: {'line': b'-- Up-to-date symlink: /home/dolphiinn/ros2_ws/install/px4_msgs/share/px4_msgs/msg/PpsCapture.idl\n'}
[4.492969] (px4_msgs) StdoutLine: {'line': b'-- Up-to-date symlink: /home/dolphiinn/ros2_ws/install/px4_msgs/share/px4_msgs/msg/PurePursuitStatus.idl\n'}
[4.493395] (px4_msgs) StdoutLine: {'line': b'-- Up-to-date symlink: /home/dolphiinn/ros2_ws/install/px4_msgs/share/px4_msgs/msg/PwmInput.idl\n'}
[4.494091] (px4_msgs) StdoutLine: {'line': b'-- Up-to-date symlink: /home/dolphiinn/ros2_ws/install/px4_msgs/share/px4_msgs/msg/Px4ioStatus.idl\n'}
[4.494533] (px4_msgs) StdoutLine: {'line': b'-- Up-to-date symlink: /home/dolphiinn/ros2_ws/install/px4_msgs/share/px4_msgs/msg/QshellReq.idl\n'}
[4.495097] (px4_msgs) StdoutLine: {'line': b'-- Up-to-date symlink: /home/dolphiinn/ros2_ws/install/px4_msgs/share/px4_msgs/msg/QshellRetval.idl\n'}
[4.495771] (px4_msgs) StdoutLine: {'line': b'-- Up-to-date symlink: /home/dolphiinn/ros2_ws/install/px4_msgs/share/px4_msgs/msg/RadioStatus.idl\n'}
[4.496256] (px4_msgs) StdoutLine: {'line': b'-- Up-to-date symlink: /home/dolphiinn/ros2_ws/install/px4_msgs/share/px4_msgs/msg/RateCtrlStatus.idl\n'}
[4.496855] (px4_msgs) StdoutLine: {'line': b'-- Up-to-date symlink: /home/dolphiinn/ros2_ws/install/px4_msgs/share/px4_msgs/msg/RcChannels.idl\n'}
[4.497313] (px4_msgs) StdoutLine: {'line': b'-- Up-to-date symlink: /home/dolphiinn/ros2_ws/install/px4_msgs/share/px4_msgs/msg/RcParameterMap.idl\n'}
[4.497856] (px4_msgs) StdoutLine: {'line': b'-- Up-to-date symlink: /home/dolphiinn/ros2_ws/install/px4_msgs/share/px4_msgs/msg/RegisterExtComponentReply.idl\n'}
[4.498994] (px4_msgs) StdoutLine: {'line': b'-- Up-to-date symlink: /home/dolphiinn/ros2_ws/install/px4_msgs/share/px4_msgs/msg/RegisterExtComponentRequest.idl\n'}
[4.499556] (px4_msgs) StdoutLine: {'line': b'-- Up-to-date symlink: /home/dolphiinn/ros2_ws/install/px4_msgs/share/px4_msgs/msg/RoverAttitudeSetpoint.idl\n'}
[4.500028] (px4_msgs) StdoutLine: {'line': b'-- Up-to-date symlink: /home/dolphiinn/ros2_ws/install/px4_msgs/share/px4_msgs/msg/RoverAttitudeStatus.idl\n'}
[4.500403] (px4_msgs) StdoutLine: {'line': b'-- Up-to-date symlink: /home/dolphiinn/ros2_ws/install/px4_msgs/share/px4_msgs/msg/RoverPositionSetpoint.idl\n'}
[4.500937] (px4_msgs) StdoutLine: {'line': b'-- Up-to-date symlink: /home/dolphiinn/ros2_ws/install/px4_msgs/share/px4_msgs/msg/RoverRateSetpoint.idl\n'}
[4.501693] (px4_msgs) StdoutLine: {'line': b'-- Up-to-date symlink: /home/dolphiinn/ros2_ws/install/px4_msgs/share/px4_msgs/msg/RoverRateStatus.idl\n'}
[4.502441] (px4_msgs) StdoutLine: {'line': b'-- Up-to-date symlink: /home/dolphiinn/ros2_ws/install/px4_msgs/share/px4_msgs/msg/RoverSpeedSetpoint.idl\n'}
[4.502840] (px4_msgs) StdoutLine: {'line': b'-- Up-to-date symlink: /home/dolphiinn/ros2_ws/install/px4_msgs/share/px4_msgs/msg/RoverSpeedStatus.idl\n'}
[4.503154] (px4_msgs) StdoutLine: {'line': b'-- Up-to-date symlink: /home/dolphiinn/ros2_ws/install/px4_msgs/share/px4_msgs/msg/RoverSteeringSetpoint.idl\n'}
[4.503615] (px4_msgs) StdoutLine: {'line': b'-- Up-to-date symlink: /home/dolphiinn/ros2_ws/install/px4_msgs/share/px4_msgs/msg/RoverThrottleSetpoint.idl\n'}
[4.503961] (px4_msgs) StdoutLine: {'line': b'-- Up-to-date symlink: /home/dolphiinn/ros2_ws/install/px4_msgs/share/px4_msgs/msg/Rpm.idl\n'}
[4.504165] (px4_msgs) StdoutLine: {'line': b'-- Up-to-date symlink: /home/dolphiinn/ros2_ws/install/px4_msgs/share/px4_msgs/msg/RtlStatus.idl\n'}
[4.504470] (px4_msgs) StdoutLine: {'line': b'-- Up-to-date symlink: /home/dolphiinn/ros2_ws/install/px4_msgs/share/px4_msgs/msg/RtlTimeEstimate.idl\n'}
[4.504986] (px4_msgs) StdoutLine: {'line': b'-- Up-to-date symlink: /home/dolphiinn/ros2_ws/install/px4_msgs/share/px4_msgs/msg/SatelliteInfo.idl\n'}
[4.505368] (px4_msgs) StdoutLine: {'line': b'-- Up-to-date symlink: /home/dolphiinn/ros2_ws/install/px4_msgs/share/px4_msgs/msg/SensorAccel.idl\n'}
[4.505977] (px4_msgs) StdoutLine: {'line': b'-- Up-to-date symlink: /home/dolphiinn/ros2_ws/install/px4_msgs/share/px4_msgs/msg/SensorAccelFifo.idl\n'}
[4.506757] (px4_msgs) StdoutLine: {'line': b'-- Up-to-date symlink: /home/dolphiinn/ros2_ws/install/px4_msgs/share/px4_msgs/msg/SensorAirflow.idl\n'}
[4.507191] (px4_msgs) StdoutLine: {'line': b'-- Up-to-date symlink: /home/dolphiinn/ros2_ws/install/px4_msgs/share/px4_msgs/msg/SensorBaro.idl\n'}
[4.507509] (px4_msgs) StdoutLine: {'line': b'-- Up-to-date symlink: /home/dolphiinn/ros2_ws/install/px4_msgs/share/px4_msgs/msg/SensorCombined.idl\n'}
[4.507832] (px4_msgs) StdoutLine: {'line': b'-- Up-to-date symlink: /home/dolphiinn/ros2_ws/install/px4_msgs/share/px4_msgs/msg/SensorCorrection.idl\n'}
[4.508142] (px4_msgs) StdoutLine: {'line': b'-- Up-to-date symlink: /home/dolphiinn/ros2_ws/install/px4_msgs/share/px4_msgs/msg/SensorGnssRelative.idl\n'}
[4.508531] (px4_msgs) StdoutLine: {'line': b'-- Up-to-date symlink: /home/dolphiinn/ros2_ws/install/px4_msgs/share/px4_msgs/msg/SensorGnssStatus.idl\n'}
[4.508903] (px4_msgs) StdoutLine: {'line': b'-- Up-to-date symlink: /home/dolphiinn/ros2_ws/install/px4_msgs/share/px4_msgs/msg/SensorGps.idl\n'}
[4.509286] (px4_msgs) StdoutLine: {'line': b'-- Up-to-date symlink: /home/dolphiinn/ros2_ws/install/px4_msgs/share/px4_msgs/msg/SensorGyro.idl\n'}
[4.509776] (px4_msgs) StdoutLine: {'line': b'-- Up-to-date symlink: /home/dolphiinn/ros2_ws/install/px4_msgs/share/px4_msgs/msg/SensorGyroFft.idl\n'}
[4.510307] (px4_msgs) StdoutLine: {'line': b'-- Up-to-date symlink: /home/dolphiinn/ros2_ws/install/px4_msgs/share/px4_msgs/msg/SensorGyroFifo.idl\n'}
[4.510667] (px4_msgs) StdoutLine: {'line': b'-- Up-to-date symlink: /home/dolphiinn/ros2_ws/install/px4_msgs/share/px4_msgs/msg/SensorHygrometer.idl\n'}
[4.511039] (px4_msgs) StdoutLine: {'line': b'-- Up-to-date symlink: /home/dolphiinn/ros2_ws/install/px4_msgs/share/px4_msgs/msg/SensorMag.idl\n'}
[4.511377] (px4_msgs) StdoutLine: {'line': b'-- Up-to-date symlink: /home/dolphiinn/ros2_ws/install/px4_msgs/share/px4_msgs/msg/SensorOpticalFlow.idl\n'}
[4.511849] (px4_msgs) StdoutLine: {'line': b'-- Up-to-date symlink: /home/dolphiinn/ros2_ws/install/px4_msgs/share/px4_msgs/msg/SensorPreflightMag.idl\n'}
[4.511957] (-) TimerEvent: {}
[4.512223] (px4_msgs) StdoutLine: {'line': b'-- Up-to-date symlink: /home/dolphiinn/ros2_ws/install/px4_msgs/share/px4_msgs/msg/SensorSelection.idl\n'}
[4.512559] (px4_msgs) StdoutLine: {'line': b'-- Up-to-date symlink: /home/dolphiinn/ros2_ws/install/px4_msgs/share/px4_msgs/msg/SensorUwb.idl\n'}
[4.512889] (px4_msgs) StdoutLine: {'line': b'-- Up-to-date symlink: /home/dolphiinn/ros2_ws/install/px4_msgs/share/px4_msgs/msg/SensorsStatus.idl\n'}
[4.513324] (px4_msgs) StdoutLine: {'line': b'-- Up-to-date symlink: /home/dolphiinn/ros2_ws/install/px4_msgs/share/px4_msgs/msg/SensorsStatusImu.idl\n'}
[4.513957] (px4_msgs) StdoutLine: {'line': b'-- Up-to-date symlink: /home/dolphiinn/ros2_ws/install/px4_msgs/share/px4_msgs/msg/SystemPower.idl\n'}
[4.514430] (px4_msgs) StdoutLine: {'line': b'-- Up-to-date symlink: /home/dolphiinn/ros2_ws/install/px4_msgs/share/px4_msgs/msg/TakeoffStatus.idl\n'}
[4.514900] (px4_msgs) StdoutLine: {'line': b'-- Up-to-date symlink: /home/dolphiinn/ros2_ws/install/px4_msgs/share/px4_msgs/msg/TaskStackInfo.idl\n'}
[4.516068] (px4_msgs) StdoutLine: {'line': b'-- Up-to-date symlink: /home/dolphiinn/ros2_ws/install/px4_msgs/share/px4_msgs/msg/TecsStatus.idl\n'}
[4.516186] (px4_msgs) StdoutLine: {'line': b'-- Up-to-date symlink: /home/dolphiinn/ros2_ws/install/px4_msgs/share/px4_msgs/msg/TelemetryStatus.idl\n'}
[4.516322] (px4_msgs) StdoutLine: {'line': b'-- Up-to-date symlink: /home/dolphiinn/ros2_ws/install/px4_msgs/share/px4_msgs/msg/TiltrotorExtraControls.idl\n'}
[4.516633] (px4_msgs) StdoutLine: {'line': b'-- Up-to-date symlink: /home/dolphiinn/ros2_ws/install/px4_msgs/share/px4_msgs/msg/TimesyncStatus.idl\n'}
[4.517189] (px4_msgs) StdoutLine: {'line': b'-- Up-to-date symlink: /home/dolphiinn/ros2_ws/install/px4_msgs/share/px4_msgs/msg/TrajectorySetpoint.idl\n'}
[4.518099] (px4_msgs) StdoutLine: {'line': b'-- Up-to-date symlink: /home/dolphiinn/ros2_ws/install/px4_msgs/share/px4_msgs/msg/TrajectorySetpoint6dof.idl\n'}
[4.519351] (px4_msgs) StdoutLine: {'line': b'-- Up-to-date symlink: /home/dolphiinn/ros2_ws/install/px4_msgs/share/px4_msgs/msg/TransponderReport.idl\n'}
[4.519539] (px4_msgs) StdoutLine: {'line': b'-- Up-to-date symlink: /home/dolphiinn/ros2_ws/install/px4_msgs/share/px4_msgs/msg/TuneControl.idl\n'}
[4.519839] (px4_msgs) StdoutLine: {'line': b'-- Up-to-date symlink: /home/dolphiinn/ros2_ws/install/px4_msgs/share/px4_msgs/msg/UavcanParameterRequest.idl\n'}
[4.520311] (px4_msgs) StdoutLine: {'line': b'-- Up-to-date symlink: /home/dolphiinn/ros2_ws/install/px4_msgs/share/px4_msgs/msg/UavcanParameterValue.idl\n'}
[4.521012] (px4_msgs) StdoutLine: {'line': b'-- Up-to-date symlink: /home/dolphiinn/ros2_ws/install/px4_msgs/share/px4_msgs/msg/UlogStream.idl\n'}
[4.521680] (px4_msgs) StdoutLine: {'line': b'-- Up-to-date symlink: /home/dolphiinn/ros2_ws/install/px4_msgs/share/px4_msgs/msg/UlogStreamAck.idl\n'}
[4.522077] (px4_msgs) StdoutLine: {'line': b'-- Up-to-date symlink: /home/dolphiinn/ros2_ws/install/px4_msgs/share/px4_msgs/msg/UnregisterExtComponent.idl\n'}
[4.522662] (px4_msgs) StdoutLine: {'line': b'-- Up-to-date symlink: /home/dolphiinn/ros2_ws/install/px4_msgs/share/px4_msgs/msg/VehicleAcceleration.idl\n'}
[4.523158] (px4_msgs) StdoutLine: {'line': b'-- Up-to-date symlink: /home/dolphiinn/ros2_ws/install/px4_msgs/share/px4_msgs/msg/VehicleAirData.idl\n'}
[4.523588] (px4_msgs) StdoutLine: {'line': b'-- Up-to-date symlink: /home/dolphiinn/ros2_ws/install/px4_msgs/share/px4_msgs/msg/VehicleAngularAccelerationSetpoint.idl\n'}
[4.523970] (px4_msgs) StdoutLine: {'line': b'-- Up-to-date symlink: /home/dolphiinn/ros2_ws/install/px4_msgs/share/px4_msgs/msg/VehicleAngularVelocity.idl\n'}
[4.524355] (px4_msgs) StdoutLine: {'line': b'-- Up-to-date symlink: /home/dolphiinn/ros2_ws/install/px4_msgs/share/px4_msgs/msg/VehicleAttitude.idl\n'}
[4.524720] (px4_msgs) StdoutLine: {'line': b'-- Up-to-date symlink: /home/dolphiinn/ros2_ws/install/px4_msgs/share/px4_msgs/msg/VehicleAttitudeSetpoint.idl\n'}
[4.525089] (px4_msgs) StdoutLine: {'line': b'-- Up-to-date symlink: /home/dolphiinn/ros2_ws/install/px4_msgs/share/px4_msgs/msg/VehicleCommand.idl\n'}
[4.525346] (px4_msgs) StdoutLine: {'line': b'-- Up-to-date symlink: /home/dolphiinn/ros2_ws/install/px4_msgs/share/px4_msgs/msg/VehicleCommandAck.idl\n'}
[4.525702] (px4_msgs) StdoutLine: {'line': b'-- Up-to-date symlink: /home/dolphiinn/ros2_ws/install/px4_msgs/share/px4_msgs/msg/VehicleConstraints.idl\n'}
[4.526726] (px4_msgs) StdoutLine: {'line': b'-- Up-to-date symlink: /home/dolphiinn/ros2_ws/install/px4_msgs/share/px4_msgs/msg/VehicleControlMode.idl\n'}
[4.527277] (px4_msgs) StdoutLine: {'line': b'-- Up-to-date symlink: /home/dolphiinn/ros2_ws/install/px4_msgs/share/px4_msgs/msg/VehicleGlobalPosition.idl\n'}
[4.527493] (px4_msgs) StdoutLine: {'line': b'-- Up-to-date symlink: /home/dolphiinn/ros2_ws/install/px4_msgs/share/px4_msgs/msg/VehicleImu.idl\n'}
[4.527657] (px4_msgs) StdoutLine: {'line': b'-- Up-to-date symlink: /home/dolphiinn/ros2_ws/install/px4_msgs/share/px4_msgs/msg/VehicleImuStatus.idl\n'}
[4.527762] (px4_msgs) StdoutLine: {'line': b'-- Up-to-date symlink: /home/dolphiinn/ros2_ws/install/px4_msgs/share/px4_msgs/msg/VehicleLandDetected.idl\n'}
[4.527933] (px4_msgs) StdoutLine: {'line': b'-- Up-to-date symlink: /home/dolphiinn/ros2_ws/install/px4_msgs/share/px4_msgs/msg/VehicleLocalPosition.idl\n'}
[4.528199] (px4_msgs) StdoutLine: {'line': b'-- Up-to-date symlink: /home/dolphiinn/ros2_ws/install/px4_msgs/share/px4_msgs/msg/VehicleLocalPositionSetpoint.idl\n'}
[4.528425] (px4_msgs) StdoutLine: {'line': b'-- Up-to-date symlink: /home/dolphiinn/ros2_ws/install/px4_msgs/share/px4_msgs/msg/VehicleMagnetometer.idl\n'}
[4.528780] (px4_msgs) StdoutLine: {'line': b'-- Up-to-date symlink: /home/dolphiinn/ros2_ws/install/px4_msgs/share/px4_msgs/msg/VehicleOdometry.idl\n'}
[4.529285] (px4_msgs) StdoutLine: {'line': b'-- Up-to-date symlink: /home/dolphiinn/ros2_ws/install/px4_msgs/share/px4_msgs/msg/VehicleOpticalFlow.idl\n'}
[4.529852] (px4_msgs) StdoutLine: {'line': b'-- Up-to-date symlink: /home/dolphiinn/ros2_ws/install/px4_msgs/share/px4_msgs/msg/VehicleOpticalFlowVel.idl\n'}
[4.530299] (px4_msgs) StdoutLine: {'line': b'-- Up-to-date symlink: /home/dolphiinn/ros2_ws/install/px4_msgs/share/px4_msgs/msg/VehicleRatesSetpoint.idl\n'}
[4.530793] (px4_msgs) StdoutLine: {'line': b'-- Up-to-date symlink: /home/dolphiinn/ros2_ws/install/px4_msgs/share/px4_msgs/msg/VehicleRoi.idl\n'}
[4.531115] (px4_msgs) StdoutLine: {'line': b'-- Up-to-date symlink: /home/dolphiinn/ros2_ws/install/px4_msgs/share/px4_msgs/msg/VehicleStatus.idl\n'}
[4.532139] (px4_msgs) StdoutLine: {'line': b'-- Up-to-date symlink: /home/dolphiinn/ros2_ws/install/px4_msgs/share/px4_msgs/msg/VehicleThrustSetpoint.idl\n'}
[4.532399] (px4_msgs) StdoutLine: {'line': b'-- Up-to-date symlink: /home/dolphiinn/ros2_ws/install/px4_msgs/share/px4_msgs/msg/VehicleTorqueSetpoint.idl\n'}
[4.532585] (px4_msgs) StdoutLine: {'line': b'-- Up-to-date symlink: /home/dolphiinn/ros2_ws/install/px4_msgs/share/px4_msgs/msg/VelocityLimits.idl\n'}
[4.532717] (px4_msgs) StdoutLine: {'line': b'-- Up-to-date symlink: /home/dolphiinn/ros2_ws/install/px4_msgs/share/px4_msgs/msg/VtolVehicleStatus.idl\n'}
[4.532973] (px4_msgs) StdoutLine: {'line': b'-- Up-to-date symlink: /home/dolphiinn/ros2_ws/install/px4_msgs/share/px4_msgs/msg/WheelEncoders.idl\n'}
[4.533345] (px4_msgs) StdoutLine: {'line': b'-- Up-to-date symlink: /home/dolphiinn/ros2_ws/install/px4_msgs/share/px4_msgs/msg/Wind.idl\n'}
[4.533691] (px4_msgs) StdoutLine: {'line': b'-- Up-to-date symlink: /home/dolphiinn/ros2_ws/install/px4_msgs/share/px4_msgs/msg/YawEstimatorStatus.idl\n'}
[4.534159] (px4_msgs) StdoutLine: {'line': b'-- Up-to-date symlink: /home/dolphiinn/ros2_ws/install/px4_msgs/share/px4_msgs/srv/VehicleCommand.idl\n'}
[4.534547] (px4_msgs) StdoutLine: {'line': b'-- Up-to-date symlink: /home/dolphiinn/ros2_ws/install/px4_msgs/share/px4_msgs/msg/ActionRequest.msg\n'}
[4.535091] (px4_msgs) StdoutLine: {'line': b'-- Up-to-date symlink: /home/dolphiinn/ros2_ws/install/px4_msgs/share/px4_msgs/msg/ActuatorArmed.msg\n'}
[4.535381] (px4_msgs) StdoutLine: {'line': b'-- Up-to-date symlink: /home/dolphiinn/ros2_ws/install/px4_msgs/share/px4_msgs/msg/ActuatorControlsStatus.msg\n'}
[4.535677] (px4_msgs) StdoutLine: {'line': b'-- Up-to-date symlink: /home/dolphiinn/ros2_ws/install/px4_msgs/share/px4_msgs/msg/ActuatorMotors.msg\n'}
[4.535942] (px4_msgs) StdoutLine: {'line': b'-- Up-to-date symlink: /home/dolphiinn/ros2_ws/install/px4_msgs/share/px4_msgs/msg/ActuatorOutputs.msg\n'}
[4.536226] (px4_msgs) StdoutLine: {'line': b'-- Up-to-date symlink: /home/dolphiinn/ros2_ws/install/px4_msgs/share/px4_msgs/msg/ActuatorServos.msg\n'}
[4.536703] (px4_msgs) StdoutLine: {'line': b'-- Up-to-date symlink: /home/dolphiinn/ros2_ws/install/px4_msgs/share/px4_msgs/msg/ActuatorServosTrim.msg\n'}
[4.537061] (px4_msgs) StdoutLine: {'line': b'-- Up-to-date symlink: /home/dolphiinn/ros2_ws/install/px4_msgs/share/px4_msgs/msg/ActuatorTest.msg\n'}
[4.537488] (px4_msgs) StdoutLine: {'line': b'-- Up-to-date symlink: /home/dolphiinn/ros2_ws/install/px4_msgs/share/px4_msgs/msg/AdcReport.msg\n'}
[4.537706] (px4_msgs) StdoutLine: {'line': b'-- Up-to-date symlink: /home/dolphiinn/ros2_ws/install/px4_msgs/share/px4_msgs/msg/Airspeed.msg\n'}
[4.538061] (px4_msgs) StdoutLine: {'line': b'-- Up-to-date symlink: /home/dolphiinn/ros2_ws/install/px4_msgs/share/px4_msgs/msg/AirspeedValidated.msg\n'}
[4.538498] (px4_msgs) StdoutLine: {'line': b'-- Up-to-date symlink: /home/dolphiinn/ros2_ws/install/px4_msgs/share/px4_msgs/msg/AirspeedWind.msg\n'}
[4.539200] (px4_msgs) StdoutLine: {'line': b'-- Up-to-date symlink: /home/dolphiinn/ros2_ws/install/px4_msgs/share/px4_msgs/msg/ArmingCheckReply.msg\n'}
[4.539427] (px4_msgs) StdoutLine: {'line': b'-- Up-to-date symlink: /home/dolphiinn/ros2_ws/install/px4_msgs/share/px4_msgs/msg/ArmingCheckRequest.msg\n'}
[4.539698] (px4_msgs) StdoutLine: {'line': b'-- Up-to-date symlink: /home/dolphiinn/ros2_ws/install/px4_msgs/share/px4_msgs/msg/AutotuneAttitudeControlStatus.msg\n'}
[4.539974] (px4_msgs) StdoutLine: {'line': b'-- Up-to-date symlink: /home/dolphiinn/ros2_ws/install/px4_msgs/share/px4_msgs/msg/BatteryInfo.msg\n'}
[4.540273] (px4_msgs) StdoutLine: {'line': b'-- Up-to-date symlink: /home/dolphiinn/ros2_ws/install/px4_msgs/share/px4_msgs/msg/BatteryStatus.msg\n'}
[4.540387] (px4_msgs) StdoutLine: {'line': b'-- Up-to-date symlink: /home/dolphiinn/ros2_ws/install/px4_msgs/share/px4_msgs/msg/ButtonEvent.msg\n'}
[4.540520] (px4_msgs) StdoutLine: {'line': b'-- Up-to-date symlink: /home/dolphiinn/ros2_ws/install/px4_msgs/share/px4_msgs/msg/CameraCapture.msg\n'}
[4.540663] (px4_msgs) StdoutLine: {'line': b'-- Up-to-date symlink: /home/dolphiinn/ros2_ws/install/px4_msgs/share/px4_msgs/msg/CameraStatus.msg\n'}
[4.540809] (px4_msgs) StdoutLine: {'line': b'-- Up-to-date symlink: /home/dolphiinn/ros2_ws/install/px4_msgs/share/px4_msgs/msg/CameraTrigger.msg\n'}
[4.541124] (px4_msgs) StdoutLine: {'line': b'-- Up-to-date symlink: /home/dolphiinn/ros2_ws/install/px4_msgs/share/px4_msgs/msg/CanInterfaceStatus.msg\n'}
[4.541418] (px4_msgs) StdoutLine: {'line': b'-- Up-to-date symlink: /home/dolphiinn/ros2_ws/install/px4_msgs/share/px4_msgs/msg/CellularStatus.msg\n'}
[4.541622] (px4_msgs) StdoutLine: {'line': b'-- Up-to-date symlink: /home/dolphiinn/ros2_ws/install/px4_msgs/share/px4_msgs/msg/CollisionConstraints.msg\n'}
[4.542148] (px4_msgs) StdoutLine: {'line': b'-- Up-to-date symlink: /home/dolphiinn/ros2_ws/install/px4_msgs/share/px4_msgs/msg/ConfigOverrides.msg\n'}
[4.542464] (px4_msgs) StdoutLine: {'line': b'-- Up-to-date symlink: /home/dolphiinn/ros2_ws/install/px4_msgs/share/px4_msgs/msg/ControlAllocatorStatus.msg\n'}
[4.542761] (px4_msgs) StdoutLine: {'line': b'-- Up-to-date symlink: /home/dolphiinn/ros2_ws/install/px4_msgs/share/px4_msgs/msg/Cpuload.msg\n'}
[4.542969] (px4_msgs) StdoutLine: {'line': b'-- Up-to-date symlink: /home/dolphiinn/ros2_ws/install/px4_msgs/share/px4_msgs/msg/DatamanRequest.msg\n'}
[4.543199] (px4_msgs) StdoutLine: {'line': b'-- Up-to-date symlink: /home/dolphiinn/ros2_ws/install/px4_msgs/share/px4_msgs/msg/DatamanResponse.msg\n'}
[4.543519] (px4_msgs) StdoutLine: {'line': b'-- Up-to-date symlink: /home/dolphiinn/ros2_ws/install/px4_msgs/share/px4_msgs/msg/DebugArray.msg\n'}
[4.543935] (px4_msgs) StdoutLine: {'line': b'-- Up-to-date symlink: /home/dolphiinn/ros2_ws/install/px4_msgs/share/px4_msgs/msg/DebugKeyValue.msg\n'}
[4.544182] (px4_msgs) StdoutLine: {'line': b'-- Up-to-date symlink: /home/dolphiinn/ros2_ws/install/px4_msgs/share/px4_msgs/msg/DebugValue.msg\n'}
[4.544415] (px4_msgs) StdoutLine: {'line': b'-- Up-to-date symlink: /home/dolphiinn/ros2_ws/install/px4_msgs/share/px4_msgs/msg/DebugVect.msg\n'}
[4.544706] (px4_msgs) StdoutLine: {'line': b'-- Up-to-date symlink: /home/dolphiinn/ros2_ws/install/px4_msgs/share/px4_msgs/msg/DifferentialPressure.msg\n'}
[4.545014] (px4_msgs) StdoutLine: {'line': b'-- Up-to-date symlink: /home/dolphiinn/ros2_ws/install/px4_msgs/share/px4_msgs/msg/DistanceSensor.msg\n'}
[4.545322] (px4_msgs) StdoutLine: {'line': b'-- Up-to-date symlink: /home/dolphiinn/ros2_ws/install/px4_msgs/share/px4_msgs/msg/DistanceSensorModeChangeRequest.msg\n'}
[4.545672] (px4_msgs) StdoutLine: {'line': b'-- Up-to-date symlink: /home/dolphiinn/ros2_ws/install/px4_msgs/share/px4_msgs/msg/DronecanNodeStatus.msg\n'}
[4.545968] (px4_msgs) StdoutLine: {'line': b'-- Up-to-date symlink: /home/dolphiinn/ros2_ws/install/px4_msgs/share/px4_msgs/msg/Ekf2Timestamps.msg\n'}
[4.546757] (px4_msgs) StdoutLine: {'line': b'-- Up-to-date symlink: /home/dolphiinn/ros2_ws/install/px4_msgs/share/px4_msgs/msg/EscReport.msg\n'}
[4.546964] (px4_msgs) StdoutLine: {'line': b'-- Up-to-date symlink: /home/dolphiinn/ros2_ws/install/px4_msgs/share/px4_msgs/msg/EscStatus.msg\n'}
[4.547325] (px4_msgs) StdoutLine: {'line': b'-- Up-to-date symlink: /home/dolphiinn/ros2_ws/install/px4_msgs/share/px4_msgs/msg/EstimatorAidSource1d.msg\n'}
[4.547581] (px4_msgs) StdoutLine: {'line': b'-- Up-to-date symlink: /home/dolphiinn/ros2_ws/install/px4_msgs/share/px4_msgs/msg/EstimatorAidSource2d.msg\n'}
[4.547899] (px4_msgs) StdoutLine: {'line': b'-- Up-to-date symlink: /home/dolphiinn/ros2_ws/install/px4_msgs/share/px4_msgs/msg/EstimatorAidSource3d.msg\n'}
[4.548249] (px4_msgs) StdoutLine: {'line': b'-- Up-to-date symlink: /home/dolphiinn/ros2_ws/install/px4_msgs/share/px4_msgs/msg/EstimatorBias.msg\n'}
[4.548675] (px4_msgs) StdoutLine: {'line': b'-- Up-to-date symlink: /home/dolphiinn/ros2_ws/install/px4_msgs/share/px4_msgs/msg/EstimatorBias3d.msg\n'}
[4.549134] (px4_msgs) StdoutLine: {'line': b'-- Up-to-date symlink: /home/dolphiinn/ros2_ws/install/px4_msgs/share/px4_msgs/msg/EstimatorEventFlags.msg\n'}
[4.549387] (px4_msgs) StdoutLine: {'line': b'-- Up-to-date symlink: /home/dolphiinn/ros2_ws/install/px4_msgs/share/px4_msgs/msg/EstimatorGpsStatus.msg\n'}
[4.549809] (px4_msgs) StdoutLine: {'line': b'-- Up-to-date symlink: /home/dolphiinn/ros2_ws/install/px4_msgs/share/px4_msgs/msg/EstimatorInnovations.msg\n'}
[4.550265] (px4_msgs) StdoutLine: {'line': b'-- Up-to-date symlink: /home/dolphiinn/ros2_ws/install/px4_msgs/share/px4_msgs/msg/EstimatorSelectorStatus.msg\n'}
[4.550673] (px4_msgs) StdoutLine: {'line': b'-- Up-to-date symlink: /home/dolphiinn/ros2_ws/install/px4_msgs/share/px4_msgs/msg/EstimatorSensorBias.msg\n'}
[4.551107] (px4_msgs) StdoutLine: {'line': b'-- Up-to-date symlink: /home/dolphiinn/ros2_ws/install/px4_msgs/share/px4_msgs/msg/EstimatorStates.msg\n'}
[4.551435] (px4_msgs) StdoutLine: {'line': b'-- Up-to-date symlink: /home/dolphiinn/ros2_ws/install/px4_msgs/share/px4_msgs/msg/EstimatorStatus.msg\n'}
[4.551958] (px4_msgs) StdoutLine: {'line': b'-- Up-to-date symlink: /home/dolphiinn/ros2_ws/install/px4_msgs/share/px4_msgs/msg/EstimatorStatusFlags.msg\n'}
[4.552752] (px4_msgs) StdoutLine: {'line': b'-- Up-to-date symlink: /home/dolphiinn/ros2_ws/install/px4_msgs/share/px4_msgs/msg/Event.msg\n'}
[4.553367] (px4_msgs) StdoutLine: {'line': b'-- Up-to-date symlink: /home/dolphiinn/ros2_ws/install/px4_msgs/share/px4_msgs/msg/FailsafeFlags.msg\n'}
[4.553685] (px4_msgs) StdoutLine: {'line': b'-- Up-to-date symlink: /home/dolphiinn/ros2_ws/install/px4_msgs/share/px4_msgs/msg/FailureDetectorStatus.msg\n'}
[4.554075] (px4_msgs) StdoutLine: {'line': b'-- Up-to-date symlink: /home/dolphiinn/ros2_ws/install/px4_msgs/share/px4_msgs/msg/FigureEightStatus.msg\n'}
[4.554525] (px4_msgs) StdoutLine: {'line': b'-- Up-to-date symlink: /home/dolphiinn/ros2_ws/install/px4_msgs/share/px4_msgs/msg/FixedWingLateralGuidanceStatus.msg\n'}
[4.554925] (px4_msgs) StdoutLine: {'line': b'-- Up-to-date symlink: /home/dolphiinn/ros2_ws/install/px4_msgs/share/px4_msgs/msg/FixedWingLateralSetpoint.msg\n'}
[4.555248] (px4_msgs) StdoutLine: {'line': b'-- Up-to-date symlink: /home/dolphiinn/ros2_ws/install/px4_msgs/share/px4_msgs/msg/FixedWingLateralStatus.msg\n'}
[4.555584] (px4_msgs) StdoutLine: {'line': b'-- Up-to-date symlink: /home/dolphiinn/ros2_ws/install/px4_msgs/share/px4_msgs/msg/FixedWingLongitudinalSetpoint.msg\n'}
[4.555983] (px4_msgs) StdoutLine: {'line': b'-- Up-to-date symlink: /home/dolphiinn/ros2_ws/install/px4_msgs/share/px4_msgs/msg/FixedWingRunwayControl.msg\n'}
[4.556418] (px4_msgs) StdoutLine: {'line': b'-- Up-to-date symlink: /home/dolphiinn/ros2_ws/install/px4_msgs/share/px4_msgs/msg/FlightPhaseEstimation.msg\n'}
[4.556670] (px4_msgs) StdoutLine: {'line': b'-- Up-to-date symlink: /home/dolphiinn/ros2_ws/install/px4_msgs/share/px4_msgs/msg/FollowTarget.msg\n'}
[4.557309] (px4_msgs) StdoutLine: {'line': b'-- Up-to-date symlink: /home/dolphiinn/ros2_ws/install/px4_msgs/share/px4_msgs/msg/FollowTargetEstimator.msg\n'}
[4.557503] (px4_msgs) StdoutLine: {'line': b'-- Up-to-date symlink: /home/dolphiinn/ros2_ws/install/px4_msgs/share/px4_msgs/msg/FollowTargetStatus.msg\n'}
[4.557783] (px4_msgs) StdoutLine: {'line': b'-- Up-to-date symlink: /home/dolphiinn/ros2_ws/install/px4_msgs/share/px4_msgs/msg/FuelTankStatus.msg\n'}
[4.558103] (px4_msgs) StdoutLine: {'line': b'-- Up-to-date symlink: /home/dolphiinn/ros2_ws/install/px4_msgs/share/px4_msgs/msg/GeneratorStatus.msg\n'}
[4.558464] (px4_msgs) StdoutLine: {'line': b'-- Up-to-date symlink: /home/dolphiinn/ros2_ws/install/px4_msgs/share/px4_msgs/msg/GeofenceResult.msg\n'}
[4.558704] (px4_msgs) StdoutLine: {'line': b'-- Up-to-date symlink: /home/dolphiinn/ros2_ws/install/px4_msgs/share/px4_msgs/msg/GeofenceStatus.msg\n'}
[4.558887] (px4_msgs) StdoutLine: {'line': b'-- Up-to-date symlink: /home/dolphiinn/ros2_ws/install/px4_msgs/share/px4_msgs/msg/GimbalControls.msg\n'}
[4.559245] (px4_msgs) StdoutLine: {'line': b'-- Up-to-date symlink: /home/dolphiinn/ros2_ws/install/px4_msgs/share/px4_msgs/msg/GimbalDeviceAttitudeStatus.msg\n'}
[4.559518] (px4_msgs) StdoutLine: {'line': b'-- Up-to-date symlink: /home/dolphiinn/ros2_ws/install/px4_msgs/share/px4_msgs/msg/GimbalDeviceInformation.msg\n'}
[4.559987] (px4_msgs) StdoutLine: {'line': b'-- Up-to-date symlink: /home/dolphiinn/ros2_ws/install/px4_msgs/share/px4_msgs/msg/GimbalDeviceSetAttitude.msg\n'}
[4.560783] (px4_msgs) StdoutLine: {'line': b'-- Up-to-date symlink: /home/dolphiinn/ros2_ws/install/px4_msgs/share/px4_msgs/msg/GimbalManagerInformation.msg\n'}
[4.561321] (px4_msgs) StdoutLine: {'line': b'-- Up-to-date symlink: /home/dolphiinn/ros2_ws/install/px4_msgs/share/px4_msgs/msg/GimbalManagerSetAttitude.msg\n'}
[4.561808] (px4_msgs) StdoutLine: {'line': b'-- Up-to-date symlink: /home/dolphiinn/ros2_ws/install/px4_msgs/share/px4_msgs/msg/GimbalManagerSetManualControl.msg\n'}
[4.562333] (px4_msgs) StdoutLine: {'line': b'-- Up-to-date symlink: /home/dolphiinn/ros2_ws/install/px4_msgs/share/px4_msgs/msg/GimbalManagerStatus.msg\n'}
[4.562766] (px4_msgs) StdoutLine: {'line': b'-- Up-to-date symlink: /home/dolphiinn/ros2_ws/install/px4_msgs/share/px4_msgs/msg/GotoSetpoint.msg\n'}
[4.563149] (px4_msgs) StdoutLine: {'line': b'-- Up-to-date symlink: /home/dolphiinn/ros2_ws/install/px4_msgs/share/px4_msgs/msg/GpioConfig.msg\n'}
[4.563604] (px4_msgs) StdoutLine: {'line': b'-- Up-to-date symlink: /home/dolphiinn/ros2_ws/install/px4_msgs/share/px4_msgs/msg/GpioIn.msg\n'}
[4.563919] (px4_msgs) StdoutLine: {'line': b'-- Up-to-date symlink: /home/dolphiinn/ros2_ws/install/px4_msgs/share/px4_msgs/msg/GpioOut.msg\n'}
[4.564204] (px4_msgs) StdoutLine: {'line': b'-- Up-to-date symlink: /home/dolphiinn/ros2_ws/install/px4_msgs/share/px4_msgs/msg/GpioRequest.msg\n'}
[4.564513] (px4_msgs) StdoutLine: {'line': b'-- Up-to-date symlink: /home/dolphiinn/ros2_ws/install/px4_msgs/share/px4_msgs/msg/GpsDump.msg\n'}
[4.564806] (px4_msgs) StdoutLine: {'line': b'-- Up-to-date symlink: /home/dolphiinn/ros2_ws/install/px4_msgs/share/px4_msgs/msg/GpsInjectData.msg\n'}
[4.565077] (px4_msgs) StdoutLine: {'line': b'-- Up-to-date symlink: /home/dolphiinn/ros2_ws/install/px4_msgs/share/px4_msgs/msg/Gripper.msg\n'}
[4.565398] (px4_msgs) StdoutLine: {'line': b'-- Up-to-date symlink: /home/dolphiinn/ros2_ws/install/px4_msgs/share/px4_msgs/msg/HealthReport.msg\n'}
[4.565912] (px4_msgs) StdoutLine: {'line': b'-- Up-to-date symlink: /home/dolphiinn/ros2_ws/install/px4_msgs/share/px4_msgs/msg/HeaterStatus.msg\n'}
[4.566821] (px4_msgs) StdoutLine: {'line': b'-- Up-to-date symlink: /home/dolphiinn/ros2_ws/install/px4_msgs/share/px4_msgs/msg/HomePosition.msg\n'}
[4.567038] (px4_msgs) StdoutLine: {'line': b'-- Up-to-date symlink: /home/dolphiinn/ros2_ws/install/px4_msgs/share/px4_msgs/msg/HoverThrustEstimate.msg\n'}
[4.567217] (px4_msgs) StdoutLine: {'line': b'-- Up-to-date symlink: /home/dolphiinn/ros2_ws/install/px4_msgs/share/px4_msgs/msg/InputRc.msg\n'}
[4.567397] (px4_msgs) StdoutLine: {'line': b'-- Up-to-date symlink: /home/dolphiinn/ros2_ws/install/px4_msgs/share/px4_msgs/msg/InternalCombustionEngineControl.msg\n'}
[4.567700] (px4_msgs) StdoutLine: {'line': b'-- Up-to-date symlink: /home/dolphiinn/ros2_ws/install/px4_msgs/share/px4_msgs/msg/InternalCombustionEngineStatus.msg\n'}
[4.568001] (px4_msgs) StdoutLine: {'line': b'-- Up-to-date symlink: /home/dolphiinn/ros2_ws/install/px4_msgs/share/px4_msgs/msg/IridiumsbdStatus.msg\n'}
[4.568185] (px4_msgs) StdoutLine: {'line': b'-- Up-to-date symlink: /home/dolphiinn/ros2_ws/install/px4_msgs/share/px4_msgs/msg/IrlockReport.msg\n'}
[4.568445] (px4_msgs) StdoutLine: {'line': b'-- Up-to-date symlink: /home/dolphiinn/ros2_ws/install/px4_msgs/share/px4_msgs/msg/LandingGear.msg\n'}
[4.568858] (px4_msgs) StdoutLine: {'line': b'-- Up-to-date symlink: /home/dolphiinn/ros2_ws/install/px4_msgs/share/px4_msgs/msg/LandingGearWheel.msg\n'}
[4.569553] (px4_msgs) StdoutLine: {'line': b'-- Up-to-date symlink: /home/dolphiinn/ros2_ws/install/px4_msgs/share/px4_msgs/msg/LandingTargetInnovations.msg\n'}
[4.570093] (px4_msgs) StdoutLine: {'line': b'-- Up-to-date symlink: /home/dolphiinn/ros2_ws/install/px4_msgs/share/px4_msgs/msg/LandingTargetPose.msg\n'}
[4.570449] (px4_msgs) StdoutLine: {'line': b'-- Up-to-date symlink: /home/dolphiinn/ros2_ws/install/px4_msgs/share/px4_msgs/msg/LateralControlConfiguration.msg\n'}
[4.570870] (px4_msgs) StdoutLine: {'line': b'-- Up-to-date symlink: /home/dolphiinn/ros2_ws/install/px4_msgs/share/px4_msgs/msg/LaunchDetectionStatus.msg\n'}
[4.571304] (px4_msgs) StdoutLine: {'line': b'-- Up-to-date symlink: /home/dolphiinn/ros2_ws/install/px4_msgs/share/px4_msgs/msg/LedControl.msg\n'}
[4.571625] (px4_msgs) StdoutLine: {'line': b'-- Up-to-date symlink: /home/dolphiinn/ros2_ws/install/px4_msgs/share/px4_msgs/msg/LogMessage.msg\n'}
[4.571947] (px4_msgs) StdoutLine: {'line': b'-- Up-to-date symlink: /home/dolphiinn/ros2_ws/install/px4_msgs/share/px4_msgs/msg/LoggerStatus.msg\n'}
[4.572447] (px4_msgs) StdoutLine: {'line': b'-- Up-to-date symlink: /home/dolphiinn/ros2_ws/install/px4_msgs/share/px4_msgs/msg/LongitudinalControlConfiguration.msg\n'}
[4.572671] (px4_msgs) StdoutLine: {'line': b'-- Up-to-date symlink: /home/dolphiinn/ros2_ws/install/px4_msgs/share/px4_msgs/msg/MagWorkerData.msg\n'}
[4.573157] (px4_msgs) StdoutLine: {'line': b'-- Up-to-date symlink: /home/dolphiinn/ros2_ws/install/px4_msgs/share/px4_msgs/msg/MagnetometerBiasEstimate.msg\n'}
[4.573889] (px4_msgs) StdoutLine: {'line': b'-- Up-to-date symlink: /home/dolphiinn/ros2_ws/install/px4_msgs/share/px4_msgs/msg/ManualControlSetpoint.msg\n'}
[4.574281] (px4_msgs) StdoutLine: {'line': b'-- Up-to-date symlink: /home/dolphiinn/ros2_ws/install/px4_msgs/share/px4_msgs/msg/ManualControlSwitches.msg\n'}
[4.574719] (px4_msgs) StdoutLine: {'line': b'-- Up-to-date symlink: /home/dolphiinn/ros2_ws/install/px4_msgs/share/px4_msgs/msg/MavlinkLog.msg\n'}
[4.575041] (px4_msgs) StdoutLine: {'line': b'-- Up-to-date symlink: /home/dolphiinn/ros2_ws/install/px4_msgs/share/px4_msgs/msg/MavlinkTunnel.msg\n'}
[4.575368] (px4_msgs) StdoutLine: {'line': b'-- Up-to-date symlink: /home/dolphiinn/ros2_ws/install/px4_msgs/share/px4_msgs/msg/MessageFormatRequest.msg\n'}
[4.575648] (px4_msgs) StdoutLine: {'line': b'-- Up-to-date symlink: /home/dolphiinn/ros2_ws/install/px4_msgs/share/px4_msgs/msg/MessageFormatResponse.msg\n'}
[4.575902] (px4_msgs) StdoutLine: {'line': b'-- Up-to-date symlink: /home/dolphiinn/ros2_ws/install/px4_msgs/share/px4_msgs/msg/Mission.msg\n'}
[4.576245] (px4_msgs) StdoutLine: {'line': b'-- Up-to-date symlink: /home/dolphiinn/ros2_ws/install/px4_msgs/share/px4_msgs/msg/MissionResult.msg\n'}
[4.576581] (px4_msgs) StdoutLine: {'line': b'-- Up-to-date symlink: /home/dolphiinn/ros2_ws/install/px4_msgs/share/px4_msgs/msg/ModeCompleted.msg\n'}
[4.577013] (px4_msgs) StdoutLine: {'line': b'-- Up-to-date symlink: /home/dolphiinn/ros2_ws/install/px4_msgs/share/px4_msgs/msg/MountOrientation.msg\n'}
[4.577391] (px4_msgs) StdoutLine: {'line': b'-- Up-to-date symlink: /home/dolphiinn/ros2_ws/install/px4_msgs/share/px4_msgs/msg/NavigatorMissionItem.msg\n'}
[4.577997] (px4_msgs) StdoutLine: {'line': b'-- Up-to-date symlink: /home/dolphiinn/ros2_ws/install/px4_msgs/share/px4_msgs/msg/NavigatorStatus.msg\n'}
[4.578462] (px4_msgs) StdoutLine: {'line': b'-- Up-to-date symlink: /home/dolphiinn/ros2_ws/install/px4_msgs/share/px4_msgs/msg/NeuralControl.msg\n'}
[4.578919] (px4_msgs) StdoutLine: {'line': b'-- Up-to-date symlink: /home/dolphiinn/ros2_ws/install/px4_msgs/share/px4_msgs/msg/NormalizedUnsignedSetpoint.msg\n'}
[4.579349] (px4_msgs) StdoutLine: {'line': b'-- Up-to-date symlink: /home/dolphiinn/ros2_ws/install/px4_msgs/share/px4_msgs/msg/ObstacleDistance.msg\n'}
[4.579820] (px4_msgs) StdoutLine: {'line': b'-- Up-to-date symlink: /home/dolphiinn/ros2_ws/install/px4_msgs/share/px4_msgs/msg/OffboardControlMode.msg\n'}
[4.580162] (px4_msgs) StdoutLine: {'line': b'-- Up-to-date symlink: /home/dolphiinn/ros2_ws/install/px4_msgs/share/px4_msgs/msg/OnboardComputerStatus.msg\n'}
[4.580623] (px4_msgs) StdoutLine: {'line': b'-- Up-to-date symlink: /home/dolphiinn/ros2_ws/install/px4_msgs/share/px4_msgs/msg/OpenDroneIdArmStatus.msg\n'}
[4.581954] (px4_msgs) StdoutLine: {'line': b'-- Up-to-date symlink: /home/dolphiinn/ros2_ws/install/px4_msgs/share/px4_msgs/msg/OpenDroneIdOperatorId.msg\n'}
[4.582183] (px4_msgs) StdoutLine: {'line': b'-- Up-to-date symlink: /home/dolphiinn/ros2_ws/install/px4_msgs/share/px4_msgs/msg/OpenDroneIdSelfId.msg\n'}
[4.582571] (px4_msgs) StdoutLine: {'line': b'-- Up-to-date symlink: /home/dolphiinn/ros2_ws/install/px4_msgs/share/px4_msgs/msg/OpenDroneIdSystem.msg\n'}
[4.582902] (px4_msgs) StdoutLine: {'line': b'-- Up-to-date symlink: /home/dolphiinn/ros2_ws/install/px4_msgs/share/px4_msgs/msg/OrbTest.msg\n'}
[4.583190] (px4_msgs) StdoutLine: {'line': b'-- Up-to-date symlink: /home/dolphiinn/ros2_ws/install/px4_msgs/share/px4_msgs/msg/OrbTestLarge.msg\n'}
[4.583397] (px4_msgs) StdoutLine: {'line': b'-- Up-to-date symlink: /home/dolphiinn/ros2_ws/install/px4_msgs/share/px4_msgs/msg/OrbTestMedium.msg\n'}
[4.583638] (px4_msgs) StdoutLine: {'line': b'-- Up-to-date symlink: /home/dolphiinn/ros2_ws/install/px4_msgs/share/px4_msgs/msg/OrbitStatus.msg\n'}
[4.584105] (px4_msgs) StdoutLine: {'line': b'-- Up-to-date symlink: /home/dolphiinn/ros2_ws/install/px4_msgs/share/px4_msgs/msg/ParameterResetRequest.msg\n'}
[4.584400] (px4_msgs) StdoutLine: {'line': b'-- Up-to-date symlink: /home/dolphiinn/ros2_ws/install/px4_msgs/share/px4_msgs/msg/ParameterSetUsedRequest.msg\n'}
[4.584828] (px4_msgs) StdoutLine: {'line': b'-- Up-to-date symlink: /home/dolphiinn/ros2_ws/install/px4_msgs/share/px4_msgs/msg/ParameterSetValueRequest.msg\n'}
[4.585408] (px4_msgs) StdoutLine: {'line': b'-- Up-to-date symlink: /home/dolphiinn/ros2_ws/install/px4_msgs/share/px4_msgs/msg/ParameterSetValueResponse.msg\n'}
[4.586640] (px4_msgs) StdoutLine: {'line': b'-- Up-to-date symlink: /home/dolphiinn/ros2_ws/install/px4_msgs/share/px4_msgs/msg/ParameterUpdate.msg\n'}
[4.587001] (px4_msgs) StdoutLine: {'line': b'-- Up-to-date symlink: /home/dolphiinn/ros2_ws/install/px4_msgs/share/px4_msgs/msg/Ping.msg\n'}
[4.587191] (px4_msgs) StdoutLine: {'line': b'-- Up-to-date symlink: /home/dolphiinn/ros2_ws/install/px4_msgs/share/px4_msgs/msg/PositionControllerLandingStatus.msg\n'}
[4.587619] (px4_msgs) StdoutLine: {'line': b'-- Up-to-date symlink: /home/dolphiinn/ros2_ws/install/px4_msgs/share/px4_msgs/msg/PositionControllerStatus.msg\n'}
[4.587906] (px4_msgs) StdoutLine: {'line': b'-- Up-to-date symlink: /home/dolphiinn/ros2_ws/install/px4_msgs/share/px4_msgs/msg/PositionSetpoint.msg\n'}
[4.588266] (px4_msgs) StdoutLine: {'line': b'-- Up-to-date symlink: /home/dolphiinn/ros2_ws/install/px4_msgs/share/px4_msgs/msg/PositionSetpointTriplet.msg\n'}
[4.588599] (px4_msgs) StdoutLine: {'line': b'-- Up-to-date symlink: /home/dolphiinn/ros2_ws/install/px4_msgs/share/px4_msgs/msg/PowerButtonState.msg\n'}
[4.588953] (px4_msgs) StdoutLine: {'line': b'-- Up-to-date symlink: /home/dolphiinn/ros2_ws/install/px4_msgs/share/px4_msgs/msg/PowerMonitor.msg\n'}
[4.589300] (px4_msgs) StdoutLine: {'line': b'-- Up-to-date symlink: /home/dolphiinn/ros2_ws/install/px4_msgs/share/px4_msgs/msg/PpsCapture.msg\n'}
[4.589913] (px4_msgs) StdoutLine: {'line': b'-- Up-to-date symlink: /home/dolphiinn/ros2_ws/install/px4_msgs/share/px4_msgs/msg/PurePursuitStatus.msg\n'}
[4.590456] (px4_msgs) StdoutLine: {'line': b'-- Up-to-date symlink: /home/dolphiinn/ros2_ws/install/px4_msgs/share/px4_msgs/msg/PwmInput.msg\n'}
[4.590738] (px4_msgs) StdoutLine: {'line': b'-- Up-to-date symlink: /home/dolphiinn/ros2_ws/install/px4_msgs/share/px4_msgs/msg/Px4ioStatus.msg\n'}
[4.591026] (px4_msgs) StdoutLine: {'line': b'-- Up-to-date symlink: /home/dolphiinn/ros2_ws/install/px4_msgs/share/px4_msgs/msg/QshellReq.msg\n'}
[4.591383] (px4_msgs) StdoutLine: {'line': b'-- Up-to-date symlink: /home/dolphiinn/ros2_ws/install/px4_msgs/share/px4_msgs/msg/QshellRetval.msg\n'}
[4.591678] (px4_msgs) StdoutLine: {'line': b'-- Up-to-date symlink: /home/dolphiinn/ros2_ws/install/px4_msgs/share/px4_msgs/msg/RadioStatus.msg\n'}
[4.592065] (px4_msgs) StdoutLine: {'line': b'-- Up-to-date symlink: /home/dolphiinn/ros2_ws/install/px4_msgs/share/px4_msgs/msg/RateCtrlStatus.msg\n'}
[4.592321] (px4_msgs) StdoutLine: {'line': b'-- Up-to-date symlink: /home/dolphiinn/ros2_ws/install/px4_msgs/share/px4_msgs/msg/RcChannels.msg\n'}
[4.592660] (px4_msgs) StdoutLine: {'line': b'-- Up-to-date symlink: /home/dolphiinn/ros2_ws/install/px4_msgs/share/px4_msgs/msg/RcParameterMap.msg\n'}
[4.593137] (px4_msgs) StdoutLine: {'line': b'-- Up-to-date symlink: /home/dolphiinn/ros2_ws/install/px4_msgs/share/px4_msgs/msg/RegisterExtComponentReply.msg\n'}
[4.593827] (px4_msgs) StdoutLine: {'line': b'-- Up-to-date symlink: /home/dolphiinn/ros2_ws/install/px4_msgs/share/px4_msgs/msg/RegisterExtComponentRequest.msg\n'}
[4.594110] (px4_msgs) StdoutLine: {'line': b'-- Up-to-date symlink: /home/dolphiinn/ros2_ws/install/px4_msgs/share/px4_msgs/msg/RoverAttitudeSetpoint.msg\n'}
[4.594380] (px4_msgs) StdoutLine: {'line': b'-- Up-to-date symlink: /home/dolphiinn/ros2_ws/install/px4_msgs/share/px4_msgs/msg/RoverAttitudeStatus.msg\n'}
[4.594967] (px4_msgs) StdoutLine: {'line': b'-- Up-to-date symlink: /home/dolphiinn/ros2_ws/install/px4_msgs/share/px4_msgs/msg/RoverPositionSetpoint.msg\n'}
[4.595517] (px4_msgs) StdoutLine: {'line': b'-- Up-to-date symlink: /home/dolphiinn/ros2_ws/install/px4_msgs/share/px4_msgs/msg/RoverRateSetpoint.msg\n'}
[4.596085] (px4_msgs) StdoutLine: {'line': b'-- Up-to-date symlink: /home/dolphiinn/ros2_ws/install/px4_msgs/share/px4_msgs/msg/RoverRateStatus.msg\n'}
[4.597052] (px4_msgs) StdoutLine: {'line': b'-- Up-to-date symlink: /home/dolphiinn/ros2_ws/install/px4_msgs/share/px4_msgs/msg/RoverSpeedSetpoint.msg\n'}
[4.597320] (px4_msgs) StdoutLine: {'line': b'-- Up-to-date symlink: /home/dolphiinn/ros2_ws/install/px4_msgs/share/px4_msgs/msg/RoverSpeedStatus.msg\n'}
[4.598589] (px4_msgs) StdoutLine: {'line': b'-- Up-to-date symlink: /home/dolphiinn/ros2_ws/install/px4_msgs/share/px4_msgs/msg/RoverSteeringSetpoint.msg\n'}
[4.598841] (px4_msgs) StdoutLine: {'line': b'-- Up-to-date symlink: /home/dolphiinn/ros2_ws/install/px4_msgs/share/px4_msgs/msg/RoverThrottleSetpoint.msg\n'}
[4.599015] (px4_msgs) StdoutLine: {'line': b'-- Up-to-date symlink: /home/dolphiinn/ros2_ws/install/px4_msgs/share/px4_msgs/msg/Rpm.msg\n'}
[4.600056] (px4_msgs) StdoutLine: {'line': b'-- Up-to-date symlink: /home/dolphiinn/ros2_ws/install/px4_msgs/share/px4_msgs/msg/RtlStatus.msg\n'}
[4.600389] (px4_msgs) StdoutLine: {'line': b'-- Up-to-date symlink: /home/dolphiinn/ros2_ws/install/px4_msgs/share/px4_msgs/msg/RtlTimeEstimate.msg\n'}
[4.600589] (px4_msgs) StdoutLine: {'line': b'-- Up-to-date symlink: /home/dolphiinn/ros2_ws/install/px4_msgs/share/px4_msgs/msg/SatelliteInfo.msg\n'}
[4.600693] (px4_msgs) StdoutLine: {'line': b'-- Up-to-date symlink: /home/dolphiinn/ros2_ws/install/px4_msgs/share/px4_msgs/msg/SensorAccel.msg\n'}
[4.600937] (px4_msgs) StdoutLine: {'line': b'-- Up-to-date symlink: /home/dolphiinn/ros2_ws/install/px4_msgs/share/px4_msgs/msg/SensorAccelFifo.msg\n'}
[4.601428] (px4_msgs) StdoutLine: {'line': b'-- Up-to-date symlink: /home/dolphiinn/ros2_ws/install/px4_msgs/share/px4_msgs/msg/SensorAirflow.msg\n'}
[4.601874] (px4_msgs) StdoutLine: {'line': b'-- Up-to-date symlink: /home/dolphiinn/ros2_ws/install/px4_msgs/share/px4_msgs/msg/SensorBaro.msg\n'}
[4.602276] (px4_msgs) StdoutLine: {'line': b'-- Up-to-date symlink: /home/dolphiinn/ros2_ws/install/px4_msgs/share/px4_msgs/msg/SensorCombined.msg\n'}
[4.602688] (px4_msgs) StdoutLine: {'line': b'-- Up-to-date symlink: /home/dolphiinn/ros2_ws/install/px4_msgs/share/px4_msgs/msg/SensorCorrection.msg\n'}
[4.603006] (px4_msgs) StdoutLine: {'line': b'-- Up-to-date symlink: /home/dolphiinn/ros2_ws/install/px4_msgs/share/px4_msgs/msg/SensorGnssRelative.msg\n'}
[4.603813] (px4_msgs) StdoutLine: {'line': b'-- Up-to-date symlink: /home/dolphiinn/ros2_ws/install/px4_msgs/share/px4_msgs/msg/SensorGnssStatus.msg\n'}
[4.604077] (px4_msgs) StdoutLine: {'line': b'-- Up-to-date symlink: /home/dolphiinn/ros2_ws/install/px4_msgs/share/px4_msgs/msg/SensorGps.msg\n'}
[4.604430] (px4_msgs) StdoutLine: {'line': b'-- Up-to-date symlink: /home/dolphiinn/ros2_ws/install/px4_msgs/share/px4_msgs/msg/SensorGyro.msg\n'}
[4.604776] (px4_msgs) StdoutLine: {'line': b'-- Up-to-date symlink: /home/dolphiinn/ros2_ws/install/px4_msgs/share/px4_msgs/msg/SensorGyroFft.msg\n'}
[4.605133] (px4_msgs) StdoutLine: {'line': b'-- Up-to-date symlink: /home/dolphiinn/ros2_ws/install/px4_msgs/share/px4_msgs/msg/SensorGyroFifo.msg\n'}
[4.605522] (px4_msgs) StdoutLine: {'line': b'-- Up-to-date symlink: /home/dolphiinn/ros2_ws/install/px4_msgs/share/px4_msgs/msg/SensorHygrometer.msg\n'}
[4.605905] (px4_msgs) StdoutLine: {'line': b'-- Up-to-date symlink: /home/dolphiinn/ros2_ws/install/px4_msgs/share/px4_msgs/msg/SensorMag.msg\n'}
[4.606299] (px4_msgs) StdoutLine: {'line': b'-- Up-to-date symlink: /home/dolphiinn/ros2_ws/install/px4_msgs/share/px4_msgs/msg/SensorOpticalFlow.msg\n'}
[4.606603] (px4_msgs) StdoutLine: {'line': b'-- Up-to-date symlink: /home/dolphiinn/ros2_ws/install/px4_msgs/share/px4_msgs/msg/SensorPreflightMag.msg\n'}
[4.606862] (px4_msgs) StdoutLine: {'line': b'-- Up-to-date symlink: /home/dolphiinn/ros2_ws/install/px4_msgs/share/px4_msgs/msg/SensorSelection.msg\n'}
[4.607075] (px4_msgs) StdoutLine: {'line': b'-- Up-to-date symlink: /home/dolphiinn/ros2_ws/install/px4_msgs/share/px4_msgs/msg/SensorUwb.msg\n'}
[4.607275] (px4_msgs) StdoutLine: {'line': b'-- Up-to-date symlink: /home/dolphiinn/ros2_ws/install/px4_msgs/share/px4_msgs/msg/SensorsStatus.msg\n'}
[4.607538] (px4_msgs) StdoutLine: {'line': b'-- Up-to-date symlink: /home/dolphiinn/ros2_ws/install/px4_msgs/share/px4_msgs/msg/SensorsStatusImu.msg\n'}
[4.607742] (px4_msgs) StdoutLine: {'line': b'-- Up-to-date symlink: /home/dolphiinn/ros2_ws/install/px4_msgs/share/px4_msgs/msg/SystemPower.msg\n'}
[4.607933] (px4_msgs) StdoutLine: {'line': b'-- Up-to-date symlink: /home/dolphiinn/ros2_ws/install/px4_msgs/share/px4_msgs/msg/TakeoffStatus.msg\n'}
[4.608139] (px4_msgs) StdoutLine: {'line': b'-- Up-to-date symlink: /home/dolphiinn/ros2_ws/install/px4_msgs/share/px4_msgs/msg/TaskStackInfo.msg\n'}
[4.608355] (px4_msgs) StdoutLine: {'line': b'-- Up-to-date symlink: /home/dolphiinn/ros2_ws/install/px4_msgs/share/px4_msgs/msg/TecsStatus.msg\n'}
[4.608663] (px4_msgs) StdoutLine: {'line': b'-- Up-to-date symlink: /home/dolphiinn/ros2_ws/install/px4_msgs/share/px4_msgs/msg/TelemetryStatus.msg\n'}
[4.608907] (px4_msgs) StdoutLine: {'line': b'-- Up-to-date symlink: /home/dolphiinn/ros2_ws/install/px4_msgs/share/px4_msgs/msg/TiltrotorExtraControls.msg\n'}
[4.609263] (px4_msgs) StdoutLine: {'line': b'-- Up-to-date symlink: /home/dolphiinn/ros2_ws/install/px4_msgs/share/px4_msgs/msg/TimesyncStatus.msg\n'}
[4.609621] (px4_msgs) StdoutLine: {'line': b'-- Up-to-date symlink: /home/dolphiinn/ros2_ws/install/px4_msgs/share/px4_msgs/msg/TrajectorySetpoint.msg\n'}
[4.610048] (px4_msgs) StdoutLine: {'line': b'-- Up-to-date symlink: /home/dolphiinn/ros2_ws/install/px4_msgs/share/px4_msgs/msg/TrajectorySetpoint6dof.msg\n'}
[4.610537] (px4_msgs) StdoutLine: {'line': b'-- Up-to-date symlink: /home/dolphiinn/ros2_ws/install/px4_msgs/share/px4_msgs/msg/TransponderReport.msg\n'}
[4.610802] (px4_msgs) StdoutLine: {'line': b'-- Up-to-date symlink: /home/dolphiinn/ros2_ws/install/px4_msgs/share/px4_msgs/msg/TuneControl.msg\n'}
[4.611151] (px4_msgs) StdoutLine: {'line': b'-- Up-to-date symlink: /home/dolphiinn/ros2_ws/install/px4_msgs/share/px4_msgs/msg/UavcanParameterRequest.msg\n'}
[4.611572] (px4_msgs) StdoutLine: {'line': b'-- Up-to-date symlink: /home/dolphiinn/ros2_ws/install/px4_msgs/share/px4_msgs/msg/UavcanParameterValue.msg\n'}
[4.612004] (px4_msgs) StdoutLine: {'line': b'-- Up-to-date symlink: /home/dolphiinn/ros2_ws/install/px4_msgs/share/px4_msgs/msg/UlogStream.msg\n'}
[4.612188] (-) TimerEvent: {}
[4.612369] (px4_msgs) StdoutLine: {'line': b'-- Up-to-date symlink: /home/dolphiinn/ros2_ws/install/px4_msgs/share/px4_msgs/msg/UlogStreamAck.msg\n'}
[4.612640] (px4_msgs) StdoutLine: {'line': b'-- Up-to-date symlink: /home/dolphiinn/ros2_ws/install/px4_msgs/share/px4_msgs/msg/UnregisterExtComponent.msg\n'}
[4.613170] (px4_msgs) StdoutLine: {'line': b'-- Up-to-date symlink: /home/dolphiinn/ros2_ws/install/px4_msgs/share/px4_msgs/msg/VehicleAcceleration.msg\n'}
[4.614019] (px4_msgs) StdoutLine: {'line': b'-- Up-to-date symlink: /home/dolphiinn/ros2_ws/install/px4_msgs/share/px4_msgs/msg/VehicleAirData.msg\n'}
[4.614280] (px4_msgs) StdoutLine: {'line': b'-- Up-to-date symlink: /home/dolphiinn/ros2_ws/install/px4_msgs/share/px4_msgs/msg/VehicleAngularAccelerationSetpoint.msg\n'}
[4.614691] (px4_msgs) StdoutLine: {'line': b'-- Up-to-date symlink: /home/dolphiinn/ros2_ws/install/px4_msgs/share/px4_msgs/msg/VehicleAngularVelocity.msg\n'}
[4.615121] (px4_msgs) StdoutLine: {'line': b'-- Up-to-date symlink: /home/dolphiinn/ros2_ws/install/px4_msgs/share/px4_msgs/msg/VehicleAttitude.msg\n'}
[4.615516] (px4_msgs) StdoutLine: {'line': b'-- Up-to-date symlink: /home/dolphiinn/ros2_ws/install/px4_msgs/share/px4_msgs/msg/VehicleAttitudeSetpoint.msg\n'}
[4.615841] (px4_msgs) StdoutLine: {'line': b'-- Up-to-date symlink: /home/dolphiinn/ros2_ws/install/px4_msgs/share/px4_msgs/msg/VehicleCommand.msg\n'}
[4.616266] (px4_msgs) StdoutLine: {'line': b'-- Up-to-date symlink: /home/dolphiinn/ros2_ws/install/px4_msgs/share/px4_msgs/msg/VehicleCommandAck.msg\n'}
[4.616803] (px4_msgs) StdoutLine: {'line': b'-- Up-to-date symlink: /home/dolphiinn/ros2_ws/install/px4_msgs/share/px4_msgs/msg/VehicleConstraints.msg\n'}
[4.617113] (px4_msgs) StdoutLine: {'line': b'-- Up-to-date symlink: /home/dolphiinn/ros2_ws/install/px4_msgs/share/px4_msgs/msg/VehicleControlMode.msg\n'}
[4.617557] (px4_msgs) StdoutLine: {'line': b'-- Up-to-date symlink: /home/dolphiinn/ros2_ws/install/px4_msgs/share/px4_msgs/msg/VehicleGlobalPosition.msg\n'}
[4.617993] (px4_msgs) StdoutLine: {'line': b'-- Up-to-date symlink: /home/dolphiinn/ros2_ws/install/px4_msgs/share/px4_msgs/msg/VehicleImu.msg\n'}
[4.618445] (px4_msgs) StdoutLine: {'line': b'-- Up-to-date symlink: /home/dolphiinn/ros2_ws/install/px4_msgs/share/px4_msgs/msg/VehicleImuStatus.msg\n'}
[4.619418] (px4_msgs) StdoutLine: {'line': b'-- Up-to-date symlink: /home/dolphiinn/ros2_ws/install/px4_msgs/share/px4_msgs/msg/VehicleLandDetected.msg\n'}
[4.619966] (px4_msgs) StdoutLine: {'line': b'-- Up-to-date symlink: /home/dolphiinn/ros2_ws/install/px4_msgs/share/px4_msgs/msg/VehicleLocalPosition.msg\n'}
[4.620294] (px4_msgs) StdoutLine: {'line': b'-- Up-to-date symlink: /home/dolphiinn/ros2_ws/install/px4_msgs/share/px4_msgs/msg/VehicleLocalPositionSetpoint.msg\n'}
[4.620781] (px4_msgs) StdoutLine: {'line': b'-- Up-to-date symlink: /home/dolphiinn/ros2_ws/install/px4_msgs/share/px4_msgs/msg/VehicleMagnetometer.msg\n'}
[4.621160] (px4_msgs) StdoutLine: {'line': b'-- Up-to-date symlink: /home/dolphiinn/ros2_ws/install/px4_msgs/share/px4_msgs/msg/VehicleOdometry.msg\n'}
[4.621558] (px4_msgs) StdoutLine: {'line': b'-- Up-to-date symlink: /home/dolphiinn/ros2_ws/install/px4_msgs/share/px4_msgs/msg/VehicleOpticalFlow.msg\n'}
[4.622569] (px4_msgs) StdoutLine: {'line': b'-- Up-to-date symlink: /home/dolphiinn/ros2_ws/install/px4_msgs/share/px4_msgs/msg/VehicleOpticalFlowVel.msg\n'}
[4.622884] (px4_msgs) StdoutLine: {'line': b'-- Up-to-date symlink: /home/dolphiinn/ros2_ws/install/px4_msgs/share/px4_msgs/msg/VehicleRatesSetpoint.msg\n'}
[4.623068] (px4_msgs) StdoutLine: {'line': b'-- Up-to-date symlink: /home/dolphiinn/ros2_ws/install/px4_msgs/share/px4_msgs/msg/VehicleRoi.msg\n'}
[4.623257] (px4_msgs) StdoutLine: {'line': b'-- Up-to-date symlink: /home/dolphiinn/ros2_ws/install/px4_msgs/share/px4_msgs/msg/VehicleStatus.msg\n'}
[4.623417] (px4_msgs) StdoutLine: {'line': b'-- Up-to-date symlink: /home/dolphiinn/ros2_ws/install/px4_msgs/share/px4_msgs/msg/VehicleThrustSetpoint.msg\n'}
[4.623768] (px4_msgs) StdoutLine: {'line': b'-- Up-to-date symlink: /home/dolphiinn/ros2_ws/install/px4_msgs/share/px4_msgs/msg/VehicleTorqueSetpoint.msg\n'}
[4.624025] (px4_msgs) StdoutLine: {'line': b'-- Up-to-date symlink: /home/dolphiinn/ros2_ws/install/px4_msgs/share/px4_msgs/msg/VelocityLimits.msg\n'}
[4.624321] (px4_msgs) StdoutLine: {'line': b'-- Up-to-date symlink: /home/dolphiinn/ros2_ws/install/px4_msgs/share/px4_msgs/msg/VtolVehicleStatus.msg\n'}
[4.624572] (px4_msgs) StdoutLine: {'line': b'-- Up-to-date symlink: /home/dolphiinn/ros2_ws/install/px4_msgs/share/px4_msgs/msg/WheelEncoders.msg\n'}
[4.624821] (px4_msgs) StdoutLine: {'line': b'-- Up-to-date symlink: /home/dolphiinn/ros2_ws/install/px4_msgs/share/px4_msgs/msg/Wind.msg\n'}
[4.625192] (px4_msgs) StdoutLine: {'line': b'-- Up-to-date symlink: /home/dolphiinn/ros2_ws/install/px4_msgs/share/px4_msgs/msg/YawEstimatorStatus.msg\n'}
[4.625416] (px4_msgs) StdoutLine: {'line': b'-- Up-to-date symlink: /home/dolphiinn/ros2_ws/install/px4_msgs/share/px4_msgs/srv/VehicleCommand.srv\n'}
[4.626346] (px4_msgs) StdoutLine: {'line': b'-- Up-to-date symlink: /home/dolphiinn/ros2_ws/install/px4_msgs/share/px4_msgs/srv/VehicleCommand_Request.msg\n'}
[4.626580] (px4_msgs) StdoutLine: {'line': b'-- Up-to-date symlink: /home/dolphiinn/ros2_ws/install/px4_msgs/share/px4_msgs/srv/VehicleCommand_Response.msg\n'}
[4.626744] (px4_msgs) StdoutLine: {'line': b'-- Up-to-date symlink: /home/dolphiinn/ros2_ws/install/px4_msgs/share/ament_index/resource_index/package_run_dependencies/px4_msgs\n'}
[4.627055] (px4_msgs) StdoutLine: {'line': b'-- Up-to-date symlink: /home/dolphiinn/ros2_ws/install/px4_msgs/share/ament_index/resource_index/parent_prefix_path/px4_msgs\n'}
[4.627291] (px4_msgs) StdoutLine: {'line': b'-- Up-to-date symlink: /home/dolphiinn/ros2_ws/install/px4_msgs/share/px4_msgs/environment/ament_prefix_path.sh\n'}
[4.627514] (px4_msgs) StdoutLine: {'line': b'-- Up-to-date symlink: /home/dolphiinn/ros2_ws/install/px4_msgs/share/px4_msgs/environment/ament_prefix_path.dsv\n'}
[4.627915] (px4_msgs) StdoutLine: {'line': b'-- Up-to-date symlink: /home/dolphiinn/ros2_ws/install/px4_msgs/share/px4_msgs/environment/path.sh\n'}
[4.628175] (px4_msgs) StdoutLine: {'line': b'-- Up-to-date symlink: /home/dolphiinn/ros2_ws/install/px4_msgs/share/px4_msgs/environment/path.dsv\n'}
[4.628720] (px4_msgs) StdoutLine: {'line': b'-- Up-to-date symlink: /home/dolphiinn/ros2_ws/install/px4_msgs/share/px4_msgs/local_setup.bash\n'}
[4.629248] (px4_msgs) StdoutLine: {'line': b'-- Up-to-date symlink: /home/dolphiinn/ros2_ws/install/px4_msgs/share/px4_msgs/local_setup.sh\n'}
[4.630466] (px4_msgs) StdoutLine: {'line': b'-- Up-to-date symlink: /home/dolphiinn/ros2_ws/install/px4_msgs/share/px4_msgs/local_setup.zsh\n'}
[4.630769] (px4_msgs) StdoutLine: {'line': b'-- Up-to-date symlink: /home/dolphiinn/ros2_ws/install/px4_msgs/share/px4_msgs/local_setup.dsv\n'}
[4.630931] (px4_msgs) StdoutLine: {'line': b'-- Symlinking: /home/dolphiinn/ros2_ws/install/px4_msgs/share/px4_msgs/package.dsv\n'}
[4.650678] (px4_msgs) StdoutLine: {'line': b'-- Up-to-date symlink: /home/dolphiinn/ros2_ws/install/px4_msgs/share/ament_index/resource_index/packages/px4_msgs\n'}
[4.651051] (px4_msgs) StdoutLine: {'line': b'-- Up-to-date symlink: /home/dolphiinn/ros2_ws/install/px4_msgs/share/px4_msgs/cmake/rosidl_cmake-extras.cmake\n'}
[4.651383] (px4_msgs) StdoutLine: {'line': b'-- Up-to-date symlink: /home/dolphiinn/ros2_ws/install/px4_msgs/share/px4_msgs/cmake/ament_cmake_export_dependencies-extras.cmake\n'}
[4.651820] (px4_msgs) StdoutLine: {'line': b'-- Up-to-date symlink: /home/dolphiinn/ros2_ws/install/px4_msgs/share/px4_msgs/cmake/ament_cmake_export_include_directories-extras.cmake\n'}
[4.652316] (px4_msgs) StdoutLine: {'line': b'-- Up-to-date symlink: /home/dolphiinn/ros2_ws/install/px4_msgs/share/px4_msgs/cmake/ament_cmake_export_libraries-extras.cmake\n'}
[4.652752] (px4_msgs) StdoutLine: {'line': b'-- Up-to-date symlink: /home/dolphiinn/ros2_ws/install/px4_msgs/share/px4_msgs/cmake/ament_cmake_export_targets-extras.cmake\n'}
[4.653496] (px4_msgs) StdoutLine: {'line': b'-- Up-to-date symlink: /home/dolphiinn/ros2_ws/install/px4_msgs/share/px4_msgs/cmake/rosidl_cmake_export_typesupport_targets-extras.cmake\n'}
[4.654399] (px4_msgs) StdoutLine: {'line': b'-- Up-to-date symlink: /home/dolphiinn/ros2_ws/install/px4_msgs/share/px4_msgs/cmake/rosidl_cmake_export_typesupport_libraries-extras.cmake\n'}
[4.654894] (px4_msgs) StdoutLine: {'line': b'-- Up-to-date symlink: /home/dolphiinn/ros2_ws/install/px4_msgs/share/px4_msgs/cmake/rosidl_cmake_aggregate_target-extras.cmake\n'}
[4.655211] (px4_msgs) StdoutLine: {'line': b'-- Up-to-date symlink: /home/dolphiinn/ros2_ws/install/px4_msgs/share/px4_msgs/cmake/px4_msgsConfig.cmake\n'}
[4.655418] (px4_msgs) StdoutLine: {'line': b'-- Up-to-date symlink: /home/dolphiinn/ros2_ws/install/px4_msgs/share/px4_msgs/cmake/px4_msgsConfig-version.cmake\n'}
[4.655722] (px4_msgs) StdoutLine: {'line': b'-- Up-to-date symlink: /home/dolphiinn/ros2_ws/install/px4_msgs/share/px4_msgs/package.xml\n'}
[4.657658] (px4_msgs) StdoutLine: {'line': b'-- Up-to-date: /home/dolphiinn/ros2_ws/install/px4_msgs/lib/libpx4_msgs__rosidl_generator_c.so\n'}
[4.658980] (px4_msgs) StdoutLine: {'line': b'-- Up-to-date: /home/dolphiinn/ros2_ws/install/px4_msgs/lib/libpx4_msgs__rosidl_typesupport_fastrtps_c.so\n'}
[4.660052] (px4_msgs) StdoutLine: {'line': b'-- Up-to-date: /home/dolphiinn/ros2_ws/install/px4_msgs/lib/libpx4_msgs__rosidl_typesupport_fastrtps_cpp.so\n'}
[4.660850] (px4_msgs) StdoutLine: {'line': b'-- Up-to-date: /home/dolphiinn/ros2_ws/install/px4_msgs/lib/libpx4_msgs__rosidl_typesupport_introspection_c.so\n'}
[4.662086] (px4_msgs) StdoutLine: {'line': b'-- Up-to-date: /home/dolphiinn/ros2_ws/install/px4_msgs/lib/libpx4_msgs__rosidl_typesupport_c.so\n'}
[4.663468] (px4_msgs) StdoutLine: {'line': b'-- Up-to-date: /home/dolphiinn/ros2_ws/install/px4_msgs/lib/libpx4_msgs__rosidl_typesupport_introspection_cpp.so\n'}
[4.664500] (px4_msgs) StdoutLine: {'line': b'-- Up-to-date: /home/dolphiinn/ros2_ws/install/px4_msgs/lib/libpx4_msgs__rosidl_typesupport_cpp.so\n'}
[4.712430] (-) TimerEvent: {}
[4.790653] (px4_msgs) StdoutLine: {'line': b"Listing '/home/dolphiinn/ros2_ws/install/px4_msgs/local/lib/python3.10/dist-packages/px4_msgs'...\n"}
[4.790898] (px4_msgs) StdoutLine: {'line': b"Listing '/home/dolphiinn/ros2_ws/install/px4_msgs/local/lib/python3.10/dist-packages/px4_msgs/msg'...\n"}
[4.790998] (px4_msgs) StdoutLine: {'line': b"Listing '/home/dolphiinn/ros2_ws/install/px4_msgs/local/lib/python3.10/dist-packages/px4_msgs/srv'...\n"}
[4.803223] (px4_msgs) StdoutLine: {'line': b'-- Up-to-date: /home/dolphiinn/ros2_ws/install/px4_msgs/lib/libpx4_msgs__rosidl_generator_py.so\n'}
[4.804390] (px4_msgs) StdoutLine: {'line': b'-- Up-to-date: /home/dolphiinn/ros2_ws/install/px4_msgs/share/px4_msgs/cmake/export_px4_msgs__rosidl_generator_cExport.cmake\n'}
[4.804719] (px4_msgs) StdoutLine: {'line': b'-- Up-to-date: /home/dolphiinn/ros2_ws/install/px4_msgs/share/px4_msgs/cmake/export_px4_msgs__rosidl_generator_cExport-noconfig.cmake\n'}
[4.805196] (px4_msgs) StdoutLine: {'line': b'-- Up-to-date: /home/dolphiinn/ros2_ws/install/px4_msgs/share/px4_msgs/cmake/export_px4_msgs__rosidl_typesupport_fastrtps_cExport.cmake\n'}
[4.805486] (px4_msgs) StdoutLine: {'line': b'-- Up-to-date: /home/dolphiinn/ros2_ws/install/px4_msgs/share/px4_msgs/cmake/export_px4_msgs__rosidl_typesupport_fastrtps_cExport-noconfig.cmake\n'}
[4.805738] (px4_msgs) StdoutLine: {'line': b'-- Up-to-date: /home/dolphiinn/ros2_ws/install/px4_msgs/share/px4_msgs/cmake/export_px4_msgs__rosidl_generator_cppExport.cmake\n'}
[4.806345] (px4_msgs) StdoutLine: {'line': b'-- Up-to-date: /home/dolphiinn/ros2_ws/install/px4_msgs/share/px4_msgs/cmake/export_px4_msgs__rosidl_typesupport_fastrtps_cppExport.cmake\n'}
[4.806593] (px4_msgs) StdoutLine: {'line': b'-- Up-to-date: /home/dolphiinn/ros2_ws/install/px4_msgs/share/px4_msgs/cmake/export_px4_msgs__rosidl_typesupport_fastrtps_cppExport-noconfig.cmake\n'}
[4.806835] (px4_msgs) StdoutLine: {'line': b'-- Up-to-date: /home/dolphiinn/ros2_ws/install/px4_msgs/share/px4_msgs/cmake/px4_msgs__rosidl_typesupport_introspection_cExport.cmake\n'}
[4.807052] (px4_msgs) StdoutLine: {'line': b'-- Up-to-date: /home/dolphiinn/ros2_ws/install/px4_msgs/share/px4_msgs/cmake/px4_msgs__rosidl_typesupport_introspection_cExport-noconfig.cmake\n'}
[4.807421] (px4_msgs) StdoutLine: {'line': b'-- Up-to-date: /home/dolphiinn/ros2_ws/install/px4_msgs/share/px4_msgs/cmake/px4_msgs__rosidl_typesupport_cExport.cmake\n'}
[4.807682] (px4_msgs) StdoutLine: {'line': b'-- Up-to-date: /home/dolphiinn/ros2_ws/install/px4_msgs/share/px4_msgs/cmake/px4_msgs__rosidl_typesupport_cExport-noconfig.cmake\n'}
[4.808165] (px4_msgs) StdoutLine: {'line': b'-- Up-to-date: /home/dolphiinn/ros2_ws/install/px4_msgs/share/px4_msgs/cmake/px4_msgs__rosidl_typesupport_introspection_cppExport.cmake\n'}
[4.808423] (px4_msgs) StdoutLine: {'line': b'-- Up-to-date: /home/dolphiinn/ros2_ws/install/px4_msgs/share/px4_msgs/cmake/px4_msgs__rosidl_typesupport_introspection_cppExport-noconfig.cmake\n'}
[4.808863] (px4_msgs) StdoutLine: {'line': b'-- Up-to-date: /home/dolphiinn/ros2_ws/install/px4_msgs/share/px4_msgs/cmake/px4_msgs__rosidl_typesupport_cppExport.cmake\n'}
[4.809260] (px4_msgs) StdoutLine: {'line': b'-- Up-to-date: /home/dolphiinn/ros2_ws/install/px4_msgs/share/px4_msgs/cmake/px4_msgs__rosidl_typesupport_cppExport-noconfig.cmake\n'}
[4.809457] (px4_msgs) StdoutLine: {'line': b'-- Up-to-date: /home/dolphiinn/ros2_ws/install/px4_msgs/share/px4_msgs/cmake/export_px4_msgs__rosidl_generator_pyExport.cmake\n'}
[4.810027] (px4_msgs) StdoutLine: {'line': b'-- Up-to-date: /home/dolphiinn/ros2_ws/install/px4_msgs/share/px4_msgs/cmake/export_px4_msgs__rosidl_generator_pyExport-noconfig.cmake\n'}
[4.812646] (-) TimerEvent: {}
[4.815861] (px4_msgs) CommandEnded: {'returncode': 0}
[4.913597] (-) TimerEvent: {}
[4.940097] (px4_msgs) JobEnded: {'identifier': 'px4_msgs', 'rc': 0}
[4.941110] (-) EventReactorShutdown: {}
